ISO-10303-21;
HEADER;
FILE_DESCRIPTION(('FreeCAD Model'),'2;1');
FILE_NAME('Open CASCADE Shape Model','2026-03-20T16:02:57',(''),(''),
  'Open CASCADE STEP processor 7.8','FreeCAD','Unknown');
FILE_SCHEMA(('AUTOMOTIVE_DESIGN { 1 0 10303 214 1 1 1 1 }'));
ENDSEC;
DATA;
#1 = APPLICATION_PROTOCOL_DEFINITION('international standard',
  'automotive_design',2000,#2);
#2 = APPLICATION_CONTEXT(
  'core data for automotive mechanical design processes');
#3 = SHAPE_DEFINITION_REPRESENTATION(#4,#10);
#4 = PRODUCT_DEFINITION_SHAPE('','',#5);
#5 = PRODUCT_DEFINITION('design','',#6,#9);
#6 = PRODUCT_DEFINITION_FORMATION('','',#7);
#7 = PRODUCT('PreAmp Shield (PEEK)','PreAmp Shield (PEEK)','',(#8));
#8 = PRODUCT_CONTEXT('',#2,'mechanical');
#9 = PRODUCT_DEFINITION_CONTEXT('part definition',#2,'design');
#10 = ADVANCED_BREP_SHAPE_REPRESENTATION('',(#11,#15),#2481);
#11 = AXIS2_PLACEMENT_3D('',#12,#13,#14);
#12 = CARTESIAN_POINT('',(0.,0.,0.));
#13 = DIRECTION('',(0.,0.,1.));
#14 = DIRECTION('',(1.,0.,-0.));
#15 = MANIFOLD_SOLID_BREP('',#16);
#16 = CLOSED_SHELL('',(#17,#73,#131,#187,#401,#457,#508,#525,#542,#593,
    #617,#635,#797,#821,#1071,#1088,#1144,#1200,#1240,#1278,#1295,#1307,
    #1329,#1346,#1363,#1380,#1397,#1414,#1431,#1443,#1465,#1482,#1499,
    #1516,#1533,#1550,#1567,#1579,#1630,#1654,#1704,#1721,#1733,#1750,
    #1791,#1815,#1874,#1898,#1957,#1981,#1999,#2016,#2033,#2050,#2067,
    #2084,#2101,#2118,#2130,#2171,#2195,#2230,#2247,#2288,#2312,#2347,
    #2364,#2392,#2409,#2421,#2433,#2445,#2457,#2469));
#17 = ADVANCED_FACE('',(#18),#68,.F.);
#18 = FACE_BOUND('',#19,.F.);
#19 = EDGE_LOOP('',(#20,#30,#38,#46,#54,#62));
#20 = ORIENTED_EDGE('',*,*,#21,.F.);
#21 = EDGE_CURVE('',#22,#24,#26,.T.);
#22 = VERTEX_POINT('',#23);
#23 = CARTESIAN_POINT('',(5.28,-11.17,1.367930474648E-15));
#24 = VERTEX_POINT('',#25);
#25 = CARTESIAN_POINT('',(2.67,-11.17,1.367930474648E-15));
#26 = LINE('',#27,#28);
#27 = CARTESIAN_POINT('',(7.94,-11.17,1.367930474648E-15));
#28 = VECTOR('',#29,1.);
#29 = DIRECTION('',(-1.,0.,0.));
#30 = ORIENTED_EDGE('',*,*,#31,.F.);
#31 = EDGE_CURVE('',#32,#22,#34,.T.);
#32 = VERTEX_POINT('',#33);
#33 = CARTESIAN_POINT('',(5.28,-11.17,-1.1));
#34 = LINE('',#35,#36);
#35 = CARTESIAN_POINT('',(5.28,-11.17,1.367930474648E-15));
#36 = VECTOR('',#37,1.);
#37 = DIRECTION('',(-0.,1.224646799147E-16,1.));
#38 = ORIENTED_EDGE('',*,*,#39,.F.);
#39 = EDGE_CURVE('',#40,#32,#42,.T.);
#40 = VERTEX_POINT('',#41);
#41 = CARTESIAN_POINT('',(7.94,-11.17,-1.1));
#42 = LINE('',#43,#44);
#43 = CARTESIAN_POINT('',(3.97,-11.17,-1.1));
#44 = VECTOR('',#45,1.);
#45 = DIRECTION('',(-1.,-0.,0.));
#46 = ORIENTED_EDGE('',*,*,#47,.T.);
#47 = EDGE_CURVE('',#40,#48,#50,.T.);
#48 = VERTEX_POINT('',#49);
#49 = CARTESIAN_POINT('',(7.94,-11.17,-7.7));
#50 = LINE('',#51,#52);
#51 = CARTESIAN_POINT('',(7.94,-11.17,1.367930474648E-15));
#52 = VECTOR('',#53,1.);
#53 = DIRECTION('',(0.,-1.224646799147E-16,-1.));
#54 = ORIENTED_EDGE('',*,*,#55,.T.);
#55 = EDGE_CURVE('',#48,#56,#58,.T.);
#56 = VERTEX_POINT('',#57);
#57 = CARTESIAN_POINT('',(2.67,-11.17,-7.7));
#58 = LINE('',#59,#60);
#59 = CARTESIAN_POINT('',(7.94,-11.17,-7.7));
#60 = VECTOR('',#61,1.);
#61 = DIRECTION('',(-1.,0.,0.));
#62 = ORIENTED_EDGE('',*,*,#63,.F.);
#63 = EDGE_CURVE('',#24,#56,#64,.T.);
#64 = LINE('',#65,#66);
#65 = CARTESIAN_POINT('',(2.67,-11.17,1.367930474648E-15));
#66 = VECTOR('',#67,1.);
#67 = DIRECTION('',(0.,-1.224646799147E-16,-1.));
#68 = PLANE('',#69);
#69 = AXIS2_PLACEMENT_3D('',#70,#71,#72);
#70 = CARTESIAN_POINT('',(7.94,-11.17,1.367930474648E-15));
#71 = DIRECTION('',(0.,1.,-1.224646799147E-16));
#72 = DIRECTION('',(-1.,0.,0.));
#73 = ADVANCED_FACE('',(#74),#126,.F.);
#74 = FACE_BOUND('',#75,.F.);
#75 = EDGE_LOOP('',(#76,#84,#85,#93,#102,#110,#119));
#76 = ORIENTED_EDGE('',*,*,#77,.T.);
#77 = EDGE_CURVE('',#78,#22,#80,.T.);
#78 = VERTEX_POINT('',#79);
#79 = CARTESIAN_POINT('',(5.28,-9.88,1.209951037558E-15));
#80 = LINE('',#81,#82);
#81 = CARTESIAN_POINT('',(5.28,-9.88,1.209951037558E-15));
#82 = VECTOR('',#83,1.);
#83 = DIRECTION('',(0.,-1.,1.224646799147E-16));
#84 = ORIENTED_EDGE('',*,*,#21,.T.);
#85 = ORIENTED_EDGE('',*,*,#86,.T.);
#86 = EDGE_CURVE('',#24,#87,#89,.T.);
#87 = VERTEX_POINT('',#88);
#88 = CARTESIAN_POINT('',(2.67,-9.92,1.214849624754E-15));
#89 = LINE('',#90,#91);
#90 = CARTESIAN_POINT('',(2.67,-11.17,1.367930474648E-15));
#91 = VECTOR('',#92,1.);
#92 = DIRECTION('',(0.,1.,-1.224646799147E-16));
#93 = ORIENTED_EDGE('',*,*,#94,.T.);
#94 = EDGE_CURVE('',#87,#95,#97,.T.);
#95 = VERTEX_POINT('',#96);
#96 = CARTESIAN_POINT('',(3.42,-9.17,1.123001114818E-15));
#97 = CIRCLE('',#98,0.75);
#98 = AXIS2_PLACEMENT_3D('',#99,#100,#101);
#99 = CARTESIAN_POINT('',(3.42,-9.92,1.214849624754E-15));
#100 = DIRECTION('',(0.,-1.224646799147E-16,-1.));
#101 = DIRECTION('',(1.,0.,0.));
#102 = ORIENTED_EDGE('',*,*,#103,.F.);
#103 = EDGE_CURVE('',#104,#95,#106,.T.);
#104 = VERTEX_POINT('',#105);
#105 = CARTESIAN_POINT('',(3.69,-9.17,1.123001114818E-15));
#106 = LINE('',#107,#108);
#107 = CARTESIAN_POINT('',(3.69,-9.17,1.123001114818E-15));
#108 = VECTOR('',#109,1.);
#109 = DIRECTION('',(-1.,0.,0.));
#110 = ORIENTED_EDGE('',*,*,#111,.F.);
#111 = EDGE_CURVE('',#112,#104,#114,.T.);
#112 = VERTEX_POINT('',#113);
#113 = CARTESIAN_POINT('',(4.046204197342,-9.14162520912,
    1.119526205135E-15));
#114 = CIRCLE('',#115,2.25);
#115 = AXIS2_PLACEMENT_3D('',#116,#117,#118);
#116 = CARTESIAN_POINT('',(3.69,-6.92,8.4745558501E-16));
#117 = DIRECTION('',(0.,-1.224646799147E-16,-1.));
#118 = DIRECTION('',(1.,0.,0.));
#119 = ORIENTED_EDGE('',*,*,#120,.F.);
#120 = EDGE_CURVE('',#78,#112,#121,.T.);
#121 = CIRCLE('',#122,1.4);
#122 = AXIS2_PLACEMENT_3D('',#123,#124,#125);
#123 = CARTESIAN_POINT('',(5.28,-8.48,1.038500485677E-15));
#124 = DIRECTION('',(0.,-1.224646799147E-16,-1.));
#125 = DIRECTION('',(1.,0.,0.));
#126 = PLANE('',#127);
#127 = AXIS2_PLACEMENT_3D('',#128,#129,#130);
#128 = CARTESIAN_POINT('',(0.,0.,0.));
#129 = DIRECTION('',(0.,-1.224646799147E-16,-1.));
#130 = DIRECTION('',(1.,0.,0.));
#131 = ADVANCED_FACE('',(#132),#182,.T.);
#132 = FACE_BOUND('',#133,.T.);
#133 = EDGE_LOOP('',(#134,#135,#136,#144,#152,#160,#168,#176));
#134 = ORIENTED_EDGE('',*,*,#63,.F.);
#135 = ORIENTED_EDGE('',*,*,#86,.T.);
#136 = ORIENTED_EDGE('',*,*,#137,.T.);
#137 = EDGE_CURVE('',#87,#138,#140,.T.);
#138 = VERTEX_POINT('',#139);
#139 = CARTESIAN_POINT('',(2.67,-9.92,-2.47));
#140 = LINE('',#141,#142);
#141 = CARTESIAN_POINT('',(2.67,-9.92,1.214849624754E-15));
#142 = VECTOR('',#143,1.);
#143 = DIRECTION('',(0.,-1.224646799147E-16,-1.));
#144 = ORIENTED_EDGE('',*,*,#145,.T.);
#145 = EDGE_CURVE('',#138,#146,#148,.T.);
#146 = VERTEX_POINT('',#147);
#147 = CARTESIAN_POINT('',(2.67,-8.67,-2.47));
#148 = LINE('',#149,#150);
#149 = CARTESIAN_POINT('',(2.67,-4.629176022271,-2.47));
#150 = VECTOR('',#151,1.);
#151 = DIRECTION('',(0.,1.,-1.224646799147E-16));
#152 = ORIENTED_EDGE('',*,*,#153,.T.);
#153 = EDGE_CURVE('',#146,#154,#156,.T.);
#154 = VERTEX_POINT('',#155);
#155 = CARTESIAN_POINT('',(2.67,-8.67,-5.7));
#156 = LINE('',#157,#158);
#157 = CARTESIAN_POINT('',(2.67,-8.67,1.061768774861E-15));
#158 = VECTOR('',#159,1.);
#159 = DIRECTION('',(0.,-1.224646799147E-16,-1.));
#160 = ORIENTED_EDGE('',*,*,#161,.T.);
#161 = EDGE_CURVE('',#154,#162,#164,.T.);
#162 = VERTEX_POINT('',#163);
#163 = CARTESIAN_POINT('',(2.67,-10.95,-5.7));
#164 = LINE('',#165,#166);
#165 = CARTESIAN_POINT('',(2.67,-8.5,-5.7));
#166 = VECTOR('',#167,1.);
#167 = DIRECTION('',(0.,-1.,1.224646799147E-16));
#168 = ORIENTED_EDGE('',*,*,#169,.T.);
#169 = EDGE_CURVE('',#162,#170,#172,.T.);
#170 = VERTEX_POINT('',#171);
#171 = CARTESIAN_POINT('',(2.67,-10.95,-7.7));
#172 = LINE('',#173,#174);
#173 = CARTESIAN_POINT('',(2.67,-10.95,1.340988245066E-15));
#174 = VECTOR('',#175,1.);
#175 = DIRECTION('',(0.,-1.224646799147E-16,-1.));
#176 = ORIENTED_EDGE('',*,*,#177,.T.);
#177 = EDGE_CURVE('',#170,#56,#178,.T.);
#178 = LINE('',#179,#180);
#179 = CARTESIAN_POINT('',(2.67,-5.585,-7.7));
#180 = VECTOR('',#181,1.);
#181 = DIRECTION('',(0.,-1.,1.224646799147E-16));
#182 = PLANE('',#183);
#183 = AXIS2_PLACEMENT_3D('',#184,#185,#186);
#184 = CARTESIAN_POINT('',(2.67,-10.29487745098,-3.777818627451));
#185 = DIRECTION('',(-1.,2.7E-16,-3.306546357698E-32));
#186 = DIRECTION('',(2.7E-16,1.,-1.224646799147E-16));
#187 = ADVANCED_FACE('',(#188,#256,#326),#396,.T.);
#188 = FACE_BOUND('',#189,.T.);
#189 = EDGE_LOOP('',(#190,#198,#199,#200,#209,#217,#226,#234,#242,#250)
  );
#190 = ORIENTED_EDGE('',*,*,#191,.T.);
#191 = EDGE_CURVE('',#192,#48,#194,.T.);
#192 = VERTEX_POINT('',#193);
#193 = CARTESIAN_POINT('',(7.94,11.17,-7.7));
#194 = LINE('',#195,#196);
#195 = CARTESIAN_POINT('',(7.94,11.17,-7.7));
#196 = VECTOR('',#197,1.);
#197 = DIRECTION('',(0.,-1.,1.224646799147E-16));
#198 = ORIENTED_EDGE('',*,*,#55,.T.);
#199 = ORIENTED_EDGE('',*,*,#177,.F.);
#200 = ORIENTED_EDGE('',*,*,#201,.T.);
#201 = EDGE_CURVE('',#170,#202,#204,.T.);
#202 = VERTEX_POINT('',#203);
#203 = CARTESIAN_POINT('',(0.92,-9.2,-7.7));
#204 = CIRCLE('',#205,1.75);
#205 = AXIS2_PLACEMENT_3D('',#206,#207,#208);
#206 = CARTESIAN_POINT('',(0.92,-10.95,-7.7));
#207 = DIRECTION('',(-0.,1.224646799147E-16,1.));
#208 = DIRECTION('',(1.,0.,0.));
#209 = ORIENTED_EDGE('',*,*,#210,.F.);
#210 = EDGE_CURVE('',#211,#202,#213,.T.);
#211 = VERTEX_POINT('',#212);
#212 = CARTESIAN_POINT('',(-0.92,-9.2,-7.7));
#213 = LINE('',#214,#215);
#214 = CARTESIAN_POINT('',(0.46,-9.2,-7.7));
#215 = VECTOR('',#216,1.);
#216 = DIRECTION('',(1.,0.,0.));
#217 = ORIENTED_EDGE('',*,*,#218,.T.);
#218 = EDGE_CURVE('',#211,#219,#221,.T.);
#219 = VERTEX_POINT('',#220);
#220 = CARTESIAN_POINT('',(-2.67,-10.95,-7.7));
#221 = CIRCLE('',#222,1.75);
#222 = AXIS2_PLACEMENT_3D('',#223,#224,#225);
#223 = CARTESIAN_POINT('',(-0.92,-10.95,-7.7));
#224 = DIRECTION('',(-0.,1.224646799147E-16,1.));
#225 = DIRECTION('',(1.,0.,0.));
#226 = ORIENTED_EDGE('',*,*,#227,.T.);
#227 = EDGE_CURVE('',#219,#228,#230,.T.);
#228 = VERTEX_POINT('',#229);
#229 = CARTESIAN_POINT('',(-2.67,-11.17,-7.7));
#230 = LINE('',#231,#232);
#231 = CARTESIAN_POINT('',(-2.67,-5.585,-7.7));
#232 = VECTOR('',#233,1.);
#233 = DIRECTION('',(0.,-1.,1.224646799147E-16));
#234 = ORIENTED_EDGE('',*,*,#235,.T.);
#235 = EDGE_CURVE('',#228,#236,#238,.T.);
#236 = VERTEX_POINT('',#237);
#237 = CARTESIAN_POINT('',(-7.94,-11.17,-7.7));
#238 = LINE('',#239,#240);
#239 = CARTESIAN_POINT('',(7.94,-11.17,-7.7));
#240 = VECTOR('',#241,1.);
#241 = DIRECTION('',(-1.,0.,0.));
#242 = ORIENTED_EDGE('',*,*,#243,.T.);
#243 = EDGE_CURVE('',#236,#244,#246,.T.);
#244 = VERTEX_POINT('',#245);
#245 = CARTESIAN_POINT('',(-7.94,11.17,-7.7));
#246 = LINE('',#247,#248);
#247 = CARTESIAN_POINT('',(-7.94,-11.17,-7.7));
#248 = VECTOR('',#249,1.);
#249 = DIRECTION('',(0.,1.,-1.224646799147E-16));
#250 = ORIENTED_EDGE('',*,*,#251,.T.);
#251 = EDGE_CURVE('',#244,#192,#252,.T.);
#252 = LINE('',#253,#254);
#253 = CARTESIAN_POINT('',(-7.94,11.17,-7.7));
#254 = VECTOR('',#255,1.);
#255 = DIRECTION('',(1.,0.,0.));
#256 = FACE_BOUND('',#257,.T.);
#257 = EDGE_LOOP('',(#258,#269,#277,#286,#294,#303,#311,#320));
#258 = ORIENTED_EDGE('',*,*,#259,.F.);
#259 = EDGE_CURVE('',#260,#262,#264,.T.);
#260 = VERTEX_POINT('',#261);
#261 = CARTESIAN_POINT('',(-2.94,-0.36,-7.7));
#262 = VERTEX_POINT('',#263);
#263 = CARTESIAN_POINT('',(-4.34,1.039999542487,-7.7));
#264 = CIRCLE('',#265,1.4);
#265 = AXIS2_PLACEMENT_3D('',#266,#267,#268);
#266 = CARTESIAN_POINT('',(-2.94,1.04,-7.7));
#267 = DIRECTION('',(0.,-1.224646799147E-16,-1.));
#268 = DIRECTION('',(1.,0.,0.));
#269 = ORIENTED_EDGE('',*,*,#270,.T.);
#270 = EDGE_CURVE('',#260,#271,#273,.T.);
#271 = VERTEX_POINT('',#272);
#272 = CARTESIAN_POINT('',(-2.14,-0.36,-7.7));
#273 = LINE('',#274,#275);
#274 = CARTESIAN_POINT('',(-2.94,-0.36,-7.7));
#275 = VECTOR('',#276,1.);
#276 = DIRECTION('',(1.,0.,0.));
#277 = ORIENTED_EDGE('',*,*,#278,.F.);
#278 = EDGE_CURVE('',#279,#271,#281,.T.);
#279 = VERTEX_POINT('',#280);
#280 = CARTESIAN_POINT('',(-0.74,1.04,-7.7));
#281 = CIRCLE('',#282,1.4);
#282 = AXIS2_PLACEMENT_3D('',#283,#284,#285);
#283 = CARTESIAN_POINT('',(-2.14,1.04,-7.7));
#284 = DIRECTION('',(0.,-1.224646799147E-16,-1.));
#285 = DIRECTION('',(1.,0.,0.));
#286 = ORIENTED_EDGE('',*,*,#287,.T.);
#287 = EDGE_CURVE('',#279,#288,#290,.T.);
#288 = VERTEX_POINT('',#289);
#289 = CARTESIAN_POINT('',(-0.74,7.240000457513,-7.7));
#290 = LINE('',#291,#292);
#291 = CARTESIAN_POINT('',(-0.74,1.04,-7.7));
#292 = VECTOR('',#293,1.);
#293 = DIRECTION('',(7.54E-15,1.,-1.224646799147E-16));
#294 = ORIENTED_EDGE('',*,*,#295,.F.);
#295 = EDGE_CURVE('',#296,#288,#298,.T.);
#296 = VERTEX_POINT('',#297);
#297 = CARTESIAN_POINT('',(-2.140000177922,8.640000279591,-7.7));
#298 = CIRCLE('',#299,1.4);
#299 = AXIS2_PLACEMENT_3D('',#300,#301,#302);
#300 = CARTESIAN_POINT('',(-2.14,7.240000279591,-7.7));
#301 = DIRECTION('',(0.,-1.224646799147E-16,-1.));
#302 = DIRECTION('',(1.,0.,0.));
#303 = ORIENTED_EDGE('',*,*,#304,.F.);
#304 = EDGE_CURVE('',#305,#296,#307,.T.);
#305 = VERTEX_POINT('',#306);
#306 = CARTESIAN_POINT('',(-2.940000177922,8.640000177922,-7.7));
#307 = LINE('',#308,#309);
#308 = CARTESIAN_POINT('',(-2.940000177922,8.640000177922,-7.7));
#309 = VECTOR('',#310,1.);
#310 = DIRECTION('',(1.,1.2708690544E-07,-1.556365719606E-23));
#311 = ORIENTED_EDGE('',*,*,#312,.F.);
#312 = EDGE_CURVE('',#313,#305,#315,.T.);
#313 = VERTEX_POINT('',#314);
#314 = CARTESIAN_POINT('',(-4.34,7.24,-7.7));
#315 = CIRCLE('',#316,1.4);
#316 = AXIS2_PLACEMENT_3D('',#317,#318,#319);
#317 = CARTESIAN_POINT('',(-2.94,7.240000177922,-7.7));
#318 = DIRECTION('',(0.,-1.224646799147E-16,-1.));
#319 = DIRECTION('',(1.,0.,0.));
#320 = ORIENTED_EDGE('',*,*,#321,.T.);
#321 = EDGE_CURVE('',#313,#262,#322,.T.);
#322 = LINE('',#323,#324);
#323 = CARTESIAN_POINT('',(-4.34,7.24,-7.7));
#324 = VECTOR('',#325,1.);
#325 = DIRECTION('',(0.,-1.,1.224646799147E-16));
#326 = FACE_BOUND('',#327,.T.);
#327 = EDGE_LOOP('',(#328,#339,#347,#356,#364,#373,#381,#390));
#328 = ORIENTED_EDGE('',*,*,#329,.F.);
#329 = EDGE_CURVE('',#330,#332,#334,.T.);
#330 = VERTEX_POINT('',#331);
#331 = CARTESIAN_POINT('',(2.14,-0.360000228756,-7.7));
#332 = VERTEX_POINT('',#333);
#333 = CARTESIAN_POINT('',(0.74,1.039999771244,-7.7));
#334 = CIRCLE('',#335,1.4);
#335 = AXIS2_PLACEMENT_3D('',#336,#337,#338);
#336 = CARTESIAN_POINT('',(2.14,1.039999771244,-7.7));
#337 = DIRECTION('',(0.,-1.224646799147E-16,-1.));
#338 = DIRECTION('',(1.,0.,0.));
#339 = ORIENTED_EDGE('',*,*,#340,.T.);
#340 = EDGE_CURVE('',#330,#341,#343,.T.);
#341 = VERTEX_POINT('',#342);
#342 = CARTESIAN_POINT('',(2.94,-0.360000228756,-7.7));
#343 = LINE('',#344,#345);
#344 = CARTESIAN_POINT('',(2.14,-0.360000228756,-7.7));
#345 = VECTOR('',#346,1.);
#346 = DIRECTION('',(1.,0.,0.));
#347 = ORIENTED_EDGE('',*,*,#348,.F.);
#348 = EDGE_CURVE('',#349,#341,#351,.T.);
#349 = VERTEX_POINT('',#350);
#350 = CARTESIAN_POINT('',(4.34,1.039999771244,-7.7));
#351 = CIRCLE('',#352,1.4);
#352 = AXIS2_PLACEMENT_3D('',#353,#354,#355);
#353 = CARTESIAN_POINT('',(2.94,1.039999771244,-7.7));
#354 = DIRECTION('',(0.,-1.224646799147E-16,-1.));
#355 = DIRECTION('',(1.,0.,0.));
#356 = ORIENTED_EDGE('',*,*,#357,.F.);
#357 = EDGE_CURVE('',#358,#349,#360,.T.);
#358 = VERTEX_POINT('',#359);
#359 = CARTESIAN_POINT('',(4.34,7.240000228756,-7.7));
#360 = LINE('',#361,#362);
#361 = CARTESIAN_POINT('',(4.34,7.240000228756,-7.7));
#362 = VECTOR('',#363,1.);
#363 = DIRECTION('',(0.,-1.,1.224646799147E-16));
#364 = ORIENTED_EDGE('',*,*,#365,.F.);
#365 = EDGE_CURVE('',#366,#358,#368,.T.);
#366 = VERTEX_POINT('',#367);
#367 = CARTESIAN_POINT('',(2.94,8.640000228756,-7.7));
#368 = CIRCLE('',#369,1.4);
#369 = AXIS2_PLACEMENT_3D('',#370,#371,#372);
#370 = CARTESIAN_POINT('',(2.94,7.240000228756,-7.7));
#371 = DIRECTION('',(0.,-1.224646799147E-16,-1.));
#372 = DIRECTION('',(1.,0.,0.));
#373 = ORIENTED_EDGE('',*,*,#374,.F.);
#374 = EDGE_CURVE('',#375,#366,#377,.T.);
#375 = VERTEX_POINT('',#376);
#376 = CARTESIAN_POINT('',(2.14,8.640000228756,-7.7));
#377 = LINE('',#378,#379);
#378 = CARTESIAN_POINT('',(2.14,8.640000228756,-7.7));
#379 = VECTOR('',#380,1.);
#380 = DIRECTION('',(1.,0.,0.));
#381 = ORIENTED_EDGE('',*,*,#382,.F.);
#382 = EDGE_CURVE('',#383,#375,#385,.T.);
#383 = VERTEX_POINT('',#384);
#384 = CARTESIAN_POINT('',(0.74,7.240000228756,-7.7));
#385 = CIRCLE('',#386,1.4);
#386 = AXIS2_PLACEMENT_3D('',#387,#388,#389);
#387 = CARTESIAN_POINT('',(2.14,7.240000228756,-7.7));
#388 = DIRECTION('',(0.,-1.224646799147E-16,-1.));
#389 = DIRECTION('',(1.,0.,0.));
#390 = ORIENTED_EDGE('',*,*,#391,.F.);
#391 = EDGE_CURVE('',#332,#383,#392,.T.);
#392 = LINE('',#393,#394);
#393 = CARTESIAN_POINT('',(0.74,1.039999771244,-7.7));
#394 = VECTOR('',#395,1.);
#395 = DIRECTION('',(0.,1.,-1.224646799147E-16));
#396 = PLANE('',#397);
#397 = AXIS2_PLACEMENT_3D('',#398,#399,#400);
#398 = CARTESIAN_POINT('',(0.,-9.429780353435E-16,-7.7));
#399 = DIRECTION('',(0.,-1.224646799147E-16,-1.));
#400 = DIRECTION('',(1.,0.,0.));
#401 = ADVANCED_FACE('',(#402),#452,.F.);
#402 = FACE_BOUND('',#403,.F.);
#403 = EDGE_LOOP('',(#404,#414,#420,#421,#422,#430,#438,#446));
#404 = ORIENTED_EDGE('',*,*,#405,.F.);
#405 = EDGE_CURVE('',#406,#408,#410,.T.);
#406 = VERTEX_POINT('',#407);
#407 = CARTESIAN_POINT('',(7.94,11.17,-1.1));
#408 = VERTEX_POINT('',#409);
#409 = CARTESIAN_POINT('',(7.94,8.48,-1.1));
#410 = LINE('',#411,#412);
#411 = CARTESIAN_POINT('',(7.94,5.585,-1.1));
#412 = VECTOR('',#413,1.);
#413 = DIRECTION('',(0.,-1.,1.224646799147E-16));
#414 = ORIENTED_EDGE('',*,*,#415,.T.);
#415 = EDGE_CURVE('',#406,#192,#416,.T.);
#416 = LINE('',#417,#418);
#417 = CARTESIAN_POINT('',(7.94,11.17,-1.367930474648E-15));
#418 = VECTOR('',#419,1.);
#419 = DIRECTION('',(0.,-1.224646799147E-16,-1.));
#420 = ORIENTED_EDGE('',*,*,#191,.T.);
#421 = ORIENTED_EDGE('',*,*,#47,.F.);
#422 = ORIENTED_EDGE('',*,*,#423,.F.);
#423 = EDGE_CURVE('',#424,#40,#426,.T.);
#424 = VERTEX_POINT('',#425);
#425 = CARTESIAN_POINT('',(7.94,-8.48,-1.1));
#426 = LINE('',#427,#428);
#427 = CARTESIAN_POINT('',(7.94,5.585,-1.1));
#428 = VECTOR('',#429,1.);
#429 = DIRECTION('',(0.,-1.,1.224646799147E-16));
#430 = ORIENTED_EDGE('',*,*,#431,.T.);
#431 = EDGE_CURVE('',#424,#432,#434,.T.);
#432 = VERTEX_POINT('',#433);
#433 = CARTESIAN_POINT('',(7.94,-8.48,1.038500485677E-15));
#434 = LINE('',#435,#436);
#435 = CARTESIAN_POINT('',(7.94,-8.48,1.038500485677E-15));
#436 = VECTOR('',#437,1.);
#437 = DIRECTION('',(0.,1.224646799147E-16,1.));
#438 = ORIENTED_EDGE('',*,*,#439,.F.);
#439 = EDGE_CURVE('',#440,#432,#442,.T.);
#440 = VERTEX_POINT('',#441);
#441 = CARTESIAN_POINT('',(7.94,8.48,-1.038500485677E-15));
#442 = LINE('',#443,#444);
#443 = CARTESIAN_POINT('',(7.94,11.17,-1.367930474648E-15));
#444 = VECTOR('',#445,1.);
#445 = DIRECTION('',(0.,-1.,1.224646799147E-16));
#446 = ORIENTED_EDGE('',*,*,#447,.F.);
#447 = EDGE_CURVE('',#408,#440,#448,.T.);
#448 = LINE('',#449,#450);
#449 = CARTESIAN_POINT('',(7.94,8.48,-1.038500485677E-15));
#450 = VECTOR('',#451,1.);
#451 = DIRECTION('',(0.,1.224646799147E-16,1.));
#452 = PLANE('',#453);
#453 = AXIS2_PLACEMENT_3D('',#454,#455,#456);
#454 = CARTESIAN_POINT('',(7.94,11.17,-1.367930474648E-15));
#455 = DIRECTION('',(-1.,0.,0.));
#456 = DIRECTION('',(0.,-1.,1.224646799147E-16));
#457 = ADVANCED_FACE('',(#458),#503,.F.);
#458 = FACE_BOUND('',#459,.F.);
#459 = EDGE_LOOP('',(#460,#468,#477,#486,#495,#501,#502));
#460 = ORIENTED_EDGE('',*,*,#461,.F.);
#461 = EDGE_CURVE('',#462,#32,#464,.T.);
#462 = VERTEX_POINT('',#463);
#463 = CARTESIAN_POINT('',(5.28,-9.88,-1.1));
#464 = LINE('',#465,#466);
#465 = CARTESIAN_POINT('',(5.28,-9.88,-1.1));
#466 = VECTOR('',#467,1.);
#467 = DIRECTION('',(0.,-1.,1.224646799147E-16));
#468 = ORIENTED_EDGE('',*,*,#469,.T.);
#469 = EDGE_CURVE('',#462,#470,#472,.T.);
#470 = VERTEX_POINT('',#471);
#471 = CARTESIAN_POINT('',(4.046204197342,-9.14162520912,-1.1));
#472 = CIRCLE('',#473,1.4);
#473 = AXIS2_PLACEMENT_3D('',#474,#475,#476);
#474 = CARTESIAN_POINT('',(5.28,-8.48,-1.1));
#475 = DIRECTION('',(0.,-1.224646799147E-16,-1.));
#476 = DIRECTION('',(1.,0.,0.));
#477 = ORIENTED_EDGE('',*,*,#478,.T.);
#478 = EDGE_CURVE('',#470,#479,#481,.T.);
#479 = VERTEX_POINT('',#480);
#480 = CARTESIAN_POINT('',(5.918006456265,-7.233826752909,-1.1));
#481 = CIRCLE('',#482,2.25);
#482 = AXIS2_PLACEMENT_3D('',#483,#484,#485);
#483 = CARTESIAN_POINT('',(3.69,-6.92,-1.1));
#484 = DIRECTION('',(-0.,1.224646799147E-16,1.));
#485 = DIRECTION('',(1.,0.,0.));
#486 = ORIENTED_EDGE('',*,*,#487,.T.);
#487 = EDGE_CURVE('',#479,#488,#490,.T.);
#488 = VERTEX_POINT('',#489);
#489 = CARTESIAN_POINT('',(6.68,-8.48,-1.1));
#490 = CIRCLE('',#491,1.4);
#491 = AXIS2_PLACEMENT_3D('',#492,#493,#494);
#492 = CARTESIAN_POINT('',(5.28,-8.48,-1.1));
#493 = DIRECTION('',(0.,-1.224646799147E-16,-1.));
#494 = DIRECTION('',(1.,0.,0.));
#495 = ORIENTED_EDGE('',*,*,#496,.T.);
#496 = EDGE_CURVE('',#488,#424,#497,.T.);
#497 = LINE('',#498,#499);
#498 = CARTESIAN_POINT('',(6.68,-8.48,-1.1));
#499 = VECTOR('',#500,1.);
#500 = DIRECTION('',(1.,-4.9E-16,6.000769315822E-32));
#501 = ORIENTED_EDGE('',*,*,#423,.T.);
#502 = ORIENTED_EDGE('',*,*,#39,.T.);
#503 = PLANE('',#504);
#504 = AXIS2_PLACEMENT_3D('',#505,#506,#507);
#505 = CARTESIAN_POINT('',(-7.7E-16,4.752888520938E-16,-1.1));
#506 = DIRECTION('',(0.,-1.224646799147E-16,-1.));
#507 = DIRECTION('',(1.,0.,0.));
#508 = ADVANCED_FACE('',(#509),#520,.F.);
#509 = FACE_BOUND('',#510,.F.);
#510 = EDGE_LOOP('',(#511,#512,#518,#519));
#511 = ORIENTED_EDGE('',*,*,#77,.F.);
#512 = ORIENTED_EDGE('',*,*,#513,.T.);
#513 = EDGE_CURVE('',#78,#462,#514,.T.);
#514 = LINE('',#515,#516);
#515 = CARTESIAN_POINT('',(5.28,-9.88,1.209951037558E-15));
#516 = VECTOR('',#517,1.);
#517 = DIRECTION('',(0.,-1.224646799147E-16,-1.));
#518 = ORIENTED_EDGE('',*,*,#461,.T.);
#519 = ORIENTED_EDGE('',*,*,#31,.T.);
#520 = PLANE('',#521);
#521 = AXIS2_PLACEMENT_3D('',#522,#523,#524);
#522 = CARTESIAN_POINT('',(5.28,-9.88,1.209951037558E-15));
#523 = DIRECTION('',(-1.,-0.,0.));
#524 = DIRECTION('',(0.,-1.,1.224646799147E-16));
#525 = ADVANCED_FACE('',(#526),#537,.F.);
#526 = FACE_BOUND('',#527,.T.);
#527 = EDGE_LOOP('',(#528,#529,#530,#531));
#528 = ORIENTED_EDGE('',*,*,#120,.F.);
#529 = ORIENTED_EDGE('',*,*,#513,.T.);
#530 = ORIENTED_EDGE('',*,*,#469,.T.);
#531 = ORIENTED_EDGE('',*,*,#532,.T.);
#532 = EDGE_CURVE('',#470,#112,#533,.T.);
#533 = LINE('',#534,#535);
#534 = CARTESIAN_POINT('',(4.046204197342,-9.14162520912,
    1.119526205135E-15));
#535 = VECTOR('',#536,1.);
#536 = DIRECTION('',(-0.,1.224646799147E-16,1.));
#537 = CYLINDRICAL_SURFACE('',#538,1.4);
#538 = AXIS2_PLACEMENT_3D('',#539,#540,#541);
#539 = CARTESIAN_POINT('',(5.28,-8.48,1.038500485677E-15));
#540 = DIRECTION('',(-0.,1.224646799147E-16,1.));
#541 = DIRECTION('',(1.,0.,0.));
#542 = ADVANCED_FACE('',(#543),#588,.F.);
#543 = FACE_BOUND('',#544,.T.);
#544 = EDGE_LOOP('',(#545,#556,#564,#573,#579,#580,#581,#582));
#545 = ORIENTED_EDGE('',*,*,#546,.F.);
#546 = EDGE_CURVE('',#547,#549,#551,.T.);
#547 = VERTEX_POINT('',#548);
#548 = CARTESIAN_POINT('',(5.94,-6.92,8.4745558501E-16));
#549 = VERTEX_POINT('',#550);
#550 = CARTESIAN_POINT('',(5.918006456265,-7.233826752909,
    8.858882778537E-16));
#551 = CIRCLE('',#552,2.25);
#552 = AXIS2_PLACEMENT_3D('',#553,#554,#555);
#553 = CARTESIAN_POINT('',(3.69,-6.92,8.4745558501E-16));
#554 = DIRECTION('',(0.,-1.224646799147E-16,-1.));
#555 = DIRECTION('',(1.,0.,0.));
#556 = ORIENTED_EDGE('',*,*,#557,.T.);
#557 = EDGE_CURVE('',#547,#558,#560,.T.);
#558 = VERTEX_POINT('',#559);
#559 = CARTESIAN_POINT('',(5.94,-6.92,-2.47));
#560 = LINE('',#561,#562);
#561 = CARTESIAN_POINT('',(5.94,-6.92,8.4745558501E-16));
#562 = VECTOR('',#563,1.);
#563 = DIRECTION('',(0.,-1.224646799147E-16,-1.));
#564 = ORIENTED_EDGE('',*,*,#565,.T.);
#565 = EDGE_CURVE('',#558,#566,#568,.T.);
#566 = VERTEX_POINT('',#567);
#567 = CARTESIAN_POINT('',(3.69,-9.17,-2.47));
#568 = CIRCLE('',#569,2.25);
#569 = AXIS2_PLACEMENT_3D('',#570,#571,#572);
#570 = CARTESIAN_POINT('',(3.69,-6.92,-2.47));
#571 = DIRECTION('',(0.,-1.224646799147E-16,-1.));
#572 = DIRECTION('',(1.,0.,0.));
#573 = ORIENTED_EDGE('',*,*,#574,.F.);
#574 = EDGE_CURVE('',#104,#566,#575,.T.);
#575 = LINE('',#576,#577);
#576 = CARTESIAN_POINT('',(3.69,-9.17,1.123001114818E-15));
#577 = VECTOR('',#578,1.);
#578 = DIRECTION('',(0.,-1.224646799147E-16,-1.));
#579 = ORIENTED_EDGE('',*,*,#111,.F.);
#580 = ORIENTED_EDGE('',*,*,#532,.F.);
#581 = ORIENTED_EDGE('',*,*,#478,.T.);
#582 = ORIENTED_EDGE('',*,*,#583,.T.);
#583 = EDGE_CURVE('',#479,#549,#584,.T.);
#584 = LINE('',#585,#586);
#585 = CARTESIAN_POINT('',(5.918006456265,-7.233826752909,
    8.858882778537E-16));
#586 = VECTOR('',#587,1.);
#587 = DIRECTION('',(-0.,1.224646799147E-16,1.));
#588 = CYLINDRICAL_SURFACE('',#589,2.25);
#589 = AXIS2_PLACEMENT_3D('',#590,#591,#592);
#590 = CARTESIAN_POINT('',(3.69,-6.92,8.4745558501E-16));
#591 = DIRECTION('',(0.,1.224646799147E-16,1.));
#592 = DIRECTION('',(1.,0.,0.));
#593 = ADVANCED_FACE('',(#594),#612,.T.);
#594 = FACE_BOUND('',#595,.T.);
#595 = EDGE_LOOP('',(#596,#597,#605,#611));
#596 = ORIENTED_EDGE('',*,*,#574,.T.);
#597 = ORIENTED_EDGE('',*,*,#598,.T.);
#598 = EDGE_CURVE('',#566,#599,#601,.T.);
#599 = VERTEX_POINT('',#600);
#600 = CARTESIAN_POINT('',(3.42,-9.17,-2.47));
#601 = LINE('',#602,#603);
#602 = CARTESIAN_POINT('',(3.69,-9.17,-2.47));
#603 = VECTOR('',#604,1.);
#604 = DIRECTION('',(-1.,0.,0.));
#605 = ORIENTED_EDGE('',*,*,#606,.F.);
#606 = EDGE_CURVE('',#95,#599,#607,.T.);
#607 = LINE('',#608,#609);
#608 = CARTESIAN_POINT('',(3.42,-9.17,1.123001114818E-15));
#609 = VECTOR('',#610,1.);
#610 = DIRECTION('',(0.,-1.224646799147E-16,-1.));
#611 = ORIENTED_EDGE('',*,*,#103,.F.);
#612 = PLANE('',#613);
#613 = AXIS2_PLACEMENT_3D('',#614,#615,#616);
#614 = CARTESIAN_POINT('',(3.69,-9.17,1.123001114818E-15));
#615 = DIRECTION('',(0.,1.,-1.224646799147E-16));
#616 = DIRECTION('',(-1.,0.,0.));
#617 = ADVANCED_FACE('',(#618),#630,.T.);
#618 = FACE_BOUND('',#619,.F.);
#619 = EDGE_LOOP('',(#620,#621,#628,#629));
#620 = ORIENTED_EDGE('',*,*,#137,.T.);
#621 = ORIENTED_EDGE('',*,*,#622,.T.);
#622 = EDGE_CURVE('',#138,#599,#623,.T.);
#623 = CIRCLE('',#624,0.75);
#624 = AXIS2_PLACEMENT_3D('',#625,#626,#627);
#625 = CARTESIAN_POINT('',(3.42,-9.92,-2.47));
#626 = DIRECTION('',(0.,-1.224646799147E-16,-1.));
#627 = DIRECTION('',(1.,0.,0.));
#628 = ORIENTED_EDGE('',*,*,#606,.F.);
#629 = ORIENTED_EDGE('',*,*,#94,.F.);
#630 = CYLINDRICAL_SURFACE('',#631,0.75);
#631 = AXIS2_PLACEMENT_3D('',#632,#633,#634);
#632 = CARTESIAN_POINT('',(3.42,-9.92,1.214849624754E-15));
#633 = DIRECTION('',(0.,1.224646799147E-16,1.));
#634 = DIRECTION('',(1.,0.,0.));
#635 = ADVANCED_FACE('',(#636),#792,.F.);
#636 = FACE_BOUND('',#637,.F.);
#637 = EDGE_LOOP('',(#638,#646,#647,#648,#649,#650,#658,#667,#675,#684,
    #692,#701,#709,#718,#726,#734,#743,#751,#760,#768,#777,#785));
#638 = ORIENTED_EDGE('',*,*,#639,.F.);
#639 = EDGE_CURVE('',#558,#640,#642,.T.);
#640 = VERTEX_POINT('',#641);
#641 = CARTESIAN_POINT('',(5.94,6.92,-2.47));
#642 = LINE('',#643,#644);
#643 = CARTESIAN_POINT('',(5.94,-6.92,-2.47));
#644 = VECTOR('',#645,1.);
#645 = DIRECTION('',(0.,1.,-1.224646799147E-16));
#646 = ORIENTED_EDGE('',*,*,#565,.T.);
#647 = ORIENTED_EDGE('',*,*,#598,.T.);
#648 = ORIENTED_EDGE('',*,*,#622,.F.);
#649 = ORIENTED_EDGE('',*,*,#145,.T.);
#650 = ORIENTED_EDGE('',*,*,#651,.T.);
#651 = EDGE_CURVE('',#146,#652,#654,.T.);
#652 = VERTEX_POINT('',#653);
#653 = CARTESIAN_POINT('',(3.69,-8.67,-2.47));
#654 = LINE('',#655,#656);
#655 = CARTESIAN_POINT('',(-1.845,-8.67,-2.47));
#656 = VECTOR('',#657,1.);
#657 = DIRECTION('',(1.,0.,0.));
#658 = ORIENTED_EDGE('',*,*,#659,.T.);
#659 = EDGE_CURVE('',#652,#660,#662,.T.);
#660 = VERTEX_POINT('',#661);
#661 = CARTESIAN_POINT('',(5.44,-6.92,-2.47));
#662 = CIRCLE('',#663,1.75);
#663 = AXIS2_PLACEMENT_3D('',#664,#665,#666);
#664 = CARTESIAN_POINT('',(3.69,-6.92,-2.47));
#665 = DIRECTION('',(-0.,1.224646799147E-16,1.));
#666 = DIRECTION('',(1.,0.,0.));
#667 = ORIENTED_EDGE('',*,*,#668,.T.);
#668 = EDGE_CURVE('',#660,#669,#671,.T.);
#669 = VERTEX_POINT('',#670);
#670 = CARTESIAN_POINT('',(5.44,6.92,-2.47));
#671 = LINE('',#672,#673);
#672 = CARTESIAN_POINT('',(5.44,-3.839176022271,-2.47));
#673 = VECTOR('',#674,1.);
#674 = DIRECTION('',(0.,1.,-1.224646799147E-16));
#675 = ORIENTED_EDGE('',*,*,#676,.T.);
#676 = EDGE_CURVE('',#669,#677,#679,.T.);
#677 = VERTEX_POINT('',#678);
#678 = CARTESIAN_POINT('',(3.69,8.67,-2.47));
#679 = CIRCLE('',#680,1.75);
#680 = AXIS2_PLACEMENT_3D('',#681,#682,#683);
#681 = CARTESIAN_POINT('',(3.69,6.92,-2.47));
#682 = DIRECTION('',(-0.,1.224646799147E-16,1.));
#683 = DIRECTION('',(1.,0.,0.));
#684 = ORIENTED_EDGE('',*,*,#685,.T.);
#685 = EDGE_CURVE('',#677,#686,#688,.T.);
#686 = VERTEX_POINT('',#687);
#687 = CARTESIAN_POINT('',(-3.69,8.67,-2.47));
#688 = LINE('',#689,#690);
#689 = CARTESIAN_POINT('',(1.845,8.67,-2.47));
#690 = VECTOR('',#691,1.);
#691 = DIRECTION('',(-1.,0.,0.));
#692 = ORIENTED_EDGE('',*,*,#693,.T.);
#693 = EDGE_CURVE('',#686,#694,#696,.T.);
#694 = VERTEX_POINT('',#695);
#695 = CARTESIAN_POINT('',(-5.44,6.92,-2.47));
#696 = CIRCLE('',#697,1.75);
#697 = AXIS2_PLACEMENT_3D('',#698,#699,#700);
#698 = CARTESIAN_POINT('',(-3.69,6.92,-2.47));
#699 = DIRECTION('',(-0.,1.224646799147E-16,1.));
#700 = DIRECTION('',(1.,0.,0.));
#701 = ORIENTED_EDGE('',*,*,#702,.T.);
#702 = EDGE_CURVE('',#694,#703,#705,.T.);
#703 = VERTEX_POINT('',#704);
#704 = CARTESIAN_POINT('',(-5.44,-6.92,-2.47));
#705 = LINE('',#706,#707);
#706 = CARTESIAN_POINT('',(-5.44,3.080823977729,-2.47));
#707 = VECTOR('',#708,1.);
#708 = DIRECTION('',(0.,-1.,1.224646799147E-16));
#709 = ORIENTED_EDGE('',*,*,#710,.T.);
#710 = EDGE_CURVE('',#703,#711,#713,.T.);
#711 = VERTEX_POINT('',#712);
#712 = CARTESIAN_POINT('',(-3.69,-8.67,-2.47));
#713 = CIRCLE('',#714,1.75);
#714 = AXIS2_PLACEMENT_3D('',#715,#716,#717);
#715 = CARTESIAN_POINT('',(-3.69,-6.92,-2.47));
#716 = DIRECTION('',(-0.,1.224646799147E-16,1.));
#717 = DIRECTION('',(1.,0.,0.));
#718 = ORIENTED_EDGE('',*,*,#719,.T.);
#719 = EDGE_CURVE('',#711,#720,#722,.T.);
#720 = VERTEX_POINT('',#721);
#721 = CARTESIAN_POINT('',(-2.67,-8.67,-2.47));
#722 = LINE('',#723,#724);
#723 = CARTESIAN_POINT('',(-1.845,-8.67,-2.47));
#724 = VECTOR('',#725,1.);
#725 = DIRECTION('',(1.,0.,0.));
#726 = ORIENTED_EDGE('',*,*,#727,.T.);
#727 = EDGE_CURVE('',#720,#728,#730,.T.);
#728 = VERTEX_POINT('',#729);
#729 = CARTESIAN_POINT('',(-2.67,-9.92,-2.47));
#730 = LINE('',#731,#732);
#731 = CARTESIAN_POINT('',(-2.67,-5.964176022271,-2.47));
#732 = VECTOR('',#733,1.);
#733 = DIRECTION('',(0.,-1.,1.224646799147E-16));
#734 = ORIENTED_EDGE('',*,*,#735,.F.);
#735 = EDGE_CURVE('',#736,#728,#738,.T.);
#736 = VERTEX_POINT('',#737);
#737 = CARTESIAN_POINT('',(-3.42,-9.17,-2.47));
#738 = CIRCLE('',#739,0.75);
#739 = AXIS2_PLACEMENT_3D('',#740,#741,#742);
#740 = CARTESIAN_POINT('',(-3.42,-9.92,-2.47));
#741 = DIRECTION('',(0.,-1.224646799147E-16,-1.));
#742 = DIRECTION('',(1.,0.,0.));
#743 = ORIENTED_EDGE('',*,*,#744,.F.);
#744 = EDGE_CURVE('',#745,#736,#747,.T.);
#745 = VERTEX_POINT('',#746);
#746 = CARTESIAN_POINT('',(-3.69,-9.17,-2.47));
#747 = LINE('',#748,#749);
#748 = CARTESIAN_POINT('',(-3.69,-9.17,-2.47));
#749 = VECTOR('',#750,1.);
#750 = DIRECTION('',(1.,0.,0.));
#751 = ORIENTED_EDGE('',*,*,#752,.T.);
#752 = EDGE_CURVE('',#745,#753,#755,.T.);
#753 = VERTEX_POINT('',#754);
#754 = CARTESIAN_POINT('',(-5.94,-6.92,-2.47));
#755 = CIRCLE('',#756,2.25);
#756 = AXIS2_PLACEMENT_3D('',#757,#758,#759);
#757 = CARTESIAN_POINT('',(-3.69,-6.92,-2.47));
#758 = DIRECTION('',(0.,-1.224646799147E-16,-1.));
#759 = DIRECTION('',(1.,0.,0.));
#760 = ORIENTED_EDGE('',*,*,#761,.F.);
#761 = EDGE_CURVE('',#762,#753,#764,.T.);
#762 = VERTEX_POINT('',#763);
#763 = CARTESIAN_POINT('',(-5.94,6.92,-2.47));
#764 = LINE('',#765,#766);
#765 = CARTESIAN_POINT('',(-5.94,6.92,-2.47));
#766 = VECTOR('',#767,1.);
#767 = DIRECTION('',(0.,-1.,1.224646799147E-16));
#768 = ORIENTED_EDGE('',*,*,#769,.T.);
#769 = EDGE_CURVE('',#762,#770,#772,.T.);
#770 = VERTEX_POINT('',#771);
#771 = CARTESIAN_POINT('',(-3.69,9.17,-2.47));
#772 = CIRCLE('',#773,2.25);
#773 = AXIS2_PLACEMENT_3D('',#774,#775,#776);
#774 = CARTESIAN_POINT('',(-3.69,6.92,-2.47));
#775 = DIRECTION('',(0.,-1.224646799147E-16,-1.));
#776 = DIRECTION('',(1.,0.,0.));
#777 = ORIENTED_EDGE('',*,*,#778,.F.);
#778 = EDGE_CURVE('',#779,#770,#781,.T.);
#779 = VERTEX_POINT('',#780);
#780 = CARTESIAN_POINT('',(3.69,9.17,-2.47));
#781 = LINE('',#782,#783);
#782 = CARTESIAN_POINT('',(3.69,9.17,-2.47));
#783 = VECTOR('',#784,1.);
#784 = DIRECTION('',(-1.,0.,0.));
#785 = ORIENTED_EDGE('',*,*,#786,.T.);
#786 = EDGE_CURVE('',#779,#640,#787,.T.);
#787 = CIRCLE('',#788,2.25);
#788 = AXIS2_PLACEMENT_3D('',#789,#790,#791);
#789 = CARTESIAN_POINT('',(3.69,6.92,-2.47));
#790 = DIRECTION('',(0.,-1.224646799147E-16,-1.));
#791 = DIRECTION('',(1.,0.,0.));
#792 = PLANE('',#793);
#793 = AXIS2_PLACEMENT_3D('',#794,#795,#796);
#794 = CARTESIAN_POINT('',(-3.3E-16,-0.758352044542,-2.47));
#795 = DIRECTION('',(0.,-1.224646799147E-16,-1.));
#796 = DIRECTION('',(1.,0.,0.));
#797 = ADVANCED_FACE('',(#798),#816,.F.);
#798 = FACE_BOUND('',#799,.F.);
#799 = EDGE_LOOP('',(#800,#801,#802,#810));
#800 = ORIENTED_EDGE('',*,*,#651,.F.);
#801 = ORIENTED_EDGE('',*,*,#153,.T.);
#802 = ORIENTED_EDGE('',*,*,#803,.T.);
#803 = EDGE_CURVE('',#154,#804,#806,.T.);
#804 = VERTEX_POINT('',#805);
#805 = CARTESIAN_POINT('',(3.69,-8.67,-5.7));
#806 = LINE('',#807,#808);
#807 = CARTESIAN_POINT('',(-3.69,-8.67,-5.7));
#808 = VECTOR('',#809,1.);
#809 = DIRECTION('',(1.,0.,0.));
#810 = ORIENTED_EDGE('',*,*,#811,.F.);
#811 = EDGE_CURVE('',#652,#804,#812,.T.);
#812 = LINE('',#813,#814);
#813 = CARTESIAN_POINT('',(3.69,-8.67,1.061768774861E-15));
#814 = VECTOR('',#815,1.);
#815 = DIRECTION('',(0.,-1.224646799147E-16,-1.));
#816 = PLANE('',#817);
#817 = AXIS2_PLACEMENT_3D('',#818,#819,#820);
#818 = CARTESIAN_POINT('',(-3.69,-8.67,1.061768774861E-15));
#819 = DIRECTION('',(0.,-1.,1.224646799147E-16));
#820 = DIRECTION('',(1.,0.,0.));
#821 = ADVANCED_FACE('',(#822,#926,#996),#1066,.T.);
#822 = FACE_BOUND('',#823,.T.);
#823 = EDGE_LOOP('',(#824,#825,#826,#835,#843,#852,#860,#869,#877,#886,
    #894,#902,#911,#919));
#824 = ORIENTED_EDGE('',*,*,#161,.F.);
#825 = ORIENTED_EDGE('',*,*,#803,.T.);
#826 = ORIENTED_EDGE('',*,*,#827,.F.);
#827 = EDGE_CURVE('',#828,#804,#830,.T.);
#828 = VERTEX_POINT('',#829);
#829 = CARTESIAN_POINT('',(5.44,-6.92,-5.7));
#830 = CIRCLE('',#831,1.75);
#831 = AXIS2_PLACEMENT_3D('',#832,#833,#834);
#832 = CARTESIAN_POINT('',(3.69,-6.92,-5.7));
#833 = DIRECTION('',(0.,-1.224646799147E-16,-1.));
#834 = DIRECTION('',(1.,0.,0.));
#835 = ORIENTED_EDGE('',*,*,#836,.T.);
#836 = EDGE_CURVE('',#828,#837,#839,.T.);
#837 = VERTEX_POINT('',#838);
#838 = CARTESIAN_POINT('',(5.44,6.92,-5.7));
#839 = LINE('',#840,#841);
#840 = CARTESIAN_POINT('',(5.44,-6.92,-5.7));
#841 = VECTOR('',#842,1.);
#842 = DIRECTION('',(0.,1.,-1.224646799147E-16));
#843 = ORIENTED_EDGE('',*,*,#844,.F.);
#844 = EDGE_CURVE('',#845,#837,#847,.T.);
#845 = VERTEX_POINT('',#846);
#846 = CARTESIAN_POINT('',(3.69,8.67,-5.7));
#847 = CIRCLE('',#848,1.75);
#848 = AXIS2_PLACEMENT_3D('',#849,#850,#851);
#849 = CARTESIAN_POINT('',(3.69,6.92,-5.7));
#850 = DIRECTION('',(0.,-1.224646799147E-16,-1.));
#851 = DIRECTION('',(1.,0.,0.));
#852 = ORIENTED_EDGE('',*,*,#853,.T.);
#853 = EDGE_CURVE('',#845,#854,#856,.T.);
#854 = VERTEX_POINT('',#855);
#855 = CARTESIAN_POINT('',(-3.69,8.67,-5.7));
#856 = LINE('',#857,#858);
#857 = CARTESIAN_POINT('',(3.69,8.67,-5.7));
#858 = VECTOR('',#859,1.);
#859 = DIRECTION('',(-1.,0.,0.));
#860 = ORIENTED_EDGE('',*,*,#861,.F.);
#861 = EDGE_CURVE('',#862,#854,#864,.T.);
#862 = VERTEX_POINT('',#863);
#863 = CARTESIAN_POINT('',(-5.44,6.92,-5.7));
#864 = CIRCLE('',#865,1.75);
#865 = AXIS2_PLACEMENT_3D('',#866,#867,#868);
#866 = CARTESIAN_POINT('',(-3.69,6.92,-5.7));
#867 = DIRECTION('',(0.,-1.224646799147E-16,-1.));
#868 = DIRECTION('',(1.,0.,0.));
#869 = ORIENTED_EDGE('',*,*,#870,.T.);
#870 = EDGE_CURVE('',#862,#871,#873,.T.);
#871 = VERTEX_POINT('',#872);
#872 = CARTESIAN_POINT('',(-5.44,-6.92,-5.7));
#873 = LINE('',#874,#875);
#874 = CARTESIAN_POINT('',(-5.44,6.92,-5.7));
#875 = VECTOR('',#876,1.);
#876 = DIRECTION('',(0.,-1.,1.224646799147E-16));
#877 = ORIENTED_EDGE('',*,*,#878,.F.);
#878 = EDGE_CURVE('',#879,#871,#881,.T.);
#879 = VERTEX_POINT('',#880);
#880 = CARTESIAN_POINT('',(-3.69,-8.67,-5.7));
#881 = CIRCLE('',#882,1.75);
#882 = AXIS2_PLACEMENT_3D('',#883,#884,#885);
#883 = CARTESIAN_POINT('',(-3.69,-6.92,-5.7));
#884 = DIRECTION('',(0.,-1.224646799147E-16,-1.));
#885 = DIRECTION('',(1.,0.,0.));
#886 = ORIENTED_EDGE('',*,*,#887,.T.);
#887 = EDGE_CURVE('',#879,#888,#890,.T.);
#888 = VERTEX_POINT('',#889);
#889 = CARTESIAN_POINT('',(-2.67,-8.67,-5.7));
#890 = LINE('',#891,#892);
#891 = CARTESIAN_POINT('',(-3.69,-8.67,-5.7));
#892 = VECTOR('',#893,1.);
#893 = DIRECTION('',(1.,0.,0.));
#894 = ORIENTED_EDGE('',*,*,#895,.F.);
#895 = EDGE_CURVE('',#896,#888,#898,.T.);
#896 = VERTEX_POINT('',#897);
#897 = CARTESIAN_POINT('',(-2.67,-10.95,-5.7));
#898 = LINE('',#899,#900);
#899 = CARTESIAN_POINT('',(-2.67,-11.17,-5.7));
#900 = VECTOR('',#901,1.);
#901 = DIRECTION('',(0.,1.,-1.224646799147E-16));
#902 = ORIENTED_EDGE('',*,*,#903,.F.);
#903 = EDGE_CURVE('',#904,#896,#906,.T.);
#904 = VERTEX_POINT('',#905);
#905 = CARTESIAN_POINT('',(-0.92,-9.2,-5.7));
#906 = CIRCLE('',#907,1.75);
#907 = AXIS2_PLACEMENT_3D('',#908,#909,#910);
#908 = CARTESIAN_POINT('',(-0.92,-10.95,-5.7));
#909 = DIRECTION('',(-0.,1.224646799147E-16,1.));
#910 = DIRECTION('',(1.,0.,0.));
#911 = ORIENTED_EDGE('',*,*,#912,.F.);
#912 = EDGE_CURVE('',#913,#904,#915,.T.);
#913 = VERTEX_POINT('',#914);
#914 = CARTESIAN_POINT('',(0.92,-9.2,-5.7));
#915 = LINE('',#916,#917);
#916 = CARTESIAN_POINT('',(0.46,-9.2,-5.7));
#917 = VECTOR('',#918,1.);
#918 = DIRECTION('',(-1.,0.,0.));
#919 = ORIENTED_EDGE('',*,*,#920,.F.);
#920 = EDGE_CURVE('',#162,#913,#921,.T.);
#921 = CIRCLE('',#922,1.75);
#922 = AXIS2_PLACEMENT_3D('',#923,#924,#925);
#923 = CARTESIAN_POINT('',(0.92,-10.95,-5.7));
#924 = DIRECTION('',(-0.,1.224646799147E-16,1.));
#925 = DIRECTION('',(1.,0.,0.));
#926 = FACE_BOUND('',#927,.T.);
#927 = EDGE_LOOP('',(#928,#938,#947,#955,#964,#972,#981,#989));
#928 = ORIENTED_EDGE('',*,*,#929,.F.);
#929 = EDGE_CURVE('',#930,#932,#934,.T.);
#930 = VERTEX_POINT('',#931);
#931 = CARTESIAN_POINT('',(-2.94,-0.36,-5.7));
#932 = VERTEX_POINT('',#933);
#933 = CARTESIAN_POINT('',(-2.14,-0.36,-5.7));
#934 = LINE('',#935,#936);
#935 = CARTESIAN_POINT('',(-2.94,-0.36,-5.7));
#936 = VECTOR('',#937,1.);
#937 = DIRECTION('',(1.,0.,0.));
#938 = ORIENTED_EDGE('',*,*,#939,.T.);
#939 = EDGE_CURVE('',#930,#940,#942,.T.);
#940 = VERTEX_POINT('',#941);
#941 = CARTESIAN_POINT('',(-4.34,1.039999542487,-5.7));
#942 = CIRCLE('',#943,1.4);
#943 = AXIS2_PLACEMENT_3D('',#944,#945,#946);
#944 = CARTESIAN_POINT('',(-2.94,1.04,-5.7));
#945 = DIRECTION('',(0.,-1.224646799147E-16,-1.));
#946 = DIRECTION('',(1.,0.,0.));
#947 = ORIENTED_EDGE('',*,*,#948,.F.);
#948 = EDGE_CURVE('',#949,#940,#951,.T.);
#949 = VERTEX_POINT('',#950);
#950 = CARTESIAN_POINT('',(-4.34,7.24,-5.7));
#951 = LINE('',#952,#953);
#952 = CARTESIAN_POINT('',(-4.34,7.24,-5.7));
#953 = VECTOR('',#954,1.);
#954 = DIRECTION('',(0.,-1.,1.224646799147E-16));
#955 = ORIENTED_EDGE('',*,*,#956,.T.);
#956 = EDGE_CURVE('',#949,#957,#959,.T.);
#957 = VERTEX_POINT('',#958);
#958 = CARTESIAN_POINT('',(-2.940000177922,8.640000177922,-5.7));
#959 = CIRCLE('',#960,1.4);
#960 = AXIS2_PLACEMENT_3D('',#961,#962,#963);
#961 = CARTESIAN_POINT('',(-2.94,7.240000177922,-5.7));
#962 = DIRECTION('',(0.,-1.224646799147E-16,-1.));
#963 = DIRECTION('',(1.,0.,0.));
#964 = ORIENTED_EDGE('',*,*,#965,.T.);
#965 = EDGE_CURVE('',#957,#966,#968,.T.);
#966 = VERTEX_POINT('',#967);
#967 = CARTESIAN_POINT('',(-2.140000177922,8.640000279591,-5.7));
#968 = LINE('',#969,#970);
#969 = CARTESIAN_POINT('',(-2.940000177922,8.640000177922,-5.7));
#970 = VECTOR('',#971,1.);
#971 = DIRECTION('',(1.,1.2708690544E-07,-1.556365719606E-23));
#972 = ORIENTED_EDGE('',*,*,#973,.T.);
#973 = EDGE_CURVE('',#966,#974,#976,.T.);
#974 = VERTEX_POINT('',#975);
#975 = CARTESIAN_POINT('',(-0.74,7.240000457513,-5.7));
#976 = CIRCLE('',#977,1.4);
#977 = AXIS2_PLACEMENT_3D('',#978,#979,#980);
#978 = CARTESIAN_POINT('',(-2.14,7.240000279591,-5.7));
#979 = DIRECTION('',(0.,-1.224646799147E-16,-1.));
#980 = DIRECTION('',(1.,0.,0.));
#981 = ORIENTED_EDGE('',*,*,#982,.F.);
#982 = EDGE_CURVE('',#983,#974,#985,.T.);
#983 = VERTEX_POINT('',#984);
#984 = CARTESIAN_POINT('',(-0.74,1.04,-5.7));
#985 = LINE('',#986,#987);
#986 = CARTESIAN_POINT('',(-0.74,1.04,-5.7));
#987 = VECTOR('',#988,1.);
#988 = DIRECTION('',(7.54E-15,1.,-1.224646799147E-16));
#989 = ORIENTED_EDGE('',*,*,#990,.T.);
#990 = EDGE_CURVE('',#983,#932,#991,.T.);
#991 = CIRCLE('',#992,1.4);
#992 = AXIS2_PLACEMENT_3D('',#993,#994,#995);
#993 = CARTESIAN_POINT('',(-2.14,1.04,-5.7));
#994 = DIRECTION('',(0.,-1.224646799147E-16,-1.));
#995 = DIRECTION('',(1.,0.,0.));
#996 = FACE_BOUND('',#997,.T.);
#997 = EDGE_LOOP('',(#998,#1008,#1017,#1025,#1034,#1042,#1051,#1059));
#998 = ORIENTED_EDGE('',*,*,#999,.F.);
#999 = EDGE_CURVE('',#1000,#1002,#1004,.T.);
#1000 = VERTEX_POINT('',#1001);
#1001 = CARTESIAN_POINT('',(2.14,-0.360000228756,-5.7));
#1002 = VERTEX_POINT('',#1003);
#1003 = CARTESIAN_POINT('',(2.94,-0.360000228756,-5.7));
#1004 = LINE('',#1005,#1006);
#1005 = CARTESIAN_POINT('',(2.14,-0.360000228756,-5.7));
#1006 = VECTOR('',#1007,1.);
#1007 = DIRECTION('',(1.,0.,0.));
#1008 = ORIENTED_EDGE('',*,*,#1009,.T.);
#1009 = EDGE_CURVE('',#1000,#1010,#1012,.T.);
#1010 = VERTEX_POINT('',#1011);
#1011 = CARTESIAN_POINT('',(0.74,1.039999771244,-5.7));
#1012 = CIRCLE('',#1013,1.4);
#1013 = AXIS2_PLACEMENT_3D('',#1014,#1015,#1016);
#1014 = CARTESIAN_POINT('',(2.14,1.039999771244,-5.7));
#1015 = DIRECTION('',(0.,-1.224646799147E-16,-1.));
#1016 = DIRECTION('',(1.,0.,0.));
#1017 = ORIENTED_EDGE('',*,*,#1018,.T.);
#1018 = EDGE_CURVE('',#1010,#1019,#1021,.T.);
#1019 = VERTEX_POINT('',#1020);
#1020 = CARTESIAN_POINT('',(0.74,7.240000228756,-5.7));
#1021 = LINE('',#1022,#1023);
#1022 = CARTESIAN_POINT('',(0.74,1.039999771244,-5.7));
#1023 = VECTOR('',#1024,1.);
#1024 = DIRECTION('',(0.,1.,-1.224646799147E-16));
#1025 = ORIENTED_EDGE('',*,*,#1026,.T.);
#1026 = EDGE_CURVE('',#1019,#1027,#1029,.T.);
#1027 = VERTEX_POINT('',#1028);
#1028 = CARTESIAN_POINT('',(2.14,8.640000228756,-5.7));
#1029 = CIRCLE('',#1030,1.4);
#1030 = AXIS2_PLACEMENT_3D('',#1031,#1032,#1033);
#1031 = CARTESIAN_POINT('',(2.14,7.240000228756,-5.7));
#1032 = DIRECTION('',(0.,-1.224646799147E-16,-1.));
#1033 = DIRECTION('',(1.,0.,0.));
#1034 = ORIENTED_EDGE('',*,*,#1035,.T.);
#1035 = EDGE_CURVE('',#1027,#1036,#1038,.T.);
#1036 = VERTEX_POINT('',#1037);
#1037 = CARTESIAN_POINT('',(2.94,8.640000228756,-5.7));
#1038 = LINE('',#1039,#1040);
#1039 = CARTESIAN_POINT('',(2.14,8.640000228756,-5.7));
#1040 = VECTOR('',#1041,1.);
#1041 = DIRECTION('',(1.,0.,0.));
#1042 = ORIENTED_EDGE('',*,*,#1043,.T.);
#1043 = EDGE_CURVE('',#1036,#1044,#1046,.T.);
#1044 = VERTEX_POINT('',#1045);
#1045 = CARTESIAN_POINT('',(4.34,7.240000228756,-5.7));
#1046 = CIRCLE('',#1047,1.4);
#1047 = AXIS2_PLACEMENT_3D('',#1048,#1049,#1050);
#1048 = CARTESIAN_POINT('',(2.94,7.240000228756,-5.7));
#1049 = DIRECTION('',(0.,-1.224646799147E-16,-1.));
#1050 = DIRECTION('',(1.,0.,0.));
#1051 = ORIENTED_EDGE('',*,*,#1052,.T.);
#1052 = EDGE_CURVE('',#1044,#1053,#1055,.T.);
#1053 = VERTEX_POINT('',#1054);
#1054 = CARTESIAN_POINT('',(4.34,1.039999771244,-5.7));
#1055 = LINE('',#1056,#1057);
#1056 = CARTESIAN_POINT('',(4.34,7.240000228756,-5.7));
#1057 = VECTOR('',#1058,1.);
#1058 = DIRECTION('',(0.,-1.,1.224646799147E-16));
#1059 = ORIENTED_EDGE('',*,*,#1060,.T.);
#1060 = EDGE_CURVE('',#1053,#1002,#1061,.T.);
#1061 = CIRCLE('',#1062,1.4);
#1062 = AXIS2_PLACEMENT_3D('',#1063,#1064,#1065);
#1063 = CARTESIAN_POINT('',(2.94,1.039999771244,-5.7));
#1064 = DIRECTION('',(0.,-1.224646799147E-16,-1.));
#1065 = DIRECTION('',(1.,0.,0.));
#1066 = PLANE('',#1067);
#1067 = AXIS2_PLACEMENT_3D('',#1068,#1069,#1070);
#1068 = CARTESIAN_POINT('',(-5.3E-16,-1.079567283265,-5.7));
#1069 = DIRECTION('',(0.,1.224646799147E-16,1.));
#1070 = DIRECTION('',(-1.,0.,0.));
#1071 = ADVANCED_FACE('',(#1072),#1083,.F.);
#1072 = FACE_BOUND('',#1073,.T.);
#1073 = EDGE_LOOP('',(#1074,#1075,#1081,#1082));
#1074 = ORIENTED_EDGE('',*,*,#920,.T.);
#1075 = ORIENTED_EDGE('',*,*,#1076,.T.);
#1076 = EDGE_CURVE('',#913,#202,#1077,.T.);
#1077 = LINE('',#1078,#1079);
#1078 = CARTESIAN_POINT('',(0.92,-9.2,1.126675055216E-15));
#1079 = VECTOR('',#1080,1.);
#1080 = DIRECTION('',(0.,-1.224646799147E-16,-1.));
#1081 = ORIENTED_EDGE('',*,*,#201,.F.);
#1082 = ORIENTED_EDGE('',*,*,#169,.F.);
#1083 = CYLINDRICAL_SURFACE('',#1084,1.75);
#1084 = AXIS2_PLACEMENT_3D('',#1085,#1086,#1087);
#1085 = CARTESIAN_POINT('',(0.92,-10.95,1.340988245066E-15));
#1086 = DIRECTION('',(0.,1.224646799147E-16,1.));
#1087 = DIRECTION('',(1.,0.,0.));
#1088 = ADVANCED_FACE('',(#1089),#1139,.F.);
#1089 = FACE_BOUND('',#1090,.F.);
#1090 = EDGE_LOOP('',(#1091,#1101,#1107,#1108,#1109,#1117,#1125,#1133));
#1091 = ORIENTED_EDGE('',*,*,#1092,.F.);
#1092 = EDGE_CURVE('',#1093,#1095,#1097,.T.);
#1093 = VERTEX_POINT('',#1094);
#1094 = CARTESIAN_POINT('',(-7.94,11.17,-1.1));
#1095 = VERTEX_POINT('',#1096);
#1096 = CARTESIAN_POINT('',(-5.28,11.17,-1.1));
#1097 = LINE('',#1098,#1099);
#1098 = CARTESIAN_POINT('',(-3.97,11.17,-1.1));
#1099 = VECTOR('',#1100,1.);
#1100 = DIRECTION('',(1.,0.,0.));
#1101 = ORIENTED_EDGE('',*,*,#1102,.T.);
#1102 = EDGE_CURVE('',#1093,#244,#1103,.T.);
#1103 = LINE('',#1104,#1105);
#1104 = CARTESIAN_POINT('',(-7.94,11.17,-1.367930474648E-15));
#1105 = VECTOR('',#1106,1.);
#1106 = DIRECTION('',(0.,-1.224646799147E-16,-1.));
#1107 = ORIENTED_EDGE('',*,*,#251,.T.);
#1108 = ORIENTED_EDGE('',*,*,#415,.F.);
#1109 = ORIENTED_EDGE('',*,*,#1110,.F.);
#1110 = EDGE_CURVE('',#1111,#406,#1113,.T.);
#1111 = VERTEX_POINT('',#1112);
#1112 = CARTESIAN_POINT('',(5.28,11.17,-1.1));
#1113 = LINE('',#1114,#1115);
#1114 = CARTESIAN_POINT('',(-3.97,11.17,-1.1));
#1115 = VECTOR('',#1116,1.);
#1116 = DIRECTION('',(1.,0.,0.));
#1117 = ORIENTED_EDGE('',*,*,#1118,.F.);
#1118 = EDGE_CURVE('',#1119,#1111,#1121,.T.);
#1119 = VERTEX_POINT('',#1120);
#1120 = CARTESIAN_POINT('',(5.28,11.17,-1.367930474648E-15));
#1121 = LINE('',#1122,#1123);
#1122 = CARTESIAN_POINT('',(5.28,11.17,-1.367930474648E-15));
#1123 = VECTOR('',#1124,1.);
#1124 = DIRECTION('',(0.,-1.224646799147E-16,-1.));
#1125 = ORIENTED_EDGE('',*,*,#1126,.F.);
#1126 = EDGE_CURVE('',#1127,#1119,#1129,.T.);
#1127 = VERTEX_POINT('',#1128);
#1128 = CARTESIAN_POINT('',(-5.28,11.17,-1.367930474648E-15));
#1129 = LINE('',#1130,#1131);
#1130 = CARTESIAN_POINT('',(-7.94,11.17,-1.367930474648E-15));
#1131 = VECTOR('',#1132,1.);
#1132 = DIRECTION('',(1.,0.,0.));
#1133 = ORIENTED_EDGE('',*,*,#1134,.T.);
#1134 = EDGE_CURVE('',#1127,#1095,#1135,.T.);
#1135 = LINE('',#1136,#1137);
#1136 = CARTESIAN_POINT('',(-5.28,11.17,-1.367930474648E-15));
#1137 = VECTOR('',#1138,1.);
#1138 = DIRECTION('',(0.,-1.224646799147E-16,-1.));
#1139 = PLANE('',#1140);
#1140 = AXIS2_PLACEMENT_3D('',#1141,#1142,#1143);
#1141 = CARTESIAN_POINT('',(-7.94,11.17,-1.367930474648E-15));
#1142 = DIRECTION('',(0.,-1.,1.224646799147E-16));
#1143 = DIRECTION('',(1.,0.,0.));
#1144 = ADVANCED_FACE('',(#1145),#1195,.F.);
#1145 = FACE_BOUND('',#1146,.F.);
#1146 = EDGE_LOOP('',(#1147,#1157,#1163,#1164,#1165,#1173,#1181,#1189));
#1147 = ORIENTED_EDGE('',*,*,#1148,.F.);
#1148 = EDGE_CURVE('',#1149,#1151,#1153,.T.);
#1149 = VERTEX_POINT('',#1150);
#1150 = CARTESIAN_POINT('',(-7.94,-11.17,-1.1));
#1151 = VERTEX_POINT('',#1152);
#1152 = CARTESIAN_POINT('',(-7.94,-8.48,-1.1));
#1153 = LINE('',#1154,#1155);
#1154 = CARTESIAN_POINT('',(-7.94,-5.585,-1.1));
#1155 = VECTOR('',#1156,1.);
#1156 = DIRECTION('',(0.,1.,-1.224646799147E-16));
#1157 = ORIENTED_EDGE('',*,*,#1158,.T.);
#1158 = EDGE_CURVE('',#1149,#236,#1159,.T.);
#1159 = LINE('',#1160,#1161);
#1160 = CARTESIAN_POINT('',(-7.94,-11.17,1.367930474648E-15));
#1161 = VECTOR('',#1162,1.);
#1162 = DIRECTION('',(0.,-1.224646799147E-16,-1.));
#1163 = ORIENTED_EDGE('',*,*,#243,.T.);
#1164 = ORIENTED_EDGE('',*,*,#1102,.F.);
#1165 = ORIENTED_EDGE('',*,*,#1166,.F.);
#1166 = EDGE_CURVE('',#1167,#1093,#1169,.T.);
#1167 = VERTEX_POINT('',#1168);
#1168 = CARTESIAN_POINT('',(-7.94,8.48,-1.1));
#1169 = LINE('',#1170,#1171);
#1170 = CARTESIAN_POINT('',(-7.94,-5.585,-1.1));
#1171 = VECTOR('',#1172,1.);
#1172 = DIRECTION('',(0.,1.,-1.224646799147E-16));
#1173 = ORIENTED_EDGE('',*,*,#1174,.F.);
#1174 = EDGE_CURVE('',#1175,#1167,#1177,.T.);
#1175 = VERTEX_POINT('',#1176);
#1176 = CARTESIAN_POINT('',(-7.94,8.48,-1.038500485677E-15));
#1177 = LINE('',#1178,#1179);
#1178 = CARTESIAN_POINT('',(-7.94,8.48,-1.038500485677E-15));
#1179 = VECTOR('',#1180,1.);
#1180 = DIRECTION('',(0.,-1.224646799147E-16,-1.));
#1181 = ORIENTED_EDGE('',*,*,#1182,.F.);
#1182 = EDGE_CURVE('',#1183,#1175,#1185,.T.);
#1183 = VERTEX_POINT('',#1184);
#1184 = CARTESIAN_POINT('',(-7.94,-8.48,1.038500485677E-15));
#1185 = LINE('',#1186,#1187);
#1186 = CARTESIAN_POINT('',(-7.94,-11.17,1.367930474648E-15));
#1187 = VECTOR('',#1188,1.);
#1188 = DIRECTION('',(0.,1.,-1.224646799147E-16));
#1189 = ORIENTED_EDGE('',*,*,#1190,.T.);
#1190 = EDGE_CURVE('',#1183,#1151,#1191,.T.);
#1191 = LINE('',#1192,#1193);
#1192 = CARTESIAN_POINT('',(-7.94,-8.48,1.038500485677E-15));
#1193 = VECTOR('',#1194,1.);
#1194 = DIRECTION('',(0.,-1.224646799147E-16,-1.));
#1195 = PLANE('',#1196);
#1196 = AXIS2_PLACEMENT_3D('',#1197,#1198,#1199);
#1197 = CARTESIAN_POINT('',(-7.94,-11.17,1.367930474648E-15));
#1198 = DIRECTION('',(1.,0.,0.));
#1199 = DIRECTION('',(0.,1.,-1.224646799147E-16));
#1200 = ADVANCED_FACE('',(#1201),#1235,.F.);
#1201 = FACE_BOUND('',#1202,.F.);
#1202 = EDGE_LOOP('',(#1203,#1213,#1219,#1220,#1221,#1229));
#1203 = ORIENTED_EDGE('',*,*,#1204,.F.);
#1204 = EDGE_CURVE('',#1205,#1207,#1209,.T.);
#1205 = VERTEX_POINT('',#1206);
#1206 = CARTESIAN_POINT('',(-2.67,-11.17,1.367930474648E-15));
#1207 = VERTEX_POINT('',#1208);
#1208 = CARTESIAN_POINT('',(-5.28,-11.17,1.367930474648E-15));
#1209 = LINE('',#1210,#1211);
#1210 = CARTESIAN_POINT('',(7.94,-11.17,1.367930474648E-15));
#1211 = VECTOR('',#1212,1.);
#1212 = DIRECTION('',(-1.,0.,0.));
#1213 = ORIENTED_EDGE('',*,*,#1214,.T.);
#1214 = EDGE_CURVE('',#1205,#228,#1215,.T.);
#1215 = LINE('',#1216,#1217);
#1216 = CARTESIAN_POINT('',(-2.67,-11.17,1.367930474648E-15));
#1217 = VECTOR('',#1218,1.);
#1218 = DIRECTION('',(0.,-1.224646799147E-16,-1.));
#1219 = ORIENTED_EDGE('',*,*,#235,.T.);
#1220 = ORIENTED_EDGE('',*,*,#1158,.F.);
#1221 = ORIENTED_EDGE('',*,*,#1222,.F.);
#1222 = EDGE_CURVE('',#1223,#1149,#1225,.T.);
#1223 = VERTEX_POINT('',#1224);
#1224 = CARTESIAN_POINT('',(-5.28,-11.17,-1.1));
#1225 = LINE('',#1226,#1227);
#1226 = CARTESIAN_POINT('',(3.97,-11.17,-1.1));
#1227 = VECTOR('',#1228,1.);
#1228 = DIRECTION('',(-1.,-0.,0.));
#1229 = ORIENTED_EDGE('',*,*,#1230,.F.);
#1230 = EDGE_CURVE('',#1207,#1223,#1231,.T.);
#1231 = LINE('',#1232,#1233);
#1232 = CARTESIAN_POINT('',(-5.28,-11.17,1.367930474648E-15));
#1233 = VECTOR('',#1234,1.);
#1234 = DIRECTION('',(0.,-1.224646799147E-16,-1.));
#1235 = PLANE('',#1236);
#1236 = AXIS2_PLACEMENT_3D('',#1237,#1238,#1239);
#1237 = CARTESIAN_POINT('',(7.94,-11.17,1.367930474648E-15));
#1238 = DIRECTION('',(0.,1.,-1.224646799147E-16));
#1239 = DIRECTION('',(-1.,0.,0.));
#1240 = ADVANCED_FACE('',(#1241),#1273,.T.);
#1241 = FACE_BOUND('',#1242,.T.);
#1242 = EDGE_LOOP('',(#1243,#1244,#1245,#1251,#1252,#1258,#1259,#1267));
#1243 = ORIENTED_EDGE('',*,*,#1214,.T.);
#1244 = ORIENTED_EDGE('',*,*,#227,.F.);
#1245 = ORIENTED_EDGE('',*,*,#1246,.F.);
#1246 = EDGE_CURVE('',#896,#219,#1247,.T.);
#1247 = LINE('',#1248,#1249);
#1248 = CARTESIAN_POINT('',(-2.67,-10.95,1.340988245066E-15));
#1249 = VECTOR('',#1250,1.);
#1250 = DIRECTION('',(0.,-1.224646799147E-16,-1.));
#1251 = ORIENTED_EDGE('',*,*,#895,.T.);
#1252 = ORIENTED_EDGE('',*,*,#1253,.T.);
#1253 = EDGE_CURVE('',#888,#720,#1254,.T.);
#1254 = LINE('',#1255,#1256);
#1255 = CARTESIAN_POINT('',(-2.67,-8.67,1.061768774861E-15));
#1256 = VECTOR('',#1257,1.);
#1257 = DIRECTION('',(0.,1.224646799147E-16,1.));
#1258 = ORIENTED_EDGE('',*,*,#727,.T.);
#1259 = ORIENTED_EDGE('',*,*,#1260,.F.);
#1260 = EDGE_CURVE('',#1261,#728,#1263,.T.);
#1261 = VERTEX_POINT('',#1262);
#1262 = CARTESIAN_POINT('',(-2.67,-9.92,1.214849624754E-15));
#1263 = LINE('',#1264,#1265);
#1264 = CARTESIAN_POINT('',(-2.67,-9.92,1.214849624754E-15));
#1265 = VECTOR('',#1266,1.);
#1266 = DIRECTION('',(0.,-1.224646799147E-16,-1.));
#1267 = ORIENTED_EDGE('',*,*,#1268,.F.);
#1268 = EDGE_CURVE('',#1205,#1261,#1269,.T.);
#1269 = LINE('',#1270,#1271);
#1270 = CARTESIAN_POINT('',(-2.67,-11.17,1.367930474648E-15));
#1271 = VECTOR('',#1272,1.);
#1272 = DIRECTION('',(0.,1.,-1.224646799147E-16));
#1273 = PLANE('',#1274);
#1274 = AXIS2_PLACEMENT_3D('',#1275,#1276,#1277);
#1275 = CARTESIAN_POINT('',(-2.67,-10.29487745098,-3.777818627451));
#1276 = DIRECTION('',(1.,3.1E-16,-3.796405077357E-32));
#1277 = DIRECTION('',(3.1E-16,-1.,1.224646799147E-16));
#1278 = ADVANCED_FACE('',(#1279),#1290,.F.);
#1279 = FACE_BOUND('',#1280,.F.);
#1280 = EDGE_LOOP('',(#1281,#1282,#1283,#1284));
#1281 = ORIENTED_EDGE('',*,*,#912,.F.);
#1282 = ORIENTED_EDGE('',*,*,#1076,.T.);
#1283 = ORIENTED_EDGE('',*,*,#210,.F.);
#1284 = ORIENTED_EDGE('',*,*,#1285,.F.);
#1285 = EDGE_CURVE('',#904,#211,#1286,.T.);
#1286 = LINE('',#1287,#1288);
#1287 = CARTESIAN_POINT('',(-0.92,-9.2,1.126675055216E-15));
#1288 = VECTOR('',#1289,1.);
#1289 = DIRECTION('',(0.,-1.224646799147E-16,-1.));
#1290 = PLANE('',#1291);
#1291 = AXIS2_PLACEMENT_3D('',#1292,#1293,#1294);
#1292 = CARTESIAN_POINT('',(0.92,-9.2,1.126675055216E-15));
#1293 = DIRECTION('',(0.,1.,-1.224646799147E-16));
#1294 = DIRECTION('',(-1.,0.,0.));
#1295 = ADVANCED_FACE('',(#1296),#1302,.F.);
#1296 = FACE_BOUND('',#1297,.T.);
#1297 = EDGE_LOOP('',(#1298,#1299,#1300,#1301));
#1298 = ORIENTED_EDGE('',*,*,#903,.T.);
#1299 = ORIENTED_EDGE('',*,*,#1246,.T.);
#1300 = ORIENTED_EDGE('',*,*,#218,.F.);
#1301 = ORIENTED_EDGE('',*,*,#1285,.F.);
#1302 = CYLINDRICAL_SURFACE('',#1303,1.75);
#1303 = AXIS2_PLACEMENT_3D('',#1304,#1305,#1306);
#1304 = CARTESIAN_POINT('',(-0.92,-10.95,1.340988245066E-15));
#1305 = DIRECTION('',(0.,1.224646799147E-16,1.));
#1306 = DIRECTION('',(1.,0.,0.));
#1307 = ADVANCED_FACE('',(#1308),#1324,.F.);
#1308 = FACE_BOUND('',#1309,.F.);
#1309 = EDGE_LOOP('',(#1310,#1316,#1317,#1323));
#1310 = ORIENTED_EDGE('',*,*,#1311,.T.);
#1311 = EDGE_CURVE('',#260,#930,#1312,.T.);
#1312 = LINE('',#1313,#1314);
#1313 = CARTESIAN_POINT('',(-2.94,-0.36,-7.7));
#1314 = VECTOR('',#1315,1.);
#1315 = DIRECTION('',(0.,1.224646799147E-16,1.));
#1316 = ORIENTED_EDGE('',*,*,#939,.T.);
#1317 = ORIENTED_EDGE('',*,*,#1318,.F.);
#1318 = EDGE_CURVE('',#262,#940,#1319,.T.);
#1319 = LINE('',#1320,#1321);
#1320 = CARTESIAN_POINT('',(-4.34,1.039999542487,-7.7));
#1321 = VECTOR('',#1322,1.);
#1322 = DIRECTION('',(0.,1.224646799147E-16,1.));
#1323 = ORIENTED_EDGE('',*,*,#259,.F.);
#1324 = CYLINDRICAL_SURFACE('',#1325,1.4);
#1325 = AXIS2_PLACEMENT_3D('',#1326,#1327,#1328);
#1326 = CARTESIAN_POINT('',(-2.94,1.04,-7.7));
#1327 = DIRECTION('',(0.,-1.224646799147E-16,-1.));
#1328 = DIRECTION('',(1.,0.,0.));
#1329 = ADVANCED_FACE('',(#1330),#1341,.T.);
#1330 = FACE_BOUND('',#1331,.T.);
#1331 = EDGE_LOOP('',(#1332,#1338,#1339,#1340));
#1332 = ORIENTED_EDGE('',*,*,#1333,.T.);
#1333 = EDGE_CURVE('',#313,#949,#1334,.T.);
#1334 = LINE('',#1335,#1336);
#1335 = CARTESIAN_POINT('',(-4.34,7.24,-7.7));
#1336 = VECTOR('',#1337,1.);
#1337 = DIRECTION('',(0.,1.224646799147E-16,1.));
#1338 = ORIENTED_EDGE('',*,*,#948,.T.);
#1339 = ORIENTED_EDGE('',*,*,#1318,.F.);
#1340 = ORIENTED_EDGE('',*,*,#321,.F.);
#1341 = PLANE('',#1342);
#1342 = AXIS2_PLACEMENT_3D('',#1343,#1344,#1345);
#1343 = CARTESIAN_POINT('',(-4.34,7.24,-7.7));
#1344 = DIRECTION('',(1.,0.,0.));
#1345 = DIRECTION('',(0.,-1.,1.224646799147E-16));
#1346 = ADVANCED_FACE('',(#1347),#1358,.F.);
#1347 = FACE_BOUND('',#1348,.F.);
#1348 = EDGE_LOOP('',(#1349,#1350,#1351,#1357));
#1349 = ORIENTED_EDGE('',*,*,#1333,.T.);
#1350 = ORIENTED_EDGE('',*,*,#956,.T.);
#1351 = ORIENTED_EDGE('',*,*,#1352,.F.);
#1352 = EDGE_CURVE('',#305,#957,#1353,.T.);
#1353 = LINE('',#1354,#1355);
#1354 = CARTESIAN_POINT('',(-2.940000177922,8.640000177922,-7.7));
#1355 = VECTOR('',#1356,1.);
#1356 = DIRECTION('',(0.,1.224646799147E-16,1.));
#1357 = ORIENTED_EDGE('',*,*,#312,.F.);
#1358 = CYLINDRICAL_SURFACE('',#1359,1.4);
#1359 = AXIS2_PLACEMENT_3D('',#1360,#1361,#1362);
#1360 = CARTESIAN_POINT('',(-2.94,7.240000177922,-7.7));
#1361 = DIRECTION('',(0.,-1.224646799147E-16,-1.));
#1362 = DIRECTION('',(1.,0.,0.));
#1363 = ADVANCED_FACE('',(#1364),#1375,.F.);
#1364 = FACE_BOUND('',#1365,.F.);
#1365 = EDGE_LOOP('',(#1366,#1367,#1368,#1374));
#1366 = ORIENTED_EDGE('',*,*,#1352,.T.);
#1367 = ORIENTED_EDGE('',*,*,#965,.T.);
#1368 = ORIENTED_EDGE('',*,*,#1369,.F.);
#1369 = EDGE_CURVE('',#296,#966,#1370,.T.);
#1370 = LINE('',#1371,#1372);
#1371 = CARTESIAN_POINT('',(-2.140000177922,8.640000279591,-7.7));
#1372 = VECTOR('',#1373,1.);
#1373 = DIRECTION('',(0.,1.224646799147E-16,1.));
#1374 = ORIENTED_EDGE('',*,*,#304,.F.);
#1375 = PLANE('',#1376);
#1376 = AXIS2_PLACEMENT_3D('',#1377,#1378,#1379);
#1377 = CARTESIAN_POINT('',(-2.940000177922,8.640000177922,-7.7));
#1378 = DIRECTION('',(-1.2708690544E-07,1.,-1.224646799147E-16));
#1379 = DIRECTION('',(1.,1.2708690544E-07,-1.556365719606E-23));
#1380 = ADVANCED_FACE('',(#1381),#1392,.F.);
#1381 = FACE_BOUND('',#1382,.F.);
#1382 = EDGE_LOOP('',(#1383,#1384,#1385,#1391));
#1383 = ORIENTED_EDGE('',*,*,#1369,.T.);
#1384 = ORIENTED_EDGE('',*,*,#973,.T.);
#1385 = ORIENTED_EDGE('',*,*,#1386,.F.);
#1386 = EDGE_CURVE('',#288,#974,#1387,.T.);
#1387 = LINE('',#1388,#1389);
#1388 = CARTESIAN_POINT('',(-0.74,7.240000457513,-7.7));
#1389 = VECTOR('',#1390,1.);
#1390 = DIRECTION('',(0.,1.224646799147E-16,1.));
#1391 = ORIENTED_EDGE('',*,*,#295,.F.);
#1392 = CYLINDRICAL_SURFACE('',#1393,1.4);
#1393 = AXIS2_PLACEMENT_3D('',#1394,#1395,#1396);
#1394 = CARTESIAN_POINT('',(-2.14,7.240000279591,-7.7));
#1395 = DIRECTION('',(0.,-1.224646799147E-16,-1.));
#1396 = DIRECTION('',(1.,0.,0.));
#1397 = ADVANCED_FACE('',(#1398),#1409,.T.);
#1398 = FACE_BOUND('',#1399,.T.);
#1399 = EDGE_LOOP('',(#1400,#1406,#1407,#1408));
#1400 = ORIENTED_EDGE('',*,*,#1401,.T.);
#1401 = EDGE_CURVE('',#279,#983,#1402,.T.);
#1402 = LINE('',#1403,#1404);
#1403 = CARTESIAN_POINT('',(-0.74,1.04,-7.7));
#1404 = VECTOR('',#1405,1.);
#1405 = DIRECTION('',(0.,1.224646799147E-16,1.));
#1406 = ORIENTED_EDGE('',*,*,#982,.T.);
#1407 = ORIENTED_EDGE('',*,*,#1386,.F.);
#1408 = ORIENTED_EDGE('',*,*,#287,.F.);
#1409 = PLANE('',#1410);
#1410 = AXIS2_PLACEMENT_3D('',#1411,#1412,#1413);
#1411 = CARTESIAN_POINT('',(-0.74,1.04,-7.7));
#1412 = DIRECTION('',(-1.,7.54E-15,-9.233836865571E-31));
#1413 = DIRECTION('',(7.54E-15,1.,-1.224646799147E-16));
#1414 = ADVANCED_FACE('',(#1415),#1426,.F.);
#1415 = FACE_BOUND('',#1416,.F.);
#1416 = EDGE_LOOP('',(#1417,#1418,#1419,#1425));
#1417 = ORIENTED_EDGE('',*,*,#1401,.T.);
#1418 = ORIENTED_EDGE('',*,*,#990,.T.);
#1419 = ORIENTED_EDGE('',*,*,#1420,.F.);
#1420 = EDGE_CURVE('',#271,#932,#1421,.T.);
#1421 = LINE('',#1422,#1423);
#1422 = CARTESIAN_POINT('',(-2.14,-0.36,-7.7));
#1423 = VECTOR('',#1424,1.);
#1424 = DIRECTION('',(0.,1.224646799147E-16,1.));
#1425 = ORIENTED_EDGE('',*,*,#278,.F.);
#1426 = CYLINDRICAL_SURFACE('',#1427,1.4);
#1427 = AXIS2_PLACEMENT_3D('',#1428,#1429,#1430);
#1428 = CARTESIAN_POINT('',(-2.14,1.04,-7.7));
#1429 = DIRECTION('',(0.,-1.224646799147E-16,-1.));
#1430 = DIRECTION('',(1.,0.,0.));
#1431 = ADVANCED_FACE('',(#1432),#1438,.T.);
#1432 = FACE_BOUND('',#1433,.T.);
#1433 = EDGE_LOOP('',(#1434,#1435,#1436,#1437));
#1434 = ORIENTED_EDGE('',*,*,#1311,.T.);
#1435 = ORIENTED_EDGE('',*,*,#929,.T.);
#1436 = ORIENTED_EDGE('',*,*,#1420,.F.);
#1437 = ORIENTED_EDGE('',*,*,#270,.F.);
#1438 = PLANE('',#1439);
#1439 = AXIS2_PLACEMENT_3D('',#1440,#1441,#1442);
#1440 = CARTESIAN_POINT('',(-2.94,-0.36,-7.7));
#1441 = DIRECTION('',(0.,1.,-1.224646799147E-16));
#1442 = DIRECTION('',(1.,0.,0.));
#1443 = ADVANCED_FACE('',(#1444),#1460,.F.);
#1444 = FACE_BOUND('',#1445,.F.);
#1445 = EDGE_LOOP('',(#1446,#1452,#1453,#1459));
#1446 = ORIENTED_EDGE('',*,*,#1447,.T.);
#1447 = EDGE_CURVE('',#330,#1000,#1448,.T.);
#1448 = LINE('',#1449,#1450);
#1449 = CARTESIAN_POINT('',(2.14,-0.360000228756,-7.7));
#1450 = VECTOR('',#1451,1.);
#1451 = DIRECTION('',(0.,1.224646799147E-16,1.));
#1452 = ORIENTED_EDGE('',*,*,#1009,.T.);
#1453 = ORIENTED_EDGE('',*,*,#1454,.F.);
#1454 = EDGE_CURVE('',#332,#1010,#1455,.T.);
#1455 = LINE('',#1456,#1457);
#1456 = CARTESIAN_POINT('',(0.74,1.039999771244,-7.7));
#1457 = VECTOR('',#1458,1.);
#1458 = DIRECTION('',(0.,1.224646799147E-16,1.));
#1459 = ORIENTED_EDGE('',*,*,#329,.F.);
#1460 = CYLINDRICAL_SURFACE('',#1461,1.4);
#1461 = AXIS2_PLACEMENT_3D('',#1462,#1463,#1464);
#1462 = CARTESIAN_POINT('',(2.14,1.039999771244,-7.7));
#1463 = DIRECTION('',(0.,-1.224646799147E-16,-1.));
#1464 = DIRECTION('',(1.,0.,0.));
#1465 = ADVANCED_FACE('',(#1466),#1477,.F.);
#1466 = FACE_BOUND('',#1467,.F.);
#1467 = EDGE_LOOP('',(#1468,#1469,#1470,#1476));
#1468 = ORIENTED_EDGE('',*,*,#1454,.T.);
#1469 = ORIENTED_EDGE('',*,*,#1018,.T.);
#1470 = ORIENTED_EDGE('',*,*,#1471,.F.);
#1471 = EDGE_CURVE('',#383,#1019,#1472,.T.);
#1472 = LINE('',#1473,#1474);
#1473 = CARTESIAN_POINT('',(0.74,7.240000228756,-7.7));
#1474 = VECTOR('',#1475,1.);
#1475 = DIRECTION('',(0.,1.224646799147E-16,1.));
#1476 = ORIENTED_EDGE('',*,*,#391,.F.);
#1477 = PLANE('',#1478);
#1478 = AXIS2_PLACEMENT_3D('',#1479,#1480,#1481);
#1479 = CARTESIAN_POINT('',(0.74,1.039999771244,-7.7));
#1480 = DIRECTION('',(-1.,0.,0.));
#1481 = DIRECTION('',(0.,1.,-1.224646799147E-16));
#1482 = ADVANCED_FACE('',(#1483),#1494,.F.);
#1483 = FACE_BOUND('',#1484,.F.);
#1484 = EDGE_LOOP('',(#1485,#1486,#1487,#1493));
#1485 = ORIENTED_EDGE('',*,*,#1471,.T.);
#1486 = ORIENTED_EDGE('',*,*,#1026,.T.);
#1487 = ORIENTED_EDGE('',*,*,#1488,.F.);
#1488 = EDGE_CURVE('',#375,#1027,#1489,.T.);
#1489 = LINE('',#1490,#1491);
#1490 = CARTESIAN_POINT('',(2.14,8.640000228756,-7.7));
#1491 = VECTOR('',#1492,1.);
#1492 = DIRECTION('',(0.,1.224646799147E-16,1.));
#1493 = ORIENTED_EDGE('',*,*,#382,.F.);
#1494 = CYLINDRICAL_SURFACE('',#1495,1.4);
#1495 = AXIS2_PLACEMENT_3D('',#1496,#1497,#1498);
#1496 = CARTESIAN_POINT('',(2.14,7.240000228756,-7.7));
#1497 = DIRECTION('',(0.,-1.224646799147E-16,-1.));
#1498 = DIRECTION('',(1.,0.,0.));
#1499 = ADVANCED_FACE('',(#1500),#1511,.F.);
#1500 = FACE_BOUND('',#1501,.F.);
#1501 = EDGE_LOOP('',(#1502,#1503,#1504,#1510));
#1502 = ORIENTED_EDGE('',*,*,#1488,.T.);
#1503 = ORIENTED_EDGE('',*,*,#1035,.T.);
#1504 = ORIENTED_EDGE('',*,*,#1505,.F.);
#1505 = EDGE_CURVE('',#366,#1036,#1506,.T.);
#1506 = LINE('',#1507,#1508);
#1507 = CARTESIAN_POINT('',(2.94,8.640000228756,-7.7));
#1508 = VECTOR('',#1509,1.);
#1509 = DIRECTION('',(0.,1.224646799147E-16,1.));
#1510 = ORIENTED_EDGE('',*,*,#374,.F.);
#1511 = PLANE('',#1512);
#1512 = AXIS2_PLACEMENT_3D('',#1513,#1514,#1515);
#1513 = CARTESIAN_POINT('',(2.14,8.640000228756,-7.7));
#1514 = DIRECTION('',(0.,1.,-1.224646799147E-16));
#1515 = DIRECTION('',(1.,0.,0.));
#1516 = ADVANCED_FACE('',(#1517),#1528,.F.);
#1517 = FACE_BOUND('',#1518,.F.);
#1518 = EDGE_LOOP('',(#1519,#1520,#1521,#1527));
#1519 = ORIENTED_EDGE('',*,*,#1505,.T.);
#1520 = ORIENTED_EDGE('',*,*,#1043,.T.);
#1521 = ORIENTED_EDGE('',*,*,#1522,.F.);
#1522 = EDGE_CURVE('',#358,#1044,#1523,.T.);
#1523 = LINE('',#1524,#1525);
#1524 = CARTESIAN_POINT('',(4.34,7.240000228756,-7.7));
#1525 = VECTOR('',#1526,1.);
#1526 = DIRECTION('',(0.,1.224646799147E-16,1.));
#1527 = ORIENTED_EDGE('',*,*,#365,.F.);
#1528 = CYLINDRICAL_SURFACE('',#1529,1.4);
#1529 = AXIS2_PLACEMENT_3D('',#1530,#1531,#1532);
#1530 = CARTESIAN_POINT('',(2.94,7.240000228756,-7.7));
#1531 = DIRECTION('',(0.,-1.224646799147E-16,-1.));
#1532 = DIRECTION('',(1.,0.,0.));
#1533 = ADVANCED_FACE('',(#1534),#1545,.F.);
#1534 = FACE_BOUND('',#1535,.F.);
#1535 = EDGE_LOOP('',(#1536,#1537,#1538,#1544));
#1536 = ORIENTED_EDGE('',*,*,#1522,.T.);
#1537 = ORIENTED_EDGE('',*,*,#1052,.T.);
#1538 = ORIENTED_EDGE('',*,*,#1539,.F.);
#1539 = EDGE_CURVE('',#349,#1053,#1540,.T.);
#1540 = LINE('',#1541,#1542);
#1541 = CARTESIAN_POINT('',(4.34,1.039999771244,-7.7));
#1542 = VECTOR('',#1543,1.);
#1543 = DIRECTION('',(0.,1.224646799147E-16,1.));
#1544 = ORIENTED_EDGE('',*,*,#357,.F.);
#1545 = PLANE('',#1546);
#1546 = AXIS2_PLACEMENT_3D('',#1547,#1548,#1549);
#1547 = CARTESIAN_POINT('',(4.34,7.240000228756,-7.7));
#1548 = DIRECTION('',(1.,0.,0.));
#1549 = DIRECTION('',(0.,-1.,1.224646799147E-16));
#1550 = ADVANCED_FACE('',(#1551),#1562,.F.);
#1551 = FACE_BOUND('',#1552,.F.);
#1552 = EDGE_LOOP('',(#1553,#1554,#1555,#1561));
#1553 = ORIENTED_EDGE('',*,*,#1539,.T.);
#1554 = ORIENTED_EDGE('',*,*,#1060,.T.);
#1555 = ORIENTED_EDGE('',*,*,#1556,.F.);
#1556 = EDGE_CURVE('',#341,#1002,#1557,.T.);
#1557 = LINE('',#1558,#1559);
#1558 = CARTESIAN_POINT('',(2.94,-0.360000228756,-7.7));
#1559 = VECTOR('',#1560,1.);
#1560 = DIRECTION('',(0.,1.224646799147E-16,1.));
#1561 = ORIENTED_EDGE('',*,*,#348,.F.);
#1562 = CYLINDRICAL_SURFACE('',#1563,1.4);
#1563 = AXIS2_PLACEMENT_3D('',#1564,#1565,#1566);
#1564 = CARTESIAN_POINT('',(2.94,1.039999771244,-7.7));
#1565 = DIRECTION('',(0.,-1.224646799147E-16,-1.));
#1566 = DIRECTION('',(1.,0.,0.));
#1567 = ADVANCED_FACE('',(#1568),#1574,.T.);
#1568 = FACE_BOUND('',#1569,.T.);
#1569 = EDGE_LOOP('',(#1570,#1571,#1572,#1573));
#1570 = ORIENTED_EDGE('',*,*,#1447,.T.);
#1571 = ORIENTED_EDGE('',*,*,#999,.T.);
#1572 = ORIENTED_EDGE('',*,*,#1556,.F.);
#1573 = ORIENTED_EDGE('',*,*,#340,.F.);
#1574 = PLANE('',#1575);
#1575 = AXIS2_PLACEMENT_3D('',#1576,#1577,#1578);
#1576 = CARTESIAN_POINT('',(2.14,-0.360000228756,-7.7));
#1577 = DIRECTION('',(0.,1.,-1.224646799147E-16));
#1578 = DIRECTION('',(1.,0.,0.));
#1579 = ADVANCED_FACE('',(#1580),#1625,.F.);
#1580 = FACE_BOUND('',#1581,.F.);
#1581 = EDGE_LOOP('',(#1582,#1590,#1599,#1608,#1617,#1623,#1624));
#1582 = ORIENTED_EDGE('',*,*,#1583,.F.);
#1583 = EDGE_CURVE('',#1584,#408,#1586,.T.);
#1584 = VERTEX_POINT('',#1585);
#1585 = CARTESIAN_POINT('',(6.68,8.48,-1.1));
#1586 = LINE('',#1587,#1588);
#1587 = CARTESIAN_POINT('',(6.68,8.48,-1.1));
#1588 = VECTOR('',#1589,1.);
#1589 = DIRECTION('',(1.,0.,0.));
#1590 = ORIENTED_EDGE('',*,*,#1591,.T.);
#1591 = EDGE_CURVE('',#1584,#1592,#1594,.T.);
#1592 = VERTEX_POINT('',#1593);
#1593 = CARTESIAN_POINT('',(5.918006456265,7.233826752909,-1.1));
#1594 = CIRCLE('',#1595,1.4);
#1595 = AXIS2_PLACEMENT_3D('',#1596,#1597,#1598);
#1596 = CARTESIAN_POINT('',(5.28,8.48,-1.1));
#1597 = DIRECTION('',(0.,-1.224646799147E-16,-1.));
#1598 = DIRECTION('',(1.,0.,0.));
#1599 = ORIENTED_EDGE('',*,*,#1600,.T.);
#1600 = EDGE_CURVE('',#1592,#1601,#1603,.T.);
#1601 = VERTEX_POINT('',#1602);
#1602 = CARTESIAN_POINT('',(4.046204197342,9.14162520912,-1.1));
#1603 = CIRCLE('',#1604,2.25);
#1604 = AXIS2_PLACEMENT_3D('',#1605,#1606,#1607);
#1605 = CARTESIAN_POINT('',(3.69,6.92,-1.1));
#1606 = DIRECTION('',(-0.,1.224646799147E-16,1.));
#1607 = DIRECTION('',(1.,0.,0.));
#1608 = ORIENTED_EDGE('',*,*,#1609,.T.);
#1609 = EDGE_CURVE('',#1601,#1610,#1612,.T.);
#1610 = VERTEX_POINT('',#1611);
#1611 = CARTESIAN_POINT('',(5.28,9.88,-1.1));
#1612 = CIRCLE('',#1613,1.4);
#1613 = AXIS2_PLACEMENT_3D('',#1614,#1615,#1616);
#1614 = CARTESIAN_POINT('',(5.28,8.48,-1.1));
#1615 = DIRECTION('',(0.,-1.224646799147E-16,-1.));
#1616 = DIRECTION('',(1.,0.,0.));
#1617 = ORIENTED_EDGE('',*,*,#1618,.F.);
#1618 = EDGE_CURVE('',#1111,#1610,#1619,.T.);
#1619 = LINE('',#1620,#1621);
#1620 = CARTESIAN_POINT('',(5.28,13.48,-1.1));
#1621 = VECTOR('',#1622,1.);
#1622 = DIRECTION('',(0.,-1.,1.224646799147E-16));
#1623 = ORIENTED_EDGE('',*,*,#1110,.T.);
#1624 = ORIENTED_EDGE('',*,*,#405,.T.);
#1625 = PLANE('',#1626);
#1626 = AXIS2_PLACEMENT_3D('',#1627,#1628,#1629);
#1627 = CARTESIAN_POINT('',(-7.7E-16,4.752888520938E-16,-1.1));
#1628 = DIRECTION('',(0.,-1.224646799147E-16,-1.));
#1629 = DIRECTION('',(1.,0.,0.));
#1630 = ADVANCED_FACE('',(#1631),#1649,.F.);
#1631 = FACE_BOUND('',#1632,.F.);
#1632 = EDGE_LOOP('',(#1633,#1641,#1647,#1648));
#1633 = ORIENTED_EDGE('',*,*,#1634,.F.);
#1634 = EDGE_CURVE('',#1635,#440,#1637,.T.);
#1635 = VERTEX_POINT('',#1636);
#1636 = CARTESIAN_POINT('',(6.68,8.48,-1.038500485677E-15));
#1637 = LINE('',#1638,#1639);
#1638 = CARTESIAN_POINT('',(6.68,8.48,-1.038500485677E-15));
#1639 = VECTOR('',#1640,1.);
#1640 = DIRECTION('',(1.,0.,0.));
#1641 = ORIENTED_EDGE('',*,*,#1642,.T.);
#1642 = EDGE_CURVE('',#1635,#1584,#1643,.T.);
#1643 = LINE('',#1644,#1645);
#1644 = CARTESIAN_POINT('',(6.68,8.48,-1.038500485677E-15));
#1645 = VECTOR('',#1646,1.);
#1646 = DIRECTION('',(0.,-1.224646799147E-16,-1.));
#1647 = ORIENTED_EDGE('',*,*,#1583,.T.);
#1648 = ORIENTED_EDGE('',*,*,#447,.T.);
#1649 = PLANE('',#1650);
#1650 = AXIS2_PLACEMENT_3D('',#1651,#1652,#1653);
#1651 = CARTESIAN_POINT('',(6.68,8.48,-1.038500485677E-15));
#1652 = DIRECTION('',(0.,-1.,1.224646799147E-16));
#1653 = DIRECTION('',(1.,0.,0.));
#1654 = ADVANCED_FACE('',(#1655),#1699,.F.);
#1655 = FACE_BOUND('',#1656,.F.);
#1656 = EDGE_LOOP('',(#1657,#1658,#1659,#1667,#1674,#1675,#1683,#1692));
#1657 = ORIENTED_EDGE('',*,*,#1634,.T.);
#1658 = ORIENTED_EDGE('',*,*,#439,.T.);
#1659 = ORIENTED_EDGE('',*,*,#1660,.F.);
#1660 = EDGE_CURVE('',#1661,#432,#1663,.T.);
#1661 = VERTEX_POINT('',#1662);
#1662 = CARTESIAN_POINT('',(6.68,-8.48,1.038500485677E-15));
#1663 = LINE('',#1664,#1665);
#1664 = CARTESIAN_POINT('',(6.68,-8.48,1.038500485677E-15));
#1665 = VECTOR('',#1666,1.);
#1666 = DIRECTION('',(1.,-4.9E-16,6.000769315822E-32));
#1667 = ORIENTED_EDGE('',*,*,#1668,.F.);
#1668 = EDGE_CURVE('',#549,#1661,#1669,.T.);
#1669 = CIRCLE('',#1670,1.4);
#1670 = AXIS2_PLACEMENT_3D('',#1671,#1672,#1673);
#1671 = CARTESIAN_POINT('',(5.28,-8.48,1.038500485677E-15));
#1672 = DIRECTION('',(0.,-1.224646799147E-16,-1.));
#1673 = DIRECTION('',(1.,0.,0.));
#1674 = ORIENTED_EDGE('',*,*,#546,.F.);
#1675 = ORIENTED_EDGE('',*,*,#1676,.T.);
#1676 = EDGE_CURVE('',#547,#1677,#1679,.T.);
#1677 = VERTEX_POINT('',#1678);
#1678 = CARTESIAN_POINT('',(5.94,6.92,-8.4745558501E-16));
#1679 = LINE('',#1680,#1681);
#1680 = CARTESIAN_POINT('',(5.94,-6.92,8.4745558501E-16));
#1681 = VECTOR('',#1682,1.);
#1682 = DIRECTION('',(0.,1.,-1.224646799147E-16));
#1683 = ORIENTED_EDGE('',*,*,#1684,.F.);
#1684 = EDGE_CURVE('',#1685,#1677,#1687,.T.);
#1685 = VERTEX_POINT('',#1686);
#1686 = CARTESIAN_POINT('',(5.918006456265,7.233826752909,
    -8.858882778537E-16));
#1687 = CIRCLE('',#1688,2.25);
#1688 = AXIS2_PLACEMENT_3D('',#1689,#1690,#1691);
#1689 = CARTESIAN_POINT('',(3.69,6.92,-8.4745558501E-16));
#1690 = DIRECTION('',(0.,-1.224646799147E-16,-1.));
#1691 = DIRECTION('',(1.,0.,0.));
#1692 = ORIENTED_EDGE('',*,*,#1693,.F.);
#1693 = EDGE_CURVE('',#1635,#1685,#1694,.T.);
#1694 = CIRCLE('',#1695,1.4);
#1695 = AXIS2_PLACEMENT_3D('',#1696,#1697,#1698);
#1696 = CARTESIAN_POINT('',(5.28,8.48,-1.038500485677E-15));
#1697 = DIRECTION('',(0.,-1.224646799147E-16,-1.));
#1698 = DIRECTION('',(1.,0.,0.));
#1699 = PLANE('',#1700);
#1700 = AXIS2_PLACEMENT_3D('',#1701,#1702,#1703);
#1701 = CARTESIAN_POINT('',(0.,0.,0.));
#1702 = DIRECTION('',(0.,-1.224646799147E-16,-1.));
#1703 = DIRECTION('',(1.,0.,0.));
#1704 = ADVANCED_FACE('',(#1705),#1716,.T.);
#1705 = FACE_BOUND('',#1706,.T.);
#1706 = EDGE_LOOP('',(#1707,#1708,#1714,#1715));
#1707 = ORIENTED_EDGE('',*,*,#1660,.F.);
#1708 = ORIENTED_EDGE('',*,*,#1709,.T.);
#1709 = EDGE_CURVE('',#1661,#488,#1710,.T.);
#1710 = LINE('',#1711,#1712);
#1711 = CARTESIAN_POINT('',(6.68,-8.48,1.038500485677E-15));
#1712 = VECTOR('',#1713,1.);
#1713 = DIRECTION('',(0.,-1.224646799147E-16,-1.));
#1714 = ORIENTED_EDGE('',*,*,#496,.T.);
#1715 = ORIENTED_EDGE('',*,*,#431,.T.);
#1716 = PLANE('',#1717);
#1717 = AXIS2_PLACEMENT_3D('',#1718,#1719,#1720);
#1718 = CARTESIAN_POINT('',(6.68,-8.48,1.038500485677E-15));
#1719 = DIRECTION('',(-4.9E-16,-1.,1.224646799147E-16));
#1720 = DIRECTION('',(1.,-4.9E-16,6.000769315822E-32));
#1721 = ADVANCED_FACE('',(#1722),#1728,.F.);
#1722 = FACE_BOUND('',#1723,.T.);
#1723 = EDGE_LOOP('',(#1724,#1725,#1726,#1727));
#1724 = ORIENTED_EDGE('',*,*,#1668,.F.);
#1725 = ORIENTED_EDGE('',*,*,#583,.F.);
#1726 = ORIENTED_EDGE('',*,*,#487,.T.);
#1727 = ORIENTED_EDGE('',*,*,#1709,.F.);
#1728 = CYLINDRICAL_SURFACE('',#1729,1.4);
#1729 = AXIS2_PLACEMENT_3D('',#1730,#1731,#1732);
#1730 = CARTESIAN_POINT('',(5.28,-8.48,1.038500485677E-15));
#1731 = DIRECTION('',(-0.,1.224646799147E-16,1.));
#1732 = DIRECTION('',(1.,0.,0.));
#1733 = ADVANCED_FACE('',(#1734),#1745,.F.);
#1734 = FACE_BOUND('',#1735,.F.);
#1735 = EDGE_LOOP('',(#1736,#1737,#1738,#1744));
#1736 = ORIENTED_EDGE('',*,*,#557,.T.);
#1737 = ORIENTED_EDGE('',*,*,#639,.T.);
#1738 = ORIENTED_EDGE('',*,*,#1739,.F.);
#1739 = EDGE_CURVE('',#1677,#640,#1740,.T.);
#1740 = LINE('',#1741,#1742);
#1741 = CARTESIAN_POINT('',(5.94,6.92,-8.4745558501E-16));
#1742 = VECTOR('',#1743,1.);
#1743 = DIRECTION('',(0.,-1.224646799147E-16,-1.));
#1744 = ORIENTED_EDGE('',*,*,#1676,.F.);
#1745 = PLANE('',#1746);
#1746 = AXIS2_PLACEMENT_3D('',#1747,#1748,#1749);
#1747 = CARTESIAN_POINT('',(5.94,-6.92,8.4745558501E-16));
#1748 = DIRECTION('',(1.,0.,0.));
#1749 = DIRECTION('',(0.,1.,-1.224646799147E-16));
#1750 = ADVANCED_FACE('',(#1751),#1786,.F.);
#1751 = FACE_BOUND('',#1752,.T.);
#1752 = EDGE_LOOP('',(#1753,#1764,#1770,#1771,#1772,#1773,#1779,#1780));
#1753 = ORIENTED_EDGE('',*,*,#1754,.F.);
#1754 = EDGE_CURVE('',#1755,#1757,#1759,.T.);
#1755 = VERTEX_POINT('',#1756);
#1756 = CARTESIAN_POINT('',(3.69,9.17,-1.123001114818E-15));
#1757 = VERTEX_POINT('',#1758);
#1758 = CARTESIAN_POINT('',(4.046204197342,9.14162520912,
    -1.119526205135E-15));
#1759 = CIRCLE('',#1760,2.25);
#1760 = AXIS2_PLACEMENT_3D('',#1761,#1762,#1763);
#1761 = CARTESIAN_POINT('',(3.69,6.92,-8.4745558501E-16));
#1762 = DIRECTION('',(0.,-1.224646799147E-16,-1.));
#1763 = DIRECTION('',(1.,0.,0.));
#1764 = ORIENTED_EDGE('',*,*,#1765,.T.);
#1765 = EDGE_CURVE('',#1755,#779,#1766,.T.);
#1766 = LINE('',#1767,#1768);
#1767 = CARTESIAN_POINT('',(3.69,9.17,-1.123001114818E-15));
#1768 = VECTOR('',#1769,1.);
#1769 = DIRECTION('',(0.,-1.224646799147E-16,-1.));
#1770 = ORIENTED_EDGE('',*,*,#786,.T.);
#1771 = ORIENTED_EDGE('',*,*,#1739,.F.);
#1772 = ORIENTED_EDGE('',*,*,#1684,.F.);
#1773 = ORIENTED_EDGE('',*,*,#1774,.F.);
#1774 = EDGE_CURVE('',#1592,#1685,#1775,.T.);
#1775 = LINE('',#1776,#1777);
#1776 = CARTESIAN_POINT('',(5.918006456265,7.233826752909,
    -8.858882778537E-16));
#1777 = VECTOR('',#1778,1.);
#1778 = DIRECTION('',(-0.,1.224646799147E-16,1.));
#1779 = ORIENTED_EDGE('',*,*,#1600,.T.);
#1780 = ORIENTED_EDGE('',*,*,#1781,.T.);
#1781 = EDGE_CURVE('',#1601,#1757,#1782,.T.);
#1782 = LINE('',#1783,#1784);
#1783 = CARTESIAN_POINT('',(4.046204197342,9.14162520912,
    -1.119526205135E-15));
#1784 = VECTOR('',#1785,1.);
#1785 = DIRECTION('',(-0.,1.224646799147E-16,1.));
#1786 = CYLINDRICAL_SURFACE('',#1787,2.25);
#1787 = AXIS2_PLACEMENT_3D('',#1788,#1789,#1790);
#1788 = CARTESIAN_POINT('',(3.69,6.92,-8.4745558501E-16));
#1789 = DIRECTION('',(0.,1.224646799147E-16,1.));
#1790 = DIRECTION('',(1.,0.,0.));
#1791 = ADVANCED_FACE('',(#1792),#1810,.F.);
#1792 = FACE_BOUND('',#1793,.F.);
#1793 = EDGE_LOOP('',(#1794,#1795,#1796,#1804));
#1794 = ORIENTED_EDGE('',*,*,#1765,.T.);
#1795 = ORIENTED_EDGE('',*,*,#778,.T.);
#1796 = ORIENTED_EDGE('',*,*,#1797,.F.);
#1797 = EDGE_CURVE('',#1798,#770,#1800,.T.);
#1798 = VERTEX_POINT('',#1799);
#1799 = CARTESIAN_POINT('',(-3.69,9.17,-1.123001114818E-15));
#1800 = LINE('',#1801,#1802);
#1801 = CARTESIAN_POINT('',(-3.69,9.17,-1.123001114818E-15));
#1802 = VECTOR('',#1803,1.);
#1803 = DIRECTION('',(0.,-1.224646799147E-16,-1.));
#1804 = ORIENTED_EDGE('',*,*,#1805,.F.);
#1805 = EDGE_CURVE('',#1755,#1798,#1806,.T.);
#1806 = LINE('',#1807,#1808);
#1807 = CARTESIAN_POINT('',(3.69,9.17,-1.123001114818E-15));
#1808 = VECTOR('',#1809,1.);
#1809 = DIRECTION('',(-1.,0.,0.));
#1810 = PLANE('',#1811);
#1811 = AXIS2_PLACEMENT_3D('',#1812,#1813,#1814);
#1812 = CARTESIAN_POINT('',(3.69,9.17,-1.123001114818E-15));
#1813 = DIRECTION('',(0.,1.,-1.224646799147E-16));
#1814 = DIRECTION('',(-1.,0.,0.));
#1815 = ADVANCED_FACE('',(#1816),#1869,.F.);
#1816 = FACE_BOUND('',#1817,.T.);
#1817 = EDGE_LOOP('',(#1818,#1829,#1835,#1836,#1837,#1846,#1854,#1863));
#1818 = ORIENTED_EDGE('',*,*,#1819,.F.);
#1819 = EDGE_CURVE('',#1820,#1822,#1824,.T.);
#1820 = VERTEX_POINT('',#1821);
#1821 = CARTESIAN_POINT('',(-5.94,6.92,-8.4745558501E-16));
#1822 = VERTEX_POINT('',#1823);
#1823 = CARTESIAN_POINT('',(-5.918006456265,7.233826752909,
    -8.858882778537E-16));
#1824 = CIRCLE('',#1825,2.25);
#1825 = AXIS2_PLACEMENT_3D('',#1826,#1827,#1828);
#1826 = CARTESIAN_POINT('',(-3.69,6.92,-8.4745558501E-16));
#1827 = DIRECTION('',(0.,-1.224646799147E-16,-1.));
#1828 = DIRECTION('',(1.,0.,0.));
#1829 = ORIENTED_EDGE('',*,*,#1830,.T.);
#1830 = EDGE_CURVE('',#1820,#762,#1831,.T.);
#1831 = LINE('',#1832,#1833);
#1832 = CARTESIAN_POINT('',(-5.94,6.92,-8.4745558501E-16));
#1833 = VECTOR('',#1834,1.);
#1834 = DIRECTION('',(0.,-1.224646799147E-16,-1.));
#1835 = ORIENTED_EDGE('',*,*,#769,.T.);
#1836 = ORIENTED_EDGE('',*,*,#1797,.F.);
#1837 = ORIENTED_EDGE('',*,*,#1838,.F.);
#1838 = EDGE_CURVE('',#1839,#1798,#1841,.T.);
#1839 = VERTEX_POINT('',#1840);
#1840 = CARTESIAN_POINT('',(-4.046204197342,9.14162520912,
    -1.119526205135E-15));
#1841 = CIRCLE('',#1842,2.25);
#1842 = AXIS2_PLACEMENT_3D('',#1843,#1844,#1845);
#1843 = CARTESIAN_POINT('',(-3.69,6.92,-8.4745558501E-16));
#1844 = DIRECTION('',(0.,-1.224646799147E-16,-1.));
#1845 = DIRECTION('',(1.,0.,0.));
#1846 = ORIENTED_EDGE('',*,*,#1847,.F.);
#1847 = EDGE_CURVE('',#1848,#1839,#1850,.T.);
#1848 = VERTEX_POINT('',#1849);
#1849 = CARTESIAN_POINT('',(-4.046204197342,9.14162520912,-1.1));
#1850 = LINE('',#1851,#1852);
#1851 = CARTESIAN_POINT('',(-4.046204197342,9.14162520912,
    -1.119526205135E-15));
#1852 = VECTOR('',#1853,1.);
#1853 = DIRECTION('',(-0.,1.224646799147E-16,1.));
#1854 = ORIENTED_EDGE('',*,*,#1855,.T.);
#1855 = EDGE_CURVE('',#1848,#1856,#1858,.T.);
#1856 = VERTEX_POINT('',#1857);
#1857 = CARTESIAN_POINT('',(-5.918006456265,7.233826752909,-1.1));
#1858 = CIRCLE('',#1859,2.25);
#1859 = AXIS2_PLACEMENT_3D('',#1860,#1861,#1862);
#1860 = CARTESIAN_POINT('',(-3.69,6.92,-1.1));
#1861 = DIRECTION('',(-0.,1.224646799147E-16,1.));
#1862 = DIRECTION('',(1.,0.,0.));
#1863 = ORIENTED_EDGE('',*,*,#1864,.T.);
#1864 = EDGE_CURVE('',#1856,#1822,#1865,.T.);
#1865 = LINE('',#1866,#1867);
#1866 = CARTESIAN_POINT('',(-5.918006456265,7.233826752909,
    -8.858882778537E-16));
#1867 = VECTOR('',#1868,1.);
#1868 = DIRECTION('',(-0.,1.224646799147E-16,1.));
#1869 = CYLINDRICAL_SURFACE('',#1870,2.25);
#1870 = AXIS2_PLACEMENT_3D('',#1871,#1872,#1873);
#1871 = CARTESIAN_POINT('',(-3.69,6.92,-8.4745558501E-16));
#1872 = DIRECTION('',(0.,1.224646799147E-16,1.));
#1873 = DIRECTION('',(1.,0.,0.));
#1874 = ADVANCED_FACE('',(#1875),#1893,.F.);
#1875 = FACE_BOUND('',#1876,.F.);
#1876 = EDGE_LOOP('',(#1877,#1878,#1879,#1887));
#1877 = ORIENTED_EDGE('',*,*,#1830,.T.);
#1878 = ORIENTED_EDGE('',*,*,#761,.T.);
#1879 = ORIENTED_EDGE('',*,*,#1880,.F.);
#1880 = EDGE_CURVE('',#1881,#753,#1883,.T.);
#1881 = VERTEX_POINT('',#1882);
#1882 = CARTESIAN_POINT('',(-5.94,-6.92,8.4745558501E-16));
#1883 = LINE('',#1884,#1885);
#1884 = CARTESIAN_POINT('',(-5.94,-6.92,8.4745558501E-16));
#1885 = VECTOR('',#1886,1.);
#1886 = DIRECTION('',(0.,-1.224646799147E-16,-1.));
#1887 = ORIENTED_EDGE('',*,*,#1888,.F.);
#1888 = EDGE_CURVE('',#1820,#1881,#1889,.T.);
#1889 = LINE('',#1890,#1891);
#1890 = CARTESIAN_POINT('',(-5.94,6.92,-8.4745558501E-16));
#1891 = VECTOR('',#1892,1.);
#1892 = DIRECTION('',(0.,-1.,1.224646799147E-16));
#1893 = PLANE('',#1894);
#1894 = AXIS2_PLACEMENT_3D('',#1895,#1896,#1897);
#1895 = CARTESIAN_POINT('',(-5.94,6.92,-8.4745558501E-16));
#1896 = DIRECTION('',(-1.,0.,0.));
#1897 = DIRECTION('',(0.,-1.,1.224646799147E-16));
#1898 = ADVANCED_FACE('',(#1899),#1952,.F.);
#1899 = FACE_BOUND('',#1900,.T.);
#1900 = EDGE_LOOP('',(#1901,#1912,#1918,#1919,#1920,#1929,#1937,#1946));
#1901 = ORIENTED_EDGE('',*,*,#1902,.F.);
#1902 = EDGE_CURVE('',#1903,#1905,#1907,.T.);
#1903 = VERTEX_POINT('',#1904);
#1904 = CARTESIAN_POINT('',(-3.69,-9.17,1.123001114818E-15));
#1905 = VERTEX_POINT('',#1906);
#1906 = CARTESIAN_POINT('',(-4.046204197342,-9.14162520912,
    1.119526205135E-15));
#1907 = CIRCLE('',#1908,2.25);
#1908 = AXIS2_PLACEMENT_3D('',#1909,#1910,#1911);
#1909 = CARTESIAN_POINT('',(-3.69,-6.92,8.4745558501E-16));
#1910 = DIRECTION('',(0.,-1.224646799147E-16,-1.));
#1911 = DIRECTION('',(1.,0.,0.));
#1912 = ORIENTED_EDGE('',*,*,#1913,.T.);
#1913 = EDGE_CURVE('',#1903,#745,#1914,.T.);
#1914 = LINE('',#1915,#1916);
#1915 = CARTESIAN_POINT('',(-3.69,-9.17,1.123001114818E-15));
#1916 = VECTOR('',#1917,1.);
#1917 = DIRECTION('',(0.,-1.224646799147E-16,-1.));
#1918 = ORIENTED_EDGE('',*,*,#752,.T.);
#1919 = ORIENTED_EDGE('',*,*,#1880,.F.);
#1920 = ORIENTED_EDGE('',*,*,#1921,.F.);
#1921 = EDGE_CURVE('',#1922,#1881,#1924,.T.);
#1922 = VERTEX_POINT('',#1923);
#1923 = CARTESIAN_POINT('',(-5.918006456265,-7.233826752909,
    8.858882778537E-16));
#1924 = CIRCLE('',#1925,2.25);
#1925 = AXIS2_PLACEMENT_3D('',#1926,#1927,#1928);
#1926 = CARTESIAN_POINT('',(-3.69,-6.92,8.4745558501E-16));
#1927 = DIRECTION('',(0.,-1.224646799147E-16,-1.));
#1928 = DIRECTION('',(1.,0.,0.));
#1929 = ORIENTED_EDGE('',*,*,#1930,.F.);
#1930 = EDGE_CURVE('',#1931,#1922,#1933,.T.);
#1931 = VERTEX_POINT('',#1932);
#1932 = CARTESIAN_POINT('',(-5.918006456265,-7.233826752909,-1.1));
#1933 = LINE('',#1934,#1935);
#1934 = CARTESIAN_POINT('',(-5.918006456265,-7.233826752909,
    8.858882778537E-16));
#1935 = VECTOR('',#1936,1.);
#1936 = DIRECTION('',(-0.,1.224646799147E-16,1.));
#1937 = ORIENTED_EDGE('',*,*,#1938,.T.);
#1938 = EDGE_CURVE('',#1931,#1939,#1941,.T.);
#1939 = VERTEX_POINT('',#1940);
#1940 = CARTESIAN_POINT('',(-4.046204197342,-9.14162520912,-1.1));
#1941 = CIRCLE('',#1942,2.25);
#1942 = AXIS2_PLACEMENT_3D('',#1943,#1944,#1945);
#1943 = CARTESIAN_POINT('',(-3.69,-6.92,-1.1));
#1944 = DIRECTION('',(-0.,1.224646799147E-16,1.));
#1945 = DIRECTION('',(1.,0.,0.));
#1946 = ORIENTED_EDGE('',*,*,#1947,.T.);
#1947 = EDGE_CURVE('',#1939,#1905,#1948,.T.);
#1948 = LINE('',#1949,#1950);
#1949 = CARTESIAN_POINT('',(-4.046204197342,-9.14162520912,
    1.119526205135E-15));
#1950 = VECTOR('',#1951,1.);
#1951 = DIRECTION('',(-0.,1.224646799147E-16,1.));
#1952 = CYLINDRICAL_SURFACE('',#1953,2.25);
#1953 = AXIS2_PLACEMENT_3D('',#1954,#1955,#1956);
#1954 = CARTESIAN_POINT('',(-3.69,-6.92,8.4745558501E-16));
#1955 = DIRECTION('',(0.,1.224646799147E-16,1.));
#1956 = DIRECTION('',(1.,0.,0.));
#1957 = ADVANCED_FACE('',(#1958),#1976,.F.);
#1958 = FACE_BOUND('',#1959,.F.);
#1959 = EDGE_LOOP('',(#1960,#1961,#1962,#1970));
#1960 = ORIENTED_EDGE('',*,*,#1913,.T.);
#1961 = ORIENTED_EDGE('',*,*,#744,.T.);
#1962 = ORIENTED_EDGE('',*,*,#1963,.F.);
#1963 = EDGE_CURVE('',#1964,#736,#1966,.T.);
#1964 = VERTEX_POINT('',#1965);
#1965 = CARTESIAN_POINT('',(-3.42,-9.17,1.123001114818E-15));
#1966 = LINE('',#1967,#1968);
#1967 = CARTESIAN_POINT('',(-3.42,-9.17,1.123001114818E-15));
#1968 = VECTOR('',#1969,1.);
#1969 = DIRECTION('',(0.,-1.224646799147E-16,-1.));
#1970 = ORIENTED_EDGE('',*,*,#1971,.F.);
#1971 = EDGE_CURVE('',#1903,#1964,#1972,.T.);
#1972 = LINE('',#1973,#1974);
#1973 = CARTESIAN_POINT('',(-3.69,-9.17,1.123001114818E-15));
#1974 = VECTOR('',#1975,1.);
#1975 = DIRECTION('',(1.,0.,0.));
#1976 = PLANE('',#1977);
#1977 = AXIS2_PLACEMENT_3D('',#1978,#1979,#1980);
#1978 = CARTESIAN_POINT('',(-3.69,-9.17,1.123001114818E-15));
#1979 = DIRECTION('',(0.,-1.,1.224646799147E-16));
#1980 = DIRECTION('',(1.,0.,0.));
#1981 = ADVANCED_FACE('',(#1982),#1994,.T.);
#1982 = FACE_BOUND('',#1983,.F.);
#1983 = EDGE_LOOP('',(#1984,#1985,#1986,#1987));
#1984 = ORIENTED_EDGE('',*,*,#1963,.T.);
#1985 = ORIENTED_EDGE('',*,*,#735,.T.);
#1986 = ORIENTED_EDGE('',*,*,#1260,.F.);
#1987 = ORIENTED_EDGE('',*,*,#1988,.F.);
#1988 = EDGE_CURVE('',#1964,#1261,#1989,.T.);
#1989 = CIRCLE('',#1990,0.75);
#1990 = AXIS2_PLACEMENT_3D('',#1991,#1992,#1993);
#1991 = CARTESIAN_POINT('',(-3.42,-9.92,1.214849624754E-15));
#1992 = DIRECTION('',(0.,-1.224646799147E-16,-1.));
#1993 = DIRECTION('',(1.,0.,0.));
#1994 = CYLINDRICAL_SURFACE('',#1995,0.75);
#1995 = AXIS2_PLACEMENT_3D('',#1996,#1997,#1998);
#1996 = CARTESIAN_POINT('',(-3.42,-9.92,1.214849624754E-15));
#1997 = DIRECTION('',(0.,1.224646799147E-16,1.));
#1998 = DIRECTION('',(1.,0.,0.));
#1999 = ADVANCED_FACE('',(#2000),#2011,.F.);
#2000 = FACE_BOUND('',#2001,.F.);
#2001 = EDGE_LOOP('',(#2002,#2003,#2009,#2010));
#2002 = ORIENTED_EDGE('',*,*,#719,.F.);
#2003 = ORIENTED_EDGE('',*,*,#2004,.T.);
#2004 = EDGE_CURVE('',#711,#879,#2005,.T.);
#2005 = LINE('',#2006,#2007);
#2006 = CARTESIAN_POINT('',(-3.69,-8.67,1.061768774861E-15));
#2007 = VECTOR('',#2008,1.);
#2008 = DIRECTION('',(0.,-1.224646799147E-16,-1.));
#2009 = ORIENTED_EDGE('',*,*,#887,.T.);
#2010 = ORIENTED_EDGE('',*,*,#1253,.T.);
#2011 = PLANE('',#2012);
#2012 = AXIS2_PLACEMENT_3D('',#2013,#2014,#2015);
#2013 = CARTESIAN_POINT('',(-3.69,-8.67,1.061768774861E-15));
#2014 = DIRECTION('',(0.,-1.,1.224646799147E-16));
#2015 = DIRECTION('',(1.,0.,0.));
#2016 = ADVANCED_FACE('',(#2017),#2028,.F.);
#2017 = FACE_BOUND('',#2018,.T.);
#2018 = EDGE_LOOP('',(#2019,#2020,#2021,#2022));
#2019 = ORIENTED_EDGE('',*,*,#710,.T.);
#2020 = ORIENTED_EDGE('',*,*,#2004,.T.);
#2021 = ORIENTED_EDGE('',*,*,#878,.T.);
#2022 = ORIENTED_EDGE('',*,*,#2023,.F.);
#2023 = EDGE_CURVE('',#703,#871,#2024,.T.);
#2024 = LINE('',#2025,#2026);
#2025 = CARTESIAN_POINT('',(-5.44,-6.92,8.4745558501E-16));
#2026 = VECTOR('',#2027,1.);
#2027 = DIRECTION('',(0.,-1.224646799147E-16,-1.));
#2028 = CYLINDRICAL_SURFACE('',#2029,1.75);
#2029 = AXIS2_PLACEMENT_3D('',#2030,#2031,#2032);
#2030 = CARTESIAN_POINT('',(-3.69,-6.92,8.4745558501E-16));
#2031 = DIRECTION('',(0.,1.224646799147E-16,1.));
#2032 = DIRECTION('',(1.,0.,0.));
#2033 = ADVANCED_FACE('',(#2034),#2045,.F.);
#2034 = FACE_BOUND('',#2035,.F.);
#2035 = EDGE_LOOP('',(#2036,#2037,#2043,#2044));
#2036 = ORIENTED_EDGE('',*,*,#702,.F.);
#2037 = ORIENTED_EDGE('',*,*,#2038,.T.);
#2038 = EDGE_CURVE('',#694,#862,#2039,.T.);
#2039 = LINE('',#2040,#2041);
#2040 = CARTESIAN_POINT('',(-5.44,6.92,-8.4745558501E-16));
#2041 = VECTOR('',#2042,1.);
#2042 = DIRECTION('',(0.,-1.224646799147E-16,-1.));
#2043 = ORIENTED_EDGE('',*,*,#870,.T.);
#2044 = ORIENTED_EDGE('',*,*,#2023,.F.);
#2045 = PLANE('',#2046);
#2046 = AXIS2_PLACEMENT_3D('',#2047,#2048,#2049);
#2047 = CARTESIAN_POINT('',(-5.44,6.92,-8.4745558501E-16));
#2048 = DIRECTION('',(-1.,0.,0.));
#2049 = DIRECTION('',(0.,-1.,1.224646799147E-16));
#2050 = ADVANCED_FACE('',(#2051),#2062,.F.);
#2051 = FACE_BOUND('',#2052,.T.);
#2052 = EDGE_LOOP('',(#2053,#2054,#2055,#2056));
#2053 = ORIENTED_EDGE('',*,*,#693,.T.);
#2054 = ORIENTED_EDGE('',*,*,#2038,.T.);
#2055 = ORIENTED_EDGE('',*,*,#861,.T.);
#2056 = ORIENTED_EDGE('',*,*,#2057,.F.);
#2057 = EDGE_CURVE('',#686,#854,#2058,.T.);
#2058 = LINE('',#2059,#2060);
#2059 = CARTESIAN_POINT('',(-3.69,8.67,-1.061768774861E-15));
#2060 = VECTOR('',#2061,1.);
#2061 = DIRECTION('',(0.,-1.224646799147E-16,-1.));
#2062 = CYLINDRICAL_SURFACE('',#2063,1.75);
#2063 = AXIS2_PLACEMENT_3D('',#2064,#2065,#2066);
#2064 = CARTESIAN_POINT('',(-3.69,6.92,-8.4745558501E-16));
#2065 = DIRECTION('',(0.,1.224646799147E-16,1.));
#2066 = DIRECTION('',(1.,0.,0.));
#2067 = ADVANCED_FACE('',(#2068),#2079,.F.);
#2068 = FACE_BOUND('',#2069,.F.);
#2069 = EDGE_LOOP('',(#2070,#2071,#2077,#2078));
#2070 = ORIENTED_EDGE('',*,*,#685,.F.);
#2071 = ORIENTED_EDGE('',*,*,#2072,.T.);
#2072 = EDGE_CURVE('',#677,#845,#2073,.T.);
#2073 = LINE('',#2074,#2075);
#2074 = CARTESIAN_POINT('',(3.69,8.67,-1.061768774861E-15));
#2075 = VECTOR('',#2076,1.);
#2076 = DIRECTION('',(0.,-1.224646799147E-16,-1.));
#2077 = ORIENTED_EDGE('',*,*,#853,.T.);
#2078 = ORIENTED_EDGE('',*,*,#2057,.F.);
#2079 = PLANE('',#2080);
#2080 = AXIS2_PLACEMENT_3D('',#2081,#2082,#2083);
#2081 = CARTESIAN_POINT('',(3.69,8.67,-1.061768774861E-15));
#2082 = DIRECTION('',(0.,1.,-1.224646799147E-16));
#2083 = DIRECTION('',(-1.,0.,0.));
#2084 = ADVANCED_FACE('',(#2085),#2096,.F.);
#2085 = FACE_BOUND('',#2086,.T.);
#2086 = EDGE_LOOP('',(#2087,#2088,#2089,#2090));
#2087 = ORIENTED_EDGE('',*,*,#676,.T.);
#2088 = ORIENTED_EDGE('',*,*,#2072,.T.);
#2089 = ORIENTED_EDGE('',*,*,#844,.T.);
#2090 = ORIENTED_EDGE('',*,*,#2091,.F.);
#2091 = EDGE_CURVE('',#669,#837,#2092,.T.);
#2092 = LINE('',#2093,#2094);
#2093 = CARTESIAN_POINT('',(5.44,6.92,-8.4745558501E-16));
#2094 = VECTOR('',#2095,1.);
#2095 = DIRECTION('',(0.,-1.224646799147E-16,-1.));
#2096 = CYLINDRICAL_SURFACE('',#2097,1.75);
#2097 = AXIS2_PLACEMENT_3D('',#2098,#2099,#2100);
#2098 = CARTESIAN_POINT('',(3.69,6.92,-8.4745558501E-16));
#2099 = DIRECTION('',(0.,1.224646799147E-16,1.));
#2100 = DIRECTION('',(1.,0.,0.));
#2101 = ADVANCED_FACE('',(#2102),#2113,.F.);
#2102 = FACE_BOUND('',#2103,.F.);
#2103 = EDGE_LOOP('',(#2104,#2105,#2111,#2112));
#2104 = ORIENTED_EDGE('',*,*,#668,.F.);
#2105 = ORIENTED_EDGE('',*,*,#2106,.T.);
#2106 = EDGE_CURVE('',#660,#828,#2107,.T.);
#2107 = LINE('',#2108,#2109);
#2108 = CARTESIAN_POINT('',(5.44,-6.92,8.4745558501E-16));
#2109 = VECTOR('',#2110,1.);
#2110 = DIRECTION('',(0.,-1.224646799147E-16,-1.));
#2111 = ORIENTED_EDGE('',*,*,#836,.T.);
#2112 = ORIENTED_EDGE('',*,*,#2091,.F.);
#2113 = PLANE('',#2114);
#2114 = AXIS2_PLACEMENT_3D('',#2115,#2116,#2117);
#2115 = CARTESIAN_POINT('',(5.44,-6.92,8.4745558501E-16));
#2116 = DIRECTION('',(1.,0.,0.));
#2117 = DIRECTION('',(0.,1.,-1.224646799147E-16));
#2118 = ADVANCED_FACE('',(#2119),#2125,.F.);
#2119 = FACE_BOUND('',#2120,.T.);
#2120 = EDGE_LOOP('',(#2121,#2122,#2123,#2124));
#2121 = ORIENTED_EDGE('',*,*,#659,.T.);
#2122 = ORIENTED_EDGE('',*,*,#2106,.T.);
#2123 = ORIENTED_EDGE('',*,*,#827,.T.);
#2124 = ORIENTED_EDGE('',*,*,#811,.F.);
#2125 = CYLINDRICAL_SURFACE('',#2126,1.75);
#2126 = AXIS2_PLACEMENT_3D('',#2127,#2128,#2129);
#2127 = CARTESIAN_POINT('',(3.69,-6.92,8.4745558501E-16));
#2128 = DIRECTION('',(0.,1.224646799147E-16,1.));
#2129 = DIRECTION('',(1.,0.,0.));
#2130 = ADVANCED_FACE('',(#2131),#2166,.F.);
#2131 = FACE_BOUND('',#2132,.F.);
#2132 = EDGE_LOOP('',(#2133,#2134,#2142,#2149,#2150,#2159,#2165));
#2133 = ORIENTED_EDGE('',*,*,#1092,.T.);
#2134 = ORIENTED_EDGE('',*,*,#2135,.T.);
#2135 = EDGE_CURVE('',#1095,#2136,#2138,.T.);
#2136 = VERTEX_POINT('',#2137);
#2137 = CARTESIAN_POINT('',(-5.28,9.88,-1.1));
#2138 = LINE('',#2139,#2140);
#2139 = CARTESIAN_POINT('',(-5.28,13.48,-1.1));
#2140 = VECTOR('',#2141,1.);
#2141 = DIRECTION('',(2.5E-16,-1.,1.224646799147E-16));
#2142 = ORIENTED_EDGE('',*,*,#2143,.T.);
#2143 = EDGE_CURVE('',#2136,#1848,#2144,.T.);
#2144 = CIRCLE('',#2145,1.4);
#2145 = AXIS2_PLACEMENT_3D('',#2146,#2147,#2148);
#2146 = CARTESIAN_POINT('',(-5.28,8.48,-1.1));
#2147 = DIRECTION('',(0.,-1.224646799147E-16,-1.));
#2148 = DIRECTION('',(1.,0.,0.));
#2149 = ORIENTED_EDGE('',*,*,#1855,.T.);
#2150 = ORIENTED_EDGE('',*,*,#2151,.T.);
#2151 = EDGE_CURVE('',#1856,#2152,#2154,.T.);
#2152 = VERTEX_POINT('',#2153);
#2153 = CARTESIAN_POINT('',(-6.68,8.48,-1.1));
#2154 = CIRCLE('',#2155,1.4);
#2155 = AXIS2_PLACEMENT_3D('',#2156,#2157,#2158);
#2156 = CARTESIAN_POINT('',(-5.28,8.48,-1.1));
#2157 = DIRECTION('',(0.,-1.224646799147E-16,-1.));
#2158 = DIRECTION('',(1.,0.,0.));
#2159 = ORIENTED_EDGE('',*,*,#2160,.F.);
#2160 = EDGE_CURVE('',#1167,#2152,#2161,.T.);
#2161 = LINE('',#2162,#2163);
#2162 = CARTESIAN_POINT('',(-10.28,8.48,-1.1));
#2163 = VECTOR('',#2164,1.);
#2164 = DIRECTION('',(1.,0.,0.));
#2165 = ORIENTED_EDGE('',*,*,#1166,.T.);
#2166 = PLANE('',#2167);
#2167 = AXIS2_PLACEMENT_3D('',#2168,#2169,#2170);
#2168 = CARTESIAN_POINT('',(-7.7E-16,4.752888520938E-16,-1.1));
#2169 = DIRECTION('',(0.,-1.224646799147E-16,-1.));
#2170 = DIRECTION('',(1.,0.,0.));
#2171 = ADVANCED_FACE('',(#2172),#2190,.T.);
#2172 = FACE_BOUND('',#2173,.T.);
#2173 = EDGE_LOOP('',(#2174,#2182,#2183,#2184));
#2174 = ORIENTED_EDGE('',*,*,#2175,.F.);
#2175 = EDGE_CURVE('',#1127,#2176,#2178,.T.);
#2176 = VERTEX_POINT('',#2177);
#2177 = CARTESIAN_POINT('',(-5.28,9.88,-1.209951037558E-15));
#2178 = LINE('',#2179,#2180);
#2179 = CARTESIAN_POINT('',(-5.28,13.48,-1.650823885251E-15));
#2180 = VECTOR('',#2181,1.);
#2181 = DIRECTION('',(2.5E-16,-1.,1.224646799147E-16));
#2182 = ORIENTED_EDGE('',*,*,#1134,.T.);
#2183 = ORIENTED_EDGE('',*,*,#2135,.T.);
#2184 = ORIENTED_EDGE('',*,*,#2185,.F.);
#2185 = EDGE_CURVE('',#2176,#2136,#2186,.T.);
#2186 = LINE('',#2187,#2188);
#2187 = CARTESIAN_POINT('',(-5.28,9.88,-1.209951037558E-15));
#2188 = VECTOR('',#2189,1.);
#2189 = DIRECTION('',(0.,-1.224646799147E-16,-1.));
#2190 = PLANE('',#2191);
#2191 = AXIS2_PLACEMENT_3D('',#2192,#2193,#2194);
#2192 = CARTESIAN_POINT('',(-5.28,13.48,-1.650823885251E-15));
#2193 = DIRECTION('',(-1.,-2.5E-16,3.061616997868E-32));
#2194 = DIRECTION('',(2.5E-16,-1.,1.224646799147E-16));
#2195 = ADVANCED_FACE('',(#2196),#2225,.F.);
#2196 = FACE_BOUND('',#2197,.F.);
#2197 = EDGE_LOOP('',(#2198,#2199,#2207,#2214,#2215,#2216,#2217,#2224));
#2198 = ORIENTED_EDGE('',*,*,#1126,.T.);
#2199 = ORIENTED_EDGE('',*,*,#2200,.T.);
#2200 = EDGE_CURVE('',#1119,#2201,#2203,.T.);
#2201 = VERTEX_POINT('',#2202);
#2202 = CARTESIAN_POINT('',(5.28,9.88,-1.209951037558E-15));
#2203 = LINE('',#2204,#2205);
#2204 = CARTESIAN_POINT('',(5.28,13.48,-1.650823885251E-15));
#2205 = VECTOR('',#2206,1.);
#2206 = DIRECTION('',(0.,-1.,1.224646799147E-16));
#2207 = ORIENTED_EDGE('',*,*,#2208,.F.);
#2208 = EDGE_CURVE('',#1757,#2201,#2209,.T.);
#2209 = CIRCLE('',#2210,1.4);
#2210 = AXIS2_PLACEMENT_3D('',#2211,#2212,#2213);
#2211 = CARTESIAN_POINT('',(5.28,8.48,-1.038500485677E-15));
#2212 = DIRECTION('',(0.,-1.224646799147E-16,-1.));
#2213 = DIRECTION('',(1.,0.,0.));
#2214 = ORIENTED_EDGE('',*,*,#1754,.F.);
#2215 = ORIENTED_EDGE('',*,*,#1805,.T.);
#2216 = ORIENTED_EDGE('',*,*,#1838,.F.);
#2217 = ORIENTED_EDGE('',*,*,#2218,.F.);
#2218 = EDGE_CURVE('',#2176,#1839,#2219,.T.);
#2219 = CIRCLE('',#2220,1.4);
#2220 = AXIS2_PLACEMENT_3D('',#2221,#2222,#2223);
#2221 = CARTESIAN_POINT('',(-5.28,8.48,-1.038500485677E-15));
#2222 = DIRECTION('',(0.,-1.224646799147E-16,-1.));
#2223 = DIRECTION('',(1.,0.,0.));
#2224 = ORIENTED_EDGE('',*,*,#2175,.F.);
#2225 = PLANE('',#2226);
#2226 = AXIS2_PLACEMENT_3D('',#2227,#2228,#2229);
#2227 = CARTESIAN_POINT('',(0.,0.,0.));
#2228 = DIRECTION('',(0.,-1.224646799147E-16,-1.));
#2229 = DIRECTION('',(1.,0.,0.));
#2230 = ADVANCED_FACE('',(#2231),#2242,.F.);
#2231 = FACE_BOUND('',#2232,.F.);
#2232 = EDGE_LOOP('',(#2233,#2234,#2235,#2236));
#2233 = ORIENTED_EDGE('',*,*,#2200,.F.);
#2234 = ORIENTED_EDGE('',*,*,#1118,.T.);
#2235 = ORIENTED_EDGE('',*,*,#1618,.T.);
#2236 = ORIENTED_EDGE('',*,*,#2237,.F.);
#2237 = EDGE_CURVE('',#2201,#1610,#2238,.T.);
#2238 = LINE('',#2239,#2240);
#2239 = CARTESIAN_POINT('',(5.28,9.88,-1.209951037558E-15));
#2240 = VECTOR('',#2241,1.);
#2241 = DIRECTION('',(0.,-1.224646799147E-16,-1.));
#2242 = PLANE('',#2243);
#2243 = AXIS2_PLACEMENT_3D('',#2244,#2245,#2246);
#2244 = CARTESIAN_POINT('',(5.28,13.48,-1.650823885251E-15));
#2245 = DIRECTION('',(-1.,-0.,0.));
#2246 = DIRECTION('',(0.,-1.,1.224646799147E-16));
#2247 = ADVANCED_FACE('',(#2248),#2283,.F.);
#2248 = FACE_BOUND('',#2249,.F.);
#2249 = EDGE_LOOP('',(#2250,#2258,#2259,#2260,#2268,#2275,#2276));
#2250 = ORIENTED_EDGE('',*,*,#2251,.F.);
#2251 = EDGE_CURVE('',#1223,#2252,#2254,.T.);
#2252 = VERTEX_POINT('',#2253);
#2253 = CARTESIAN_POINT('',(-5.28,-9.88,-1.1));
#2254 = LINE('',#2255,#2256);
#2255 = CARTESIAN_POINT('',(-5.28,-13.48,-1.1));
#2256 = VECTOR('',#2257,1.);
#2257 = DIRECTION('',(0.,1.,-1.224646799147E-16));
#2258 = ORIENTED_EDGE('',*,*,#1222,.T.);
#2259 = ORIENTED_EDGE('',*,*,#1148,.T.);
#2260 = ORIENTED_EDGE('',*,*,#2261,.T.);
#2261 = EDGE_CURVE('',#1151,#2262,#2264,.T.);
#2262 = VERTEX_POINT('',#2263);
#2263 = CARTESIAN_POINT('',(-6.68,-8.48,-1.1));
#2264 = LINE('',#2265,#2266);
#2265 = CARTESIAN_POINT('',(-10.28,-8.48,-1.1));
#2266 = VECTOR('',#2267,1.);
#2267 = DIRECTION('',(1.,0.,0.));
#2268 = ORIENTED_EDGE('',*,*,#2269,.T.);
#2269 = EDGE_CURVE('',#2262,#1931,#2270,.T.);
#2270 = CIRCLE('',#2271,1.4);
#2271 = AXIS2_PLACEMENT_3D('',#2272,#2273,#2274);
#2272 = CARTESIAN_POINT('',(-5.28,-8.48,-1.1));
#2273 = DIRECTION('',(0.,-1.224646799147E-16,-1.));
#2274 = DIRECTION('',(1.,0.,0.));
#2275 = ORIENTED_EDGE('',*,*,#1938,.T.);
#2276 = ORIENTED_EDGE('',*,*,#2277,.T.);
#2277 = EDGE_CURVE('',#1939,#2252,#2278,.T.);
#2278 = CIRCLE('',#2279,1.4);
#2279 = AXIS2_PLACEMENT_3D('',#2280,#2281,#2282);
#2280 = CARTESIAN_POINT('',(-5.28,-8.48,-1.1));
#2281 = DIRECTION('',(0.,-1.224646799147E-16,-1.));
#2282 = DIRECTION('',(1.,0.,0.));
#2283 = PLANE('',#2284);
#2284 = AXIS2_PLACEMENT_3D('',#2285,#2286,#2287);
#2285 = CARTESIAN_POINT('',(-7.7E-16,4.752888520938E-16,-1.1));
#2286 = DIRECTION('',(0.,-1.224646799147E-16,-1.));
#2287 = DIRECTION('',(1.,0.,0.));
#2288 = ADVANCED_FACE('',(#2289),#2307,.T.);
#2289 = FACE_BOUND('',#2290,.T.);
#2290 = EDGE_LOOP('',(#2291,#2299,#2300,#2301));
#2291 = ORIENTED_EDGE('',*,*,#2292,.F.);
#2292 = EDGE_CURVE('',#1183,#2293,#2295,.T.);
#2293 = VERTEX_POINT('',#2294);
#2294 = CARTESIAN_POINT('',(-6.68,-8.48,1.038500485677E-15));
#2295 = LINE('',#2296,#2297);
#2296 = CARTESIAN_POINT('',(-10.28,-8.48,1.038500485677E-15));
#2297 = VECTOR('',#2298,1.);
#2298 = DIRECTION('',(1.,0.,0.));
#2299 = ORIENTED_EDGE('',*,*,#1190,.T.);
#2300 = ORIENTED_EDGE('',*,*,#2261,.T.);
#2301 = ORIENTED_EDGE('',*,*,#2302,.F.);
#2302 = EDGE_CURVE('',#2293,#2262,#2303,.T.);
#2303 = LINE('',#2304,#2305);
#2304 = CARTESIAN_POINT('',(-6.68,-8.48,1.038500485677E-15));
#2305 = VECTOR('',#2306,1.);
#2306 = DIRECTION('',(0.,-1.224646799147E-16,-1.));
#2307 = PLANE('',#2308);
#2308 = AXIS2_PLACEMENT_3D('',#2309,#2310,#2311);
#2309 = CARTESIAN_POINT('',(-10.28,-8.48,1.038500485677E-15));
#2310 = DIRECTION('',(0.,-1.,1.224646799147E-16));
#2311 = DIRECTION('',(1.,0.,0.));
#2312 = ADVANCED_FACE('',(#2313),#2342,.F.);
#2313 = FACE_BOUND('',#2314,.F.);
#2314 = EDGE_LOOP('',(#2315,#2316,#2324,#2331,#2332,#2333,#2334,#2341));
#2315 = ORIENTED_EDGE('',*,*,#1182,.T.);
#2316 = ORIENTED_EDGE('',*,*,#2317,.T.);
#2317 = EDGE_CURVE('',#1175,#2318,#2320,.T.);
#2318 = VERTEX_POINT('',#2319);
#2319 = CARTESIAN_POINT('',(-6.68,8.48,-1.038500485677E-15));
#2320 = LINE('',#2321,#2322);
#2321 = CARTESIAN_POINT('',(-10.28,8.48,-1.038500485677E-15));
#2322 = VECTOR('',#2323,1.);
#2323 = DIRECTION('',(1.,0.,0.));
#2324 = ORIENTED_EDGE('',*,*,#2325,.F.);
#2325 = EDGE_CURVE('',#1822,#2318,#2326,.T.);
#2326 = CIRCLE('',#2327,1.4);
#2327 = AXIS2_PLACEMENT_3D('',#2328,#2329,#2330);
#2328 = CARTESIAN_POINT('',(-5.28,8.48,-1.038500485677E-15));
#2329 = DIRECTION('',(0.,-1.224646799147E-16,-1.));
#2330 = DIRECTION('',(1.,0.,0.));
#2331 = ORIENTED_EDGE('',*,*,#1819,.F.);
#2332 = ORIENTED_EDGE('',*,*,#1888,.T.);
#2333 = ORIENTED_EDGE('',*,*,#1921,.F.);
#2334 = ORIENTED_EDGE('',*,*,#2335,.F.);
#2335 = EDGE_CURVE('',#2293,#1922,#2336,.T.);
#2336 = CIRCLE('',#2337,1.4);
#2337 = AXIS2_PLACEMENT_3D('',#2338,#2339,#2340);
#2338 = CARTESIAN_POINT('',(-5.28,-8.48,1.038500485677E-15));
#2339 = DIRECTION('',(0.,-1.224646799147E-16,-1.));
#2340 = DIRECTION('',(1.,0.,0.));
#2341 = ORIENTED_EDGE('',*,*,#2292,.F.);
#2342 = PLANE('',#2343);
#2343 = AXIS2_PLACEMENT_3D('',#2344,#2345,#2346);
#2344 = CARTESIAN_POINT('',(0.,0.,0.));
#2345 = DIRECTION('',(0.,-1.224646799147E-16,-1.));
#2346 = DIRECTION('',(1.,0.,0.));
#2347 = ADVANCED_FACE('',(#2348),#2359,.F.);
#2348 = FACE_BOUND('',#2349,.F.);
#2349 = EDGE_LOOP('',(#2350,#2351,#2352,#2353));
#2350 = ORIENTED_EDGE('',*,*,#2317,.F.);
#2351 = ORIENTED_EDGE('',*,*,#1174,.T.);
#2352 = ORIENTED_EDGE('',*,*,#2160,.T.);
#2353 = ORIENTED_EDGE('',*,*,#2354,.F.);
#2354 = EDGE_CURVE('',#2318,#2152,#2355,.T.);
#2355 = LINE('',#2356,#2357);
#2356 = CARTESIAN_POINT('',(-6.68,8.48,-1.038500485677E-15));
#2357 = VECTOR('',#2358,1.);
#2358 = DIRECTION('',(0.,-1.224646799147E-16,-1.));
#2359 = PLANE('',#2360);
#2360 = AXIS2_PLACEMENT_3D('',#2361,#2362,#2363);
#2361 = CARTESIAN_POINT('',(-10.28,8.48,-1.038500485677E-15));
#2362 = DIRECTION('',(0.,-1.,1.224646799147E-16));
#2363 = DIRECTION('',(1.,0.,0.));
#2364 = ADVANCED_FACE('',(#2365),#2387,.F.);
#2365 = FACE_BOUND('',#2366,.F.);
#2366 = EDGE_LOOP('',(#2367,#2368,#2376,#2383,#2384,#2385,#2386));
#2367 = ORIENTED_EDGE('',*,*,#1204,.T.);
#2368 = ORIENTED_EDGE('',*,*,#2369,.T.);
#2369 = EDGE_CURVE('',#1207,#2370,#2372,.T.);
#2370 = VERTEX_POINT('',#2371);
#2371 = CARTESIAN_POINT('',(-5.28,-9.88,1.209951037558E-15));
#2372 = LINE('',#2373,#2374);
#2373 = CARTESIAN_POINT('',(-5.28,-13.48,1.650823885251E-15));
#2374 = VECTOR('',#2375,1.);
#2375 = DIRECTION('',(0.,1.,-1.224646799147E-16));
#2376 = ORIENTED_EDGE('',*,*,#2377,.F.);
#2377 = EDGE_CURVE('',#1905,#2370,#2378,.T.);
#2378 = CIRCLE('',#2379,1.4);
#2379 = AXIS2_PLACEMENT_3D('',#2380,#2381,#2382);
#2380 = CARTESIAN_POINT('',(-5.28,-8.48,1.038500485677E-15));
#2381 = DIRECTION('',(0.,-1.224646799147E-16,-1.));
#2382 = DIRECTION('',(1.,0.,0.));
#2383 = ORIENTED_EDGE('',*,*,#1902,.F.);
#2384 = ORIENTED_EDGE('',*,*,#1971,.T.);
#2385 = ORIENTED_EDGE('',*,*,#1988,.T.);
#2386 = ORIENTED_EDGE('',*,*,#1268,.F.);
#2387 = PLANE('',#2388);
#2388 = AXIS2_PLACEMENT_3D('',#2389,#2390,#2391);
#2389 = CARTESIAN_POINT('',(0.,0.,0.));
#2390 = DIRECTION('',(0.,-1.224646799147E-16,-1.));
#2391 = DIRECTION('',(1.,0.,0.));
#2392 = ADVANCED_FACE('',(#2393),#2404,.F.);
#2393 = FACE_BOUND('',#2394,.F.);
#2394 = EDGE_LOOP('',(#2395,#2396,#2397,#2398));
#2395 = ORIENTED_EDGE('',*,*,#2369,.F.);
#2396 = ORIENTED_EDGE('',*,*,#1230,.T.);
#2397 = ORIENTED_EDGE('',*,*,#2251,.T.);
#2398 = ORIENTED_EDGE('',*,*,#2399,.F.);
#2399 = EDGE_CURVE('',#2370,#2252,#2400,.T.);
#2400 = LINE('',#2401,#2402);
#2401 = CARTESIAN_POINT('',(-5.28,-9.88,1.209951037558E-15));
#2402 = VECTOR('',#2403,1.);
#2403 = DIRECTION('',(0.,-1.224646799147E-16,-1.));
#2404 = PLANE('',#2405);
#2405 = AXIS2_PLACEMENT_3D('',#2406,#2407,#2408);
#2406 = CARTESIAN_POINT('',(-5.28,-13.48,1.650823885251E-15));
#2407 = DIRECTION('',(1.,0.,0.));
#2408 = DIRECTION('',(0.,1.,-1.224646799147E-16));
#2409 = ADVANCED_FACE('',(#2410),#2416,.F.);
#2410 = FACE_BOUND('',#2411,.T.);
#2411 = EDGE_LOOP('',(#2412,#2413,#2414,#2415));
#2412 = ORIENTED_EDGE('',*,*,#2208,.F.);
#2413 = ORIENTED_EDGE('',*,*,#1781,.F.);
#2414 = ORIENTED_EDGE('',*,*,#1609,.T.);
#2415 = ORIENTED_EDGE('',*,*,#2237,.F.);
#2416 = CYLINDRICAL_SURFACE('',#2417,1.4);
#2417 = AXIS2_PLACEMENT_3D('',#2418,#2419,#2420);
#2418 = CARTESIAN_POINT('',(5.28,8.48,-1.038500485677E-15));
#2419 = DIRECTION('',(-0.,1.224646799147E-16,1.));
#2420 = DIRECTION('',(1.,0.,0.));
#2421 = ADVANCED_FACE('',(#2422),#2428,.F.);
#2422 = FACE_BOUND('',#2423,.T.);
#2423 = EDGE_LOOP('',(#2424,#2425,#2426,#2427));
#2424 = ORIENTED_EDGE('',*,*,#1693,.F.);
#2425 = ORIENTED_EDGE('',*,*,#1642,.T.);
#2426 = ORIENTED_EDGE('',*,*,#1591,.T.);
#2427 = ORIENTED_EDGE('',*,*,#1774,.T.);
#2428 = CYLINDRICAL_SURFACE('',#2429,1.4);
#2429 = AXIS2_PLACEMENT_3D('',#2430,#2431,#2432);
#2430 = CARTESIAN_POINT('',(5.28,8.48,-1.038500485677E-15));
#2431 = DIRECTION('',(-0.,1.224646799147E-16,1.));
#2432 = DIRECTION('',(1.,0.,0.));
#2433 = ADVANCED_FACE('',(#2434),#2440,.F.);
#2434 = FACE_BOUND('',#2435,.T.);
#2435 = EDGE_LOOP('',(#2436,#2437,#2438,#2439));
#2436 = ORIENTED_EDGE('',*,*,#2325,.F.);
#2437 = ORIENTED_EDGE('',*,*,#1864,.F.);
#2438 = ORIENTED_EDGE('',*,*,#2151,.T.);
#2439 = ORIENTED_EDGE('',*,*,#2354,.F.);
#2440 = CYLINDRICAL_SURFACE('',#2441,1.4);
#2441 = AXIS2_PLACEMENT_3D('',#2442,#2443,#2444);
#2442 = CARTESIAN_POINT('',(-5.28,8.48,-1.038500485677E-15));
#2443 = DIRECTION('',(-0.,1.224646799147E-16,1.));
#2444 = DIRECTION('',(1.,0.,0.));
#2445 = ADVANCED_FACE('',(#2446),#2452,.F.);
#2446 = FACE_BOUND('',#2447,.T.);
#2447 = EDGE_LOOP('',(#2448,#2449,#2450,#2451));
#2448 = ORIENTED_EDGE('',*,*,#2218,.F.);
#2449 = ORIENTED_EDGE('',*,*,#2185,.T.);
#2450 = ORIENTED_EDGE('',*,*,#2143,.T.);
#2451 = ORIENTED_EDGE('',*,*,#1847,.T.);
#2452 = CYLINDRICAL_SURFACE('',#2453,1.4);
#2453 = AXIS2_PLACEMENT_3D('',#2454,#2455,#2456);
#2454 = CARTESIAN_POINT('',(-5.28,8.48,-1.038500485677E-15));
#2455 = DIRECTION('',(-0.,1.224646799147E-16,1.));
#2456 = DIRECTION('',(1.,0.,0.));
#2457 = ADVANCED_FACE('',(#2458),#2464,.F.);
#2458 = FACE_BOUND('',#2459,.T.);
#2459 = EDGE_LOOP('',(#2460,#2461,#2462,#2463));
#2460 = ORIENTED_EDGE('',*,*,#2377,.F.);
#2461 = ORIENTED_EDGE('',*,*,#1947,.F.);
#2462 = ORIENTED_EDGE('',*,*,#2277,.T.);
#2463 = ORIENTED_EDGE('',*,*,#2399,.F.);
#2464 = CYLINDRICAL_SURFACE('',#2465,1.4);
#2465 = AXIS2_PLACEMENT_3D('',#2466,#2467,#2468);
#2466 = CARTESIAN_POINT('',(-5.28,-8.48,1.038500485677E-15));
#2467 = DIRECTION('',(-0.,1.224646799147E-16,1.));
#2468 = DIRECTION('',(1.,0.,0.));
#2469 = ADVANCED_FACE('',(#2470),#2476,.F.);
#2470 = FACE_BOUND('',#2471,.T.);
#2471 = EDGE_LOOP('',(#2472,#2473,#2474,#2475));
#2472 = ORIENTED_EDGE('',*,*,#2335,.F.);
#2473 = ORIENTED_EDGE('',*,*,#2302,.T.);
#2474 = ORIENTED_EDGE('',*,*,#2269,.T.);
#2475 = ORIENTED_EDGE('',*,*,#1930,.T.);
#2476 = CYLINDRICAL_SURFACE('',#2477,1.4);
#2477 = AXIS2_PLACEMENT_3D('',#2478,#2479,#2480);
#2478 = CARTESIAN_POINT('',(-5.28,-8.48,1.038500485677E-15));
#2479 = DIRECTION('',(-0.,1.224646799147E-16,1.));
#2480 = DIRECTION('',(1.,0.,0.));
#2481 = ( GEOMETRIC_REPRESENTATION_CONTEXT(3) 
GLOBAL_UNCERTAINTY_ASSIGNED_CONTEXT((#2485)) 
GLOBAL_UNIT_ASSIGNED_CONTEXT((#2482,#2483,#2484)) REPRESENTATION_CONTEXT
('Context #1','3D Context with UNIT and UNCERTAINTY') );
#2482 = ( LENGTH_UNIT() NAMED_UNIT(*) SI_UNIT(.MILLI.,.METRE.) );
#2483 = ( NAMED_UNIT(*) PLANE_ANGLE_UNIT() SI_UNIT($,.RADIAN.) );
#2484 = ( NAMED_UNIT(*) SI_UNIT($,.STERADIAN.) SOLID_ANGLE_UNIT() );
#2485 = UNCERTAINTY_MEASURE_WITH_UNIT(LENGTH_MEASURE(2.E-05),#2482,
  'distance_accuracy_value','confusion accuracy');
#2486 = PRODUCT_RELATED_PRODUCT_CATEGORY('part',$,(#7));
#2487 = MECHANICAL_DESIGN_GEOMETRIC_PRESENTATION_REPRESENTATION('',(
    #2488),#2481);
#2488 = STYLED_ITEM('color',(#2489),#15);
#2489 = PRESENTATION_STYLE_ASSIGNMENT((#2490,#2496));
#2490 = SURFACE_STYLE_USAGE(.BOTH.,#2491);
#2491 = SURFACE_SIDE_STYLE('',(#2492));
#2492 = SURFACE_STYLE_FILL_AREA(#2493);
#2493 = FILL_AREA_STYLE('',(#2494));
#2494 = FILL_AREA_STYLE_COLOUR('',#2495);
#2495 = COLOUR_RGB('',0.701960807317,0.666666687201,0.619607859787);
#2496 = CURVE_STYLE('',#2497,POSITIVE_LENGTH_MEASURE(0.1),#2498);
#2497 = DRAUGHTING_PRE_DEFINED_CURVE_FONT('continuous');
#2498 = COLOUR_RGB('',9.803921802644E-02,9.803921802644E-02,
  9.803921802644E-02);
ENDSEC;
END-ISO-10303-21;
