ISO-10303-21;
HEADER;
FILE_DESCRIPTION (( 'STEP AP214' ),
    '1' );
FILE_NAME ('DQ.STEP',
    '2023-06-15T16:44:34',
    ( '' ),
    ( '' ),
    'SwSTEP 2.0',
    'SolidWorks 2023',
    '' );
FILE_SCHEMA (( 'AUTOMOTIVE_DESIGN' ));
ENDSEC;

DATA;
#1 =( REPRESENTATION_RELATIONSHIP ('NONE','NONE', #5918, #3420 ) REPRESENTATION_RELATIONSHIP_WITH_TRANSFORMATION ( #3316 )SHAPE_REPRESENTATION_RELATIONSHIP( ) );
#2 = EDGE_CURVE ( 'NONE', #1877, #5225, #5490, .T. ) ;
#3 = DIRECTION ( 'NONE',  ( 1.000000000000000000, 1.225374105480419231E-16, 0.000000000000000000 ) ) ;
#4 = ORIENTED_EDGE ( 'NONE', *, *, #1203, .T. ) ;
#5 = VECTOR ( 'NONE', #5074, 39.37007874015748143 ) ;
#6 = ORIENTED_EDGE ( 'NONE', *, *, #332, .T. ) ;
#7 = EDGE_CURVE ( 'NONE', #2454, #4131, #844, .T. ) ;
#8 = LINE ( 'NONE', #6062, #5969 ) ;
#9 = SHAPE_REPRESENTATION ( 'PCP02F', ( #6377 ), #5945 ) ;
#10 = CIRCLE ( 'NONE', #232, 0.009999999999741732842 ) ;
#11 = CARTESIAN_POINT ( 'NONE',  ( -0.4556041193792663146, -0.09026844900065292276, -0.05000000000000000278 ) ) ;
#12 = VECTOR ( 'NONE', #2324, 39.37007874015748143 ) ;
#13 = CYLINDRICAL_SURFACE ( 'NONE', #6485, 0.005500000000000324074 ) ;
#14 = CARTESIAN_POINT ( 'NONE',  ( -0.5165000000000000702, -0.01749999999995177635, 0.01999999999999986511 ) ) ;
#15 = ORIENTED_EDGE ( 'NONE', *, *, #1682, .F. ) ;
#16 = VECTOR ( 'NONE', #2656, 39.37007874015748143 ) ;
#17 = CIRCLE ( 'NONE', #877, 0.01500000000000001159 ) ;
#18 = EDGE_CURVE ( 'NONE', #1372, #6343, #3067, .T. ) ;
#19 = ORIENTED_EDGE ( 'NONE', *, *, #5992, .T. ) ;
#20 = DIRECTION ( 'NONE',  ( -0.6002339999662872350, 0.000000000000000000, -0.7998244465409086734 ) ) ;
#21 = DIRECTION ( 'NONE',  ( -0.5002285139595029628, 0.000000000000000000, 0.8658934309843604460 ) ) ;
#22 = CYLINDRICAL_SURFACE ( 'NONE', #634, 0.009999999999741732842 ) ;
#23 = DIMENSIONAL_EXPONENTS ( 1.000000000000000000, 0.000000000000000000, 0.000000000000000000, 0.000000000000000000, 0.000000000000000000, 0.000000000000000000, 0.000000000000000000 ) ;
#24 = AXIS2_PLACEMENT_3D ( 'NONE', #3077, #5105, #942 ) ;
#25 = LINE ( 'NONE', #1021, #660 ) ;
#26 = CARTESIAN_POINT ( 'NONE',  ( 0.07799999999999999989, 0.07299999999999999545, -0.5469999999999998197 ) ) ;
#27 = AXIS2_PLACEMENT_3D ( 'NONE', #731, #2285, #769 ) ;
#28 = ORIENTED_EDGE ( 'NONE', *, *, #5305, .F. ) ;
#29 = CARTESIAN_POINT ( 'NONE',  ( -0.5124542162334920770, -0.01377419354836796443, -0.01999999999999983041 ) ) ;
#30 = CARTESIAN_POINT ( 'NONE',  ( -0.4506041193790127908, -0.01799999999995276212, 0.01999999999999995878 ) ) ;
#31 = CARTESIAN_POINT ( 'NONE',  ( -0.5799999999999998490, 0.06250000000000000000, -0.2374999999999999889 ) ) ;
#32 = FILL_AREA_STYLE ('',( #1563 ) ) ;
#33 = ORIENTED_EDGE ( 'NONE', *, *, #1935, .F. ) ;
#34 = CARTESIAN_POINT ( 'NONE',  ( 0.5830000000000002958, -0.03000000000000001624, -0.2104999999989114468 ) ) ;
#35 = EDGE_LOOP ( 'NONE', ( #2408, #4121, #1535, #1892, #4740, #6021, #3753, #6441, #6475, #177, #2102, #3460, #3701, #6060, #3685, #4302, #4452, #2035 ) ) ;
#36 = ORIENTED_EDGE ( 'NONE', *, *, #6486, .F. ) ;
#37 = ORIENTED_EDGE ( 'NONE', *, *, #4768, .F. ) ;
#38 = DIRECTION ( 'NONE',  ( -0.1273938600204659322, -0.9918522089651692353, -0.000000000000000000 ) ) ;
#39 = ADVANCED_FACE ( 'NONE', ( #3246 ), #1645, .F. ) ;
#40 = DIRECTION ( 'NONE',  ( 1.000000000000000000, -3.414809992168522193E-15, 4.268512490210652741E-16 ) ) ;
#41 = VERTEX_POINT ( 'NONE', #100 ) ;
#42 = CARTESIAN_POINT ( 'NONE',  ( 0.000000000000000000, 0.06250000000000000000, 0.000000000000000000 ) ) ;
#43 = ORIENTED_EDGE ( 'NONE', *, *, #5803, .F. ) ;
#44 = ORIENTED_EDGE ( 'NONE', *, *, #3469, .F. ) ;
#45 = CARTESIAN_POINT ( 'NONE',  ( -0.4842278421567752233, -0.04999999999999479861, -0.02316803846421163285 ) ) ;
#46 = ADVANCED_FACE ( 'NONE', ( #6227 ), #5267, .F. ) ;
#47 = EDGE_CURVE ( 'NONE', #4523, #872, #4299, .T. ) ;
#48 = CARTESIAN_POINT ( 'NONE',  ( -1.707404996040164512E-17, 0.2255000000000000893, -0.05749999999999988454 ) ) ;
#49 = DIRECTION ( 'NONE',  ( 0.000000000000000000, 0.000000000000000000, -1.000000000000000000 ) ) ;
#50 = CARTESIAN_POINT ( 'NONE',  ( -0.4554940759319748844, -0.04999999999999448635, -0.02488995655296195875 ) ) ;
#51 = DIRECTION ( 'NONE',  ( 1.000000000000000000, 0.000000000000000000, 0.000000000000000000 ) ) ;
#52 = ORIENTED_EDGE ( 'NONE', *, *, #6140, .F. ) ;
#53 = LINE ( 'NONE', #2954, #1932 ) ;
#54 = CARTESIAN_POINT ( 'NONE',  ( 0.5830000000000000737, 0.02999999999999999889, 0.2254999999999999505 ) ) ;
#55 = CARTESIAN_POINT ( 'NONE',  ( -0.4991794919243109918, 0.000000000000000000, 0.01999999999999987205 ) ) ;
#56 = CARTESIAN_POINT ( 'NONE',  ( -0.4521061247992919641, -0.04956487266128145608, 0.02150200542027907655 ) ) ;
#57 = ADVANCED_FACE ( 'NONE', ( #3139 ), #2140, .F. ) ;
#58 = DIRECTION ( 'NONE',  ( 0.9918522089651694573, -0.1273938600204643223, 0.000000000000000000 ) ) ;
#59 = ORIENTED_EDGE ( 'NONE', *, *, #5039, .T. ) ;
#60 = DIRECTION ( 'NONE',  ( -0.000000000000000000, 1.000000000000000000, 0.000000000000000000 ) ) ;
#61 = CARTESIAN_POINT ( 'NONE',  ( -0.2455811310141752246, 0.02900000000000000147, 0.06572980324970296995 ) ) ;
#62 = LINE ( 'NONE', #4511, #6403 ) ;
#63 = EDGE_CURVE ( 'NONE', #2222, #5259, #5167, .T. ) ;
#64 = EDGE_LOOP ( 'NONE', ( #252, #2910, #3249, #6151, #3399, #6555, #6170, #5874 ) ) ;
#65 = DIRECTION ( 'NONE',  ( -0.000000000000000000, 0.000000000000000000, 1.000000000000000000 ) ) ;
#66 = ORIENTED_EDGE ( 'NONE', *, *, #3700, .F. ) ;
#67 = ORIENTED_EDGE ( 'NONE', *, *, #5006, .T. ) ;
#68 = ORIENTED_EDGE ( 'NONE', *, *, #3119, .T. ) ;
#69 = DIRECTION ( 'NONE',  ( 0.000000000000000000, 0.000000000000000000, 1.000000000000000000 ) ) ;
#70 = LINE ( 'NONE', #2143, #3631 ) ;
#71 = DIRECTION ( 'NONE',  ( 0.000000000000000000, 0.000000000000000000, 1.000000000000000000 ) ) ;
#72 = CARTESIAN_POINT ( 'NONE',  ( -0.2835409975721842613, -0.02999999999999999542, -0.2254999999999999505 ) ) ;
#73 = ORIENTED_EDGE ( 'NONE', *, *, #2295, .T. ) ;
#74 = ORIENTED_EDGE ( 'NONE', *, *, #3803, .F. ) ;
#75 = DIRECTION ( 'NONE',  ( 0.000000000000000000, 0.000000000000000000, 1.000000000000000000 ) ) ;
#76 = DIRECTION ( 'NONE',  ( 1.997281400660895172E-17, 9.810210403992647147E-18, 1.000000000000000000 ) ) ;
#77 = DIRECTION ( 'NONE',  ( 0.000000000000000000, -1.000000000000000000, 0.000000000000000000 ) ) ;
#78 = DIRECTION ( 'NONE',  ( 0.000000000000000000, 0.000000000000000000, -1.000000000000000000 ) ) ;
#79 = EDGE_CURVE ( 'NONE', #4262, #2264, #2775, .T. ) ;
#80 = ADVANCED_FACE ( 'NONE', ( #3744 ), #5295, .F. ) ;
#81 = DIRECTION ( 'NONE',  ( 1.000000000000000000, 0.000000000000000000, 0.000000000000000000 ) ) ;
#82 = VERTEX_POINT ( 'NONE', #6335 ) ;
#83 = FACE_OUTER_BOUND ( 'NONE', #522, .T. ) ;
#84 = DIRECTION ( 'NONE',  ( -0.1651453473117420467, 0.000000000000000000, 0.9862692402489717791 ) ) ;
#85 = DIRECTION ( 'NONE',  ( -0.000000000000000000, -1.000000000000000000, -0.000000000000000000 ) ) ;
#86 = ADVANCED_FACE ( 'NONE', ( #631 ), #3679, .T. ) ;
#87 = CARTESIAN_POINT ( 'NONE',  ( 0.5950000000000000844, -0.06250000000000000000, -0.2224999999999998923 ) ) ;
#88 = CARTESIAN_POINT ( 'NONE',  ( -0.2769415185117811706, -0.01000000000000000715, -0.2055000000000000437 ) ) ;
#89 = EDGE_CURVE ( 'NONE', #4664, #1958, #1673, .T. ) ;
#90 = EDGE_LOOP ( 'NONE', ( #863, #1017, #1449, #2964 ) ) ;
#91 = LINE ( 'NONE', #5288, #1725 ) ;
#92 = CARTESIAN_POINT ( 'NONE',  ( -0.3559279799269051692, 0.02999999999999999889, 0.1386506756738059287 ) ) ;
#93 = EDGE_CURVE ( 'NONE', #4471, #5584, #2670, .T. ) ;
#94 = FACE_OUTER_BOUND ( 'NONE', #1122, .T. ) ;
#95 = DIRECTION ( 'NONE',  ( 1.000000000000000000, -0.000000000000000000, -0.000000000000000000 ) ) ;
#96 = ORIENTED_EDGE ( 'NONE', *, *, #6244, .T. ) ;
#97 = DIRECTION ( 'NONE',  ( 0.000000000000000000, 1.000000000000000000, 0.000000000000000000 ) ) ;
#98 = ORIENTED_EDGE ( 'NONE', *, *, #1682, .T. ) ;
#99 = ORIENTED_EDGE ( 'NONE', *, *, #1805, .T. ) ;
#100 = CARTESIAN_POINT ( 'NONE',  ( -0.1975811296288818852, 0.02999999999999999889, 0.1586384920406471166 ) ) ;
#101 = EDGE_CURVE ( 'NONE', #368, #3480, #143, .T. ) ;
#102 = CARTESIAN_POINT ( 'NONE',  ( -0.4370000000004461427, -0.03499999999999713757, -0.05000000000000000278 ) ) ;
#103 = CARTESIAN_POINT ( 'NONE',  ( -0.4841470622770054910, -0.08660238298873945695, -0.02323443287197744789 ) ) ;
#104 = CARTESIAN_POINT ( 'NONE',  ( -0.5679999999999998384, -0.02999999999999999889, -0.2104999999999999094 ) ) ;
#105 = VECTOR ( 'NONE', #4728, 39.37007874015748143 ) ;
#106 = CARTESIAN_POINT ( 'NONE',  ( 0.5572380199816715507, -0.009999999999999993269, -0.2048020693620695998 ) ) ;
#107 = ORIENTED_EDGE ( 'NONE', *, *, #6299, .F. ) ;
#108 = VERTEX_POINT ( 'NONE', #1238 ) ;
#109 = VECTOR ( 'NONE', #6350, 39.37007874015748143 ) ;
#110 = CARTESIAN_POINT ( 'NONE',  ( -0.5818847212314680606, -0.02999999999999999542, 0.2161759210759472138 ) ) ;
#111 = DIRECTION ( 'NONE',  ( -1.000000000000000444, 5.551115123125782702E-17, 9.860761315262647568E-32 ) ) ;
#112 = VECTOR ( 'NONE', #2359, 39.37007874015748143 ) ;
#113 = VECTOR ( 'NONE', #2690, 39.37007874015748143 ) ;
#114 = CARTESIAN_POINT ( 'NONE',  ( 0.5771071647537919791, -0.03000000000000000583, 0.2224206860142338427 ) ) ;
#115 = CIRCLE ( 'NONE', #2351, 0.01500000000000001159 ) ;
#116 = CARTESIAN_POINT ( 'NONE',  ( -0.4275811296288858365, 0.02999999999999999889, 0.1586384922640279860 ) ) ;
#117 = LINE ( 'NONE', #2159, #1830 ) ;
#118 = VECTOR ( 'NONE', #1070, 39.37007874015748143 ) ;
#119 = VERTEX_POINT ( 'NONE', #2179 ) ;
#120 = DIRECTION ( 'NONE',  ( 0.000000000000000000, 0.000000000000000000, 1.000000000000000000 ) ) ;
#121 = VECTOR ( 'NONE', #5610, 39.37007874015748143 ) ;
#122 = FACE_OUTER_BOUND ( 'NONE', #3973, .T. ) ;
#123 = CIRCLE ( 'NONE', #4463, 0.009999999999741732842 ) ;
#124 = CARTESIAN_POINT ( 'NONE',  ( -0.2575811314170221022, 0.02900000000000000147, 0.1586384912141360903 ) ) ;
#125 = EDGE_CURVE ( 'NONE', #6514, #2128, #3708, .T. ) ;
#126 = VECTOR ( 'NONE', #4502, 39.37007874015748854 ) ;
#127 = CARTESIAN_POINT ( 'NONE',  ( -0.4423215697206082653, -0.03499999999999714451, -0.01999999999999995878 ) ) ;
#128 = CARTESIAN_POINT ( 'NONE',  ( 0.5733034176296096796, -0.02999999999999997113, 0.2249603342803178641 ) ) ;
#129 = CIRCLE ( 'NONE', #6186, 0.01000000000000365007 ) ;
#130 = VECTOR ( 'NONE', #1461, 39.37007874015748143 ) ;
#131 = ORIENTED_EDGE ( 'NONE', *, *, #1211, .T. ) ;
#132 = CIRCLE ( 'NONE', #243, 0.02500000000000000486 ) ;
#133 = FACE_OUTER_BOUND ( 'NONE', #1944, .T. ) ;
#134 = CARTESIAN_POINT ( 'NONE',  ( -0.4128553390593274752, -0.6581268257145341805, 0.02499999999999990771 ) ) ;
#135 = EDGE_CURVE ( 'NONE', #4473, #4866, #2739, .T. ) ;
#136 = DIRECTION ( 'NONE',  ( -0.000000000000000000, -1.000000000000000000, -0.000000000000000000 ) ) ;
#137 = AXIS2_PLACEMENT_3D ( 'NONE', #3449, #1412, #5466 ) ;
#138 = CARTESIAN_POINT ( 'NONE',  ( -0.4369999999999999996, -0.09769904250363242726, -0.02000000000000001429 ) ) ;
#139 = DIRECTION ( 'NONE',  ( -0.000000000000000000, -0.000000000000000000, 1.000000000000000000 ) ) ;
#140 = VERTEX_POINT ( 'NONE', #2243 ) ;
#141 = ORIENTED_EDGE ( 'NONE', *, *, #2172, .T. ) ;
#142 = APPLICATION_CONTEXT ( 'automotive_design' ) ;
#143 = LINE ( 'NONE', #3641, #1716 ) ;
#144 = CARTESIAN_POINT ( 'NONE',  ( -0.3025811314170228639, 0.02999999999999999889, 0.03871159197184502465 ) ) ;
#145 = CARTESIAN_POINT ( 'NONE',  ( -0.4858967880688522256, -0.08683836378647537269, -0.02152902598496521727 ) ) ;
#146 = CARTESIAN_POINT ( 'NONE',  ( -0.2455811305979759829, 0.02999999999999999889, 0.09364342865847501141 ) ) ;
#147 = ORIENTED_EDGE ( 'NONE', *, *, #904, .T. ) ;
#148 = EDGE_CURVE ( 'NONE', #2145, #775, #4458, .T. ) ;
#149 = CARTESIAN_POINT ( 'NONE',  ( -0.5546019599457007176, -0.01000000000000000021, 0.2055000000000000437 ) ) ;
#150 = EDGE_LOOP ( 'NONE', ( #5771, #6363, #3229, #3775 ) ) ;
#151 = ORIENTED_EDGE ( 'NONE', *, *, #3927, .T. ) ;
#152 = ORIENTED_EDGE ( 'NONE', *, *, #5256, .F. ) ;
#153 = CARTESIAN_POINT ( 'NONE',  ( -0.3375811314170239497, 0.02900000000000000147, 0.03871159257497402972 ) ) ;
#154 = DIRECTION ( 'NONE',  ( 0.000000000000000000, 0.000000000000000000, 1.000000000000000000 ) ) ;
#155 = EDGE_CURVE ( 'NONE', #6541, #4416, #2769, .T. ) ;
#156 = DIRECTION ( 'NONE',  ( -5.694819116737377075E-16, 0.000000000000000000, -1.000000000000000000 ) ) ;
#157 = LINE ( 'NONE', #5809, #1824 ) ;
#158 = ORIENTED_EDGE ( 'NONE', *, *, #4195, .T. ) ;
#159 = DIRECTION ( 'NONE',  ( 1.000000000000000000, 0.000000000000000000, 0.000000000000000000 ) ) ;
#160 = LINE ( 'NONE', #6137, #2789 ) ;
#161 = CARTESIAN_POINT ( 'NONE',  ( -0.5529999999999999361, -0.01000000000000000021, -0.1955000000000000071 ) ) ;
#162 = FACE_BOUND ( 'NONE', #570, .T. ) ;
#163 = CARTESIAN_POINT ( 'NONE',  ( 0.5830000000000010729, -0.03000000000000000930, -0.1048628941893922500 ) ) ;
#164 = EDGE_LOOP ( 'NONE', ( #6466, #28, #6359, #5133 ) ) ;
#165 = DIRECTION ( 'NONE',  ( -0.000000000000000000, 0.000000000000000000, -1.000000000000000000 ) ) ;
#166 = PLANE ( 'NONE',  #4892 ) ;
#167 = CARTESIAN_POINT ( 'NONE',  ( -0.5775000000000001243, 0.07299999999999999545, -0.2949999999999998734 ) ) ;
#168 = LINE ( 'NONE', #798, #6157 ) ;
#169 = VERTEX_POINT ( 'NONE', #2284 ) ;
#170 = ADVANCED_FACE ( 'NONE', ( #1334 ), #3366, .F. ) ;
#171 = VERTEX_POINT ( 'NONE', #2930 ) ;
#172 = CARTESIAN_POINT ( 'NONE',  ( -0.4076143577289538800, -0.1286951426485974936, 0.02000000000000001776 ) ) ;
#173 = PLANE ( 'NONE',  #770 ) ;
#174 = LINE ( 'NONE', #771, #6178 ) ;
#175 = EDGE_LOOP ( 'NONE', ( #5475, #2019, #3969, #2489 ) ) ;
#176 = CARTESIAN_POINT ( 'NONE',  ( 0.5696560208638264955, -0.03000000000000000583, -0.2255000000000000615 ) ) ;
#177 = ORIENTED_EDGE ( 'NONE', *, *, #6323, .T. ) ;
#178 = ORIENTED_EDGE ( 'NONE', *, *, #6318, .F. ) ;
#179 = ORIENTED_EDGE ( 'NONE', *, *, #873, .F. ) ;
#180 = CARTESIAN_POINT ( 'NONE',  ( -0.5999999999999998668, 0.04000000000000000083, 0.2950000000000000400 ) ) ;
#181 = EDGE_CURVE ( 'NONE', #4196, #3553, #1647, .T. ) ;
#182 = DIRECTION ( 'NONE',  ( 1.000000000000000000, 0.000000000000000000, 0.000000000000000000 ) ) ;
#183 = CARTESIAN_POINT ( 'NONE',  ( -0.5999999999999998668, 0.04000000000000000083, 0.2950000000000000400 ) ) ;
#184 = DIRECTION ( 'NONE',  ( -0.000000000000000000, -1.000000000000000000, -0.000000000000000000 ) ) ;
#185 = DIRECTION ( 'NONE',  ( 0.5002285139595680219, 0.000000000000000000, -0.8658934309843226984 ) ) ;
#186 = VERTEX_POINT ( 'NONE', #1899 ) ;
#187 = DIRECTION ( 'NONE',  ( -0.9918522089651693463, 0.1273938600204659599, 0.000000000000000000 ) ) ;
#188 = EDGE_CURVE ( 'NONE', #3501, #3321, #4326, .T. ) ;
#189 = DIRECTION ( 'NONE',  ( -0.5000000000000178746, 0.000000000000000000, -0.8660254037844281605 ) ) ;
#190 = LINE ( 'NONE', #5285, #6302 ) ;
#191 = CARTESIAN_POINT ( 'NONE',  ( -0.5602608159514088637, -0.01000000000000000368, 0.2026953117497706791 ) ) ;
#192 = ORIENTED_EDGE ( 'NONE', *, *, #3063, .F. ) ;
#193 = CARTESIAN_POINT ( 'NONE',  ( -0.5679999999999998384, -0.02999999999999999889, 0.2254999999999999505 ) ) ;
#194 = CARTESIAN_POINT ( 'NONE',  ( -0.3075811296288818442, 0.02900000000000000147, 0.1586384921643468338 ) ) ;
#195 = LINE ( 'NONE', #1161, #5017 ) ;
#196 = CARTESIAN_POINT ( 'NONE',  ( -0.5680000000003078142, -0.03000000000000000583, -0.2254999999999999227 ) ) ;
#197 = ORIENTED_EDGE ( 'NONE', *, *, #6559, .T. ) ;
#198 = ORIENTED_EDGE ( 'NONE', *, *, #4943, .F. ) ;
#199 = DIRECTION ( 'NONE',  ( -0.000000000000000000, 1.000000000000000000, -0.000000000000000000 ) ) ;
#200 = CARTESIAN_POINT ( 'NONE',  ( -0.5679999999999998384, -0.02999999999999999889, 0.2254999999999999505 ) ) ;
#201 = DIRECTION ( 'NONE',  ( 1.000000000000000000, 0.000000000000000000, 0.000000000000000000 ) ) ;
#202 = EDGE_CURVE ( 'NONE', #2518, #2362, #3438, .T. ) ;
#203 = VERTEX_POINT ( 'NONE', #3301 ) ;
#204 = CARTESIAN_POINT ( 'NONE',  ( 0.4611262963504618728, -0.009999999999999998473, 0.2054999999999999605 ) ) ;
#205 = EDGE_LOOP ( 'NONE', ( #2812, #4311, #5244, #956 ) ) ;
#206 = ORIENTED_EDGE ( 'NONE', *, *, #208, .T. ) ;
#207 = ORIENTED_EDGE ( 'NONE', *, *, #576, .T. ) ;
#208 = EDGE_CURVE ( 'NONE', #4634, #2188, #4832, .T. ) ;
#209 = FACE_OUTER_BOUND ( 'NONE', #6107, .T. ) ;
#210 = CARTESIAN_POINT ( 'NONE',  ( 0.000000000000000000, 0.000000000000000000, 0.000000000000000000 ) ) ;
#211 = ADVANCED_FACE ( 'NONE', ( #4417 ), #6456, .T. ) ;
#212 = VECTOR ( 'NONE', #1454, 39.37007874015748143 ) ;
#213 = CYLINDRICAL_SURFACE ( 'NONE', #3230, 0.01000000000000365007 ) ;
#214 = DIRECTION ( 'NONE',  ( 1.000000000000000000, 3.414809992168522193E-15, 0.000000000000000000 ) ) ;
#215 = DIRECTION ( 'NONE',  ( 1.000000000000000000, 0.000000000000000000, 0.000000000000000000 ) ) ;
#216 = EDGE_LOOP ( 'NONE', ( #5145, #1568, #3826, #3117, #4305, #4488, #6135, #158 ) ) ;
#217 = VECTOR ( 'NONE', #5208, 39.37007874015748143 ) ;
#218 = FACE_OUTER_BOUND ( 'NONE', #5987, .T. ) ;
#219 = PLANE ( 'NONE',  #2772 ) ;
#220 = AXIS2_PLACEMENT_3D ( 'NONE', #3688, #5701, #1655 ) ;
#221 = VECTOR ( 'NONE', #3046, 39.37007874015748143 ) ;
#222 = CIRCLE ( 'NONE', #4261, 0.01600000000000011482 ) ;
#223 = LINE ( 'NONE', #4289, #5023 ) ;
#224 = AXIS2_PLACEMENT_3D ( 'NONE', #4012, #1560, #6144 ) ;
#225 = CARTESIAN_POINT ( 'NONE',  ( -0.5788662513398857845, -0.03000000000000001277, -0.2215505732488522173 ) ) ;
#226 = EDGE_CURVE ( 'NONE', #1849, #6514, #2809, .T. ) ;
#227 = CIRCLE ( 'NONE', #2149, 0.01500000000000001159 ) ;
#228 = ORIENTED_EDGE ( 'NONE', *, *, #4207, .T. ) ;
#229 = CARTESIAN_POINT ( 'NONE',  ( -0.5829999999999996296, -0.02999999999999998848, -0.2105000000114469472 ) ) ;
#230 = CARTESIAN_POINT ( 'NONE',  ( -0.5385692905699326349, 0.02900000000000000147, 0.1709264543384062252 ) ) ;
#231 = CIRCLE ( 'NONE', #3945, 0.01500000000000001159 ) ;
#232 = AXIS2_PLACEMENT_3D ( 'NONE', #1605, #4662, #40 ) ;
#233 = CARTESIAN_POINT ( 'NONE',  ( 0.000000000000000000, 0.02000000000000000042, 0.000000000000000000 ) ) ;
#234 = PRESENTATION_LAYER_ASSIGNMENT (  '', '', ( #4378 ) ) ;
#235 = PLANE ( 'NONE',  #3401 ) ;
#236 = EDGE_CURVE ( 'NONE', #6407, #6562, #5384, .T. ) ;
#237 = VECTOR ( 'NONE', #2292, 39.37007874015748854 ) ;
#238 = ORIENTED_EDGE ( 'NONE', *, *, #2893, .F. ) ;
#239 = VERTEX_POINT ( 'NONE', #2309 ) ;
#240 = VECTOR ( 'NONE', #4535, 39.37007874015748854 ) ;
#241 = DIRECTION ( 'NONE',  ( 0.000000000000000000, 0.000000000000000000, -1.000000000000000000 ) ) ;
#242 = CARTESIAN_POINT ( 'NONE',  ( 0.5400000000000000355, -0.06250000000000000000, 0.1975000000000000366 ) ) ;
#243 = AXIS2_PLACEMENT_3D ( 'NONE', #6498, #4551, #5963 ) ;
#244 = PRODUCT_DEFINITION_CONTEXT ( 'detailed design', #142, 'design' ) ;
#245 = DIRECTION ( 'NONE',  ( -2.134256319073185038E-15, 0.000000000000000000, -1.000000000000000000 ) ) ;
#246 = VECTOR ( 'NONE', #1083, 39.37007874015748143 ) ;
#247 = ORIENTED_EDGE ( 'NONE', *, *, #5341, .T. ) ;
#248 = CARTESIAN_POINT ( 'NONE',  ( -0.5050982457491223210, -0.007000000000209162694, -0.01999999999999983041 ) ) ;
#249 = EDGE_LOOP ( 'NONE', ( #3541, #1366, #1905, #3881 ) ) ;
#250 = CIRCLE ( 'NONE', #776, 0.02700000000000001357 ) ;
#251 = ORIENTED_EDGE ( 'NONE', *, *, #4868, .T. ) ;
#252 = ORIENTED_EDGE ( 'NONE', *, *, #5256, .T. ) ;
#253 = LINE ( 'NONE', #1342, #3644 ) ;
#254 = ADVANCED_BREP_SHAPE_REPRESENTATION ( '', ( #5788, #6377 ), #1707 ) ;
#255 = CONTEXT_DEPENDENT_SHAPE_REPRESENTATION ( #3414, #1880 ) ;
#256 = CARTESIAN_POINT ( 'NONE',  ( -0.4831511442851362248, -0.05345921320423948492, -0.02000000000000000042 ) ) ;
#257 = LINE ( 'NONE', #4669, #528 ) ;
#258 = ORIENTED_EDGE ( 'NONE', *, *, #1642, .T. ) ;
#259 = EDGE_CURVE ( 'NONE', #5189, #819, #6427, .T. ) ;
#260 = DIRECTION ( 'NONE',  ( 1.000000000000000000, 0.000000000000000000, 0.000000000000000000 ) ) ;
#261 = LINE ( 'NONE', #5312, #109 ) ;
#262 = CARTESIAN_POINT ( 'NONE',  ( -0.1995811308060771727, 0.02999999999999999889, 0.07968661587962796999 ) ) ;
#263 = CARTESIAN_POINT ( 'NONE',  ( -0.5572380199816721058, -0.009999999999999995004, 0.2048020693620702382 ) ) ;
#264 = ORIENTED_EDGE ( 'NONE', *, *, #5380, .T. ) ;
#265 = CARTESIAN_POINT ( 'NONE',  ( -0.4506041193790127908, -0.01799999999995276212, 0.01999999999999995878 ) ) ;
#266 = CARTESIAN_POINT ( 'NONE',  ( -0.2575811305979759935, 0.02900000000000000147, 0.09364342865847498365 ) ) ;
#267 = EDGE_CURVE ( 'NONE', #1063, #4079, #6053, .T. ) ;
#268 = CARTESIAN_POINT ( 'NONE',  ( -0.5465000000000000968, 0.07299999999999999545, -0.3349999999999999090 ) ) ;
#269 = LENGTH_MEASURE_WITH_UNIT ( LENGTH_MEASURE( 0.02539999999999999897 ), #3270 );
#270 = ORIENTED_EDGE ( 'NONE', *, *, #6276, .F. ) ;
#271 = DIRECTION ( 'NONE',  ( -0.000000000000000000, -1.000000000000000000, 0.000000000000000000 ) ) ;
#272 = CARTESIAN_POINT ( 'NONE',  ( -0.5045088790244278698, 0.001538461538448649031, -0.05000000000000000278 ) ) ;
#273 = EDGE_CURVE ( 'NONE', #6265, #5955, #5852, .T. ) ;
#274 = CARTESIAN_POINT ( 'NONE',  ( -0.2176504910141767168, 0.02900000000000000147, 0.06572980283375809418 ) ) ;
#275 = ORIENTED_EDGE ( 'NONE', *, *, #4527, .T. ) ;
#276 = CARTESIAN_POINT ( 'NONE',  ( -0.4464408609535127082, -0.05817429540478204208, 0.02000000000000000389 ) ) ;
#277 = EDGE_LOOP ( 'NONE', ( #5528, #3538, #2557, #2407 ) ) ;
#278 = ORIENTED_EDGE ( 'NONE', *, *, #1548, .T. ) ;
#279 = VERTEX_POINT ( 'NONE', #3900 ) ;
#280 = DIRECTION ( 'NONE',  ( -0.9918522089651692353, 0.1273938600204657656, 0.000000000000000000 ) ) ;
#281 = CARTESIAN_POINT ( 'NONE',  ( 0.5696560208718275398, -0.03000000000000000583, 0.2254999999988160642 ) ) ;
#282 = LINE ( 'NONE', #3319, #4038 ) ;
#283 = EDGE_LOOP ( 'NONE', ( #147, #6034, #3174 ) ) ;
#284 = CARTESIAN_POINT ( 'NONE',  ( -0.4858938752007072037, -0.04956487266128539737, 0.02150200542027965248 ) ) ;
#285 = DIRECTION ( 'NONE',  ( -1.000000000000000000, 0.000000000000000000, 5.694819116737623594E-16 ) ) ;
#286 = DIRECTION ( 'NONE',  ( 5.464970690590405400E-16, -7.019228317285238464E-17, 1.000000000000000000 ) ) ;
#287 = EDGE_CURVE ( 'NONE', #5348, #1016, #222, .T. ) ;
#288 = CARTESIAN_POINT ( 'NONE',  ( -0.4825059240680248940, -0.6581268257145341805, -0.02500000000000014364 ) ) ;
#289 = VERTEX_POINT ( 'NONE', #2400 ) ;
#290 = CARTESIAN_POINT ( 'NONE',  ( -0.5829999999999997407, 0.02999999999999999889, 0.2254999999999999505 ) ) ;
#291 = CARTESIAN_POINT ( 'NONE',  ( 0.01670141910365396942, 0.02999999999999999889, 0.03871178164914301084 ) ) ;
#292 = ADVANCED_FACE ( 'NONE', ( #6394 ), #1398, .T. ) ;
#293 = CARTESIAN_POINT ( 'NONE',  ( -0.4554940759319748844, -0.08299999999995276434, 0.02488995655296195875 ) ) ;
#294 = EDGE_CURVE ( 'NONE', #701, #5496, #800, .T. ) ;
#295 = EDGE_CURVE ( 'NONE', #5414, #387, #1306, .T. ) ;
#296 = ORIENTED_EDGE ( 'NONE', *, *, #1983, .T. ) ;
#297 = LINE ( 'NONE', #2335, #5420 ) ;
#298 = DIRECTION ( 'NONE',  ( 0.1651453473117645288, 0.000000000000000000, -0.9862692402489680044 ) ) ;
#299 = LINE ( 'NONE', #4394, #5120 ) ;
#300 = ORIENTED_EDGE ( 'NONE', *, *, #5016, .T. ) ;
#301 = CARTESIAN_POINT ( 'NONE',  ( 0.5630000000000001670, -0.01000000000000000021, -0.1631652724842145852 ) ) ;
#302 = EDGE_LOOP ( 'NONE', ( #1607, #5165, #468, #834 ) ) ;
#303 = EDGE_CURVE ( 'NONE', #3992, #1165, #297, .T. ) ;
#304 = ORIENTED_EDGE ( 'NONE', *, *, #5458, .T. ) ;
#305 = VERTEX_POINT ( 'NONE', #5889 ) ;
#306 = DIRECTION ( 'NONE',  ( 1.000000000000000000, 0.000000000000000000, 4.268512490210652741E-16 ) ) ;
#307 = ITEM_DEFINED_TRANSFORMATION ( 'NONE', 'NONE', #6383,  #6377 ) ;
#308 = LINE ( 'NONE', #4844, #347 ) ;
#309 = CYLINDRICAL_SURFACE ( 'NONE', #2669, 0.02500000000000009159 ) ;
#310 = EDGE_CURVE ( 'NONE', #4886, #2145, #3467, .T. ) ;
#311 = VERTEX_POINT ( 'NONE', #30 ) ;
#312 = CARTESIAN_POINT ( 'NONE',  ( -0.4873958806209868766, -0.04872286219708914928, 0.01999999999999995878 ) ) ;
#313 =( NAMED_UNIT ( * ) PLANE_ANGLE_UNIT ( ) SI_UNIT ( $, .RADIAN. ) );
#314 = AXIS2_PLACEMENT_3D ( 'NONE', #5155, #2624, #4647 ) ;
#315 = CARTESIAN_POINT ( 'NONE',  ( -0.4568780579794380903, -0.1001869710900484822, -0.05000000000000000278 ) ) ;
#316 = LINE ( 'NONE', #1862, #112 ) ;
#317 = CARTESIAN_POINT ( 'NONE',  ( -0.4991794919244595397, -0.04499999999973888776, 0.01999999999999995878 ) ) ;
#318 = VECTOR ( 'NONE', #3977, 39.37007874015748143 ) ;
#319 = ORIENTED_EDGE ( 'NONE', *, *, #6005, .F. ) ;
#320 = CARTESIAN_POINT ( 'NONE',  ( -0.5799999999999998490, 0.06250000000000000000, -0.2225000000000000033 ) ) ;
#321 = FACE_OUTER_BOUND ( 'NONE', #2637, .T. ) ;
#322 = DIRECTION ( 'NONE',  ( -0.000000000000000000, 0.000000000000000000, 1.000000000000000000 ) ) ;
#323 = VECTOR ( 'NONE', #3987, 39.37007874015748143 ) ;
#324 = EDGE_CURVE ( 'NONE', #1597, #1199, #115, .T. ) ;
#325 = VECTOR ( 'NONE', #2886, 39.37007874015748143 ) ;
#326 = DIRECTION ( 'NONE',  ( 1.501015381134210579E-16, 0.000000000000000000, -1.000000000000000000 ) ) ;
#327 = FACE_OUTER_BOUND ( 'NONE', #3216, .T. ) ;
#328 = AXIS2_PLACEMENT_3D ( 'NONE', #3287, #6242, #215 ) ;
#329 = AXIS2_PLACEMENT_3D ( 'NONE', #4082, #417, #6543 ) ;
#330 = ORIENTED_EDGE ( 'NONE', *, *, #4548, .T. ) ;
#331 = AXIS2_PLACEMENT_3D ( 'NONE', #5494, #1508, #503 ) ;
#332 = EDGE_CURVE ( 'NONE', #4116, #5728, #6017, .T. ) ;
#333 = CARTESIAN_POINT ( 'NONE',  ( 0.5675000000000001155, 0.02000000000000000042, 0.2104999999999999372 ) ) ;
#334 = EDGE_CURVE ( 'NONE', #5164, #6257, #2498, .T. ) ;
#335 = CARTESIAN_POINT ( 'NONE',  ( -0.2575811305979760490, 0.02900000000000000147, 0.06572980324970299770 ) ) ;
#336 = AXIS2_PLACEMENT_3D ( 'NONE', #520, #4622, #3672 ) ;
#337 = DIRECTION ( 'NONE',  ( 0.000000000000000000, 0.000000000000000000, -1.000000000000000000 ) ) ;
#338 = VECTOR ( 'NONE', #5780, 39.37007874015748143 ) ;
#339 = ORIENTED_EDGE ( 'NONE', *, *, #6323, .F. ) ;
#340 = CARTESIAN_POINT ( 'NONE',  ( 0.5830000000000001847, -0.03000000000000000583, 0.1751557465047204054 ) ) ;
#341 = VERTEX_POINT ( 'NONE', #489 ) ;
#342 = AXIS2_PLACEMENT_3D ( 'NONE', #2426, #3338, #5407 ) ;
#343 = VECTOR ( 'NONE', #3675, 39.37007874015748143 ) ;
#344 = ORIENTED_EDGE ( 'NONE', *, *, #4075, .F. ) ;
#345 = VERTEX_POINT ( 'NONE', #1055 ) ;
#346 = DIRECTION ( 'NONE',  ( 0.000000000000000000, 0.000000000000000000, -1.000000000000000000 ) ) ;
#347 = VECTOR ( 'NONE', #376, 39.37007874015748143 ) ;
#348 = EDGE_CURVE ( 'NONE', #4097, #3034, #3564, .T. ) ;
#349 = CARTESIAN_POINT ( 'NONE',  ( -0.5949999999999997513, -0.06250000000000000000, -0.2224999999999998923 ) ) ;
#350 = AXIS2_PLACEMENT_3D ( 'NONE', #3276, #2336, #5268 ) ;
#351 = DIRECTION ( 'NONE',  ( -0.7071067811865457964, 0.000000000000000000, 0.7071067811865493491 ) ) ;
#352 = ORIENTED_EDGE ( 'NONE', *, *, #5412, .F. ) ;
#353 = DIRECTION ( 'NONE',  ( 0.000000000000000000, -1.000000000000000000, 0.000000000000000000 ) ) ;
#354 = ADVANCED_FACE ( 'NONE', ( #3961 ), #3093, .F. ) ;
#355 = CARTESIAN_POINT ( 'NONE',  ( -0.4825059240680248940, -0.04999999999999447248, -0.02488995655296195875 ) ) ;
#356 = LINE ( 'NONE', #892, #1601 ) ;
#357 =( CONVERSION_BASED_UNIT ( 'INCH', #2887 ) LENGTH_UNIT ( ) NAMED_UNIT ( #4615 ) );
#358 = VERTEX_POINT ( 'NONE', #5988 ) ;
#359 = VERTEX_POINT ( 'NONE', #2600 ) ;
#360 = CARTESIAN_POINT ( 'NONE',  ( -0.5799999999999998490, 0.06250000000000000000, 0.2224999999999999756 ) ) ;
#361 = CARTESIAN_POINT ( 'NONE',  ( -0.4554940759319748844, -0.04999999999999448635, 0.007500000000001148977 ) ) ;
#362 = CARTESIAN_POINT ( 'NONE',  ( -0.1525811296288791252, 0.02999999999999999889, 0.06869331760892578853 ) ) ;
#363 = DIRECTION ( 'NONE',  ( 0.000000000000000000, 0.000000000000000000, -1.000000000000000000 ) ) ;
#364 = EDGE_LOOP ( 'NONE', ( #5749, #2503, #2147, #5785 ) ) ;
#365 = DIRECTION ( 'NONE',  ( 0.000000000000000000, 1.000000000000000000, 0.000000000000000000 ) ) ;
#366 = DIRECTION ( 'NONE',  ( 1.000000000000000000, 0.000000000000000000, -7.588466649067207516E-16 ) ) ;
#367 = CARTESIAN_POINT ( 'NONE',  ( -0.5400000000000000355, -0.06250000000000000000, -0.1974999999999999811 ) ) ;
#368 = VERTEX_POINT ( 'NONE', #2032 ) ;
#369 = EDGE_CURVE ( 'NONE', #3789, #2607, #4540, .T. ) ;
#370 = LINE ( 'NONE', #3930, #3856 ) ;
#371 = ORIENTED_EDGE ( 'NONE', *, *, #2299, .T. ) ;
#372 = ORIENTED_EDGE ( 'NONE', *, *, #525, .F. ) ;
#373 = ORIENTED_EDGE ( 'NONE', *, *, #6417, .F. ) ;
#374 = CARTESIAN_POINT ( 'NONE',  ( -0.5165000000000000702, -0.01749999999995177635, -0.01999999999999983041 ) ) ;
#375 = APPLICATION_PROTOCOL_DEFINITION ( 'draft international standard', 'automotive_design', 1998, #5913 ) ;
#376 = DIRECTION ( 'NONE',  ( -0.000000000000000000, 1.000000000000000000, -0.000000000000000000 ) ) ;
#377 = ADVANCED_FACE ( 'NONE', ( #5550 ), #958, .T. ) ;
#378 = DIRECTION ( 'NONE',  ( -1.219205179148354469E-15, -1.000000000000000000, 0.000000000000000000 ) ) ;
#379 = ORIENTED_EDGE ( 'NONE', *, *, #5425, .T. ) ;
#380 = EDGE_CURVE ( 'NONE', #1907, #6161, #3513, .T. ) ;
#381 = CARTESIAN_POINT ( 'NONE',  ( 0.5825000000000001288, 0.06250000000000000000, 0.2104999999999999372 ) ) ;
#382 = CARTESIAN_POINT ( 'NONE',  ( 0.000000000000000000, 0.000000000000000000, 0.000000000000000000 ) ) ;
#383 = CARTESIAN_POINT ( 'NONE',  ( -0.5050982457491223210, -0.01699999999995092936, 0.01999999999999986511 ) ) ;
#384 = LINE ( 'NONE', #288, #4792 ) ;
#385 = ORIENTED_EDGE ( 'NONE', *, *, #873, .T. ) ;
#386 = EDGE_CURVE ( 'NONE', #5648, #1877, #427, .T. ) ;
#387 = VERTEX_POINT ( 'NONE', #997 ) ;
#388 = DIRECTION ( 'NONE',  ( -0.5002285139595260555, 0.000000000000000000, 0.8658934309843472343 ) ) ;
#389 = CARTESIAN_POINT ( 'NONE',  ( -0.4825059240680248940, 0.000000000000000000, -0.02500000000000014364 ) ) ;
#390 = FACE_OUTER_BOUND ( 'NONE', #2591, .T. ) ;
#391 = CARTESIAN_POINT ( 'NONE',  ( -0.4922126825129888861, -0.09154780028929483671, -0.05000000000000000278 ) ) ;
#392 = VERTEX_POINT ( 'NONE', #1027 ) ;
#393 = CARTESIAN_POINT ( 'NONE',  ( -0.4370000000004461427, -0.09769904250357187847, -0.05000000000000000278 ) ) ;
#394 = CARTESIAN_POINT ( 'NONE',  ( -0.5674999999999998934, 0.02000000000000000042, -0.2255000000000000338 ) ) ;
#395 = CARTESIAN_POINT ( 'NONE',  ( -0.4472988796684241875, -0.09731654553263814622, 0.02000000000000000736 ) ) ;
#396 =( BOUNDED_SURFACE ( )  B_SPLINE_SURFACE ( 3, 1, ( 
 ( #3417, #2357 ),
 ( #4874, #5442 ),
 ( #6351, #4343 ),
 ( #2418, #262 ) ),
 .UNSPECIFIED., .F., .F., .F. ) 
 B_SPLINE_SURFACE_WITH_KNOTS ( ( 4, 4 ),
 ( 2, 2 ),
 ( 0.000000000000000000, 1.000000000000000000 ),
 ( 0.000000000000000000, 1.000000000000000000 ),
 .UNSPECIFIED. ) 
 GEOMETRIC_REPRESENTATION_ITEM ( )  RATIONAL_B_SPLINE_SURFACE ( (
 ( 1.000000000000000000, 1.000000000000000000),
 ( 0.8047378576366162051, 0.8047378576366162051),
 ( 0.8047378576366162051, 0.8047378576366162051),
 ( 1.000000000000000000, 1.000000000000000000) ) ) 
 REPRESENTATION_ITEM ( '' )  SURFACE ( )  );
#397 = VERTEX_POINT ( 'NONE', #1967 ) ;
#398 = LINE ( 'NONE', #2963, #5866 ) ;
#399 = ORIENTED_EDGE ( 'NONE', *, *, #3658, .T. ) ;
#400 = VERTEX_POINT ( 'NONE', #1934 ) ;
#401 = EDGE_LOOP ( 'NONE', ( #6128, #2379, #4317, #3479, #4039, #571, #207, #1322, #2717, #2104, #479, #2112, #379, #6334 ) ) ;
#402 = CARTESIAN_POINT ( 'NONE',  ( -0.1525811296288801244, 0.02900000000000000147, 0.1286567672300730492 ) ) ;
#403 = EDGE_CURVE ( 'NONE', #345, #1543, #3202, .T. ) ;
#404 = DIRECTION ( 'NONE',  ( -0.8658934309843604460, 0.000000000000000000, -0.5002285139595029628 ) ) ;
#405 = ORIENTED_EDGE ( 'NONE', *, *, #3385, .T. ) ;
#406 = ORIENTED_EDGE ( 'NONE', *, *, #1802, .F. ) ;
#407 = EDGE_CURVE ( 'NONE', #4071, #6105, #1428, .T. ) ;
#408 = PLANE ( 'NONE',  #3001 ) ;
#409 = EDGE_CURVE ( 'NONE', #3281, #4886, #5634, .T. ) ;
#410 = SHAPE_REPRESENTATION_RELATIONSHIP ( 'NONE' , 'NONE' ,  #3420, #2249 ) ;
#411 = CARTESIAN_POINT ( 'NONE',  ( -0.3375811314170239497, 0.02900000000000000147, 0.03871159257497402972 ) ) ;
#412 = CARTESIAN_POINT ( 'NONE',  ( -0.4369999999999999996, -0.04499999999995277916, -0.05000000000000000278 ) ) ;
#413 = FILL_AREA_STYLE_COLOUR ( '', #1175 ) ;
#414 = EDGE_LOOP ( 'NONE', ( #2041, #3706, #987, #6058 ) ) ;
#415 = VERTEX_POINT ( 'NONE', #6549 ) ;
#416 = DIRECTION ( 'NONE',  ( -0.2426747430483657819, 0.000000000000000000, 0.9701077100437917045 ) ) ;
#417 = DIRECTION ( 'NONE',  ( 2.451386439650087465E-16, 0.000000000000000000, -1.000000000000000000 ) ) ;
#418 = PLANE ( 'NONE',  #1196 ) ;
#419 = ADVANCED_FACE ( 'NONE', ( #1996 ), #4013, .T. ) ;
#420 = STYLED_ITEM ( 'NONE', ( #5757 ), #3509 ) ;
#421 = LINE ( 'NONE', #2928, #3933 ) ;
#422 = ORIENTED_EDGE ( 'NONE', *, *, #3331, .T. ) ;
#423 = FACE_BOUND ( 'NONE', #64, .T. ) ;
#424 = CARTESIAN_POINT ( 'NONE',  ( -0.4370000000004461427, -0.09769904250357187847, -0.02000000000000001429 ) ) ;
#425 = VECTOR ( 'NONE', #1419, 39.37007874015748143 ) ;
#426 = FACE_OUTER_BOUND ( 'NONE', #5612, .T. ) ;
#427 = CIRCLE ( 'NONE', #1926, 0.01500000000000001159 ) ;
#428 = EDGE_CURVE ( 'NONE', #775, #1500, #519, .T. ) ;
#429 = ORIENTED_EDGE ( 'NONE', *, *, #5102, .F. ) ;
#430 = VECTOR ( 'NONE', #635, 39.37007874015748143 ) ;
#431 = DIRECTION ( 'NONE',  ( -0.000000000000000000, 1.000000000000000000, -0.000000000000000000 ) ) ;
#432 = VERTEX_POINT ( 'NONE', #1561 ) ;
#433 = ORIENTED_EDGE ( 'NONE', *, *, #5262, .T. ) ;
#434 = VECTOR ( 'NONE', #3794, 39.37007874015748854 ) ;
#436 = ORIENTED_EDGE ( 'NONE', *, *, #4040, .T. ) ;
#435 = AXIS2_PLACEMENT_3D ( 'NONE', #4827, #2305, #4319 ) ;
#437 = DIRECTION ( 'NONE',  ( 1.000000000000000000, 0.000000000000000000, 0.000000000000000000 ) ) ;
#438 = AXIS2_PLACEMENT_3D ( 'NONE', #3323, #6416, #5840 ) ;
#439 = VECTOR ( 'NONE', #1240, 39.37007874015748854 ) ;
#440 = CARTESIAN_POINT ( 'NONE',  ( -0.6075000000000000400, 0.07299999999999999545, 0.1600000000000000588 ) ) ;
#441 = ORIENTED_EDGE ( 'NONE', *, *, #1466, .F. ) ;
#442 = VECTOR ( 'NONE', #4461, 39.37007874015748143 ) ;
#443 = ORIENTED_EDGE ( 'NONE', *, *, #1362, .T. ) ;
#444 = CARTESIAN_POINT ( 'NONE',  ( -0.5824999999999999067, 0.02000000000000000042, 0.2254999999999999505 ) ) ;
#445 = AXIS2_PLACEMENT_3D ( 'NONE', #1235, #3829, #2765 ) ;
#446 =( CONVERSION_BASED_UNIT ( 'INCH', #2975 ) LENGTH_UNIT ( ) NAMED_UNIT ( #581 ) );
#447 = VECTOR ( 'NONE', #69, 39.37007874015748143 ) ;
#448 = DIRECTION ( 'NONE',  ( 1.000000000000000000, 1.225374105480419231E-16, 0.000000000000000000 ) ) ;
#449 = CARTESIAN_POINT ( 'NONE',  ( -0.5165000000000000702, -0.01749999999995177635, -0.05000000000000000278 ) ) ;
#450 = VECTOR ( 'NONE', #545, 39.37007874015748143 ) ;
#451 = EDGE_CURVE ( 'NONE', #939, #5034, #3090, .T. ) ;
#452 = EDGE_CURVE ( 'NONE', #630, #3006, #2673, .T. ) ;
#453 = DIRECTION ( 'NONE',  ( 1.000000000000000000, 0.000000000000000000, 0.000000000000000000 ) ) ;
#454 = ORIENTED_EDGE ( 'NONE', *, *, #2615, .F. ) ;
#455 = ORIENTED_EDGE ( 'NONE', *, *, #6299, .T. ) ;
#456 = PLANE ( 'NONE',  #2263 ) ;
#457 = LINE ( 'NONE', #1925, #1831 ) ;
#458 = LINE ( 'NONE', #2025, #4698 ) ;
#459 = CARTESIAN_POINT ( 'NONE',  ( -0.5572380199816717727, -0.01000000000000001756, -0.2048020693620698773 ) ) ;
#460 = ORIENTED_EDGE ( 'NONE', *, *, #4768, .T. ) ;
#461 = LINE ( 'NONE', #6115, #2036 ) ;
#462 = CARTESIAN_POINT ( 'NONE',  ( -0.5799999999999998490, 0.06250000000000000000, -0.2374999999999999889 ) ) ;
#463 = ADVANCED_FACE ( 'NONE', ( #2661 ), #166, .F. ) ;
#464 = DIRECTION ( 'NONE',  ( -1.000000000000000000, 0.000000000000000000, 0.000000000000000000 ) ) ;
#465 = ORIENTED_EDGE ( 'NONE', *, *, #4427, .T. ) ;
#466 = DIRECTION ( 'NONE',  ( 0.7071067811865460184, 0.000000000000000000, -0.7071067811865491270 ) ) ;
#467 = ORIENTED_EDGE ( 'NONE', *, *, #4023, .F. ) ;
#468 = ORIENTED_EDGE ( 'NONE', *, *, #1525, .F. ) ;
#469 = ORIENTED_EDGE ( 'NONE', *, *, #5702, .T. ) ;
#470 = ADVANCED_FACE ( 'NONE', ( #5651 ), #5191, .T. ) ;
#471 = LINE ( 'NONE', #102, #982 ) ;
#472 = DIRECTION ( 'NONE',  ( -0.000000000000000000, -1.000000000000000000, -0.000000000000000000 ) ) ;
#473 = EDGE_LOOP ( 'NONE', ( #497, #888, #1216, #680, #2169, #406, #1346, #5698 ) ) ;
#474 = ORIENTED_EDGE ( 'NONE', *, *, #334, .T. ) ;
#475 = DIRECTION ( 'NONE',  ( 0.000000000000000000, -0.000000000000000000, 1.000000000000000000 ) ) ;
#476 = LINE ( 'NONE', #5004, #558 ) ;
#477 = DIRECTION ( 'NONE',  ( 0.000000000000000000, 0.000000000000000000, 1.000000000000000000 ) ) ;
#478 = CARTESIAN_POINT ( 'NONE',  ( -0.4825059240680248940, -0.08299999999995276434, -0.02488995655296195875 ) ) ;
#479 = ORIENTED_EDGE ( 'NONE', *, *, #6356, .T. ) ;
#480 = VERTEX_POINT ( 'NONE', #3671 ) ;
#481 = CARTESIAN_POINT ( 'NONE',  ( -0.4825059240680268369, -0.04000000000025272923, -0.01999999999999995878 ) ) ;
#482 = CARTESIAN_POINT ( 'NONE',  ( -0.5679999999999998384, -0.02999999999999999889, 0.2104999999999999372 ) ) ;
#483 = EDGE_CURVE ( 'NONE', #5772, #2004, #624, .T. ) ;
#484 = CARTESIAN_POINT ( 'NONE',  ( -0.2455811305979759829, 0.02999999999999999889, 0.09364342865847601061 ) ) ;
#485 = CARTESIAN_POINT ( 'NONE',  ( -0.4556041193792663146, -0.09026844900065292276, 0.007500000000000005794 ) ) ;
#486 = VERTEX_POINT ( 'NONE', #1101 ) ;
#487 = EDGE_CURVE ( 'NONE', #578, #5339, #3267, .T. ) ;
#488 = CARTESIAN_POINT ( 'NONE',  ( 0.5550000000000000488, 0.02000000000000000042, 0.1825000000000000233 ) ) ;
#489 = CARTESIAN_POINT ( 'NONE',  ( -0.2575811305979759935, 0.02999999999999999889, 0.09364342865847498365 ) ) ;
#490 = ADVANCED_FACE ( 'NONE', ( #1232 ), #726, .F. ) ;
#491 = LINE ( 'NONE', #5128, #5230 ) ;
#492 = CARTESIAN_POINT ( 'NONE',  ( 0.5530000000000000471, -0.01000000000000000021, -0.2054999999999999882 ) ) ;
#493 = VERTEX_POINT ( 'NONE', #595 ) ;
#494 = EDGE_CURVE ( 'NONE', #4425, #6314, #1636, .T. ) ;
#495 = FACE_OUTER_BOUND ( 'NONE', #5303, .T. ) ;
#496 = ORIENTED_EDGE ( 'NONE', *, *, #1993, .T. ) ;
#497 = ORIENTED_EDGE ( 'NONE', *, *, #5082, .F. ) ;
#498 = DIRECTION ( 'NONE',  ( 0.000000000000000000, 1.000000000000000000, -0.000000000000000000 ) ) ;
#499 = DIRECTION ( 'NONE',  ( 0.000000000000000000, 0.000000000000000000, 1.000000000000000000 ) ) ;
#500 = LINE ( 'NONE', #5620, #6500 ) ;
#501 = ORIENTED_EDGE ( 'NONE', *, *, #4231, .F. ) ;
#502 = EDGE_CURVE ( 'NONE', #1364, #1709, #2171, .T. ) ;
#503 = DIRECTION ( 'NONE',  ( -0.9918522089651700124, 0.1273938600204611582, 0.000000000000000000 ) ) ;
#504 = EDGE_LOOP ( 'NONE', ( #2700, #1903, #3192, #251, #3080, #206, #4391, #59, #2018, #3880, #1435 ) ) ;
#505 = ORIENTED_EDGE ( 'NONE', *, *, #4491, .F. ) ;
#506 = DIRECTION ( 'NONE',  ( -5.515619489212686812E-16, 0.000000000000000000, 1.000000000000000000 ) ) ;
#507 = CARTESIAN_POINT ( 'NONE',  ( 0.01745051803667698256, 0.02900000000000000147, 0.1586384911471201420 ) ) ;
#508 = LINE ( 'NONE', #2119, #847 ) ;
#509 = DIRECTION ( 'NONE',  ( 1.000000000000000000, 0.000000000000000000, 0.000000000000000000 ) ) ;
#510 = VERTEX_POINT ( 'NONE', #2702 ) ;
#511 = ORIENTED_EDGE ( 'NONE', *, *, #2370, .F. ) ;
#512 = CARTESIAN_POINT ( 'NONE',  ( -0.1075811293568539745, 0.02900000000000000147, 0.05695609404474907128 ) ) ;
#513 = DIRECTION ( 'NONE',  ( 1.000000000000000000, 0.000000000000000000, -0.000000000000000000 ) ) ;
#514 = CARTESIAN_POINT ( 'NONE',  ( -0.1075811293568539745, 0.02999999999999999889, 0.05695609404474907128 ) ) ;
#515 = LINE ( 'NONE', #3524, #2663 ) ;
#516 = EDGE_CURVE ( 'NONE', #1781, #4072, #3239, .T. ) ;
#517 = ORIENTED_EDGE ( 'NONE', *, *, #407, .F. ) ;
#518 = DIRECTION ( 'NONE',  ( 0.000000000000000000, 0.000000000000000000, -1.000000000000000000 ) ) ;
#519 = LINE ( 'NONE', #2559, #855 ) ;
#520 = CARTESIAN_POINT ( 'NONE',  ( 0.5680000000000000604, -0.02999999999999999889, -0.2105000000000000204 ) ) ;
#521 = DIRECTION ( 'NONE',  ( -0.000000000000000000, -1.000000000000000000, 0.000000000000000000 ) ) ;
#522 = EDGE_LOOP ( 'NONE', ( #5397, #2899, #4069, #1107 ) ) ;
#523 = CARTESIAN_POINT ( 'NONE',  ( -0.4369999999999999996, -0.04499999999995277916, -0.01999999999999995878 ) ) ;
#524 = EDGE_LOOP ( 'NONE', ( #5030, #2436, #4530, #5864 ) ) ;
#525 = EDGE_CURVE ( 'NONE', #4600, #2393, #5261, .T. ) ;
#526 = ADVANCED_FACE ( 'NONE', ( #6253 ), #2098, .T. ) ;
#527 = VERTEX_POINT ( 'NONE', #1668 ) ;
#528 = VECTOR ( 'NONE', #2753, 39.37007874015748143 ) ;
#529 = ORIENTED_EDGE ( 'NONE', *, *, #5262, .F. ) ;
#530 = PLANE ( 'NONE',  #5020 ) ;
#531 = AXIS2_PLACEMENT_3D ( 'NONE', #2617, #5733, #4134 ) ;
#532 = AXIS2_PLACEMENT_3D ( 'NONE', #317, #4470, #3386 ) ;
#533 = VECTOR ( 'NONE', #4191, 39.37007874015748143 ) ;
#534 = CARTESIAN_POINT ( 'NONE',  ( -0.4554940759319748844, -0.08299999999995276434, 0.007500000000001148977 ) ) ;
#535 = VECTOR ( 'NONE', #5144, 39.37007874015748143 ) ;
#536 = FACE_OUTER_BOUND ( 'NONE', #4912, .T. ) ;
#537 = ORIENTED_EDGE ( 'NONE', *, *, #2302, .T. ) ;
#538 = VECTOR ( 'NONE', #2329, 39.37007874015748143 ) ;
#539 = ORIENTED_EDGE ( 'NONE', *, *, #3147, .F. ) ;
#540 = AXIS2_PLACEMENT_3D ( 'NONE', #5013, #947, #2549 ) ;
#541 = CARTESIAN_POINT ( 'NONE',  ( -0.4873958806209868766, -0.04872286219708917704, -0.01999999999999995878 ) ) ;
#542 = ADVANCED_FACE ( 'NONE', ( #2130 ), #1160, .F. ) ;
#543 =( NAMED_UNIT ( * ) SI_UNIT ( $, .STERADIAN. ) SOLID_ANGLE_UNIT ( ) );
#544 = AXIS2_PLACEMENT_3D ( 'NONE', #3597, #6044, #4014 ) ;
#545 = DIRECTION ( 'NONE',  ( -1.000000000000000000, -0.000000000000000000, -0.000000000000000000 ) ) ;
#546 = VECTOR ( 'NONE', #2817, 39.37007874015748143 ) ;
#547 = DIRECTION ( 'NONE',  ( -1.501015381134210579E-16, 0.000000000000000000, -1.000000000000000000 ) ) ;
#548 = CARTESIAN_POINT ( 'NONE',  ( 0.09400000000000001410, 0.07299999999999999545, -0.5629999999999999449 ) ) ;
#549 = ORIENTED_EDGE ( 'NONE', *, *, #1444, .F. ) ;
#550 = AXIS2_PLACEMENT_3D ( 'NONE', #4678, #6176, #1228 ) ;
#551 = AXIS2_PLACEMENT_3D ( 'NONE', #14, #3020, #2515 ) ;
#552 = ORIENTED_EDGE ( 'NONE', *, *, #5989, .T. ) ;
#553 = DIRECTION ( 'NONE',  ( 0.7998244465409087844, 0.000000000000000000, -0.6002339999662873460 ) ) ;
#554 = DIRECTION ( 'NONE',  ( -0.000000000000000000, 0.000000000000000000, 1.000000000000000000 ) ) ;
#555 = ADVANCED_FACE ( 'NONE', ( #4118 ), #1739, .F. ) ;
#556 = CARTESIAN_POINT ( 'NONE',  ( -0.4554940759319748844, -0.08299999999995276434, 0.02488995655296195875 ) ) ;
#557 = VECTOR ( 'NONE', #1748, 39.37007874015748143 ) ;
#558 = VECTOR ( 'NONE', #5038, 39.37007874015748854 ) ;
#559 = DIRECTION ( 'NONE',  ( -0.000000000000000000, -0.000000000000000000, -1.000000000000000000 ) ) ;
#560 = DIRECTION ( 'NONE',  ( 0.000000000000000000, 0.000000000000000000, 1.000000000000000000 ) ) ;
#561 = VECTOR ( 'NONE', #2321, 39.37007874015748143 ) ;
#562 = ORIENTED_EDGE ( 'NONE', *, *, #3728, .T. ) ;
#563 = DIRECTION ( 'NONE',  ( 0.000000000000000000, 1.000000000000000000, 0.000000000000000000 ) ) ;
#564 = DIRECTION ( 'NONE',  ( 1.000000000000000000, 0.000000000000000000, 0.000000000000000000 ) ) ;
#565 = CARTESIAN_POINT ( 'NONE',  ( -0.02829909836920500507, 0.02900000000000000147, 0.03871159124537800617 ) ) ;
#566 = DIRECTION ( 'NONE',  ( -0.1273938600204659322, -0.9918522089651692353, -0.000000000000000000 ) ) ;
#567 = ORIENTED_EDGE ( 'NONE', *, *, #2003, .T. ) ;
#568 = LINE ( 'NONE', #1640, #343 ) ;
#569 = VERTEX_POINT ( 'NONE', #3629 ) ;
#570 = EDGE_LOOP ( 'NONE', ( #1602, #74, #4982 ) ) ;
#571 = ORIENTED_EDGE ( 'NONE', *, *, #5783, .T. ) ;
#572 = LINE ( 'NONE', #144, #2477 ) ;
#573 = UNCERTAINTY_MEASURE_WITH_UNIT (LENGTH_MEASURE( 1.000000000000000082E-05 ), #4335, 'distance_accuracy_value', 'NONE');
#574 = DIRECTION ( 'NONE',  ( 0.000000000000000000, 0.000000000000000000, -1.000000000000000000 ) ) ;
#575 = DIRECTION ( 'NONE',  ( 0.9918522089651693463, -0.1273938600204659599, 0.000000000000000000 ) ) ;
#576 = EDGE_CURVE ( 'NONE', #171, #2933, #4879, .T. ) ;
#577 = CARTESIAN_POINT ( 'NONE',  ( -0.5733034176296102347, -0.02999999999999999542, -0.2249603342803177808 ) ) ;
#578 = VERTEX_POINT ( 'NONE', #795 ) ;
#579 = ORIENTED_EDGE ( 'NONE', *, *, #1022, .F. ) ;
#580 = FACE_OUTER_BOUND ( 'NONE', #4041, .T. ) ;
#581 = DIMENSIONAL_EXPONENTS ( 1.000000000000000000, 0.000000000000000000, 0.000000000000000000, 0.000000000000000000, 0.000000000000000000, 0.000000000000000000, 0.000000000000000000 ) ;
#582 = EDGE_CURVE ( 'NONE', #279, #2628, #1894, .T. ) ;
#583 = CARTESIAN_POINT ( 'NONE',  ( -0.5050982457491223210, -0.007000000000209162694, -0.05000000000000000278 ) ) ;
#584 = EDGE_CURVE ( 'NONE', #1812, #4635, #1387, .T. ) ;
#585 = CARTESIAN_POINT ( 'NONE',  ( -0.4382739386006512250, -0.1076175645932271607, -0.02000000000000001429 ) ) ;
#586 = ORIENTED_EDGE ( 'NONE', *, *, #6244, .F. ) ;
#587 = PLANE ( 'NONE',  #864 ) ;
#588 = DIRECTION ( 'NONE',  ( 0.000000000000000000, 0.000000000000000000, -1.000000000000000000 ) ) ;
#589 = LINE ( 'NONE', #2268, #4352 ) ;
#590 = DIRECTION ( 'NONE',  ( -0.000000000000000000, -0.000000000000000000, 1.000000000000000000 ) ) ;
#591 = CARTESIAN_POINT ( 'NONE',  ( 0.4730258587994413122, -0.02999999999999999542, -0.2254999999999999782 ) ) ;
#592 = EDGE_CURVE ( 'NONE', #3022, #6348, #3920, .T. ) ;
#593 = ORIENTED_EDGE ( 'NONE', *, *, #3353, .F. ) ;
#594 = DIRECTION ( 'NONE',  ( 0.000000000000000000, 0.000000000000000000, 1.000000000000000000 ) ) ;
#595 = CARTESIAN_POINT ( 'NONE',  ( -0.05423922368174999981, 0.02900000000000000147, 0.08361383787912797516 ) ) ;
#596 = FACE_OUTER_BOUND ( 'NONE', #931, .T. ) ;
#597 = EDGE_LOOP ( 'NONE', ( #4545, #1746, #6149, #5166 ) ) ;
#598 = CARTESIAN_POINT ( 'NONE',  ( -0.4099999999999999756, -0.09769904250363242726, -0.05000000000000000278 ) ) ;
#599 = ORIENTED_EDGE ( 'NONE', *, *, #3356, .F. ) ;
#600 = ORIENTED_EDGE ( 'NONE', *, *, #1847, .F. ) ;
#601 = CARTESIAN_POINT ( 'NONE',  ( -0.5775000000000001243, 0.07299999999999999545, -0.3259999999999999565 ) ) ;
#602 = PLANE ( 'NONE',  #3333 ) ;
#603 = LINE ( 'NONE', #4661, #5000 ) ;
#604 = CARTESIAN_POINT ( 'NONE',  ( -0.3559279799269051692, 0.02999999999999999889, 0.1386506756738059287 ) ) ;
#605 = CARTESIAN_POINT ( 'NONE',  ( 0.2835409975721850939, -0.03000000000000000583, -0.2254999999999998672 ) ) ;
#606 = ORIENTED_EDGE ( 'NONE', *, *, #3580, .F. ) ;
#607 = ORIENTED_EDGE ( 'NONE', *, *, #483, .T. ) ;
#608 = EDGE_CURVE ( 'NONE', #1312, #5236, #3896, .T. ) ;
#609 = PLANE ( 'NONE',  #4587 ) ;
#610 = PRODUCT_CONTEXT ( 'NONE', #5483, 'mechanical' ) ;
#611 = DIRECTION ( 'NONE',  ( -0.000000000000000000, 1.000000000000000000, -0.000000000000000000 ) ) ;
#612 = EDGE_CURVE ( 'NONE', #5526, #1416, #1330, .T. ) ;
#613 = CYLINDRICAL_SURFACE ( 'NONE', #2250, 0.01600000000000011482 ) ;
#614 = LINE ( 'NONE', #4610, #6487 ) ;
#615 = EDGE_LOOP ( 'NONE', ( #6530, #505, #4928, #4375, #3183, #4033 ) ) ;
#616 = EDGE_CURVE ( 'NONE', #4175, #4866, #5817, .T. ) ;
#617 = FACE_OUTER_BOUND ( 'NONE', #4443, .T. ) ;
#618 = CARTESIAN_POINT ( 'NONE',  ( 0.07800000000000001377, 0.000000000000000000, -0.4579999999999998517 ) ) ;
#619 = CARTESIAN_POINT ( 'NONE',  ( -0.5385692905699326349, 0.02900000000000000147, 0.1709264543384062252 ) ) ;
#620 = CARTESIAN_POINT ( 'NONE',  ( -0.1212728463428409675, 0.02900000000000000147, 0.03871159279835702238 ) ) ;
#621 = CARTESIAN_POINT ( 'NONE',  ( -0.5829999999999997407, -0.02999999999999999542, -0.2122025752354692596 ) ) ;
#622 = ORIENTED_EDGE ( 'NONE', *, *, #47, .F. ) ;
#623 = FACE_OUTER_BOUND ( 'NONE', #4270, .T. ) ;
#624 = LINE ( 'NONE', #5787, #5744 ) ;
#625 = ADVANCED_FACE ( 'NONE', ( #2764 ), #2856, .T. ) ;
#626 = DIRECTION ( 'NONE',  ( -0.7071067811865500152, -8.664703394756071482E-17, 0.7071067811865447972 ) ) ;
#627 = DIRECTION ( 'NONE',  ( 1.000000000000000000, 0.000000000000000000, 0.000000000000000000 ) ) ;
#628 = DIRECTION ( 'NONE',  ( 1.000000000000000000, 0.000000000000000000, 0.000000000000000000 ) ) ;
#629 = ORIENTED_EDGE ( 'NONE', *, *, #3291, .T. ) ;
#630 = VERTEX_POINT ( 'NONE', #5912 ) ;
#631 = FACE_OUTER_BOUND ( 'NONE', #6024, .T. ) ;
#632 = CARTESIAN_POINT ( 'NONE',  ( -0.5400000000000000355, 0.02000000000000000042, -0.1824999999999999956 ) ) ;
#633 = EDGE_CURVE ( 'NONE', #1150, #140, #4924, .T. ) ;
#634 = AXIS2_PLACEMENT_3D ( 'NONE', #6138, #5075, #3620 ) ;
#635 = DIRECTION ( 'NONE',  ( 0.000000000000000000, 0.000000000000000000, 1.000000000000000000 ) ) ;
#636 = FACE_OUTER_BOUND ( 'NONE', #1755, .T. ) ;
#637 = AXIS2_PLACEMENT_3D ( 'NONE', #5382, #3364, #363 ) ;
#638 = CARTESIAN_POINT ( 'NONE',  ( -0.5829999999999995186, -0.02999999999999997807, 0.1048628941893925554 ) ) ;
#639 = ORIENTED_EDGE ( 'NONE', *, *, #4823, .T. ) ;
#640 = ORIENTED_EDGE ( 'NONE', *, *, #5983, .F. ) ;
#641 = VECTOR ( 'NONE', #4887, 39.37007874015748143 ) ;
#642 = DIRECTION ( 'NONE',  ( 0.000000000000000000, 1.000000000000000000, 0.000000000000000000 ) ) ;
#643 = VECTOR ( 'NONE', #2916, 39.37007874015748143 ) ;
#644 = AXIS2_PLACEMENT_3D ( 'NONE', #4499, #1223, #2196 ) ;
#645 = FACE_OUTER_BOUND ( 'NONE', #6262, .T. ) ;
#646 = VECTOR ( 'NONE', #906, 39.37007874015748143 ) ;
#647 = DIRECTION ( 'NONE',  ( 0.4067366430708590497, 0.9135454576448007735, 0.000000000000000000 ) ) ;
#648 = DIRECTION ( 'NONE',  ( 0.000000000000000000, 1.000000000000000000, 0.000000000000000000 ) ) ;
#649 = AXIS2_PLACEMENT_3D ( 'NONE', #1100, #3266, #2236 ) ;
#650 = VERTEX_POINT ( 'NONE', #1355 ) ;
#651 = CARTESIAN_POINT ( 'NONE',  ( -0.5829999999999997407, 0.02999999999999999889, 0.2254999999999999505 ) ) ;
#652 = VECTOR ( 'NONE', #3747, 39.37007874015748143 ) ;
#653 = DIRECTION ( 'NONE',  ( 0.000000000000000000, -1.000000000000000000, 0.000000000000000000 ) ) ;
#654 = AXIS2_PLACEMENT_3D ( 'NONE', #3084, #554, #4646 ) ;
#655 = CYLINDRICAL_SURFACE ( 'NONE', #5098, 0.01500000000000001159 ) ;
#656 = VECTOR ( 'NONE', #416, 39.37007874015748143 ) ;
#657 = CARTESIAN_POINT ( 'NONE',  ( 0.000000000000000000, 0.02999999999999999889, 0.000000000000000000 ) ) ;
#658 = ADVANCED_FACE ( 'NONE', ( #1297 ), #4790, .T. ) ;
#659 = CARTESIAN_POINT ( 'NONE',  ( 0.5830000000000011839, -0.02999999999999999195, 0.1048628941893930827 ) ) ;
#660 = VECTOR ( 'NONE', #590, 39.37007874015748143 ) ;
#661 = ORIENTED_EDGE ( 'NONE', *, *, #483, .F. ) ;
#662 = CIRCLE ( 'NONE', #3226, 0.03100000000000009345 ) ;
#663 = DIRECTION ( 'NONE',  ( 0.000000000000000000, 1.000000000000000000, 0.000000000000000000 ) ) ;
#664 = DIRECTION ( 'NONE',  ( -0.2426747704636185721, 0.000000000000000000, -0.9701077031858008626 ) ) ;
#665 = VECTOR ( 'NONE', #4916, 39.37007874015748854 ) ;
#666 = DIRECTION ( 'NONE',  ( -0.5002285139595259444, 0.000000000000000000, 0.8658934309843472343 ) ) ;
#667 = VECTOR ( 'NONE', #298, 39.37007874015748854 ) ;
#668 = FACE_OUTER_BOUND ( 'NONE', #3924, .T. ) ;
#669 = DIRECTION ( 'NONE',  ( 1.223348791879684818E-15, 0.000000000000000000, 1.000000000000000000 ) ) ;
#670 = ORIENTED_EDGE ( 'NONE', *, *, #5467, .F. ) ;
#671 = EDGE_CURVE ( 'NONE', #5996, #1500, #1834, .T. ) ;
#672 = EDGE_LOOP ( 'NONE', ( #6027, #1851, #3081, #4840 ) ) ;
#673 = DIRECTION ( 'NONE',  ( 0.000000000000000000, -1.000000000000000000, 0.000000000000000000 ) ) ;
#674 = DIRECTION ( 'NONE',  ( -0.000000000000000000, 1.000000000000000000, -0.000000000000000000 ) ) ;
#675 = DIRECTION ( 'NONE',  ( 0.000000000000000000, 0.000000000000000000, 1.000000000000000000 ) ) ;
#676 = ORIENTED_EDGE ( 'NONE', *, *, #5271, .F. ) ;
#677 = CARTESIAN_POINT ( 'NONE',  ( -0.5630000000000006111, -0.01000000000000000021, 0.09812715302459167066 ) ) ;
#678 = ORIENTED_EDGE ( 'NONE', *, *, #4846, .F. ) ;
#679 = EDGE_CURVE ( 'NONE', #6339, #5171, #4855, .T. ) ;
#680 = ORIENTED_EDGE ( 'NONE', *, *, #5332, .F. ) ;
#681 = ORIENTED_EDGE ( 'NONE', *, *, #5876, .F. ) ;
#682 = LINE ( 'NONE', #2614, #3109 ) ;
#683 = DIRECTION ( 'NONE',  ( -1.000000000000000444, 5.551115123125782702E-17, 9.860761315262647568E-32 ) ) ;
#684 = CARTESIAN_POINT ( 'NONE',  ( -0.4382739386006512250, -0.1076175645932271607, -0.05000000000000000278 ) ) ;
#685 = PLANE ( 'NONE',  #6056 ) ;
#686 = CARTESIAN_POINT ( 'NONE',  ( -0.1240000000000000269, 0.000000000000000000, 0.009499999999999892211 ) ) ;
#687 = EDGE_LOOP ( 'NONE', ( #3780, #1681, #6, #1061 ) ) ;
#688 = LINE ( 'NONE', #2693, #2365 ) ;
#689 = DIRECTION ( 'NONE',  ( 0.000000000000000000, 0.000000000000000000, 1.000000000000000000 ) ) ;
#690 = CARTESIAN_POINT ( 'NONE',  ( -0.5999999999999998668, 0.04000000000000000083, 0.2950000000000000400 ) ) ;
#691 = CARTESIAN_POINT ( 'NONE',  ( -0.5829999999999995186, -0.02999999999999997807, 0.1048628941893925554 ) ) ;
#692 = VERTEX_POINT ( 'NONE', #6451 ) ;
#693 = CARTESIAN_POINT ( 'NONE',  ( -0.4922126825129888861, -0.09154780028929483671, -0.05000000000000000278 ) ) ;
#694 = CARTESIAN_POINT ( 'NONE',  ( -0.1996425085298886015, 0.03000000000000000583, 0.05562798290298401338 ) ) ;
#695 = EDGE_CURVE ( 'NONE', #4205, #3237, #5379, .T. ) ;
#696 = SHAPE_REPRESENTATION ( 'PCP02L', ( #6377 ), #3086 ) ;
#697 = B_SPLINE_CURVE_WITH_KNOTS ( 'NONE', 3,
 ( #5872, #1249, #2845, #1855, #884 ),
 .UNSPECIFIED., .F., .F.,
 ( 4, 1, 4 ),
 ( 0.000000000000000000, 0.2499999996307260552, 0.2689782905415213365 ),
 .UNSPECIFIED. ) ;
#698 = CARTESIAN_POINT ( 'NONE',  ( -0.1893333333332305746, -0.02999999999999998154, 0.2254999999999999505 ) ) ;
#699 = FACE_OUTER_BOUND ( 'NONE', #4065, .T. ) ;
#700 = EDGE_CURVE ( 'NONE', #3006, #1666, #3871, .T. ) ;
#701 = VERTEX_POINT ( 'NONE', #361 ) ;
#702 = EDGE_LOOP ( 'NONE', ( #1869, #3342, #4619, #1241 ) ) ;
#703 = DIRECTION ( 'NONE',  ( -1.000000000000000000, -0.000000000000000000, -0.000000000000000000 ) ) ;
#704 = EDGE_CURVE ( 'NONE', #3599, #1199, #5797, .T. ) ;
#705 = DIRECTION ( 'NONE',  ( -0.000000000000000000, 1.000000000000000000, -0.000000000000000000 ) ) ;
#706 = PRODUCT_DEFINITION_CONTEXT ( 'detailed design', #5795, 'design' ) ;
#707 = LINE ( 'NONE', #802, #1501 ) ;
#708 = EDGE_CURVE ( 'NONE', #169, #1063, #2803, .T. ) ;
#709 = ORIENTED_EDGE ( 'NONE', *, *, #2800, .F. ) ;
#710 = CARTESIAN_POINT ( 'NONE',  ( 0.5623330160737444183, -0.009999999999999995004, -0.1996683113427913936 ) ) ;
#711 = VERTEX_POINT ( 'NONE', #4413 ) ;
#712 = ORIENTED_EDGE ( 'NONE', *, *, #5705, .F. ) ;
#713 = ORIENTED_EDGE ( 'NONE', *, *, #3184, .T. ) ;
#714 = CARTESIAN_POINT ( 'NONE',  ( -0.5737551037409882593, -0.02999999999999999889, -0.2243520190502525380 ) ) ;
#715 = ADVANCED_FACE ( 'NONE', ( #4388 ), #6423, .T. ) ;
#716 = DIRECTION ( 'NONE',  ( 0.000000000000000000, 0.000000000000000000, -1.000000000000000000 ) ) ;
#717 = FACE_OUTER_BOUND ( 'NONE', #5729, .T. ) ;
#718 = CARTESIAN_POINT ( 'NONE',  ( -0.4506041193790127908, -0.08299999999995276434, 0.01999999999999995878 ) ) ;
#719 = VERTEX_POINT ( 'NONE', #4978 ) ;
#720 = CARTESIAN_POINT ( 'NONE',  ( -0.4916413786442170308, -0.04406736643090528038, -0.01999999999999995878 ) ) ;
#721 = DIRECTION ( 'NONE',  ( -0.000000000000000000, 1.000000000000000000, -0.000000000000000000 ) ) ;
#722 = DIRECTION ( 'NONE',  ( -1.000000000000000000, -1.225374105480419231E-16, -5.515619489212686812E-16 ) ) ;
#723 = CARTESIAN_POINT ( 'NONE',  ( -0.5829999999999995186, -0.02999999999999999195, -0.1048628941893925554 ) ) ;
#724 = ORIENTED_EDGE ( 'NONE', *, *, #1789, .F. ) ;
#725 = DIRECTION ( 'NONE',  ( 1.000000000000000000, 0.000000000000000000, 0.000000000000000000 ) ) ;
#726 = PLANE ( 'NONE',  #851 ) ;
#727 = FACE_OUTER_BOUND ( 'NONE', #1840, .T. ) ;
#728 = ORIENTED_EDGE ( 'NONE', *, *, #2217, .F. ) ;
#729 = ORIENTED_EDGE ( 'NONE', *, *, #1467, .F. ) ;
#730 = CARTESIAN_POINT ( 'NONE',  ( -0.4596807228996687700, -0.1220077196874157360, -0.007500000000000005794 ) ) ;
#731 = CARTESIAN_POINT ( 'NONE',  ( 0.000000000000000000, 0.02999999999999999889, 0.000000000000000000 ) ) ;
#732 = PLANE ( 'NONE',  #1300 ) ;
#733 = ORIENTED_EDGE ( 'NONE', *, *, #1013, .F. ) ;
#734 = ADVANCED_FACE ( 'NONE', ( #6517 ), #4439, .F. ) ;
#735 = EDGE_CURVE ( 'NONE', #3486, #4779, #1076, .T. ) ;
#736 = LINE ( 'NONE', #2378, #2991 ) ;
#737 = ORIENTED_EDGE ( 'NONE', *, *, #5739, .T. ) ;
#738 = ORIENTED_EDGE ( 'NONE', *, *, #4207, .F. ) ;
#739 = EDGE_LOOP ( 'NONE', ( #1772, #6462, #2059, #6213 ) ) ;
#740 = CYLINDRICAL_SURFACE ( 'NONE', #977, 0.01500000000000001159 ) ;
#741 = SHAPE_DEFINITION_REPRESENTATION ( #1087, #1808 ) ;
#742 = VECTOR ( 'NONE', #4980, 39.37007874015748143 ) ;
#743 = DIRECTION ( 'NONE',  ( -1.000000000000000000, -0.000000000000000000, -0.000000000000000000 ) ) ;
#744 = CARTESIAN_POINT ( 'NONE',  ( -0.4825059240680268369, -0.04000000000025272923, 0.01999999999999995878 ) ) ;
#745 = CARTESIAN_POINT ( 'NONE',  ( -0.2575811314170221022, 0.02900000000000000147, 0.1586384912141360903 ) ) ;
#746 = ORIENTED_EDGE ( 'NONE', *, *, #4023, .T. ) ;
#747 = EDGE_CURVE ( 'NONE', #937, #6290, #1960, .T. ) ;
#748 = AXIS2_PLACEMENT_3D ( 'NONE', #1657, #5704, #647 ) ;
#749 = FACE_OUTER_BOUND ( 'NONE', #615, .T. ) ;
#750 = DIRECTION ( 'NONE',  ( 1.000000000000000000, 0.000000000000000000, 0.000000000000000000 ) ) ;
#751 = VECTOR ( 'NONE', #5308, 39.37007874015748143 ) ;
#752 = AXIS2_PLACEMENT_3D ( 'NONE', #6292, #6145, #1591 ) ;
#753 = DIRECTION ( 'NONE',  ( 0.000000000000000000, -1.000000000000000000, 0.000000000000000000 ) ) ;
#754 = AXIS2_PLACEMENT_3D ( 'NONE', #5124, #563, #2599 ) ;
#755 = CARTESIAN_POINT ( 'NONE',  ( -0.2769415185117804490, -0.009999999999999988065, 0.2055000000000000437 ) ) ;
#756 = AXIS2_PLACEMENT_3D ( 'NONE', #4806, #2779, #2288 ) ;
#757 = ORIENTED_EDGE ( 'NONE', *, *, #5695, .T. ) ;
#758 = CARTESIAN_POINT ( 'NONE',  ( 0.5830000000000000737, 0.02999999999999999889, 0.2254999999999999505 ) ) ;
#759 = DIRECTION ( 'NONE',  ( -0.000000000000000000, 1.000000000000000000, -0.000000000000000000 ) ) ;
#760 = VECTOR ( 'NONE', #4110, 39.37007874015748143 ) ;
#761 = VECTOR ( 'NONE', #6274, 39.37007874015748854 ) ;
#762 = DIRECTION ( 'NONE',  ( -0.1651453473117420467, 0.000000000000000000, 0.9862692402489717791 ) ) ;
#763 = VECTOR ( 'NONE', #792, 39.37007874015748143 ) ;
#764 = FILL_AREA_STYLE_COLOUR ( '', #5094 ) ;
#765 = AXIS2_PLACEMENT_3D ( 'NONE', #3791, #2873, #4307 ) ;
#766 = VERTEX_POINT ( 'NONE', #389 ) ;
#767 = VECTOR ( 'NONE', #6424, 39.37007874015748143 ) ;
#768 = CARTESIAN_POINT ( 'NONE',  ( -0.4836698192214117786, -0.09674582748971033430, -0.05000000000000000278 ) ) ;
#769 = DIRECTION ( 'NONE',  ( 0.000000000000000000, -0.000000000000000000, -1.000000000000000000 ) ) ;
#770 = AXIS2_PLACEMENT_3D ( 'NONE', #5239, #3605, #5663 ) ;
#771 = CARTESIAN_POINT ( 'NONE',  ( 0.5999999999999999778, 0.04000000000000000083, -0.2949999999999999289 ) ) ;
#772 = VECTOR ( 'NONE', #611, 39.37007874015748143 ) ;
#773 = ORIENTED_EDGE ( 'NONE', *, *, #827, .T. ) ;
#774 = CARTESIAN_POINT ( 'NONE',  ( -0.1975811296288818852, 0.02900000000000000147, 0.1586384920406471166 ) ) ;
#775 = VERTEX_POINT ( 'NONE', #1553 ) ;
#776 = AXIS2_PLACEMENT_3D ( 'NONE', #138, #6189, #2602 ) ;
#777 = ORIENTED_EDGE ( 'NONE', *, *, #2615, .T. ) ;
#778 = VERTEX_POINT ( 'NONE', #6477 ) ;
#779 = DIRECTION ( 'NONE',  ( -0.000000000000000000, 1.000000000000000000, -0.000000000000000000 ) ) ;
#780 = EDGE_CURVE ( 'NONE', #1416, #2605, #457, .T. ) ;
#781 = B_SPLINE_CURVE_WITH_KNOTS ( 'NONE', 3,
 ( #114, #1617, #4279, #3180 ),
 .UNSPECIFIED., .F., .F.,
 ( 4, 4 ),
 ( 0.5738749964416015592, 0.7302297908198800425 ),
 .UNSPECIFIED. ) ;
#782 = CARTESIAN_POINT ( 'NONE',  ( -0.5999999999999998668, 0.000000000000000000, -0.2949999999999999289 ) ) ;
#783 = CARTESIAN_POINT ( 'NONE',  ( -0.4472988796684241875, -0.09731654553263814622, -0.05000000000000000278 ) ) ;
#784 = ORIENTED_EDGE ( 'NONE', *, *, #2697, .T. ) ;
#785 = ADVANCED_FACE ( 'NONE', ( #5981 ), #3489, .F. ) ;
#786 = DIRECTION ( 'NONE',  ( -1.000000000000000000, -0.000000000000000000, -0.000000000000000000 ) ) ;
#787 = EDGE_CURVE ( 'NONE', #2929, #5488, #3050, .T. ) ;
#788 = LENGTH_MEASURE_WITH_UNIT ( LENGTH_MEASURE( 0.02539999999999999897 ), #5440 );
#789 = DIRECTION ( 'NONE',  ( 0.000000000000000000, 1.000000000000000000, 0.000000000000000000 ) ) ;
#790 = EDGE_CURVE ( 'NONE', #4963, #875, #1019, .T. ) ;
#791 = DIRECTION ( 'NONE',  ( 1.000000000000000000, 0.000000000000000000, 0.000000000000000000 ) ) ;
#792 = DIRECTION ( 'NONE',  ( 0.000000000000000000, 0.000000000000000000, 1.000000000000000000 ) ) ;
#793 = VERTEX_POINT ( 'NONE', #6010 ) ;
#794 = CARTESIAN_POINT ( 'NONE',  ( -0.06713361345827008331, 0.02900000000000000147, 0.1059339717628571126 ) ) ;
#795 = CARTESIAN_POINT ( 'NONE',  ( -0.4823958806210053574, -0.08682730540034495903, -0.007500000000000005794 ) ) ;
#796 = CARTESIAN_POINT ( 'NONE',  ( -0.1199999999999999123, -0.6581268257145341805, -0.009499999999999909558 ) ) ;
#797 = EDGE_CURVE ( 'NONE', #6159, #5648, #2462, .T. ) ;
#798 = CARTESIAN_POINT ( 'NONE',  ( -0.4554940759319748844, -0.08299999999995276434, -0.02488995655296195875 ) ) ;
#799 = VERTEX_POINT ( 'NONE', #2955 ) ;
#800 = LINE ( 'NONE', #1804, #6166 ) ;
#801 = CARTESIAN_POINT ( 'NONE',  ( -0.4823958806210053574, -0.08682730540034495903, -0.05000000000000000278 ) ) ;
#802 = CARTESIAN_POINT ( 'NONE',  ( -0.1075811296288820829, 0.02999999999999999889, 0.1136659048247848636 ) ) ;
#803 = EDGE_LOOP ( 'NONE', ( #4437, #3609, #373, #5901 ) ) ;
#804 = CARTESIAN_POINT ( 'NONE',  ( 0.5623330160737451955, -0.01000000000000000715, 0.1996683113427914491 ) ) ;
#805 = ORIENTED_EDGE ( 'NONE', *, *, #850, .F. ) ;
#806 = ORIENTED_EDGE ( 'NONE', *, *, #2859, .F. ) ;
#807 = ORIENTED_EDGE ( 'NONE', *, *, #1589, .T. ) ;
#808 = LINE ( 'NONE', #3817, #1619 ) ;
#809 = CARTESIAN_POINT ( 'NONE',  ( -0.4423215697206082653, -0.03499999999999714451, -0.05000000000000000278 ) ) ;
#810 = DIRECTION ( 'NONE',  ( 0.000000000000000000, 0.000000000000000000, 1.000000000000000000 ) ) ;
#811 = EDGE_CURVE ( 'NONE', #6535, #6014, #6289, .T. ) ;
#812 = ORIENTED_EDGE ( 'NONE', *, *, #287, .F. ) ;
#813 = CARTESIAN_POINT ( 'NONE',  ( -0.5465000000000000968, 0.07299999999999999545, -0.3349999999999999090 ) ) ;
#814 = DIRECTION ( 'NONE',  ( -1.000000000000000000, 0.000000000000000000, 0.000000000000000000 ) ) ;
#815 = DIRECTION ( 'NONE',  ( 1.000000000000000000, 0.000000000000000000, 0.000000000000000000 ) ) ;
#816 = ADVANCED_FACE ( 'NONE', ( #5478 ), #2926, .T. ) ;
#817 = ADVANCED_FACE ( 'NONE', ( #1424 ), #2984, .F. ) ;
#818 = CARTESIAN_POINT ( 'NONE',  ( 0.5464999999999999858, 0.07299999999999999545, -0.3349999999999999090 ) ) ;
#819 = VERTEX_POINT ( 'NONE', #922 ) ;
#820 = LINE ( 'NONE', #265, #2565 ) ;
#821 = DIRECTION ( 'NONE',  ( 1.000000000000000000, 0.000000000000000000, 0.000000000000000000 ) ) ;
#822 = EDGE_CURVE ( 'NONE', #108, #1979, #2425, .T. ) ;
#823 = DIRECTION ( 'NONE',  ( -0.6908835603800721481, 0.000000000000000000, -0.7229660476098136446 ) ) ;
#824 = PLANE ( 'NONE',  #4882 ) ;
#825 = ORIENTED_EDGE ( 'NONE', *, *, #5790, .T. ) ;
#826 = DIRECTION ( 'NONE',  ( 0.5000037368133710691, 0.000000000000000000, -0.8660232463234835976 ) ) ;
#827 = EDGE_CURVE ( 'NONE', #2283, #5056, #6037, .T. ) ;
#828 = DIRECTION ( 'NONE',  ( 0.4067366430757594631, -0.9135454576426190743, 0.000000000000000000 ) ) ;
#829 = CARTESIAN_POINT ( 'NONE',  ( -0.3375811314170239497, 0.02900000000000000147, 0.03871159257497402972 ) ) ;
#830 = VERTEX_POINT ( 'NONE', #4043 ) ;
#831 = CARTESIAN_POINT ( 'NONE',  ( 0.5830000000000000737, -0.03000000000000000583, -0.1751557465047203777 ) ) ;
#832 = EDGE_LOOP ( 'NONE', ( #5894, #2121, #2843, #3911 ) ) ;
#833 = VERTEX_POINT ( 'NONE', #4475 ) ;
#834 = ORIENTED_EDGE ( 'NONE', *, *, #5509, .T. ) ;
#835 = EDGE_CURVE ( 'NONE', #1476, #486, #4053, .T. ) ;
#836 = DIRECTION ( 'NONE',  ( 0.000000000000000000, -0.000000000000000000, -1.000000000000000000 ) ) ;
#837 = ITEM_DEFINED_TRANSFORMATION ( 'NONE', 'NONE', #3312,  #6377 ) ;
#838 = DIRECTION ( 'NONE',  ( -1.000000000000000000, 5.122214988252783487E-15, -4.268512490210652741E-16 ) ) ;
#839 = DIRECTION ( 'NONE',  ( -1.000000000000000000, 0.000000000000000000, 0.000000000000000000 ) ) ;
#840 = ORIENTED_EDGE ( 'NONE', *, *, #889, .T. ) ;
#841 = CARTESIAN_POINT ( 'NONE',  ( 0.5400000000000000355, 0.02000000000000000042, -0.1974999999999999811 ) ) ;
#842 =( GEOMETRIC_REPRESENTATION_CONTEXT ( 3 ) GLOBAL_UNCERTAINTY_ASSIGNED_CONTEXT ( ( #1168 ) ) GLOBAL_UNIT_ASSIGNED_CONTEXT ( ( #5686, #2633, #4655 ) ) REPRESENTATION_CONTEXT ( 'NONE', 'WORKASPACE' ) );
#843 = DIRECTION ( 'NONE',  ( -1.000000000000000000, 0.000000000000000000, 1.376939512935668684E-16 ) ) ;
#844 = CIRCLE ( 'NONE', #5320, 0.07799999999999995826 ) ;
#845 = CARTESIAN_POINT ( 'NONE',  ( -0.4556041193792663146, -0.09026844900065296440, -0.05000000000000000278 ) ) ;
#846 = DIRECTION ( 'NONE',  ( 0.000000000000000000, 0.000000000000000000, -1.000000000000000000 ) ) ;
#847 = VECTOR ( 'NONE', #1984, 39.37007874015748143 ) ;
#848 = ORIENTED_EDGE ( 'NONE', *, *, #6437, .F. ) ;
#849 = EDGE_LOOP ( 'NONE', ( #4839, #4772, #3332, #3741 ) ) ;
#850 = EDGE_CURVE ( 'NONE', #1339, #1478, #5541, .T. ) ;
#851 = AXIS2_PLACEMENT_3D ( 'NONE', #194, #3733, #664 ) ;
#852 = DIRECTION ( 'NONE',  ( -0.4999999999999894529, 0.000000000000000000, 0.8660254037844445918 ) ) ;
#853 = VECTOR ( 'NONE', #1829, 39.37007874015748143 ) ;
#854 = CARTESIAN_POINT ( 'NONE',  ( -0.3375811314170239497, 0.02900000000000000147, 0.03871159257497402972 ) ) ;
#855 = VECTOR ( 'NONE', #4584, 39.37007874015748143 ) ;
#856 = PRODUCT_RELATED_PRODUCT_CATEGORY ( 'part', '', ( #6445 ) ) ;
#857 = EDGE_CURVE ( 'NONE', #4087, #5615, #3665, .T. ) ;
#858 = AXIS2_PLACEMENT_3D ( 'NONE', #5650, #2031, #1026 ) ;
#859 = LINE ( 'NONE', #4881, #5972 ) ;
#860 = DIRECTION ( 'NONE',  ( -0.000000000000000000, 1.000000000000000000, -0.000000000000000000 ) ) ;
#861 = VECTOR ( 'NONE', #4778, 39.37007874015748143 ) ;
#862 = VECTOR ( 'NONE', #821, 39.37007874015748143 ) ;
#863 = ORIENTED_EDGE ( 'NONE', *, *, #1184, .F. ) ;
#864 = AXIS2_PLACEMENT_3D ( 'NONE', #651, #2231, #5254 ) ;
#865 = DIRECTION ( 'NONE',  ( 0.000000000000000000, 0.000000000000000000, 1.000000000000000000 ) ) ;
#866 = DIRECTION ( 'NONE',  ( 0.000000000000000000, 0.000000000000000000, -1.000000000000000000 ) ) ;
#867 = AXIS2_PLACEMENT_3D ( 'NONE', #4891, #5513, #1902 ) ;
#868 = VECTOR ( 'NONE', #2037, 39.37007874015748143 ) ;
#869 = ADVANCED_FACE ( 'NONE', ( #122 ), #2092, .F. ) ;
#870 = LINE ( 'NONE', #3902, #3949 ) ;
#871 = AXIS2_PLACEMENT_3D ( 'NONE', #3186, #6278, #4781 ) ;
#872 = VERTEX_POINT ( 'NONE', #3619 ) ;
#873 = EDGE_CURVE ( 'NONE', #6235, #4591, #227, .T. ) ;
#874 = DIRECTION ( 'NONE',  ( -1.000000000000000000, -8.537024980421305483E-16, 0.000000000000000000 ) ) ;
#875 = VERTEX_POINT ( 'NONE', #2623 ) ;
#876 = AXIS2_PLACEMENT_3D ( 'NONE', #233, #4223, #3704 ) ;
#877 = AXIS2_PLACEMENT_3D ( 'NONE', #1622, #986, #1986 ) ;
#878 = ORIENTED_EDGE ( 'NONE', *, *, #1392, .F. ) ;
#879 = ORIENTED_EDGE ( 'NONE', *, *, #3700, .T. ) ;
#880 = CIRCLE ( 'NONE', #5123, 0.009999999999741732842 ) ;
#881 = PLANE ( 'NONE',  #5448 ) ;
#882 = ITEM_DEFINED_TRANSFORMATION ( 'NONE', 'NONE', #531,  #6377 ) ;
#883 = AXIS2_PLACEMENT_3D ( 'NONE', #2824, #2884, #843 ) ;
#884 = CARTESIAN_POINT ( 'NONE',  ( 0.5737379991955587899, -0.02999999999999999889, -0.2243591238515215691 ) ) ;
#885 = EDGE_CURVE ( 'NONE', #1703, #3251, #4185, .T. ) ;
#886 = CIRCLE ( 'NONE', #1308, 0.01500000000000001159 ) ;
#887 = LINE ( 'NONE', #4373, #2885 ) ;
#888 = ORIENTED_EDGE ( 'NONE', *, *, #3385, .F. ) ;
#889 = EDGE_CURVE ( 'NONE', #5682, #2011, #5600, .T. ) ;
#890 = CARTESIAN_POINT ( 'NONE',  ( -0.4823958806210053574, -0.08682730540034495903, 0.007500000000000005794 ) ) ;
#891 = FACE_OUTER_BOUND ( 'NONE', #1368, .T. ) ;
#892 = CARTESIAN_POINT ( 'NONE',  ( -0.4873958806209868766, -0.01799999999995276212, -0.01999999999999995878 ) ) ;
#893 =( NAMED_UNIT ( * ) PLANE_ANGLE_UNIT ( ) SI_UNIT ( $, .RADIAN. ) );
#894 = VERTEX_POINT ( 'NONE', #4111 ) ;
#895 = ORIENTED_EDGE ( 'NONE', *, *, #6327, .F. ) ;
#896 = LINE ( 'NONE', #1833, #3099 ) ;
#897 = DIRECTION ( 'NONE',  ( 0.000000000000000000, 0.000000000000000000, -1.000000000000000000 ) ) ;
#898 = CARTESIAN_POINT ( 'NONE',  ( -0.4370000000004461427, -0.04500000000000078243, 0.01999999999999995878 ) ) ;
#899 = CYLINDRICAL_SURFACE ( 'NONE', #637, 0.01500000000000001159 ) ;
#900 = ADVANCED_FACE ( 'NONE', ( #5215 ), #5114, .F. ) ;
#901 = ORIENTED_EDGE ( 'NONE', *, *, #3954, .T. ) ;
#902 = DIRECTION ( 'NONE',  ( 0.7071067811865431318, 0.000000000000000000, 0.7071067811865516806 ) ) ;
#903 = DIRECTION ( 'NONE',  ( 3.315730916883898424E-16, -0.000000000000000000, -1.000000000000000000 ) ) ;
#904 = EDGE_CURVE ( 'NONE', #4555, #5325, #5154, .T. ) ;
#905 = ORIENTED_EDGE ( 'NONE', *, *, #2649, .F. ) ;
#906 = DIRECTION ( 'NONE',  ( -0.000000000000000000, 1.000000000000000000, -0.000000000000000000 ) ) ;
#907 = EDGE_LOOP ( 'NONE', ( #5638, #2962, #2924, #3253 ) ) ;
#908 = EDGE_CURVE ( 'NONE', #5298, #3447, #4214, .T. ) ;
#909 = ORIENTED_EDGE ( 'NONE', *, *, #3189, .T. ) ;
#910 = ORIENTED_EDGE ( 'NONE', *, *, #3803, .T. ) ;
#911 = LINE ( 'NONE', #2507, #4596 ) ;
#912 = FACE_OUTER_BOUND ( 'NONE', #4329, .T. ) ;
#913 = ORIENTED_EDGE ( 'NONE', *, *, #1123, .F. ) ;
#914 = CARTESIAN_POINT ( 'NONE',  ( -0.2405811314170252235, 0.02999999999999999889, 0.03871159197184501771 ) ) ;
#915 = EDGE_CURVE ( 'NONE', #4079, #415, #160, .T. ) ;
#916 = LINE ( 'NONE', #4313, #4704 ) ;
#917 = DIRECTION ( 'NONE',  ( -0.7071067811865431318, -0.000000000000000000, 0.7071067811865516806 ) ) ;
#918 = DIRECTION ( 'NONE',  ( -0.000000000000000000, 1.000000000000000000, -0.000000000000000000 ) ) ;
#919 = VERTEX_POINT ( 'NONE', #1582 ) ;
#920 = EDGE_LOOP ( 'NONE', ( #6400, #5246, #4220, #5012 ) ) ;
#921 = DIRECTION ( 'NONE',  ( -0.000000000000000000, -0.000000000000000000, 1.000000000000000000 ) ) ;
#922 = CARTESIAN_POINT ( 'NONE',  ( -0.4916413786442170308, -0.04406736643090528038, 0.01999999999999995878 ) ) ;
#923 = EDGE_CURVE ( 'NONE', #5552, #1597, #3633, .T. ) ;
#924 = CARTESIAN_POINT ( 'NONE',  ( 0.6075000000000000400, 0.07299999999999999545, 0.1600000000000000588 ) ) ;
#925 = LINE ( 'NONE', #2957, #742 ) ;
#926 = ORIENTED_EDGE ( 'NONE', *, *, #2836, .F. ) ;
#927 = DIRECTION ( 'NONE',  ( -0.000000000000000000, -0.000000000000000000, 1.000000000000000000 ) ) ;
#928 = FACE_OUTER_BOUND ( 'NONE', #3959, .T. ) ;
#929 = ORIENTED_EDGE ( 'NONE', *, *, #1129, .F. ) ;
#930 = FACE_OUTER_BOUND ( 'NONE', #3903, .T. ) ;
#931 = EDGE_LOOP ( 'NONE', ( #474, #2317, #4797, #2452, #1623, #6415, #1304, #6368, #3175, #5368, #1405, #3278, #6180, #5977, #1410, #5951 ) ) ;
#932 = ORIENTED_EDGE ( 'NONE', *, *, #6566, .T. ) ;
#933 = ORIENTED_EDGE ( 'NONE', *, *, #5140, .T. ) ;
#934 = CARTESIAN_POINT ( 'NONE',  ( -0.09758112888381909045, 0.02900000000000000147, 0.1586384915194230805 ) ) ;
#935 = EDGE_CURVE ( 'NONE', #289, #1165, #1661, .T. ) ;
#936 = CARTESIAN_POINT ( 'NONE',  ( -0.02617930508797800676, 0.02999999999999999889, 0.1129826345147889877 ) ) ;
#937 = VERTEX_POINT ( 'NONE', #1092 ) ;
#938 = ADVANCED_FACE ( 'NONE', ( #3157 ), #2163, .F. ) ;
#939 = VERTEX_POINT ( 'NONE', #618 ) ;
#940 = LINE ( 'NONE', #381, #6408 ) ;
#941 =( LENGTH_UNIT ( ) NAMED_UNIT ( * ) SI_UNIT ( $, .METRE. ) );
#942 = DIRECTION ( 'NONE',  ( 1.000000000000000000, 0.000000000000000000, 1.897116650798772461E-16 ) ) ;
#943 = CARTESIAN_POINT ( 'NONE',  ( 0.5464999999999999858, 0.07299999999999999545, -0.3349999999999999090 ) ) ;
#944 = ADVANCED_FACE ( 'NONE', ( #6215 ), #3582, .F. ) ;
#945 = VERTEX_POINT ( 'NONE', #2340 ) ;
#946 = ORIENTED_EDGE ( 'NONE', *, *, #6079, .T. ) ;
#947 = DIRECTION ( 'NONE',  ( 0.9999991828914636116, 0.000000000000000000, -0.001278364738736343948 ) ) ;
#948 = DIRECTION ( 'NONE',  ( 0.000000000000000000, -1.000000000000000000, 0.000000000000000000 ) ) ;
#949 = VECTOR ( 'NONE', #1554, 39.37007874015748143 ) ;
#950 = LINE ( 'NONE', #3523, #5652 ) ;
#951 = AXIS2_PLACEMENT_3D ( 'NONE', #3097, #1495, #627 ) ;
#952 = DIRECTION ( 'NONE',  ( 0.6002339999662928971, 0.000000000000000000, 0.7998244465409045656 ) ) ;
#953 = EDGE_CURVE ( 'NONE', #3781, #3299, #5423, .T. ) ;
#954 = CIRCLE ( 'NONE', #1481, 0.03100000000000009345 ) ;
#955 = VECTOR ( 'NONE', #1210, 39.37007874015748854 ) ;
#956 = ORIENTED_EDGE ( 'NONE', *, *, #1977, .T. ) ;
#957 = DIRECTION ( 'NONE',  ( 0.000000000000000000, -1.000000000000000000, 0.000000000000000000 ) ) ;
#958 = PLANE ( 'NONE',  #5106 ) ;
#959 = AXIS2_PLACEMENT_3D ( 'NONE', #4281, #3181, #4210 ) ;
#960 = AXIS2_PLACEMENT_3D ( 'NONE', #4713, #4745, #5671 ) ;
#961 = AXIS2_PLACEMENT_3D ( 'NONE', #1149, #5252, #5211 ) ;
#962 = LINE ( 'NONE', #1458, #5646 ) ;
#963 = ORIENTED_EDGE ( 'NONE', *, *, #3819, .T. ) ;
#964 = VECTOR ( 'NONE', #3971, 39.37007874015748143 ) ;
#965 = PLANE ( 'NONE',  #2998 ) ;
#966 = ORIENTED_EDGE ( 'NONE', *, *, #3347, .T. ) ;
#967 = EDGE_LOOP ( 'NONE', ( #4061, #2681, #3528, #1459 ) ) ;
#968 = VECTOR ( 'NONE', #4552, 39.37007874015748143 ) ;
#970 = ORIENTED_EDGE ( 'NONE', *, *, #4067, .F. ) ;
#969 = AXIS2_PLACEMENT_3D ( 'NONE', #4960, #466, #4988 ) ;
#971 = LINE ( 'NONE', #3009, #1094 ) ;
#972 = AXIS2_PLACEMENT_3D ( 'NONE', #4878, #1260, #4949 ) ;
#973 = VECTOR ( 'NONE', #3897, 39.37007874015748143 ) ;
#974 = B_SPLINE_CURVE_WITH_KNOTS ( 'NONE', 3,
 ( #1900, #5601, #2062, #2904 ),
 .UNSPECIFIED., .F., .F.,
 ( 4, 4 ),
 ( 0.2775319586920904635, 0.4428768501212038133 ),
 .UNSPECIFIED. ) ;
#975 = LINE ( 'NONE', #5200, #2786 ) ;
#976 = ORIENTED_EDGE ( 'NONE', *, *, #2403, .F. ) ;
#977 = AXIS2_PLACEMENT_3D ( 'NONE', #4842, #1756, #346 ) ;
#978 = VERTEX_POINT ( 'NONE', #1848 ) ;
#979 = EDGE_CURVE ( 'NONE', #6041, #6407, #4896, .T. ) ;
#980 = CARTESIAN_POINT ( 'NONE',  ( -0.4556041193790334454, -0.09026844900068287103, 0.02499999999999999098 ) ) ;
#981 = VECTOR ( 'NONE', #5207, 39.37007874015748143 ) ;
#982 = VECTOR ( 'NONE', #4597, 39.37007874015748143 ) ;
#983 = LINE ( 'NONE', #1686, #1512 ) ;
#984 = ADVANCED_FACE ( 'NONE', ( #6460 ), #5389, .F. ) ;
#985 = DIRECTION ( 'NONE',  ( -0.000000000000000000, -0.000000000000000000, 1.000000000000000000 ) ) ;
#986 = DIRECTION ( 'NONE',  ( 0.000000000000000000, -1.000000000000000000, 0.000000000000000000 ) ) ;
#987 = ORIENTED_EDGE ( 'NONE', *, *, #3275, .F. ) ;
#988 = EDGE_CURVE ( 'NONE', #480, #995, #6401, .T. ) ;
#989 = EDGE_LOOP ( 'NONE', ( #4093, #5675, #1463, #3475, #6571, #1610, #3874, #5242 ) ) ;
#990 = DIRECTION ( 'NONE',  ( 1.501015381134210579E-16, 0.000000000000000000, -1.000000000000000000 ) ) ;
#991 = CARTESIAN_POINT ( 'NONE',  ( -0.4508155337437958488, -0.09223424829297546812, -0.02000000000000000736 ) ) ;
#992 = ADVANCED_FACE ( 'NONE', ( #1272 ), #1904, .F. ) ;
#993 = PLANE ( 'NONE',  #1090 ) ;
#994 = CARTESIAN_POINT ( 'NONE',  ( 0.6075000000000000400, 0.000000000000000000, -0.2949999999999999289 ) ) ;
#995 = VERTEX_POINT ( 'NONE', #2867 ) ;
#996 = DIRECTION ( 'NONE',  ( -0.000000000000000000, 0.000000000000000000, -1.000000000000000000 ) ) ;
#997 = CARTESIAN_POINT ( 'NONE',  ( -0.3601115427994350249, 0.02899999999999999453, 0.1136659042658821062 ) ) ;
#998 = ADVANCED_FACE ( 'NONE', ( #2813 ), #3398, .T. ) ;
#999 = CARTESIAN_POINT ( 'NONE',  ( -0.4825059240680248940, -0.01699999999995094671, -0.02500000000000014364 ) ) ;
#1000 = ORIENTED_EDGE ( 'NONE', *, *, #2, .F. ) ;
#1001 = CARTESIAN_POINT ( 'NONE',  ( -0.4825059240680250050, -0.01699999999995094671, 0.02499999999999986955 ) ) ;
#1002 = VERTEX_POINT ( 'NONE', #1365 ) ;
#1003 = ORIENTED_EDGE ( 'NONE', *, *, #2348, .F. ) ;
#1004 = ORIENTED_EDGE ( 'NONE', *, *, #6520, .T. ) ;
#1005 = CARTESIAN_POINT ( 'NONE',  ( -0.5629999999999999449, -0.01000000000000000021, 0.1954999999997600879 ) ) ;
#1006 = CARTESIAN_POINT ( 'NONE',  ( -0.5529999999999999361, -0.01000000000000000021, 0.1955000000000000071 ) ) ;
#1007 = CARTESIAN_POINT ( 'NONE',  ( -0.09399999999999998634, 0.07299999999999999545, -0.5469999999999998197 ) ) ;
#1008 = EDGE_LOOP ( 'NONE', ( #1580, #2075, #4569, #4942 ) ) ;
#1009 = EDGE_LOOP ( 'NONE', ( #1266, #5136, #5110, #4096 ) ) ;
#1010 = CARTESIAN_POINT ( 'NONE',  ( -0.4463586213557717008, -0.04406736643085625710, 0.01999999999999995878 ) ) ;
#1011 = LENGTH_MEASURE_WITH_UNIT ( LENGTH_MEASURE( 0.02539999999999999897 ), #5471 );
#1012 = DIRECTION ( 'NONE',  ( 0.7071067811865490160, 8.664703394756060388E-17, 0.7071067811865459074 ) ) ;
#1013 = EDGE_CURVE ( 'NONE', #5728, #4963, #736, .T. ) ;
#1014 = DIRECTION ( 'NONE',  ( -0.000000000000000000, -1.000000000000000000, 0.000000000000000000 ) ) ;
#1015 = DIRECTION ( 'NONE',  ( -0.000000000000000000, 1.000000000000000000, -0.000000000000000000 ) ) ;
#1016 = VERTEX_POINT ( 'NONE', #1874 ) ;
#1017 = ORIENTED_EDGE ( 'NONE', *, *, #988, .F. ) ;
#1018 = DIRECTION ( 'NONE',  ( -0.000000000000000000, 1.000000000000000000, -0.000000000000000000 ) ) ;
#1019 = LINE ( 'NONE', #3587, #5 ) ;
#1020 = DIRECTION ( 'NONE',  ( 0.000000000000000000, 0.000000000000000000, 1.000000000000000000 ) ) ;
#1021 = CARTESIAN_POINT ( 'NONE',  ( -0.5999999999999998668, 0.000000000000000000, 0.2950000000000000400 ) ) ;
#1022 = EDGE_CURVE ( 'NONE', #4664, #2636, #123, .T. ) ;
#1023 = ADVANCED_FACE ( 'NONE', ( #2908 ), #4303, .T. ) ;
#1024 = CARTESIAN_POINT ( 'NONE',  ( 0.4611262963504618173, -0.009999999999999998473, -0.2054999999999999882 ) ) ;
#1025 = ORIENTED_EDGE ( 'NONE', *, *, #747, .F. ) ;
#1026 = DIRECTION ( 'NONE',  ( -0.1273938600204659322, -0.9918522089651692353, 0.000000000000000000 ) ) ;
#1027 = CARTESIAN_POINT ( 'NONE',  ( -0.5829999999999997407, 0.02999999999999999889, -0.2104999999999999094 ) ) ;
#1028 = DIRECTION ( 'NONE',  ( 0.000000000000000000, 0.000000000000000000, -1.000000000000000000 ) ) ;
#1029 = VERTEX_POINT ( 'NONE', #6365 ) ;
#1030 = LINE ( 'NONE', #3064, #3106 ) ;
#1031 = ORIENTED_EDGE ( 'NONE', *, *, #953, .F. ) ;
#1032 = EDGE_CURVE ( 'NONE', #4021, #6235, #3842, .T. ) ;
#1033 = ORIENTED_EDGE ( 'NONE', *, *, #3697, .T. ) ;
#1034 = DIRECTION ( 'NONE',  ( 0.000000000000000000, 0.000000000000000000, -1.000000000000000000 ) ) ;
#1035 = DIRECTION ( 'NONE',  ( 0.000000000000000000, 1.000000000000000000, 0.000000000000000000 ) ) ;
#1036 = DIRECTION ( 'NONE',  ( 0.000000000000000000, 0.000000000000000000, -1.000000000000000000 ) ) ;
#1037 = CARTESIAN_POINT ( 'NONE',  ( -0.4825059240680248940, -0.08299999999995276434, 0.007500000000001148977 ) ) ;
#1038 = ORIENTED_EDGE ( 'NONE', *, *, #584, .F. ) ;
#1039 = EDGE_CURVE ( 'NONE', #2136, #1367, #370, .T. ) ;
#1040 = ORIENTED_EDGE ( 'NONE', *, *, #6468, .T. ) ;
#1041 = LINE ( 'NONE', #1544, #6075 ) ;
#1042 = CARTESIAN_POINT ( 'NONE',  ( 0.000000000000000000, 0.000000000000000000, 0.000000000000000000 ) ) ;
#1043 = DIRECTION ( 'NONE',  ( -0.000000000000000000, 1.000000000000000000, -0.000000000000000000 ) ) ;
#1044 = FACE_OUTER_BOUND ( 'NONE', #2866, .T. ) ;
#1045 = LINE ( 'NONE', #4566, #1924 ) ;
#1046 = ORIENTED_EDGE ( 'NONE', *, *, #452, .T. ) ;
#1047 = ORIENTED_EDGE ( 'NONE', *, *, #5930, .F. ) ;
#1048 = LINE ( 'NONE', #3083, #3858 ) ;
#1049 = CARTESIAN_POINT ( 'NONE',  ( 0.5680000000000000604, -0.02999999999999999889, -0.2105000000000000204 ) ) ;
#1050 = CARTESIAN_POINT ( 'NONE',  ( -0.4873958806209868766, -0.01799999999995276212, 0.01999999999999995878 ) ) ;
#1051 = DIRECTION ( 'NONE',  ( -0.000000000000000000, -1.000000000000000000, -0.000000000000000000 ) ) ;
#1052 = DIRECTION ( 'NONE',  ( 0.000000000000000000, -1.000000000000000000, 0.000000000000000000 ) ) ;
#1053 = ORIENTED_EDGE ( 'NONE', *, *, #2649, .T. ) ;
#1054 = CARTESIAN_POINT ( 'NONE',  ( -0.4270000000004425256, -0.09769904250357187847, -0.05000000000000000278 ) ) ;
#1055 = CARTESIAN_POINT ( 'NONE',  ( -0.4270000000004425256, -0.09769904250357187847, -0.02000000000000001429 ) ) ;
#1056 = EDGE_CURVE ( 'NONE', #3845, #3882, #4590, .T. ) ;
#1057 = VECTOR ( 'NONE', #2333, 39.37007874015748143 ) ;
#1058 = DIRECTION ( 'NONE',  ( -0.7998244465409093396, 0.000000000000000000, 0.6002339999662865688 ) ) ;
#1059 = AXIS2_PLACEMENT_3D ( 'NONE', #3232, #4287, #1763 ) ;
#1060 = PLANE ( 'NONE',  #951 ) ;
#1061 = ORIENTED_EDGE ( 'NONE', *, *, #1013, .T. ) ;
#1062 = LINE ( 'NONE', #6191, #1386 ) ;
#1063 = VERTEX_POINT ( 'NONE', #5993 ) ;
#1064 = ORIENTED_EDGE ( 'NONE', *, *, #885, .F. ) ;
#1065 = VECTOR ( 'NONE', #5808, 39.37007874015748143 ) ;
#1066 = ORIENTED_EDGE ( 'NONE', *, *, #4547, .T. ) ;
#1067 = ADVANCED_FACE ( 'NONE', ( #2936 ), #6492, .T. ) ;
#1068 = LINE ( 'NONE', #5587, #447 ) ;
#1069 = VECTOR ( 'NONE', #6221, 39.37007874015748854 ) ;
#1070 = DIRECTION ( 'NONE',  ( -0.1651453759206837901, 0.000000000000000000, -0.9862692354585618215 ) ) ;
#1071 = DIRECTION ( 'NONE',  ( 0.000000000000000000, 0.000000000000000000, -1.000000000000000000 ) ) ;
#1072 = ADVANCED_FACE ( 'NONE', ( #930 ), #2532, .F. ) ;
#1073 = AXIS2_PLACEMENT_3D ( 'NONE', #2129, #1158, #3132 ) ;
#1074 = CARTESIAN_POINT ( 'NONE',  ( 0.000000000000000000, -0.01699999999995084610, -0.01999999999999983041 ) ) ;
#1075 = VERTEX_POINT ( 'NONE', #4094 ) ;
#1076 = CIRCLE ( 'NONE', #3318, 0.02249999999999907629 ) ;
#1077 = ORIENTED_EDGE ( 'NONE', *, *, #1917, .T. ) ;
#1078 = VECTOR ( 'NONE', #2802, 39.37007874015748143 ) ;
#1079 = DIRECTION ( 'NONE',  ( 1.000000000000000000, 0.000000000000000000, 0.000000000000000000 ) ) ;
#1080 = PRODUCT_CONTEXT ( 'NONE', #3207, 'mechanical' ) ;
#1081 = AXIS2_PLACEMENT_3D ( 'NONE', #4056, #3632, #1493 ) ;
#1082 = EDGE_CURVE ( 'NONE', #4449, #1542, #1498, .T. ) ;
#1083 = DIRECTION ( 'NONE',  ( -0.4067366430757593521, 0.9135454576426189632, -0.000000000000000000 ) ) ;
#1084 = AXIS2_PLACEMENT_3D ( 'NONE', #2388, #5877, #3888 ) ;
#1085 = CARTESIAN_POINT ( 'NONE',  ( -0.1525811296288801244, 0.02900000000000000147, 0.1136659048247848636 ) ) ;
#1086 =( BOUNDED_CURVE ( )  B_SPLINE_CURVE ( 3, ( #980, #3014, #3453, #2946 ),
 .UNSPECIFIED., .F., .F. ) 
 B_SPLINE_CURVE_WITH_KNOTS ( ( 4, 4 ),
 ( 1.570796326818378219, 2.094395102435213207 ),
 .UNSPECIFIED. ) 
 CURVE ( )  GEOMETRIC_REPRESENTATION_ITEM ( )  RATIONAL_B_SPLINE_CURVE ( ( 1.000000000000000000, 0.9772838841911131169, 0.9772838841911131169, 1.000000000000000000 ) ) 
 REPRESENTATION_ITEM ( '' )  );
#1087 = PRODUCT_DEFINITION_SHAPE ( 'NONE', 'NONE',  #1145 ) ;
#1088 = DIRECTION ( 'NONE',  ( -0.000000000000000000, 0.000000000000000000, 1.000000000000000000 ) ) ;
#1089 = ORIENTED_EDGE ( 'NONE', *, *, #6160, .F. ) ;
#1090 = AXIS2_PLACEMENT_3D ( 'NONE', #4084, #3053, #3560 ) ;
#1091 = DIRECTION ( 'NONE',  ( -0.000000000000000000, 1.000000000000000000, -0.000000000000000000 ) ) ;
#1092 = CARTESIAN_POINT ( 'NONE',  ( 0.5674999999999998934, 0.02000000000000000042, -0.2255000000000000338 ) ) ;
#1093 = DIRECTION ( 'NONE',  ( 1.000000000000000000, 0.000000000000000000, 0.000000000000000000 ) ) ;
#1094 = VECTOR ( 'NONE', #5032, 39.37007874015748143 ) ;
#1095 = AXIS2_PLACEMENT_3D ( 'NONE', #2325, #5472, #3943 ) ;
#1096 = CARTESIAN_POINT ( 'NONE',  ( -0.4537721578432239999, -0.04999999999999294592, 0.02316803846421107427 ) ) ;
#1097 = DIRECTION ( 'NONE',  ( -0.000000000000000000, 1.000000000000000000, -0.000000000000000000 ) ) ;
#1098 = VECTOR ( 'NONE', #2385, 39.37007874015748854 ) ;
#1099 = ORIENTED_EDGE ( 'NONE', *, *, #1111, .F. ) ;
#1100 = CARTESIAN_POINT ( 'NONE',  ( -0.4369999999999999996, -0.09769904250363242726, -0.05000000000000000278 ) ) ;
#1101 = CARTESIAN_POINT ( 'NONE',  ( -0.4556041193790334454, -0.09026844900068288491, -0.02499999999999999098 ) ) ;
#1102 = CARTESIAN_POINT ( 'NONE',  ( -0.1975811296288818852, 0.02900000000000000147, 0.03871159279835701544 ) ) ;
#1103 = LINE ( 'NONE', #6085, #5979 ) ;
#1104 = ORIENTED_EDGE ( 'NONE', *, *, #6410, .T. ) ;
#1105 = EDGE_CURVE ( 'NONE', #4291, #510, #3210, .T. ) ;
#1106 = LINE ( 'NONE', #4852, #5647 ) ;
#1107 = ORIENTED_EDGE ( 'NONE', *, *, #1504, .F. ) ;
#1108 = VERTEX_POINT ( 'NONE', #2072 ) ;
#1109 = CARTESIAN_POINT ( 'NONE',  ( -0.5674999999999998934, 0.02000000000000000042, 0.2104999999999999372 ) ) ;
#1110 = DIRECTION ( 'NONE',  ( -0.000000000000000000, 1.000000000000000000, -0.000000000000000000 ) ) ;
#1111 = EDGE_CURVE ( 'NONE', #1108, #5469, #3218, .T. ) ;
#1112 = DIRECTION ( 'NONE',  ( -1.000000000000000000, 0.000000000000000000, 0.000000000000000000 ) ) ;
#1113 = FACE_OUTER_BOUND ( 'NONE', #4183, .T. ) ;
#1114 = EDGE_CURVE ( 'NONE', #2212, #3950, #3498, .T. ) ;
#1115 = CARTESIAN_POINT ( 'NONE',  ( 0.4611262963504618173, -0.009999999999999998473, -0.2054999999999999882 ) ) ;
#1116 = EDGE_LOOP ( 'NONE', ( #4101, #2414, #2880, #6122 ) ) ;
#1117 = VERTEX_POINT ( 'NONE', #1432 ) ;
#1118 = CARTESIAN_POINT ( 'NONE',  ( -0.4099999999999999756, -0.04499999999995278610, -0.01999999999999995878 ) ) ;
#1119 = FACE_OUTER_BOUND ( 'NONE', #920, .T. ) ;
#1120 = CARTESIAN_POINT ( 'NONE',  ( 0.5776049594959190570, -0.03000000000000000583, 0.2220414068084845260 ) ) ;
#1121 = CARTESIAN_POINT ( 'NONE',  ( -0.2575811314170221022, 0.02999999999999999889, 0.1586384912141360903 ) ) ;
#1122 = EDGE_LOOP ( 'NONE', ( #2708, #2048, #5151, #4773 ) ) ;
#1123 = EDGE_CURVE ( 'NONE', #3013, #4095, #6120, .T. ) ;
#1124 = PLANE ( 'NONE',  #5233 ) ;
#1125 = DIRECTION ( 'NONE',  ( 0.5000037368133710691, 0.000000000000000000, -0.8660232463234835976 ) ) ;
#1126 = DIRECTION ( 'NONE',  ( 0.000000000000000000, 0.000000000000000000, 1.000000000000000000 ) ) ;
#1127 = CARTESIAN_POINT ( 'NONE',  ( -4.136714616909522998E-17, -0.01699999999995084610, 0.02500000000000013323 ) ) ;
#1128 = CARTESIAN_POINT ( 'NONE',  ( -0.5546019599457007176, -0.01000000000000000021, -0.2055000000000000437 ) ) ;
#1129 = EDGE_CURVE ( 'NONE', #5292, #4071, #398, .T. ) ;
#1130 = EDGE_LOOP ( 'NONE', ( #713, #5031, #2177, #2524 ) ) ;
#1131 = CARTESIAN_POINT ( 'NONE',  ( -0.5818105022493548217, -0.02999999999998909095, -0.2163608864829696110 ) ) ;
#1132 = CARTESIAN_POINT ( 'NONE',  ( -0.3870000000000000107, 0.000000000000000000, 0.03449999999999993350 ) ) ;
#1133 = DIRECTION ( 'NONE',  ( -0.9918522089651700124, 0.1273938600204611304, 1.797492595166652657E-16 ) ) ;
#1134 = CARTESIAN_POINT ( 'NONE',  ( -0.3792342799269071141, 0.02900000000000000147, 0.1386506756738059287 ) ) ;
#1135 = EDGE_LOOP ( 'NONE', ( #910, #4424, #2938, #4750 ) ) ;
#1136 = EDGE_LOOP ( 'NONE', ( #3066, #6231, #372, #567 ) ) ;
#1137 = DIRECTION ( 'NONE',  ( 0.000000000000000000, 0.000000000000000000, 1.000000000000000000 ) ) ;
#1138 = LINE ( 'NONE', #2107, #3233 ) ;
#1139 = LINE ( 'NONE', #1675, #430 ) ;
#1140 = DIRECTION ( 'NONE',  ( 0.1273938600204659322, 0.9918522089651692353, 0.000000000000000000 ) ) ;
#1141 = CARTESIAN_POINT ( 'NONE',  ( -0.5824248225339589968, -0.02999999999999998848, 0.2159528994949470038 ) ) ;
#1142 = ORIENTED_EDGE ( 'NONE', *, *, #2176, .F. ) ;
#1143 = ORIENTED_EDGE ( 'NONE', *, *, #451, .F. ) ;
#1144 = CARTESIAN_POINT ( 'NONE',  ( -0.4554940759319837662, -0.04000000000025272923, -0.05000000000000000278 ) ) ;
#1145 = PRODUCT_DEFINITION ( 'UNKNOWN', '', #3846, #6154 ) ;
#1146 = EDGE_CURVE ( 'NONE', #4863, #578, #3445, .T. ) ;
#1147 = DIRECTION ( 'NONE',  ( 1.000000000000000000, -0.000000000000000000, 0.000000000000000000 ) ) ;
#1148 = CARTESIAN_POINT ( 'NONE',  ( -0.07799999999999999989, 0.07299999999999999545, -0.4579999999999998517 ) ) ;
#1149 = CARTESIAN_POINT ( 'NONE',  ( 0.5680000000000000604, 0.02999999999999999889, -0.2105000000000000204 ) ) ;
#1150 = VERTEX_POINT ( 'NONE', #1001 ) ;
#1151 = DIRECTION ( 'NONE',  ( -0.1273938600204659322, -0.9918522089651692353, 0.000000000000000000 ) ) ;
#1152 = CARTESIAN_POINT ( 'NONE',  ( -0.3675811309645719560, 0.02999999999999999889, 0.06905657162336102661 ) ) ;
#1153 = FACE_OUTER_BOUND ( 'NONE', #4738, .T. ) ;
#1154 = DIRECTION ( 'NONE',  ( 1.000000000000000000, 0.000000000000000000, 3.161861103778080950E-16 ) ) ;
#1155 = ADVANCED_FACE ( 'NONE', ( #5055 ), #965, .T. ) ;
#1156 = CARTESIAN_POINT ( 'NONE',  ( -0.5733015025939678377, -0.02999999999999999542, 0.2249613563941684213 ) ) ;
#1157 = ORIENTED_EDGE ( 'NONE', *, *, #787, .F. ) ;
#1158 = DIRECTION ( 'NONE',  ( 0.000000000000000000, -1.000000000000000000, 0.000000000000000000 ) ) ;
#1159 = CARTESIAN_POINT ( 'NONE',  ( -0.1996425085298886015, 0.02900000000000000147, 0.05562798290298401338 ) ) ;
#1160 =( BOUNDED_SURFACE ( )  B_SPLINE_SURFACE ( 3, 1, ( 
 ( #5717, #6184 ),
 ( #1159, #694 ),
 ( #2733, #4757 ),
 ( #2237, #4255 ) ),
 .UNSPECIFIED., .F., .F., .F. ) 
 B_SPLINE_SURFACE_WITH_KNOTS ( ( 4, 4 ),
 ( 2, 2 ),
 ( 0.000000000000000000, 1.000000000000000000 ),
 ( 0.000000000000000000, 1.000000000000000000 ),
 .UNSPECIFIED. ) 
 GEOMETRIC_REPRESENTATION_ITEM ( )  RATIONAL_B_SPLINE_SURFACE ( (
 ( 1.000000000000000000, 1.000000000000000000),
 ( 0.8053397257106983398, 0.8053397257106983398),
 ( 0.8053397257106983398, 0.8053397257106983398),
 ( 1.000000000000000000, 1.000000000000000000) ) ) 
 REPRESENTATION_ITEM ( '' )  SURFACE ( )  );
#1161 = CARTESIAN_POINT ( 'NONE',  ( 0.6075000000000000400, 0.07299999999999999545, -0.2949999999999999289 ) ) ;
#1162 = ADVANCED_FACE ( 'NONE', ( #495 ), #5085, .T. ) ;
#1163 =( CONVERSION_BASED_UNIT ( 'INCH', #269 ) LENGTH_UNIT ( ) NAMED_UNIT ( #4062 ) );
#1164 = VERTEX_POINT ( 'NONE', #2433 ) ;
#1165 = VERTEX_POINT ( 'NONE', #4514 ) ;
#1166 = DIRECTION ( 'NONE',  ( -0.9918522089651692353, 0.1273938600204665705, -5.509863910362392687E-16 ) ) ;
#1167 = LINE ( 'NONE', #3209, #3653 ) ;
#1168 = UNCERTAINTY_MEASURE_WITH_UNIT (LENGTH_MEASURE( 1.000000000000000082E-05 ), #5686, 'distance_accuracy_value', 'NONE');
#1169 = CARTESIAN_POINT ( 'NONE',  ( -0.4382739386006512250, -0.1076175645932271607, 0.02000000000000000736 ) ) ;
#1170 = VERTEX_POINT ( 'NONE', #4060 ) ;
#1171 = CARTESIAN_POINT ( 'NONE',  ( -0.4611262963504617618, -0.009999999999999998473, 0.2054999999999999605 ) ) ;
#1172 = ORIENTED_EDGE ( 'NONE', *, *, #5047, .T. ) ;
#1173 = ORIENTED_EDGE ( 'NONE', *, *, #5983, .T. ) ;
#1174 =( GEOMETRIC_REPRESENTATION_CONTEXT ( 3 ) GLOBAL_UNCERTAINTY_ASSIGNED_CONTEXT ( ( #3645 ) ) GLOBAL_UNIT_ASSIGNED_CONTEXT ( ( #5206, #6269, #2257 ) ) REPRESENTATION_CONTEXT ( 'NONE', 'WORKASPACE' ) );
#1175 = COLOUR_RGB ( '',0.7921568627450980005, 0.8196078431372548767, 0.9333333333333333481 ) ;
#1177 = ORIENTED_EDGE ( 'NONE', *, *, #3469, .T. ) ;
#1176 = AXIS2_PLACEMENT_3D ( 'NONE', #1132, #5751, #5161 ) ;
#1178 = CARTESIAN_POINT ( 'NONE',  ( 0.5829999999975407077, -0.02999999999999999889, 0.2122025752516389918 ) ) ;
#1179 = CARTESIAN_POINT ( 'NONE',  ( 0.1500000000000003830, 0.1629999999999944549, 0.7220000000004425100 ) ) ;
#1180 = AXIS2_PLACEMENT_3D ( 'NONE', #2648, #2158, #3690 ) ;
#1181 = CARTESIAN_POINT ( 'NONE',  ( 0.5999999999999999778, 0.04000000000000000083, 0.2950000000000000400 ) ) ;
#1182 = VECTOR ( 'NONE', #759, 39.37007874015748143 ) ;
#1183 = LINE ( 'NONE', #3227, #5321 ) ;
#1184 = EDGE_CURVE ( 'NONE', #995, #6406, #6047, .T. ) ;
#1185 = CARTESIAN_POINT ( 'NONE',  ( 0.5818847212315455542, -0.02999999999999999542, -0.2161759210757583372 ) ) ;
#1186 = VECTOR ( 'NONE', #3732, 39.37007874015748143 ) ;
#1187 = ORIENTED_EDGE ( 'NONE', *, *, #3844, .F. ) ;
#1188 = CARTESIAN_POINT ( 'NONE',  ( 0.5830000000000000737, 0.02999999999999999889, 0.2104999999999999372 ) ) ;
#1189 = VECTOR ( 'NONE', #6581, 39.37007874015748143 ) ;
#1190 = VECTOR ( 'NONE', #2210, 39.37007874015748143 ) ;
#1191 = CARTESIAN_POINT ( 'NONE',  ( -0.1075811296288820829, 0.02999999999999999889, 0.1286567672300730492 ) ) ;
#1192 = AXIS2_PLACEMENT_3D ( 'NONE', #4820, #353, #3822 ) ;
#1193 = EDGE_CURVE ( 'NONE', #1910, #4594, #3568, .T. ) ;
#1194 = CARTESIAN_POINT ( 'NONE',  ( -0.6075000000000000400, 0.07299999999999999545, 0.1600000000000000588 ) ) ;
#1195 = CARTESIAN_POINT ( 'NONE',  ( 0.5572380199816721058, -0.01000000000000000888, 0.2048020693620697663 ) ) ;
#1196 = AXIS2_PLACEMENT_3D ( 'NONE', #796, #4477, #5850 ) ;
#1197 = VECTOR ( 'NONE', #5909, 39.37007874015748143 ) ;
#1198 = EDGE_CURVE ( 'NONE', #1478, #6534, #1030, .T. ) ;
#1199 = VERTEX_POINT ( 'NONE', #34 ) ;
#1200 = VECTOR ( 'NONE', #75, 39.37007874015748143 ) ;
#1201 = DIRECTION ( 'NONE',  ( 0.000000000000000000, -1.000000000000000000, 0.000000000000000000 ) ) ;
#1202 = DIRECTION ( 'NONE',  ( 0.000000000000000000, 0.000000000000000000, -1.000000000000000000 ) ) ;
#1203 = EDGE_CURVE ( 'NONE', #5726, #2404, #2686, .T. ) ;
#1204 = AXIS2_PLACEMENT_3D ( 'NONE', #5837, #4371, #6412 ) ;
#1205 = PLANE ( 'NONE',  #876 ) ;
#1206 = VECTOR ( 'NONE', #6260, 39.37007874015748143 ) ;
#1207 =( NAMED_UNIT ( * ) PLANE_ANGLE_UNIT ( ) SI_UNIT ( $, .RADIAN. ) );
#1208 = EDGE_LOOP ( 'NONE', ( #5828, #1564, #606, #3047 ) ) ;
#1209 = ORIENTED_EDGE ( 'NONE', *, *, #4074, .T. ) ;
#1210 = DIRECTION ( 'NONE',  ( -0.9918522089651692353, 0.1273938600204659599, -2.696238892749978493E-16 ) ) ;
#1211 = EDGE_CURVE ( 'NONE', #5568, #4263, #2826, .T. ) ;
#1212 = CARTESIAN_POINT ( 'NONE',  ( -0.3559279799269051692, 0.02900000000000000147, 0.1386506756738059287 ) ) ;
#1213 = CARTESIAN_POINT ( 'NONE',  ( -0.2455811310141752246, 0.02900000000000000147, 0.06572980324970296995 ) ) ;
#1214 = ORIENTED_EDGE ( 'NONE', *, *, #63, .F. ) ;
#1215 = CARTESIAN_POINT ( 'NONE',  ( -0.4730258587994411457, -0.02999999999999999889, -0.2255000000000000338 ) ) ;
#1216 = ORIENTED_EDGE ( 'NONE', *, *, #4760, .F. ) ;
#1217 = ORIENTED_EDGE ( 'NONE', *, *, #2703, .T. ) ;
#1218 = ORIENTED_EDGE ( 'NONE', *, *, #1477, .F. ) ;
#1219 = LINE ( 'NONE', #3850, #1737 ) ;
#1220 = APPLICATION_PROTOCOL_DEFINITION ( 'draft international standard', 'automotive_design', 1998, #3207 ) ;
#1221 = DIRECTION ( 'NONE',  ( -1.000000000000000000, 0.000000000000000000, 1.376939512935668684E-16 ) ) ;
#1222 = DIRECTION ( 'NONE',  ( 1.000000000000000000, -0.000000000000000000, 0.000000000000000000 ) ) ;
#1223 = DIRECTION ( 'NONE',  ( -0.000000000000000000, 1.000000000000000000, -0.000000000000000000 ) ) ;
#1224 = ORIENTED_EDGE ( 'NONE', *, *, #5451, .F. ) ;
#1225 = CARTESIAN_POINT ( 'NONE',  ( -0.1239999999999999991, 0.000000000000000000, -0.009499999999999909558 ) ) ;
#1226 = CARTESIAN_POINT ( 'NONE',  ( -0.6075000000000000400, 0.07299999999999999545, -0.2949999999999999289 ) ) ;
#1227 = EDGE_CURVE ( 'NONE', #3048, #2145, #5234, .T. ) ;
#1228 = DIRECTION ( 'NONE',  ( -0.000000000000000000, 0.000000000000000000, 1.000000000000000000 ) ) ;
#1229 = CARTESIAN_POINT ( 'NONE',  ( -0.5623330160737448624, -0.01000000000000000715, -0.1996683113427916156 ) ) ;
#1230 = VERTEX_POINT ( 'NONE', #2175 ) ;
#1231 = CARTESIAN_POINT ( 'NONE',  ( -0.3825811296288838537, 0.02999999999999999889, 0.1586384922640279860 ) ) ;
#1232 = FACE_OUTER_BOUND ( 'NONE', #3138, .T. ) ;
#1233 = EDGE_CURVE ( 'NONE', #1230, #3781, #3203, .T. ) ;
#1234 = ADVANCED_FACE ( 'NONE', ( #4193 ), #1598, .F. ) ;
#1235 = CARTESIAN_POINT ( 'NONE',  ( -0.5824999999999999067, 0.02000000000000000042, -0.2255000000000000338 ) ) ;
#1236 = ORIENTED_EDGE ( 'NONE', *, *, #908, .F. ) ;
#1237 = ORIENTED_EDGE ( 'NONE', *, *, #3322, .F. ) ;
#1238 = CARTESIAN_POINT ( 'NONE',  ( -0.4554940759319748844, -0.01799999999995276212, -0.02488995655296195875 ) ) ;
#1239 = FACE_OUTER_BOUND ( 'NONE', #283, .T. ) ;
#1240 = DIRECTION ( 'NONE',  ( -0.1273938600204659322, -0.9918522089651692353, -0.000000000000000000 ) ) ;
#1241 = ORIENTED_EDGE ( 'NONE', *, *, #6233, .T. ) ;
#1242 = EDGE_CURVE ( 'NONE', #6314, #1117, #2666, .T. ) ;
#1243 = CARTESIAN_POINT ( 'NONE',  ( 0.5830000000000001847, -0.03000000000000000930, -0.2122025752354693429 ) ) ;
#1244 = VERTEX_POINT ( 'NONE', #2135 ) ;
#1245 = VERTEX_POINT ( 'NONE', #2604 ) ;
#1246 = EDGE_LOOP ( 'NONE', ( #2475, #4798, #1403, #6341 ) ) ;
#1247 = FACE_OUTER_BOUND ( 'NONE', #4333, .T. ) ;
#1248 = ITEM_DEFINED_TRANSFORMATION ( 'NONE', 'NONE', #3408,  #6377 ) ;
#1249 = CARTESIAN_POINT ( 'NONE',  ( 0.5696560208717514895, -0.03000000000000000583, -0.2254999999988290538 ) ) ;
#1250 = EDGE_CURVE ( 'NONE', #5259, #5164, #5132, .T. ) ;
#1251 = DIRECTION ( 'NONE',  ( -0.4067366430708590497, -0.9135454576448007735, 0.000000000000000000 ) ) ;
#1252 = CARTESIAN_POINT ( 'NONE',  ( -0.4464408609535127082, -0.05817429540478204208, 0.02000000000000000389 ) ) ;
#1253 = ORIENTED_EDGE ( 'NONE', *, *, #5818, .F. ) ;
#1254 = DIRECTION ( 'NONE',  ( 1.000000000000000000, 0.000000000000000000, -7.588466649067432933E-15 ) ) ;
#1255 = DIRECTION ( 'NONE',  ( 0.000000000000000000, 0.000000000000000000, -1.000000000000000000 ) ) ;
#1256 = CARTESIAN_POINT ( 'NONE',  ( -0.4554940759319748844, -0.04999999999999448635, -0.02488995655296195875 ) ) ;
#1257 = DIRECTION ( 'NONE',  ( 1.225374105480419231E-16, -1.000000000000000000, 0.000000000000000000 ) ) ;
#1258 = MANIFOLD_SOLID_BREP ( 'Fillet2', #4885 ) ;
#1259 = EDGE_LOOP ( 'NONE', ( #4538, #5364, #99, #3074, #3555, #1745, #4858, #3980 ) ) ;
#1260 = DIRECTION ( 'NONE',  ( -0.7998244465409045656, 0.000000000000000000, 0.6002339999662928971 ) ) ;
#1261 = CARTESIAN_POINT ( 'NONE',  ( -0.1995812646486070097, 0.02900000000000000147, 0.07958191773172107464 ) ) ;
#1262 = FACE_BOUND ( 'NONE', #1519, .T. ) ;
#1263 = LINE ( 'NONE', #2239, #5622 ) ;
#1264 = ORIENTED_EDGE ( 'NONE', *, *, #3019, .F. ) ;
#1265 = EDGE_CURVE ( 'NONE', #3808, #4969, #1106, .T. ) ;
#1266 = ORIENTED_EDGE ( 'NONE', *, *, #5158, .F. ) ;
#1267 = CARTESIAN_POINT ( 'NONE',  ( -0.5679999999999998384, 0.02999999999999999889, -0.2104999999999999094 ) ) ;
#1268 = FACE_OUTER_BOUND ( 'NONE', #6513, .T. ) ;
#1269 = FACE_OUTER_BOUND ( 'NONE', #4741, .T. ) ;
#1270 = EDGE_CURVE ( 'NONE', #5556, #711, #2795, .T. ) ;
#1271 = ORIENTED_EDGE ( 'NONE', *, *, #2592, .T. ) ;
#1272 = FACE_OUTER_BOUND ( 'NONE', #1431, .T. ) ;
#1273 = VERTEX_POINT ( 'NONE', #3600 ) ;
#1274 = EDGE_CURVE ( 'NONE', #650, #945, #3640, .T. ) ;
#1275 = ORIENTED_EDGE ( 'NONE', *, *, #5699, .F. ) ;
#1276 = ORIENTED_EDGE ( 'NONE', *, *, #5936, .F. ) ;
#1277 = DIRECTION ( 'NONE',  ( -3.315730916883898424E-16, 0.000000000000000000, 1.000000000000000000 ) ) ;
#1278 = EDGE_CURVE ( 'NONE', #1029, #778, #1062, .T. ) ;
#1279 = VECTOR ( 'NONE', #5719, 39.37007874015748143 ) ;
#1280 = LINE ( 'NONE', #4940, #6198 ) ;
#1281 = LINE ( 'NONE', #3378, #5221 ) ;
#1282 =( GEOMETRIC_REPRESENTATION_CONTEXT ( 3 ) GLOBAL_UNCERTAINTY_ASSIGNED_CONTEXT ( ( #5692 ) ) GLOBAL_UNIT_ASSIGNED_CONTEXT ( ( #446, #2947, #543 ) ) REPRESENTATION_CONTEXT ( 'NONE', 'WORKASPACE' ) );
#1283 = EDGE_LOOP ( 'NONE', ( #2323, #661, #5403, #2483 ) ) ;
#1284 = VECTOR ( 'NONE', #985, 39.37007874015748143 ) ;
#1285 = PLANE ( 'NONE',  #3326 ) ;
#1286 = EDGE_CURVE ( 'NONE', #3402, #4291, #568, .T. ) ;
#1287 = PLANE ( 'NONE',  #4884 ) ;
#1288 = AXIS2_PLACEMENT_3D ( 'NONE', #48, #2084, #4104 ) ;
#1289 = AXIS2_PLACEMENT_3D ( 'NONE', #3029, #3058, #4089 ) ;
#1290 = AXIS2_PLACEMENT_3D ( 'NONE', #3171, #4199, #1112 ) ;
#1291 = CARTESIAN_POINT ( 'NONE',  ( -0.4730258587994410346, -0.02999999999999999889, 0.2254999999999999505 ) ) ;
#1292 = DIRECTION ( 'NONE',  ( 0.000000000000000000, 0.000000000000000000, 1.000000000000000000 ) ) ;
#1293 = CIRCLE ( 'NONE', #5754, 0.009999999999741732842 ) ;
#1294 = VECTOR ( 'NONE', #2456, 39.37007874015748143 ) ;
#1295 = ORIENTED_EDGE ( 'NONE', *, *, #403, .F. ) ;
#1296 = PLANE ( 'NONE',  #972 ) ;
#1297 = FACE_OUTER_BOUND ( 'NONE', #6080, .T. ) ;
#1298 = ADVANCED_FACE ( 'NONE', ( #5687 ), #5881, .F. ) ;
#1299 = CIRCLE ( 'NONE', #4374, 0.009999999999741732842 ) ;
#1300 = AXIS2_PLACEMENT_3D ( 'NONE', #2712, #5799, #6362 ) ;
#1301 = CARTESIAN_POINT ( 'NONE',  ( -0.5550000000000000488, 0.02000000000000000042, -0.1824999999999999956 ) ) ;
#1302 = AXIS2_PLACEMENT_3D ( 'NONE', #5028, #5462, #2566 ) ;
#1303 = VECTOR ( 'NONE', #2536, 39.37007874015748143 ) ;
#1304 = ORIENTED_EDGE ( 'NONE', *, *, #5818, .T. ) ;
#1305 = VECTOR ( 'NONE', #5603, 39.37007874015748143 ) ;
#1306 = LINE ( 'NONE', #2834, #1388 ) ;
#1307 = CARTESIAN_POINT ( 'NONE',  ( -0.4568780579794380903, -0.1001869710900484822, -0.02000000000000000736 ) ) ;
#1308 = AXIS2_PLACEMENT_3D ( 'NONE', #1947, #6558, #2006 ) ;
#1309 = CARTESIAN_POINT ( 'NONE',  ( -0.5824999999999999067, 0.06250000000000000000, 0.2254999999999999505 ) ) ;
#1310 = EDGE_CURVE ( 'NONE', #3992, #6123, #1380, .T. ) ;
#1311 = VECTOR ( 'NONE', #2270, 39.37007874015748143 ) ;
#1312 = VERTEX_POINT ( 'NONE', #2853 ) ;
#1313 = CARTESIAN_POINT ( 'NONE',  ( -0.4099999999999999756, -0.08299999999995276434, 0.01999999999999995878 ) ) ;
#1314 = ORIENTED_EDGE ( 'NONE', *, *, #735, .F. ) ;
#1315 = ORIENTED_EDGE ( 'NONE', *, *, #5093, .T. ) ;
#1316 = ORIENTED_EDGE ( 'NONE', *, *, #1886, .F. ) ;
#1317 =( NAMED_UNIT ( * ) PLANE_ANGLE_UNIT ( ) SI_UNIT ( $, .RADIAN. ) );
#1318 = APPLICATION_PROTOCOL_DEFINITION ( 'draft international standard', 'automotive_design', 1998, #1492 ) ;
#1319 = EDGE_CURVE ( 'NONE', #4634, #4479, #3867, .T. ) ;
#1320 = CARTESIAN_POINT ( 'NONE',  ( 0.5736096604566702784, -0.02999999999999998848, 0.2244130260980990443 ) ) ;
#1321 = CARTESIAN_POINT ( 'NONE',  ( 0.5400000000000000355, -0.06253937007874015019, -0.1824999999999999678 ) ) ;
#1322 = ORIENTED_EDGE ( 'NONE', *, *, #4001, .F. ) ;
#1323 = LINE ( 'NONE', #4913, #3320 ) ;
#1324 = DIRECTION ( 'NONE',  ( 1.000000000000000000, 0.000000000000000000, 0.000000000000000000 ) ) ;
#1325 = DIRECTION ( 'NONE',  ( -0.000000000000000000, -1.000000000000000000, -0.000000000000000000 ) ) ;
#1326 = EDGE_CURVE ( 'NONE', #359, #1312, #2980, .T. ) ;
#1327 = CARTESIAN_POINT ( 'NONE',  ( -0.5465000000000000968, 0.07299999999999999545, -0.3349999999999999090 ) ) ;
#1328 = ORIENTED_EDGE ( 'NONE', *, *, #4780, .F. ) ;
#1329 = CARTESIAN_POINT ( 'NONE',  ( -0.4370000000004461427, -0.03499999999999713757, -0.01999999999999995878 ) ) ;
#1330 = LINE ( 'NONE', #291, #3096 ) ;
#1331 = DIRECTION ( 'NONE',  ( -0.1273938600204659322, -0.9918522089651692353, -0.000000000000000000 ) ) ;
#1332 = LINE ( 'NONE', #5411, #3730 ) ;
#1333 = ORIENTED_EDGE ( 'NONE', *, *, #1799, .T. ) ;
#1334 = FACE_OUTER_BOUND ( 'NONE', #1130, .T. ) ;
#1335 = DIRECTION ( 'NONE',  ( -1.000000000000000000, 0.000000000000000000, 0.000000000000000000 ) ) ;
#1336 = DIRECTION ( 'NONE',  ( -1.000000000000000000, 0.000000000000000000, -0.000000000000000000 ) ) ;
#1337 = ORIENTED_EDGE ( 'NONE', *, *, #3394, .T. ) ;
#1338 = CARTESIAN_POINT ( 'NONE',  ( 0.5630000000000002780, -0.009999999999999993269, 0.09812715302459157352 ) ) ;
#1339 = VERTEX_POINT ( 'NONE', #6472 ) ;
#1340 = EDGE_LOOP ( 'NONE', ( #3027, #3169, #6557, #901 ) ) ;
#1341 = ORIENTED_EDGE ( 'NONE', *, *, #5140, .F. ) ;
#1342 = CARTESIAN_POINT ( 'NONE',  ( -0.1995811308060771727, 0.02999999999999999889, 0.07968661587962798387 ) ) ;
#1343 = CONTEXT_DEPENDENT_SHAPE_REPRESENTATION ( #4423, #4641 ) ;
#1344 = CARTESIAN_POINT ( 'NONE',  ( 0.5680000000003079252, -0.03000000000000001277, 0.2254999999999999227 ) ) ;
#1345 = FACE_BOUND ( 'NONE', #5334, .T. ) ;
#1346 = ORIENTED_EDGE ( 'NONE', *, *, #4813, .F. ) ;
#1347 = EDGE_CURVE ( 'NONE', #6406, #3344, #2451, .T. ) ;
#1348 = CARTESIAN_POINT ( 'NONE',  ( -0.3559279799269051692, 0.02900000000000000147, 0.1386506756738059287 ) ) ;
#1349 =( NAMED_UNIT ( * ) SI_UNIT ( $, .STERADIAN. ) SOLID_ANGLE_UNIT ( ) );
#1350 = CARTESIAN_POINT ( 'NONE',  ( -0.4991794919244595397, -0.04499999999973888776, -0.01999999999999995878 ) ) ;
#1351 = CARTESIAN_POINT ( 'NONE',  ( -0.1525811296288801244, 0.02900000000000000147, 0.1136659048247848636 ) ) ;
#1352 = CYLINDRICAL_SURFACE ( 'NONE', #3759, 0.03100000000000009345 ) ;
#1353 = ORIENTED_EDGE ( 'NONE', *, *, #1129, .T. ) ;
#1354 = CARTESIAN_POINT ( 'NONE',  ( -0.4596807228996687700, -0.1220077196874157360, 0.02499999999999999098 ) ) ;
#1355 = CARTESIAN_POINT ( 'NONE',  ( -0.07799999999999997213, 0.000000000000000000, -0.5469999999999998197 ) ) ;
#1356 = EDGE_CURVE ( 'NONE', #305, #4471, #3358, .T. ) ;
#1357 = DIRECTION ( 'NONE',  ( 0.4067366430757593521, -0.9135454576426189632, 0.000000000000000000 ) ) ;
#1358 = PLANE ( 'NONE',  #2871 ) ;
#1359 = VERTEX_POINT ( 'NONE', #6512 ) ;
#1360 = CARTESIAN_POINT ( 'NONE',  ( -0.1925811321904752071, 0.02900000000000000147, -0.06122748901002793287 ) ) ;
#1361 = LINE ( 'NONE', #1050, #5317 ) ;
#1362 = EDGE_CURVE ( 'NONE', #2287, #3486, #5439, .T. ) ;
#1363 = FACE_OUTER_BOUND ( 'NONE', #4898, .T. ) ;
#1364 = VERTEX_POINT ( 'NONE', #5474 ) ;
#1365 = CARTESIAN_POINT ( 'NONE',  ( -0.1525811296288791252, 0.02999999999999999889, 0.08368418001421282226 ) ) ;
#1366 = ORIENTED_EDGE ( 'NONE', *, *, #4074, .F. ) ;
#1367 = VERTEX_POINT ( 'NONE', #1327 ) ;
#1368 = EDGE_LOOP ( 'NONE', ( #3814, #1574, #5196, #1177 ) ) ;
#1369 = FACE_OUTER_BOUND ( 'NONE', #4363, .T. ) ;
#1370 = CARTESIAN_POINT ( 'NONE',  ( -0.4369999999999999996, -0.01799999999995277253, 0.01999999999999995878 ) ) ;
#1371 = CARTESIAN_POINT ( 'NONE',  ( -0.4554940759319748844, -0.04999999999999448635, -0.007500000000001148977 ) ) ;
#1372 = VERTEX_POINT ( 'NONE', #3485 ) ;
#1373 = DIRECTION ( 'NONE',  ( -0.000000000000000000, -0.000000000000000000, 1.000000000000000000 ) ) ;
#1374 =( LENGTH_UNIT ( ) NAMED_UNIT ( * ) SI_UNIT ( $, .METRE. ) );
#1375 = PRESENTATION_LAYER_ASSIGNMENT (  '', '', ( #6580 ) ) ;
#1376 = AXIS2_PLACEMENT_3D ( 'NONE', #3926, #6457, #513 ) ;
#1377 = CARTESIAN_POINT ( 'NONE',  ( 0.09400000000000001410, 0.07299999999999999545, -0.5469999999999998197 ) ) ;
#1378 = EDGE_CURVE ( 'NONE', #6290, #5481, #5762, .T. ) ;
#1379 = CARTESIAN_POINT ( 'NONE',  ( -0.3075811296288818442, 0.02900000000000000147, 0.1586384921643468338 ) ) ;
#1380 = LINE ( 'NONE', #818, #1197 ) ;
#1381 = AXIS2_PLACEMENT_3D ( 'NONE', #3865, #5880, #3357 ) ;
#1382 = EDGE_LOOP ( 'NONE', ( #2581, #5371, #1089, #3146 ) ) ;
#1383 = ORIENTED_EDGE ( 'NONE', *, *, #324, .T. ) ;
#1384 = AXIS2_PLACEMENT_3D ( 'NONE', #6447, #918, #846 ) ;
#1385 = CARTESIAN_POINT ( 'NONE',  ( 0.09400000000000001410, 0.07299999999999999545, -0.5469999999999998197 ) ) ;
#1386 = VECTOR ( 'NONE', #3100, 39.37007874015748143 ) ;
#1387 = LINE ( 'NONE', #1261, #2883 ) ;
#1388 = VECTOR ( 'NONE', #4859, 39.37007874015748143 ) ;
#1389 = ADVANCED_FACE ( 'NONE', ( #3978 ), #1352, .F. ) ;
#1390 = AXIS2_PLACEMENT_3D ( 'NONE', #1007, #472, #1541 ) ;
#1391 = DIRECTION ( 'NONE',  ( 1.000000000000000000, 0.000000000000000000, 1.897116650798772461E-16 ) ) ;
#1392 = EDGE_CURVE ( 'NONE', #6367, #2058, #2950, .T. ) ;
#1393 = LINE ( 'NONE', #5916, #212 ) ;
#1394 = AXIS2_PLACEMENT_3D ( 'NONE', #266, #4348, #5356 ) ;
#1395 = ORIENTED_EDGE ( 'NONE', *, *, #6566, .F. ) ;
#1396 = VECTOR ( 'NONE', #3426, 39.37007874015748143 ) ;
#1397 = MANIFOLD_SOLID_BREP ( 'Cut-Loft2', #5413 ) ;
#1398 = CYLINDRICAL_SURFACE ( 'NONE', #4796, 0.01500000000000001159 ) ;
#1399 = FACE_OUTER_BOUND ( 'NONE', #414, .T. ) ;
#1400 = VECTOR ( 'NONE', #5142, 39.37007874015748143 ) ;
#1401 = CARTESIAN_POINT ( 'NONE',  ( -0.4554940759319748844, -0.01799999999995276212, -0.007500000000001148977 ) ) ;
#1402 = VECTOR ( 'NONE', #5562, 39.37007874015748143 ) ;
#1403 = ORIENTED_EDGE ( 'NONE', *, *, #1685, .F. ) ;
#1404 = CARTESIAN_POINT ( 'NONE',  ( 0.5630000000000001670, -0.01000000000000000021, 0.1970576027464089330 ) ) ;
#1405 = ORIENTED_EDGE ( 'NONE', *, *, #1993, .F. ) ;
#1406 = VECTOR ( 'NONE', #2896, 39.37007874015748143 ) ;
#1407 = VECTOR ( 'NONE', #6168, 39.37007874015748143 ) ;
#1408 = EDGE_CURVE ( 'NONE', #5130, #3006, #6380, .T. ) ;
#1409 = ORIENTED_EDGE ( 'NONE', *, *, #3363, .F. ) ;
#1410 = ORIENTED_EDGE ( 'NONE', *, *, #63, .T. ) ;
#1411 = VECTOR ( 'NONE', #5890, 39.37007874015748854 ) ;
#1412 = DIRECTION ( 'NONE',  ( -0.000000000000000000, 1.000000000000000000, -0.000000000000000000 ) ) ;
#1413 = VECTOR ( 'NONE', #1915, 39.37007874015748143 ) ;
#1414 = VECTOR ( 'NONE', #743, 39.37007874015748143 ) ;
#1415 = CARTESIAN_POINT ( 'NONE',  ( 0.5674999999999998934, 0.06250000000000000000, 0.2254999999999999505 ) ) ;
#1416 = VERTEX_POINT ( 'NONE', #2017 ) ;
#1417 = LINE ( 'NONE', #914, #442 ) ;
#1418 = CARTESIAN_POINT ( 'NONE',  ( -0.4382739386006512250, -0.1076175645932271746, 0.02000000000000000736 ) ) ;
#1419 = DIRECTION ( 'NONE',  ( 7.588466649067432933E-15, 0.000000000000000000, 1.000000000000000000 ) ) ;
#1420 = CARTESIAN_POINT ( 'NONE',  ( -0.02617930508797800676, 0.02900000000000000147, 0.1129826345147889877 ) ) ;
#1421 = ORIENTED_EDGE ( 'NONE', *, *, #6327, .T. ) ;
#1422 = ORIENTED_EDGE ( 'NONE', *, *, #735, .T. ) ;
#1423 = DIRECTION ( 'NONE',  ( 0.000000000000000000, 0.000000000000000000, -1.000000000000000000 ) ) ;
#1424 = FACE_OUTER_BOUND ( 'NONE', #5959, .T. ) ;
#1425 = DIRECTION ( 'NONE',  ( 0.7229660476098136446, 0.000000000000000000, -0.6908835603800721481 ) ) ;
#1426 = CARTESIAN_POINT ( 'NONE',  ( -0.5124542162334920770, -0.02122580645153561082, 0.01999999999999995878 ) ) ;
#1427 = ORIENTED_EDGE ( 'NONE', *, *, #3384, .T. ) ;
#1428 = LINE ( 'NONE', #2466, #323 ) ;
#1429 = EDGE_CURVE ( 'NONE', #1671, #5996, #17, .T. ) ;
#1430 = DIRECTION ( 'NONE',  ( 1.000000000000000000, 0.000000000000000000, -0.000000000000000000 ) ) ;
#1431 = EDGE_LOOP ( 'NONE', ( #98, #6035, #6089, #4005 ) ) ;
#1432 = CARTESIAN_POINT ( 'NONE',  ( -0.2575811305979759935, 0.02900000000000000147, 0.09364342865847498365 ) ) ;
#1433 = ORIENTED_EDGE ( 'NONE', *, *, #5353, .T. ) ;
#1434 = ORIENTED_EDGE ( 'NONE', *, *, #1392, .T. ) ;
#1435 = ORIENTED_EDGE ( 'NONE', *, *, #5545, .T. ) ;
#1436 = LINE ( 'NONE', #934, #1743 ) ;
#1437 = EDGE_CURVE ( 'NONE', #4161, #3878, #3662, .T. ) ;
#1438 = CARTESIAN_POINT ( 'NONE',  ( 0.07799999999999988887, 0.07299999999999999545, -0.5469999999999998197 ) ) ;
#1439 = ORIENTED_EDGE ( 'NONE', *, *, #3988, .F. ) ;
#1440 = EDGE_LOOP ( 'NONE', ( #4235, #4623, #5668, #6069 ) ) ;
#1441 = DIRECTION ( 'NONE',  ( -0.000000000000000000, 0.000000000000000000, 1.000000000000000000 ) ) ;
#1442 = B_SPLINE_CURVE_WITH_KNOTS ( 'NONE', 3,
 ( #200, #4801, #4266, #6305, #5329 ),
 .UNSPECIFIED., .F., .F.,
 ( 4, 1, 4 ),
 ( 0.000000000000000000, 0.2499999997672508467, 0.2689782906898746107 ),
 .UNSPECIFIED. ) ;
#1443 =( NAMED_UNIT ( * ) PLANE_ANGLE_UNIT ( ) SI_UNIT ( $, .RADIAN. ) );
#1444 = EDGE_CURVE ( 'NONE', #4657, #978, #5070, .T. ) ;
#1445 = CARTESIAN_POINT ( 'NONE',  ( -0.4423215697206082653, -0.03499999999999714451, 0.01999999999999995878 ) ) ;
#1446 = CARTESIAN_POINT ( 'NONE',  ( 0.01745051803667698256, 0.02999999999999999889, 0.1586384911471201420 ) ) ;
#1447 = PRODUCT_DEFINITION_SHAPE ( 'NONE', 'NONE',  #3018 ) ;
#1448 =( NAMED_UNIT ( * ) SI_UNIT ( $, .STERADIAN. ) SOLID_ANGLE_UNIT ( ) );
#1449 = ORIENTED_EDGE ( 'NONE', *, *, #2543, .F. ) ;
#1450 = VERTEX_POINT ( 'NONE', #5108 ) ;
#1451 = CARTESIAN_POINT ( 'NONE',  ( -0.2405811314170252235, 0.02999999999999999889, 0.03871159197184501771 ) ) ;
#1452 = DIRECTION ( 'NONE',  ( -1.000000000000000000, -0.000000000000000000, -0.000000000000000000 ) ) ;
#1453 = DIRECTION ( 'NONE',  ( 0.000000000000000000, 0.000000000000000000, 1.000000000000000000 ) ) ;
#1454 = DIRECTION ( 'NONE',  ( -0.000000000000000000, 1.000000000000000000, -0.000000000000000000 ) ) ;
#1455 = ORIENTED_EDGE ( 'NONE', *, *, #3142, .T. ) ;
#1456 = DIRECTION ( 'NONE',  ( 1.000000000000000000, 0.000000000000000000, -0.000000000000000000 ) ) ;
#1457 = CARTESIAN_POINT ( 'NONE',  ( 0.5680000000000000604, -0.02999999999999999889, -0.2105000000000000204 ) ) ;
#1458 = CARTESIAN_POINT ( 'NONE',  ( -0.4270000000004424701, -0.04500000000000078243, -0.01999999999999995878 ) ) ;
#1459 = ORIENTED_EDGE ( 'NONE', *, *, #4322, .T. ) ;
#1460 = EDGE_CURVE ( 'NONE', #1958, #3567, #4562, .T. ) ;
#1461 = DIRECTION ( 'NONE',  ( 0.000000000000000000, 0.000000000000000000, 1.000000000000000000 ) ) ;
#1462 = VERTEX_POINT ( 'NONE', #6539 ) ;
#1463 = ORIENTED_EDGE ( 'NONE', *, *, #747, .T. ) ;
#1464 = ORIENTED_EDGE ( 'NONE', *, *, #2384, .T. ) ;
#1465 = DIRECTION ( 'NONE',  ( 0.000000000000000000, 1.000000000000000000, 0.000000000000000000 ) ) ;
#1466 = EDGE_CURVE ( 'NONE', #2929, #4170, #6033, .T. ) ;
#1467 = EDGE_CURVE ( 'NONE', #5338, #2393, #3583, .T. ) ;
#1468 = DIRECTION ( 'NONE',  ( 1.000000000000000000, 0.000000000000000000, 0.000000000000000000 ) ) ;
#1469 = ORIENTED_EDGE ( 'NONE', *, *, #1643, .T. ) ;
#1470 = ORIENTED_EDGE ( 'NONE', *, *, #4431, .F. ) ;
#1471 = EDGE_CURVE ( 'NONE', #793, #4196, #5636, .T. ) ;
#1472 = PLANE ( 'NONE',  #4812 ) ;
#1473 = PLANE ( 'NONE',  #2278 ) ;
#1474 = CARTESIAN_POINT ( 'NONE',  ( 0.6075000000000000400, 0.07299999999999999545, 0.1600000000000000588 ) ) ;
#1475 = FACE_OUTER_BOUND ( 'NONE', #4656, .T. ) ;
#1476 = VERTEX_POINT ( 'NONE', #5674 ) ;
#1477 = EDGE_CURVE ( 'NONE', #5056, #186, #4529, .T. ) ;
#1478 = VERTEX_POINT ( 'NONE', #2620 ) ;
#1479 = CARTESIAN_POINT ( 'NONE',  ( -0.5067995786254708701, -0.1159557566465508893, 0.02000000000000000736 ) ) ;
#1480 = CARTESIAN_POINT ( 'NONE',  ( -0.6075000000000000400, 0.000000000000000000, -0.2949999999999999289 ) ) ;
#1481 = AXIS2_PLACEMENT_3D ( 'NONE', #5950, #3588, #5642 ) ;
#1482 = FACE_OUTER_BOUND ( 'NONE', #6546, .T. ) ;
#1483 = AXIS2_PLACEMENT_3D ( 'NONE', #5814, #1257, #4824 ) ;
#1484 = DIRECTION ( 'NONE',  ( -0.4999999999999895084, 0.000000000000000000, 0.8660254037844445918 ) ) ;
#1485 = AXIS2_PLACEMENT_3D ( 'NONE', #3657, #3179, #76 ) ;
#1486 = AXIS2_PLACEMENT_3D ( 'NONE', #3340, #4929, #4392 ) ;
#1487 = EDGE_CURVE ( 'NONE', #5584, #6490, #4037, .T. ) ;
#1488 = ORIENTED_EDGE ( 'NONE', *, *, #1114, .T. ) ;
#1489 = LINE ( 'NONE', #3594, #1827 ) ;
#1490 = DIRECTION ( 'NONE',  ( -1.000000000000000000, 0.000000000000000000, 0.000000000000000000 ) ) ;
#1491 = VECTOR ( 'NONE', #351, 39.37007874015748143 ) ;
#1492 = APPLICATION_CONTEXT ( 'automotive_design' ) ;
#1493 = DIRECTION ( 'NONE',  ( -1.000000000000000000, 0.000000000000000000, -0.000000000000000000 ) ) ;
#1494 = VECTOR ( 'NONE', #4008, 39.37007874015748143 ) ;
#1495 = DIRECTION ( 'NONE',  ( -0.000000000000000000, 0.000000000000000000, 1.000000000000000000 ) ) ;
#1496 = VERTEX_POINT ( 'NONE', #1518 ) ;
#1497 = VECTOR ( 'NONE', #4254, 39.37007874015748143 ) ;
#1498 = LINE ( 'NONE', #3991, #6059 ) ;
#1499 = ORIENTED_EDGE ( 'NONE', *, *, #494, .F. ) ;
#1500 = VERTEX_POINT ( 'NONE', #1579 ) ;
#1501 = VECTOR ( 'NONE', #4803, 39.37007874015748143 ) ;
#1502 = VERTEX_POINT ( 'NONE', #3552 ) ;
#1503 = CARTESIAN_POINT ( 'NONE',  ( -0.4873958806209868766, -0.08299999999995276434, 0.01999999999999995878 ) ) ;
#1504 = EDGE_CURVE ( 'NONE', #3048, #2138, #3615, .T. ) ;
#1505 = CIRCLE ( 'NONE', #2152, 0.009999999999741732842 ) ;
#1506 = CARTESIAN_POINT ( 'NONE',  ( -0.1525811296288801244, 0.02999999999999999889, 0.1136659048247848636 ) ) ;
#1507 = VECTOR ( 'NONE', #559, 39.37007874015748143 ) ;
#1508 = DIRECTION ( 'NONE',  ( 0.1273938600204611582, 0.9918522089651700124, -0.000000000000000000 ) ) ;
#1509 = ORIENTED_EDGE ( 'NONE', *, *, #4599, .F. ) ;
#1510 = ORIENTED_EDGE ( 'NONE', *, *, #6030, .F. ) ;
#1511 = LINE ( 'NONE', #3549, #3534 ) ;
#1512 = VECTOR ( 'NONE', #5807, 39.37007874015748854 ) ;
#1513 = ADVANCED_FACE ( 'NONE', ( #1475 ), #5567, .F. ) ;
#1514 = EDGE_CURVE ( 'NONE', #1002, #3832, #5596, .T. ) ;
#1515 = CIRCLE ( 'NONE', #137, 0.01500000000000001159 ) ;
#1516 = LINE ( 'NONE', #2544, #4384 ) ;
#1517 = CARTESIAN_POINT ( 'NONE',  ( -0.05258112888381796801, 0.02900000000000000147, 0.1586384915194230527 ) ) ;
#1518 = CARTESIAN_POINT ( 'NONE',  ( -0.3675811309645719560, 0.02900000000000000147, 0.06905657162336102661 ) ) ;
#1519 = EDGE_LOOP ( 'NONE', ( #5035, #777, #1187, #385, #5464, #3990, #5883, #422 ) ) ;
#1520 = VERTEX_POINT ( 'NONE', #2546 ) ;
#1521 = CARTESIAN_POINT ( 'NONE',  ( 0.5675000000000001155, 0.02000000000000000042, -0.2105000000000000204 ) ) ;
#1522 = DIRECTION ( 'NONE',  ( -0.000000000000000000, 1.000000000000000000, -0.000000000000000000 ) ) ;
#1523 = DIRECTION ( 'NONE',  ( 0.9862692402489680044, 0.000000000000000000, 0.1651453473117645565 ) ) ;
#1524 = FACE_OUTER_BOUND ( 'NONE', #3593, .T. ) ;
#1525 = EDGE_CURVE ( 'NONE', #4990, #4500, #1045, .T. ) ;
#1526 = LINE ( 'NONE', #6113, #1816 ) ;
#1527 = VERTEX_POINT ( 'NONE', #548 ) ;
#1528 = PLANE ( 'NONE',  #3212 ) ;
#1529 = DIRECTION ( 'NONE',  ( -0.000000000000000000, 1.000000000000000000, -0.000000000000000000 ) ) ;
#1530 = CARTESIAN_POINT ( 'NONE',  ( -0.4404396342205526005, -0.1244790521456920068, -0.05000000000000000278 ) ) ;
#1531 = ADVANCED_FACE ( 'NONE', ( #3154 ), #5180, .T. ) ;
#1532 = CARTESIAN_POINT ( 'NONE',  ( -0.5795221919484420114, -0.03000000000000000583, -0.2201045598134251102 ) ) ;
#1533 = ORIENTED_EDGE ( 'NONE', *, *, #4821, .F. ) ;
#1534 = CARTESIAN_POINT ( 'NONE',  ( -0.4423215697206082653, -0.03499999999999714451, -0.05000000000000000278 ) ) ;
#1535 = ORIENTED_EDGE ( 'NONE', *, *, #1805, .F. ) ;
#1536 = ORIENTED_EDGE ( 'NONE', *, *, #1265, .F. ) ;
#1537 = ORIENTED_EDGE ( 'NONE', *, *, #1774, .F. ) ;
#1538 = DIRECTION ( 'NONE',  ( -0.7013454228941287116, 0.09008106230200067788, -0.7071067811865467956 ) ) ;
#1539 = LINE ( 'NONE', #3172, #1615 ) ;
#1540 = ORIENTED_EDGE ( 'NONE', *, *, #1211, .F. ) ;
#1541 = DIRECTION ( 'NONE',  ( 0.000000000000000000, 0.000000000000000000, -1.000000000000000000 ) ) ;
#1542 = VERTEX_POINT ( 'NONE', #4078 ) ;
#1543 = VERTEX_POINT ( 'NONE', #585 ) ;
#1544 = CARTESIAN_POINT ( 'NONE',  ( -0.4922126825129888861, -0.09154780028929482283, 0.02000000000000000042 ) ) ;
#1545 = CARTESIAN_POINT ( 'NONE',  ( 0.000000000000000000, 0.000000000000000000, 0.000000000000000000 ) ) ;
#1546 = FACE_OUTER_BOUND ( 'NONE', #175, .T. ) ;
#1547 = CARTESIAN_POINT ( 'NONE',  ( -0.4825059240680248940, -0.04999999999999446554, -0.05000000000000000278 ) ) ;
#1548 = EDGE_CURVE ( 'NONE', #1359, #4954, #614, .T. ) ;
#1549 = DIRECTION ( 'NONE',  ( 1.000000000000000000, 0.000000000000000000, 0.000000000000000000 ) ) ;
#1550 = ORIENTED_EDGE ( 'NONE', *, *, #6097, .F. ) ;
#1551 = ORIENTED_EDGE ( 'NONE', *, *, #3284, .T. ) ;
#1552 = CARTESIAN_POINT ( 'NONE',  ( -0.4596807228996687700, -0.1220077196874157360, -0.02499999999999999098 ) ) ;
#1553 = CARTESIAN_POINT ( 'NONE',  ( -0.5949999999999997513, 0.06250000000000000000, -0.2224999999999998923 ) ) ;
#1554 = DIRECTION ( 'NONE',  ( 1.000000000000000000, 1.225374105480419231E-16, 2.451386439650087465E-16 ) ) ;
#1555 = DIMENSIONAL_EXPONENTS ( 1.000000000000000000, 0.000000000000000000, 0.000000000000000000, 0.000000000000000000, 0.000000000000000000, 0.000000000000000000, 0.000000000000000000 ) ;
#1556 = CARTESIAN_POINT ( 'NONE',  ( 0.000000000000000000, 0.000000000000000000, 0.000000000000000000 ) ) ;
#1557 = DIRECTION ( 'NONE',  ( -0.000000000000000000, -1.000000000000000000, 0.000000000000000000 ) ) ;
#1558 = ADVANCED_FACE ( 'NONE', ( #4137 ), #6104, .F. ) ;
#1559 = ORIENTED_EDGE ( 'NONE', *, *, #5380, .F. ) ;
#1560 = DIRECTION ( 'NONE',  ( 0.000000000000000000, -0.000000000000000000, -1.000000000000000000 ) ) ;
#1561 = CARTESIAN_POINT ( 'NONE',  ( 0.5800000000000000711, 0.06250000000000000000, 0.2374999999999999889 ) ) ;
#1562 = EDGE_CURVE ( 'NONE', #5390, #2287, #2262, .T. ) ;
#1563 = FILL_AREA_STYLE_COLOUR ( '', #3510 ) ;
#1564 = ORIENTED_EDGE ( 'NONE', *, *, #695, .F. ) ;
#1565 = ORIENTED_EDGE ( 'NONE', *, *, #3363, .T. ) ;
#1566 = B_SPLINE_CURVE_WITH_KNOTS ( 'NONE', 3,
 ( #1630, #2729, #5185, #2167 ),
 .UNSPECIFIED., .F., .F.,
 ( 4, 4 ),
 ( 0.000000000000000000, 1.000000000000000000 ),
 .UNSPECIFIED. ) ;
#1567 = ORIENTED_EDGE ( 'NONE', *, *, #3515, .T. ) ;
#1568 = ORIENTED_EDGE ( 'NONE', *, *, #5152, .T. ) ;
#1569 = ADVANCED_FACE ( 'NONE', ( #6212 ), #2754, .F. ) ;
#1570 = DIRECTION ( 'NONE',  ( -1.000000000000000000, -0.000000000000000000, -0.000000000000000000 ) ) ;
#1571 = DIRECTION ( 'NONE',  ( 0.000000000000000000, 0.000000000000000000, -1.000000000000000000 ) ) ;
#1572 = CARTESIAN_POINT ( 'NONE',  ( -0.5799999999999998490, 0.06250000000000000000, 0.2224999999999999756 ) ) ;
#1573 = EDGE_LOOP ( 'NONE', ( #926, #3546, #2039, #4512 ) ) ;
#1574 = ORIENTED_EDGE ( 'NONE', *, *, #2380, .F. ) ;
#1575 = LINE ( 'NONE', #4176, #2470 ) ;
#1576 = DIRECTION ( 'NONE',  ( 1.997281400660895172E-17, 9.810210403992647147E-18, 1.000000000000000000 ) ) ;
#1577 = DIRECTION ( 'NONE',  ( -0.7013454228941271573, 0.09008106230200117748, 0.7071067811865482389 ) ) ;
#1578 = DIRECTION ( 'NONE',  ( -1.000000000000000000, 1.219205179148354469E-15, -0.000000000000000000 ) ) ;
#1579 = CARTESIAN_POINT ( 'NONE',  ( -0.5949999999999997513, 0.06250000000000000000, 0.2224999999999999756 ) ) ;
#1580 = ORIENTED_EDGE ( 'NONE', *, *, #5907, .F. ) ;
#1581 = DIRECTION ( 'NONE',  ( 1.000000000000000000, 0.000000000000000000, 0.000000000000000000 ) ) ;
#1582 = CARTESIAN_POINT ( 'NONE',  ( -0.4864724841416406820, -0.1185665760870778795, 0.007500000000000005794 ) ) ;
#1583 = CARTESIAN_POINT ( 'NONE',  ( 0.5999999999999999778, 0.000000000000000000, -0.2949999999999999289 ) ) ;
#1584 = EDGE_CURVE ( 'NONE', #711, #311, #5281, .T. ) ;
#1585 =( BOUNDED_CURVE ( )  B_SPLINE_CURVE ( 3, ( #4871, #5064, #4601, #2438 ),
 .UNSPECIFIED., .F., .F. ) 
 B_SPLINE_CURVE_WITH_KNOTS ( ( 4, 4 ),
 ( 0.002555172684463633426, 1.570796341696067744 ),
 .UNSPECIFIED. ) 
 CURVE ( )  GEOMETRIC_REPRESENTATION_ITEM ( )  RATIONAL_B_SPLINE_CURVE ( ( 1.000000000000000000, 0.8053397257106983398, 0.8053397257106983398, 1.000000000000000000 ) ) 
 REPRESENTATION_ITEM ( '' )  );
#1586 = DIRECTION ( 'NONE',  ( 0.000000000000000000, -1.000000000000000000, 0.000000000000000000 ) ) ;
#1587 = CARTESIAN_POINT ( 'NONE',  ( 0.5602608159514098629, -0.01000000000000000368, -0.2026953117497712342 ) ) ;
#1588 = ORIENTED_EDGE ( 'NONE', *, *, #2310, .F. ) ;
#1589 = EDGE_CURVE ( 'NONE', #341, #2628, #1689, .T. ) ;
#1590 = LINE ( 'NONE', #2097, #2676 ) ;
#1591 = DIRECTION ( 'NONE',  ( 0.000000000000000000, 0.000000000000000000, -1.000000000000000000 ) ) ;
#1592 = EDGE_CURVE ( 'NONE', #6493, #1790, #3764, .T. ) ;
#1593 = VECTOR ( 'NONE', #1963, 39.37007874015748143 ) ;
#1594 = CARTESIAN_POINT ( 'NONE',  ( -0.4506041193790127908, -0.04872286219708303612, -0.01999999999999995878 ) ) ;
#1595 = AXIS2_PLACEMENT_3D ( 'NONE', #161, #85, #1126 ) ;
#1596 = CARTESIAN_POINT ( 'NONE',  ( -0.4991794919243109918, 0.009999999999741748455, -0.01999999999999983041 ) ) ;
#1597 = VERTEX_POINT ( 'NONE', #1185 ) ;
#1598 = PLANE ( 'NONE',  #6404 ) ;
#1599 = VERTEX_POINT ( 'NONE', #2650 ) ;
#1600 = ORIENTED_EDGE ( 'NONE', *, *, #4119, .F. ) ;
#1601 = VECTOR ( 'NONE', #917, 39.37007874015748854 ) ;
#1602 = ORIENTED_EDGE ( 'NONE', *, *, #2934, .F. ) ;
#1603 = DIRECTION ( 'NONE',  ( 1.000000000000000000, 0.000000000000000000, 0.000000000000000000 ) ) ;
#1604 = DIRECTION ( 'NONE',  ( -0.000000000000000000, -1.000000000000000000, -0.000000000000000000 ) ) ;
#1605 = CARTESIAN_POINT ( 'NONE',  ( -0.4568780579794380903, -0.1001869710900484822, 0.02000000000000000042 ) ) ;
#1606 = VECTOR ( 'NONE', #2205, 39.37007874015748143 ) ;
#1607 = ORIENTED_EDGE ( 'NONE', *, *, #6318, .T. ) ;
#1608 = EDGE_CURVE ( 'NONE', #4500, #5555, #2228, .T. ) ;
#1609 = CARTESIAN_POINT ( 'NONE',  ( 0.2769415185117806155, -0.01000000000000000368, -0.2055000000000002380 ) ) ;
#1610 = ORIENTED_EDGE ( 'NONE', *, *, #4349, .T. ) ;
#1611 = CIRCLE ( 'NONE', #961, 0.01500000000000001159 ) ;
#1612 = AXIS2_PLACEMENT_3D ( 'NONE', #4838, #2315, #1810 ) ;
#1613 = ORIENTED_EDGE ( 'NONE', *, *, #3052, .F. ) ;
#1614 = VECTOR ( 'NONE', #5847, 39.37007874015748143 ) ;
#1615 = VECTOR ( 'NONE', #5062, 39.37007874015748143 ) ;
#1616 = AXIS2_PLACEMENT_3D ( 'NONE', #6256, #97, #1292 ) ;
#1617 = CARTESIAN_POINT ( 'NONE',  ( 0.5760508815692563234, -0.02999999999999999889, 0.2232198460520273542 ) ) ;
#1618 = EDGE_CURVE ( 'NONE', #3447, #793, #1611, .T. ) ;
#1619 = VECTOR ( 'NONE', #280, 39.37007874015748854 ) ;
#1620 = CARTESIAN_POINT ( 'NONE',  ( 0.5784535561017539740, -0.03000000000000000930, 0.2213113018875630666 ) ) ;
#1621 = PRODUCT_DEFINITION_SHAPE ( 'NONE', 'NONE',  #4679 ) ;
#1622 = CARTESIAN_POINT ( 'NONE',  ( -0.5799999999999998490, -0.06250000000000000000, 0.2224999999999999756 ) ) ;
#1623 = ORIENTED_EDGE ( 'NONE', *, *, #4537, .T. ) ;
#1624 = AXIS2_PLACEMENT_3D ( 'NONE', #5453, #1425, #823 ) ;
#1625 = DIRECTION ( 'NONE',  ( -0.7071067811865530128, 0.000000000000000000, -0.7071067811865420216 ) ) ;
#1626 = CARTESIAN_POINT ( 'NONE',  ( -0.1995811308060771727, 0.02900000000000000147, 0.07968661587962798387 ) ) ;
#1627 = LINE ( 'NONE', #4247, #1814 ) ;
#1628 = VECTOR ( 'NONE', #674, 39.37007874015748143 ) ;
#1629 = VECTOR ( 'NONE', #2647, 39.37007874015748143 ) ;
#1630 = CARTESIAN_POINT ( 'NONE',  ( -0.5829999999999996296, -0.02999999999999998848, -0.2105000000114469472 ) ) ;
#1631 = CARTESIAN_POINT ( 'NONE',  ( -0.5696560208638261624, -0.02999999999999999542, -0.2254999999999999227 ) ) ;
#1632 =( REPRESENTATION_RELATIONSHIP ('NONE','NONE', #5918, #3420 ) REPRESENTATION_RELATIONSHIP_WITH_TRANSFORMATION ( #307 )SHAPE_REPRESENTATION_RELATIONSHIP( ) );
#1633 = AXIS2_PLACEMENT_3D ( 'NONE', #1881, #3855, #3909 ) ;
#1634 = VERTEX_POINT ( 'NONE', #745 ) ;
#1635 = CARTESIAN_POINT ( 'NONE',  ( -0.5829999999975283842, -0.02999999999998908054, -0.2122025752516371322 ) ) ;
#1636 = LINE ( 'NONE', #61, #3740 ) ;
#1637 = DIRECTION ( 'NONE',  ( -7.588466649067277528E-16, 0.000000000000000000, 1.000000000000000000 ) ) ;
#1638 = CARTESIAN_POINT ( 'NONE',  ( 0.5950000000000000844, 0.06250000000000000000, 0.2224999999999999756 ) ) ;
#1639 = ORIENTED_EDGE ( 'NONE', *, *, #5743, .F. ) ;
#1640 = CARTESIAN_POINT ( 'NONE',  ( 0.5950000000000000844, 0.06250000000000000000, 0.2224999999999999756 ) ) ;
#1641 = ORIENTED_EDGE ( 'NONE', *, *, #4349, .F. ) ;
#1642 = EDGE_CURVE ( 'NONE', #1244, #701, #4716, .T. ) ;
#1643 = EDGE_CURVE ( 'NONE', #5481, #203, #3182, .T. ) ;
#1644 = EDGE_LOOP ( 'NONE', ( #5383, #4626, #496, #2923 ) ) ;
#1645 = PLANE ( 'NONE',  #3838 ) ;
#1646 = DIRECTION ( 'NONE',  ( -0.2426747704636185721, 0.000000000000000000, -0.9701077031858008626 ) ) ;
#1647 = B_SPLINE_CURVE_WITH_KNOTS ( 'NONE', 3,
 ( #6360, #4444, #2863, #3393 ),
 .UNSPECIFIED., .F., .F.,
 ( 4, 4 ),
 ( 0.000000000000000000, 1.000000000000000000 ),
 .UNSPECIFIED. ) ;
#1648 = CARTESIAN_POINT ( 'NONE',  ( -0.5824999999999999067, 0.02000000000000000042, 0.2104999999999999372 ) ) ;
#1649 = DIRECTION ( 'NONE',  ( -1.000000000000000000, 0.000000000000000000, 2.845674993400330639E-16 ) ) ;
#1650 = CARTESIAN_POINT ( 'NONE',  ( 0.5733015025939680598, -0.02999999999999998848, -0.2249613563941685046 ) ) ;
#1651 = VERTEX_POINT ( 'NONE', #6319 ) ;
#1652 = ORIENTED_EDGE ( 'NONE', *, *, #5025, .T. ) ;
#1653 = CARTESIAN_POINT ( 'NONE',  ( -0.2176504910141767168, 0.03000000000000000930, 0.06572980283375809418 ) ) ;
#1654 = EDGE_CURVE ( 'NONE', #5519, #6367, #1760, .T. ) ;
#1655 = DIRECTION ( 'NONE',  ( 1.997281400660895172E-17, 9.810210403992647147E-18, 1.000000000000000000 ) ) ;
#1656 = DIRECTION ( 'NONE',  ( 0.000000000000000000, 0.000000000000000000, -1.000000000000000000 ) ) ;
#1657 = CARTESIAN_POINT ( 'NONE',  ( -0.4463586213557717008, -0.04406736643085625710, -0.05000000000000000278 ) ) ;
#1658 = DIRECTION ( 'NONE',  ( 0.000000000000000000, 0.000000000000000000, -1.000000000000000000 ) ) ;
#1659 = ORIENTED_EDGE ( 'NONE', *, *, #3450, .F. ) ;
#1660 = CARTESIAN_POINT ( 'NONE',  ( -0.4554940759319748844, -0.08299999999995276434, -0.02488995655296195875 ) ) ;
#1661 = LINE ( 'NONE', #2199, #3746 ) ;
#1662 = EDGE_CURVE ( 'NONE', #3499, #3878, #157, .T. ) ;
#1663 = FACE_OUTER_BOUND ( 'NONE', #4080, .T. ) ;
#1664 = DIRECTION ( 'NONE',  ( -0.000000000000000000, 1.000000000000000000, -0.000000000000000000 ) ) ;
#1665 = CARTESIAN_POINT ( 'NONE',  ( -0.5829999999999997407, -0.02999999999999999889, 0.2122025752354692041 ) ) ;
#1666 = VERTEX_POINT ( 'NONE', #686 ) ;
#1667 = CARTESIAN_POINT ( 'NONE',  ( 0.000000000000000000, 0.02900000000000000147, 0.000000000000000000 ) ) ;
#1668 = CARTESIAN_POINT ( 'NONE',  ( -0.4825059240680248940, -0.01799999999995276212, -0.007500000000001148977 ) ) ;
#1669 = CARTESIAN_POINT ( 'NONE',  ( -0.06713361345827008331, 0.02999999999999999889, 0.1059339717628571126 ) ) ;
#1670 = FILL_AREA_STYLE_COLOUR ( '', #4809 ) ;
#1671 = VERTEX_POINT ( 'NONE', #3691 ) ;
#1672 = ORIENTED_EDGE ( 'NONE', *, *, #4966, .F. ) ;
#1673 = LINE ( 'NONE', #6259, #1820 ) ;
#1674 = CARTESIAN_POINT ( 'NONE',  ( 0.1012485063478607145, 0.07299999999999999545, -0.5612639109547495897 ) ) ;
#1675 = CARTESIAN_POINT ( 'NONE',  ( -0.4099999999999999756, -0.04499999999995277916, -0.05000000000000000278 ) ) ;
#1676 = EDGE_CURVE ( 'NONE', #3251, #341, #117, .T. ) ;
#1677 = ORIENTED_EDGE ( 'NONE', *, *, #6467, .F. ) ;
#1678 = CARTESIAN_POINT ( 'NONE',  ( 3.073328992872296367E-16, -0.02999999999999998848, 0.2255000000000000893 ) ) ;
#1679 = EDGE_LOOP ( 'NONE', ( #3350, #2547, #152, #5235 ) ) ;
#1680 = ORIENTED_EDGE ( 'NONE', *, *, #5143, .T. ) ;
#1681 = ORIENTED_EDGE ( 'NONE', *, *, #3153, .T. ) ;
#1682 = EDGE_CURVE ( 'NONE', #2731, #3840, #4182, .T. ) ;
#1683 = LINE ( 'NONE', #4133, #4915 ) ;
#1684 = PRODUCT_CONTEXT ( 'NONE', #2192, 'mechanical' ) ;
#1685 = EDGE_CURVE ( 'NONE', #2583, #872, #4244, .T. ) ;
#1686 = CARTESIAN_POINT ( 'NONE',  ( -0.4514001219983384550, -0.05753732610467972297, -0.02499999999999999098 ) ) ;
#1687 = CARTESIAN_POINT ( 'NONE',  ( -0.1075811296288820829, 0.02999999999999999889, 0.08368418001421282226 ) ) ;
#1688 = EDGE_CURVE ( 'NONE', #4298, #4109, #1724, .T. ) ;
#1689 = LINE ( 'NONE', #2791, #861 ) ;
#1690 = ORIENTED_EDGE ( 'NONE', *, *, #236, .T. ) ;
#1691 = FACE_OUTER_BOUND ( 'NONE', #5895, .T. ) ;
#1692 = DIRECTION ( 'NONE',  ( 0.000000000000000000, -1.000000000000000000, 0.000000000000000000 ) ) ;
#1693 = LINE ( 'NONE', #5216, #3621 ) ;
#1694 = DIRECTION ( 'NONE',  ( -1.000000000000000000, 0.000000000000000000, -0.000000000000000000 ) ) ;
#1695 = CARTESIAN_POINT ( 'NONE',  ( -0.5788735403296486615, -0.03000000000000001277, 0.2215465729337365575 ) ) ;
#1696 = ADVANCED_FACE ( 'NONE', ( #1113 ), #2610, .T. ) ;
#1697 = ORIENTED_EDGE ( 'NONE', *, *, #79, .T. ) ;
#1698 = LINE ( 'NONE', #5683, #1186 ) ;
#1699 = DIRECTION ( 'NONE',  ( 1.000000000000000000, 0.000000000000000000, -0.000000000000000000 ) ) ;
#1700 = CARTESIAN_POINT ( 'NONE',  ( 0.5630000000000001670, -0.01000000000000000021, -0.1954999999990041093 ) ) ;
#1701 = DIRECTION ( 'NONE',  ( 0.000000000000000000, 0.000000000000000000, -1.000000000000000000 ) ) ;
#1702 = ORIENTED_EDGE ( 'NONE', *, *, #4823, .F. ) ;
#1703 = VERTEX_POINT ( 'NONE', #2675 ) ;
#1704 = CARTESIAN_POINT ( 'NONE',  ( -0.3025811314170228083, 0.02999999999999999889, 0.1586384912141360626 ) ) ;
#1705 = VECTOR ( 'NONE', #1028, 39.37007874015748143 ) ;
#1706 = DIRECTION ( 'NONE',  ( -0.000000000000000000, -1.000000000000000000, -0.000000000000000000 ) ) ;
#1707 =( GEOMETRIC_REPRESENTATION_CONTEXT ( 3 ) GLOBAL_UNCERTAINTY_ASSIGNED_CONTEXT ( ( #5618 ) ) GLOBAL_UNIT_ASSIGNED_CONTEXT ( ( #1912, #313, #3290 ) ) REPRESENTATION_CONTEXT ( 'NONE', 'WORKASPACE' ) );
#1708 = CARTESIAN_POINT ( 'NONE',  ( -0.2176504910141767168, 0.03000000000000000930, 0.06572980283375809418 ) ) ;
#1709 = VERTEX_POINT ( 'NONE', #3141 ) ;
#1710 = CIRCLE ( 'NONE', #5746, 0.02500000000000009159 ) ;
#1711 = CARTESIAN_POINT ( 'NONE',  ( -0.5623330160737450845, -0.01000000000000000194, 0.1996683113427918377 ) ) ;
#1712 = EDGE_LOOP ( 'NONE', ( #2252, #2050, #1761, #4050 ) ) ;
#1713 = ORIENTED_EDGE ( 'NONE', *, *, #5409, .T. ) ;
#1714 = AXIS2_PLACEMENT_3D ( 'NONE', #3149, #683, #2751 ) ;
#1715 = AXIS2_PLACEMENT_3D ( 'NONE', #5501, #4876, #5402 ) ;
#1717 = ORIENTED_EDGE ( 'NONE', *, *, #6559, .F. ) ;
#1716 = VECTOR ( 'NONE', #703, 39.37007874015748143 ) ;
#1718 = EDGE_CURVE ( 'NONE', #919, #4272, #500, .T. ) ;
#1719 = DIRECTION ( 'NONE',  ( -0.9918522089651692353, 0.1273938600204665705, 0.000000000000000000 ) ) ;
#1720 = VECTOR ( 'NONE', #1978, 39.37007874015748143 ) ;
#1721 = DIRECTION ( 'NONE',  ( 0.000000000000000000, 0.000000000000000000, 1.000000000000000000 ) ) ;
#1722 = VECTOR ( 'NONE', #5941, 39.37007874015748143 ) ;
#1723 = CARTESIAN_POINT ( 'NONE',  ( 0.5680000000002097815, -0.03000000000000001277, -0.2255000000000001170 ) ) ;
#1724 = LINE ( 'NONE', #5778, #2990 ) ;
#1725 = VECTOR ( 'NONE', #725, 39.37007874015748143 ) ;
#1726 = ORIENTED_EDGE ( 'NONE', *, *, #4396, .F. ) ;
#1727 = EDGE_CURVE ( 'NONE', #4501, #2454, #5170, .T. ) ;
#1728 = EDGE_CURVE ( 'NONE', #359, #2482, #1539, .T. ) ;
#1729 = LINE ( 'NONE', #4213, #6065 ) ;
#1730 = AXIS2_PLACEMENT_3D ( 'NONE', #320, #4129, #1571 ) ;
#1731 = PLANE ( 'NONE',  #314 ) ;
#1732 = VECTOR ( 'NONE', #1981, 39.37007874015748143 ) ;
#1733 = PLANE ( 'NONE',  #550 ) ;
#1734 = CARTESIAN_POINT ( 'NONE',  ( 0.5824294046348637011, -0.02999999999999998154, 0.2159540468112391143 ) ) ;
#1735 = AXIS2_PLACEMENT_3D ( 'NONE', #2596, #6039, #1453 ) ;
#1736 = ORIENTED_EDGE ( 'NONE', *, *, #4075, .T. ) ;
#1737 = VECTOR ( 'NONE', #5870, 39.37007874015748854 ) ;
#1738 = DIRECTION ( 'NONE',  ( 0.000000000000000000, -1.000000000000000000, 0.000000000000000000 ) ) ;
#1739 = PLANE ( 'NONE',  #752 ) ;
#1740 = AXIS2_PLACEMENT_3D ( 'NONE', #4241, #3225, #5672 ) ;
#1741 = ADVANCED_FACE ( 'NONE', ( #4168 ), #2008, .T. ) ;
#1742 = LINE ( 'NONE', #1669, #3861 ) ;
#1743 = VECTOR ( 'NONE', #4993, 39.37007874015748143 ) ;
#1744 = DIRECTION ( 'NONE',  ( -0.000000000000000000, 1.000000000000000000, -0.000000000000000000 ) ) ;
#1745 = ORIENTED_EDGE ( 'NONE', *, *, #3430, .T. ) ;
#1746 = ORIENTED_EDGE ( 'NONE', *, *, #3642, .T. ) ;
#1747 = CARTESIAN_POINT ( 'NONE',  ( -0.5824999999999999067, 0.02000000000000000042, 0.2254999999999999505 ) ) ;
#1748 = DIRECTION ( 'NONE',  ( -0.000000000000000000, 1.000000000000000000, -0.000000000000000000 ) ) ;
#1749 = ADVANCED_FACE ( 'NONE', ( #2641 ), #3573, .F. ) ;
#1750 = CARTESIAN_POINT ( 'NONE',  ( -0.5674999999999998934, 0.06250000000000000000, 0.2254999999999999505 ) ) ;
#1751 = ORIENTED_EDGE ( 'NONE', *, *, #5271, .T. ) ;
#1752 = CARTESIAN_POINT ( 'NONE',  ( 0.5788735403296486615, -0.03000000000000001277, -0.2215465729337364187 ) ) ;
#1753 = EDGE_LOOP ( 'NONE', ( #1951, #68, #3676, #3254 ) ) ;
#1754 = ORIENTED_EDGE ( 'NONE', *, *, #5586, .T. ) ;
#1755 = EDGE_LOOP ( 'NONE', ( #2659, #5274, #4360, #5614 ) ) ;
#1756 = DIRECTION ( 'NONE',  ( 0.000000000000000000, -1.000000000000000000, 0.000000000000000000 ) ) ;
#1757 = ITEM_DEFINED_TRANSFORMATION ( 'NONE', 'NONE', #4889,  #6377 ) ;
#1758 = DIRECTION ( 'NONE',  ( -0.000000000000000000, 1.000000000000000000, -0.000000000000000000 ) ) ;
#1759 = DIRECTION ( 'NONE',  ( -0.9999999999910486048, 0.000000000000000000, -4.231146122107002543E-06 ) ) ;
#1760 = LINE ( 'NONE', #4671, #434 ) ;
#1761 = ORIENTED_EDGE ( 'NONE', *, *, #708, .F. ) ;
#1762 = FACE_OUTER_BOUND ( 'NONE', #6088, .T. ) ;
#1763 = DIRECTION ( 'NONE',  ( 1.000000000000000000, 0.000000000000000000, -0.000000000000000000 ) ) ;
#1764 = EDGE_CURVE ( 'NONE', #5955, #4711, #4068, .T. ) ;
#1765 = FACE_OUTER_BOUND ( 'NONE', #401, .T. ) ;
#1766 = ORIENTED_EDGE ( 'NONE', *, *, #259, .T. ) ;
#1767 = CARTESIAN_POINT ( 'NONE',  ( -0.4875059240680252315, -0.6581268257145341805, -0.01999999999999983041 ) ) ;
#1768 = DIRECTION ( 'NONE',  ( 1.000000000000000000, -0.000000000000000000, 0.000000000000000000 ) ) ;
#1769 = DIRECTION ( 'NONE',  ( -0.000000000000000000, -1.000000000000000000, -0.000000000000000000 ) ) ;
#1770 = EDGE_CURVE ( 'NONE', #3281, #5996, #4024, .T. ) ;
#1771 = DIRECTION ( 'NONE',  ( 0.000000000000000000, 0.000000000000000000, 1.000000000000000000 ) ) ;
#1772 = ORIENTED_EDGE ( 'NONE', *, *, #1886, .T. ) ;
#1773 =( BOUNDED_CURVE ( )  B_SPLINE_CURVE ( 3, ( #5903, #2848, #2297, #1823 ),
 .UNSPECIFIED., .F., .F. ) 
 B_SPLINE_CURVE_WITH_KNOTS ( ( 4, 4 ),
 ( 0.002555172684463633426, 1.570796341696067744 ),
 .UNSPECIFIED. ) 
 CURVE ( )  GEOMETRIC_REPRESENTATION_ITEM ( )  RATIONAL_B_SPLINE_CURVE ( ( 1.000000000000000000, 0.8053397257106983398, 0.8053397257106983398, 1.000000000000000000 ) ) 
 REPRESENTATION_ITEM ( '' )  );
#1774 = EDGE_CURVE ( 'NONE', #6534, #766, #6054, .T. ) ;
#1775 = ORIENTED_EDGE ( 'NONE', *, *, #2655, .T. ) ;
#1776 = DIRECTION ( 'NONE',  ( 0.6002339999662864578, 0.000000000000000000, 0.7998244465409092285 ) ) ;
#1777 = CARTESIAN_POINT ( 'NONE',  ( -0.05258112888381796801, 0.02900000000000000147, 0.1586384915194230527 ) ) ;
#1778 = CARTESIAN_POINT ( 'NONE',  ( -0.2405811301951271963, 0.02900000000000000147, 0.1206616397874109847 ) ) ;
#1779 = VERTEX_POINT ( 'NONE', #5092 ) ;
#1780 = CARTESIAN_POINT ( 'NONE',  ( 0.5630000000000001670, -0.01000000000000000021, -0.1954999999903309638 ) ) ;
#1781 = VERTEX_POINT ( 'NONE', #604 ) ;
#1782 = ADVANCED_FACE ( 'NONE', ( #636 ), #6156, .T. ) ;
#1783 = ORIENTED_EDGE ( 'NONE', *, *, #3674, .T. ) ;
#1784 = ORIENTED_EDGE ( 'NONE', *, *, #5902, .T. ) ;
#1785 =( NAMED_UNIT ( * ) SI_UNIT ( $, .STERADIAN. ) SOLID_ANGLE_UNIT ( ) );
#1786 = CONTEXT_DEPENDENT_SHAPE_REPRESENTATION ( #5452, #3477 ) ;
#1787 = CARTESIAN_POINT ( 'NONE',  ( 0.5737551037419055255, -0.02999999999999999542, 0.2243520190498689837 ) ) ;
#1788 = CARTESIAN_POINT ( 'NONE',  ( -0.4128553390593274752, -0.01699999999995094671, 0.02499999999999990771 ) ) ;
#1789 = EDGE_CURVE ( 'NONE', #1075, #3611, #2575, .T. ) ;
#1790 = VERTEX_POINT ( 'NONE', #1506 ) ;
#1791 = DIRECTION ( 'NONE',  ( -1.000000000000000000, 0.000000000000000000, 0.000000000000000000 ) ) ;
#1792 = DIRECTION ( 'NONE',  ( 0.000000000000000000, 0.000000000000000000, 1.000000000000000000 ) ) ;
#1793 = CARTESIAN_POINT ( 'NONE',  ( -0.5464999999999999858, 0.000000000000000000, -0.3259999999999999565 ) ) ;
#1794 = CARTESIAN_POINT ( 'NONE',  ( -0.5629999999999999449, -0.01000000000000000021, -0.1970576027464090718 ) ) ;
#1795 = SURFACE_STYLE_FILL_AREA ( #3705 ) ;
#1796 = ORIENTED_EDGE ( 'NONE', *, *, #4091, .T. ) ;
#1797 = CARTESIAN_POINT ( 'NONE',  ( -0.5385692905699326349, 0.02900000000000000147, 0.1709264543384062252 ) ) ;
#1798 = DIRECTION ( 'NONE',  ( -0.000000000000000000, 1.000000000000000000, -0.000000000000000000 ) ) ;
#1799 = EDGE_CURVE ( 'NONE', #2583, #2001, #10, .T. ) ;
#1800 = CARTESIAN_POINT ( 'NONE',  ( -0.5949999999999997513, 0.06250000000000000000, 0.2374999999999999889 ) ) ;
#1801 = DIRECTION ( 'NONE',  ( -0.000000000000000000, -1.000000000000000000, -0.000000000000000000 ) ) ;
#1802 = EDGE_CURVE ( 'NONE', #2160, #3372, #3324, .T. ) ;
#1803 = VERTEX_POINT ( 'NONE', #4099 ) ;
#1804 = CARTESIAN_POINT ( 'NONE',  ( -0.4825059240680267814, -0.04999999999999447942, 0.007500000000001148977 ) ) ;
#1805 = EDGE_CURVE ( 'NONE', #6001, #894, #3525, .T. ) ;
#1806 = CARTESIAN_POINT ( 'NONE',  ( 0.1012485063478607145, 0.07299999999999999545, -0.5612639109547495897 ) ) ;
#1807 = CARTESIAN_POINT ( 'NONE',  ( -0.4444498478962030652, -0.1068243285473877840, -0.02000000000000001429 ) ) ;
#1808 = SHAPE_REPRESENTATION ( 'PHM31', ( #6377 ), #1707 ) ;
#1809 = ORIENTED_EDGE ( 'NONE', *, *, #1676, .T. ) ;
#1810 = DIRECTION ( 'NONE',  ( 0.000000000000000000, -0.000000000000000000, 1.000000000000000000 ) ) ;
#1811 = ORIENTED_EDGE ( 'NONE', *, *, #5093, .F. ) ;
#1812 = VERTEX_POINT ( 'NONE', #6125 ) ;
#1813 = EDGE_LOOP ( 'NONE', ( #5088, #275, #2792, #3115, #1680, #1980, #5066, #5581 ) ) ;
#1814 = VECTOR ( 'NONE', #4216, 39.37007874015748143 ) ;
#1815 = EDGE_CURVE ( 'NONE', #5275, #2731, #4631, .T. ) ;
#1816 = VECTOR ( 'NONE', #1484, 39.37007874015748854 ) ;
#1817 = DIRECTION ( 'NONE',  ( 0.000000000000000000, 0.000000000000000000, 1.000000000000000000 ) ) ;
#1818 = DIRECTION ( 'NONE',  ( -0.000000000000000000, -1.000000000000000000, -0.000000000000000000 ) ) ;
#1819 = PRODUCT_DEFINITION_FORMATION_WITH_SPECIFIED_SOURCE ( 'ANY', '', #2941, .NOT_KNOWN. ) ;
#1820 = VECTOR ( 'NONE', #1137, 39.37007874015748143 ) ;
#1821 = ORIENTED_EDGE ( 'NONE', *, *, #5731, .F. ) ;
#1822 = CIRCLE ( 'NONE', #3936, 0.009999999999741732842 ) ;
#1823 = CARTESIAN_POINT ( 'NONE',  ( -0.2405811314170252235, 0.02900000000000000147, 0.03871159197184501771 ) ) ;
#1824 = VECTOR ( 'NONE', #4211, 39.37007874015748143 ) ;
#1825 = AXIS2_PLACEMENT_3D ( 'NONE', #5024, #4509, #5081 ) ;
#1826 = DIRECTION ( 'NONE',  ( 0.8914944346718483015, 0.000000000000000000, -0.4530316467412862647 ) ) ;
#1827 = VECTOR ( 'NONE', #5549, 39.37007874015748854 ) ;
#1828 = CARTESIAN_POINT ( 'NONE',  ( -0.07799999999999997213, 0.07299999999999999545, -0.5469999999999998197 ) ) ;
#1829 = DIRECTION ( 'NONE',  ( -0.000000000000000000, 1.000000000000000000, -0.000000000000000000 ) ) ;
#1830 = VECTOR ( 'NONE', #5706, 39.37007874015748143 ) ;
#1831 = VECTOR ( 'NONE', #21, 39.37007874015748854 ) ;
#1832 = ORIENTED_EDGE ( 'NONE', *, *, #2184, .F. ) ;
#1833 = CARTESIAN_POINT ( 'NONE',  ( -0.4991794919243109918, 0.000000000000000000, -0.05000000000000000278 ) ) ;
#1834 = LINE ( 'NONE', #3389, #5641 ) ;
#1835 = AXIS2_PLACEMENT_3D ( 'NONE', #1385, #5816, #2855 ) ;
#1836 = VECTOR ( 'NONE', #1962, 39.37007874015748143 ) ;
#1837 = CARTESIAN_POINT ( 'NONE',  ( -0.4369999999999999996, -0.01799999999995277253, -0.01999999999999995878 ) ) ;
#1838 = DIRECTION ( 'NONE',  ( -1.000000000000000000, 0.000000000000000000, 0.000000000000000000 ) ) ;
#1839 = VECTOR ( 'NONE', #6002, 39.37007874015748143 ) ;
#1840 = EDGE_LOOP ( 'NONE', ( #1025, #4457, #2577, #4194 ) ) ;
#1841 = CIRCLE ( 'NONE', #4063, 0.009999999999741732842 ) ;
#1842 = DIRECTION ( 'NONE',  ( 0.000000000000000000, 0.000000000000000000, -1.000000000000000000 ) ) ;
#1843 = CARTESIAN_POINT ( 'NONE',  ( -0.5400000000000000355, 0.02000000000000000042, 0.1975000000000000366 ) ) ;
#1844 = VECTOR ( 'NONE', #3835, 39.37007874015748143 ) ;
#1845 = CARTESIAN_POINT ( 'NONE',  ( -0.4875059240680250094, -0.6581268257145341805, 0.01999999999999987205 ) ) ;
#1846 = ORIENTED_EDGE ( 'NONE', *, *, #2267, .F. ) ;
#1847 = EDGE_CURVE ( 'NONE', #6348, #978, #2144, .T. ) ;
#1848 = CARTESIAN_POINT ( 'NONE',  ( -0.3975811314170227817, 0.02999999999999999889, 0.03871159257497402972 ) ) ;
#1849 = VERTEX_POINT ( 'NONE', #3711 ) ;
#1850 = APPLICATION_CONTEXT ( 'automotive_design' ) ;
#1851 = ORIENTED_EDGE ( 'NONE', *, *, #4315, .T. ) ;
#1852 = ORIENTED_EDGE ( 'NONE', *, *, #6468, .F. ) ;
#1853 = CARTESIAN_POINT ( 'NONE',  ( -0.4825059240680248940, -0.01799999999995276212, 0.007500000000001148977 ) ) ;
#1854 =( BOUNDED_CURVE ( )  B_SPLINE_CURVE ( 3, ( #541, #5205, #45, #2083 ),
 .UNSPECIFIED., .F., .F. ) 
 B_SPLINE_CURVE_WITH_KNOTS ( ( 4, 4 ),
 ( 1.059858339454167853, 1.570796326795088182 ),
 .UNSPECIFIED. ) 
 CURVE ( )  GEOMETRIC_REPRESENTATION_ITEM ( )  RATIONAL_B_SPLINE_CURVE ( ( 1.000000000000000000, 0.9783632585144277360, 0.9783632585144277360, 1.000000000000000000 ) ) 
 REPRESENTATION_ITEM ( '' )  );
#1855 = CARTESIAN_POINT ( 'NONE',  ( 0.5735982718586406515, -0.02999999999999999542, -0.2244175288779119981 ) ) ;
#1856 = CARTESIAN_POINT ( 'NONE',  ( -0.02829909836920500507, 0.02900000000000000147, 0.03871159124537800617 ) ) ;
#1857 = VERTEX_POINT ( 'NONE', #1169 ) ;
#1858 = ADVANCED_FACE ( 'NONE', ( #4835 ), #2241, .T. ) ;
#1859 = PLANE ( 'NONE',  #2796 ) ;
#1860 = DIRECTION ( 'NONE',  ( -0.000000000000000000, -1.000000000000000000, -0.000000000000000000 ) ) ;
#1861 = LINE ( 'NONE', #4382, #5875 ) ;
#1862 = CARTESIAN_POINT ( 'NONE',  ( -0.2575811314170221022, 0.02900000000000000147, 0.1586384912141360903 ) ) ;
#1863 = EDGE_CURVE ( 'NONE', #169, #1108, #4200, .T. ) ;
#1864 = ORIENTED_EDGE ( 'NONE', *, *, #4332, .T. ) ;
#1865 = FACE_OUTER_BOUND ( 'NONE', #1135, .T. ) ;
#1866 = DIRECTION ( 'NONE',  ( -0.000000000000000000, 1.000000000000000000, -0.000000000000000000 ) ) ;
#1867 = FACE_OUTER_BOUND ( 'NONE', #687, .T. ) ;
#1868 = DIRECTION ( 'NONE',  ( -0.5198027200549755200, -0.8542863291797714309, 0.000000000000000000 ) ) ;
#1869 = ORIENTED_EDGE ( 'NONE', *, *, #3052, .T. ) ;
#1870 = DIRECTION ( 'NONE',  ( -0.000000000000000000, 1.000000000000000000, -0.000000000000000000 ) ) ;
#1871 = DIRECTION ( 'NONE',  ( 7.588466649067207516E-16, 0.000000000000000000, 1.000000000000000000 ) ) ;
#1872 = CARTESIAN_POINT ( 'NONE',  ( -0.5999999999999998668, 0.04000000000000000083, -0.2949999999999999289 ) ) ;
#1873 = ORIENTED_EDGE ( 'NONE', *, *, #2384, .F. ) ;
#1874 = CARTESIAN_POINT ( 'NONE',  ( 0.07799999999999988887, 0.000000000000000000, -0.5469999999999998197 ) ) ;
#1875 = ORIENTED_EDGE ( 'NONE', *, *, #5992, .F. ) ;
#1876 = ORIENTED_EDGE ( 'NONE', *, *, #181, .T. ) ;
#1877 = VERTEX_POINT ( 'NONE', #4328 ) ;
#1878 = SURFACE_STYLE_FILL_AREA ( #6344 ) ;
#1879 = ADVANCED_FACE ( 'NONE', ( #1269 ), #5827, .F. ) ;
#1880 = PRODUCT_DEFINITION_SHAPE ( 'NONE', 'NONE',  #6586 ) ;
#1881 = CARTESIAN_POINT ( 'NONE',  ( -0.5679999999999998384, 0.02999999999999999889, 0.2104999999999999372 ) ) ;
#1882 = DIRECTION ( 'NONE',  ( 0.000000000000000000, 0.000000000000000000, -1.000000000000000000 ) ) ;
#1883 = ORIENTED_EDGE ( 'NONE', *, *, #4195, .F. ) ;
#1884 = EDGE_CURVE ( 'NONE', #2568, #5832, #4766, .T. ) ;
#1885 = DIRECTION ( 'NONE',  ( 1.000000000000000000, 0.000000000000000000, 0.000000000000000000 ) ) ;
#1886 = EDGE_CURVE ( 'NONE', #4298, #1979, #6230, .T. ) ;
#1887 = DIRECTION ( 'NONE',  ( 0.000000000000000000, 0.000000000000000000, -1.000000000000000000 ) ) ;
#1888 = ADVANCED_FACE ( 'NONE', ( #3211 ), #732, .T. ) ;
#1889 = CARTESIAN_POINT ( 'NONE',  ( -0.04170701623183504375, 0.02999999999999999889, 0.1398154487492210551 ) ) ;
#1890 = SURFACE_STYLE_USAGE ( .BOTH. , #5445 ) ;
#1891 = ORIENTED_EDGE ( 'NONE', *, *, #1146, .F. ) ;
#1892 = ORIENTED_EDGE ( 'NONE', *, *, #3736, .F. ) ;
#1893 = FACE_OUTER_BOUND ( 'NONE', #1753, .T. ) ;
#1894 = LINE ( 'NONE', #2277, #5748 ) ;
#1895 = LINE ( 'NONE', #4979, #5538 ) ;
#1896 = EDGE_CURVE ( 'NONE', #4500, #5682, #4744, .T. ) ;
#1897 = LINE ( 'NONE', #4953, #2445 ) ;
#1898 = EDGE_LOOP ( 'NONE', ( #6459, #1439, #5485, #1536, #1821, #2078, #2423, #1143, #4489, #812, #4395, #676, #5336, #5961, #2371, #4632, #1218, #3584 ) ) ;
#1899 = CARTESIAN_POINT ( 'NONE',  ( 0.6075000000000000400, 0.000000000000000000, 0.1600000000000000588 ) ) ;
#1900 = CARTESIAN_POINT ( 'NONE',  ( 0.5817188641684677419, -0.02999999999999999542, 0.2165664059911340811 ) ) ;
#1901 = B_SPLINE_CURVE_WITH_KNOTS ( 'NONE', 3,
 ( #4257, #698, #3269, #4690 ),
 .UNSPECIFIED., .F., .F.,
 ( 4, 4 ),
 ( 0.000000000000000000, 1.000000000000000000 ),
 .UNSPECIFIED. ) ;
#1902 = DIRECTION ( 'NONE',  ( 1.000000000000000000, 0.000000000000000000, 4.268512490098882984E-16 ) ) ;
#1903 = ORIENTED_EDGE ( 'NONE', *, *, #348, .T. ) ;
#1904 = PLANE ( 'NONE',  #756 ) ;
#1905 = ORIENTED_EDGE ( 'NONE', *, *, #2776, .F. ) ;
#1906 = EDGE_LOOP ( 'NONE', ( #4227, #5465, #399, #4411 ) ) ;
#1907 = VERTEX_POINT ( 'NONE', #6261 ) ;
#1908 = DIRECTION ( 'NONE',  ( 0.000000000000000000, 0.000000000000000000, -1.000000000000000000 ) ) ;
#1909 = DIRECTION ( 'NONE',  ( 1.000000000000000000, -1.219205179148354469E-15, 0.000000000000000000 ) ) ;
#1910 = VERTEX_POINT ( 'NONE', #1807 ) ;
#1911 = CARTESIAN_POINT ( 'NONE',  ( -0.5824999999999999067, 0.02000000000000000042, -0.2104999999999999927 ) ) ;
#1912 =( CONVERSION_BASED_UNIT ( 'INCH', #788 ) LENGTH_UNIT ( ) NAMED_UNIT ( #23 ) );
#1913 = VECTOR ( 'NONE', #5944, 39.37007874015748854 ) ;
#1914 = VECTOR ( 'NONE', #4342, 39.37007874015748854 ) ;
#1915 = DIRECTION ( 'NONE',  ( 1.000000000000000000, 0.000000000000000000, 0.000000000000000000 ) ) ;
#1916 = CARTESIAN_POINT ( 'NONE',  ( -0.3870000000000000662, 0.000000000000000000, -0.03450000000000008615 ) ) ;
#1917 = EDGE_CURVE ( 'NONE', #4761, #6497, #707, .T. ) ;
#1918 = EDGE_CURVE ( 'NONE', #5339, #919, #5725, .T. ) ;
#1919 = FILL_AREA_STYLE ('',( #413 ) ) ;
#1920 = AXIS2_PLACEMENT_3D ( 'NONE', #1955, #1325, #6444 ) ;
#1921 = ORIENTED_EDGE ( 'NONE', *, *, #4760, .T. ) ;
#1922 = ORIENTED_EDGE ( 'NONE', *, *, #2468, .T. ) ;
#1923 = PLANE ( 'NONE',  #5534 ) ;
#1924 = VECTOR ( 'NONE', #51, 39.37007874015748143 ) ;
#1925 = CARTESIAN_POINT ( 'NONE',  ( -0.02829909836920500507, 0.02999999999999999889, 0.03871159124537800617 ) ) ;
#1926 = AXIS2_PLACEMENT_3D ( 'NONE', #6116, #6524, #6484 ) ;
#1927 = AXIS2_PLACEMENT_3D ( 'NONE', #3057, #5079, #518 ) ;
#1928 = DIRECTION ( 'NONE',  ( -0.1273938600204659322, -0.9918522089651692353, -0.000000000000000000 ) ) ;
#1929 = LINE ( 'NONE', #3391, #5520 ) ;
#1930 = VECTOR ( 'NONE', #2123, 39.37007874015748143 ) ;
#1931 = ORIENTED_EDGE ( 'NONE', *, *, #2023, .T. ) ;
#1932 = VECTOR ( 'NONE', #4474, 39.37007874015748143 ) ;
#1933 = PRODUCT_DEFINITION_SHAPE ( 'NONE', 'NONE',  #6593 ) ;
#1934 = CARTESIAN_POINT ( 'NONE',  ( -0.3075811296288818442, 0.02900000000000000147, 0.1586384921643468338 ) ) ;
#1935 = EDGE_CURVE ( 'NONE', #875, #6406, #174, .T. ) ;
#1936 = CIRCLE ( 'NONE', #336, 0.01500000000000001159 ) ;
#1937 =( GEOMETRIC_REPRESENTATION_CONTEXT ( 3 ) GLOBAL_UNCERTAINTY_ASSIGNED_CONTEXT ( ( #4834 ) ) GLOBAL_UNIT_ASSIGNED_CONTEXT ( ( #4729, #5844, #4225 ) ) REPRESENTATION_CONTEXT ( 'NONE', 'WORKASPACE' ) );
#1938 = DIRECTION ( 'NONE',  ( -1.295966617172950744E-15, -1.000000000000000000, 0.000000000000000000 ) ) ;
#1939 = AXIS2_PLACEMENT_3D ( 'NONE', #1144, #3177, #6267 ) ;
#1940 = ORIENTED_EDGE ( 'NONE', *, *, #5409, .F. ) ;
#1941 = CARTESIAN_POINT ( 'NONE',  ( 0.01745051803667698256, 0.02900000000000000147, 0.1586384911471201420 ) ) ;
#1942 = ORIENTED_EDGE ( 'NONE', *, *, #6446, .T. ) ;
#1943 = CIRCLE ( 'NONE', #3758, 0.02700000000000001357 ) ;
#1944 = EDGE_LOOP ( 'NONE', ( #2432, #1713, #2743, #6193, #2827, #3638, #5112, #2291, #6152, #3932, #1434, #2381, #5697 ) ) ;
#1945 = ORIENTED_EDGE ( 'NONE', *, *, #2528, .F. ) ;
#1946 = VECTOR ( 'NONE', #5168, 39.37007874015748143 ) ;
#1947 = CARTESIAN_POINT ( 'NONE',  ( -0.5400000000000000355, -0.06250000000000000000, -0.1824999999999999956 ) ) ;
#1948 = VECTOR ( 'NONE', #1043, 39.37007874015748143 ) ;
#1949 = CIRCLE ( 'NONE', #2480, 0.009999999999741732842 ) ;
#1950 = DIRECTION ( 'NONE',  ( 0.000000000000000000, -0.000000000000000000, -1.000000000000000000 ) ) ;
#1951 = ORIENTED_EDGE ( 'NONE', *, *, #3307, .F. ) ;
#1952 = ORIENTED_EDGE ( 'NONE', *, *, #4314, .F. ) ;
#1953 = CARTESIAN_POINT ( 'NONE',  ( -0.4404396342205526005, -0.1244790521456920068, -0.05000000000000000278 ) ) ;
#1954 = LINE ( 'NONE', #4076, #3866 ) ;
#1955 = CARTESIAN_POINT ( 'NONE',  ( 0.09400000000000001410, 0.07299999999999999545, -0.5469999999999998197 ) ) ;
#1956 = CARTESIAN_POINT ( 'NONE',  ( -0.5592819573868333949, 0.02900000000000000147, 0.2068018456255253101 ) ) ;
#1957 = EDGE_LOOP ( 'NONE', ( #1295, #6309, #3311, #4019, #4495, #1237, #1488, #6019, #2275, #198, #4627, #1639, #2216, #2563, #6522, #5938 ) ) ;
#1958 = VERTEX_POINT ( 'NONE', #5859 ) ;
#1959 = CARTESIAN_POINT ( 'NONE',  ( -0.3870000000000000107, -0.01699999999995094671, 0.009499999999999895681 ) ) ;
#1960 = LINE ( 'NONE', #3557, #4267 ) ;
#1961 = EDGE_CURVE ( 'NONE', #1108, #4252, #2811, .T. ) ;
#1962 = DIRECTION ( 'NONE',  ( 0.000000000000000000, 0.000000000000000000, 1.000000000000000000 ) ) ;
#1963 = DIRECTION ( 'NONE',  ( -0.9999999999910486048, 0.000000000000000000, -4.231146122107002543E-06 ) ) ;
#1964 = VERTEX_POINT ( 'NONE', #5767 ) ;
#1965 = ADVANCED_FACE ( 'NONE', ( #2183 ), #3277, .T. ) ;
#1966 = DIRECTION ( 'NONE',  ( -0.2426747430483657819, 0.000000000000000000, 0.9701077100437917045 ) ) ;
#1967 = CARTESIAN_POINT ( 'NONE',  ( -0.5529999999999895000, -0.01000000000000000021, -0.2055000000000000437 ) ) ;
#1968 = EDGE_CURVE ( 'NONE', #2568, #4016, #2742, .T. ) ;
#1969 = DIRECTION ( 'NONE',  ( -1.000000000000000000, 0.000000000000000000, 2.845674993400330639E-16 ) ) ;
#1970 = ORIENTED_EDGE ( 'NONE', *, *, #4433, .F. ) ;
#1971 = EDGE_CURVE ( 'NONE', #1016, #939, #5269, .T. ) ;
#1972 = CARTESIAN_POINT ( 'NONE',  ( -0.4444498478962030652, -0.1068243285473877840, -0.05000000000000000278 ) ) ;
#1973 = ORIENTED_EDGE ( 'NONE', *, *, #5238, .T. ) ;
#1974 = ORIENTED_EDGE ( 'NONE', *, *, #3019, .T. ) ;
#1975 = ORIENTED_EDGE ( 'NONE', *, *, #608, .F. ) ;
#1976 = PLANE ( 'NONE',  #5340 ) ;
#1977 = EDGE_CURVE ( 'NONE', #4116, #3344, #2932, .T. ) ;
#1978 = DIRECTION ( 'NONE',  ( -0.000000000000000000, 1.000000000000000000, -0.000000000000000000 ) ) ;
#1979 = VERTEX_POINT ( 'NONE', #1401 ) ;
#1980 = ORIENTED_EDGE ( 'NONE', *, *, #1968, .T. ) ;
#1981 = DIRECTION ( 'NONE',  ( -0.000000000000000000, -0.000000000000000000, 1.000000000000000000 ) ) ;
#1982 = PLANE ( 'NONE',  #4592 ) ;
#1983 = EDGE_CURVE ( 'NONE', #4283, #41, #299, .T. ) ;
#1984 = DIRECTION ( 'NONE',  ( 0.000000000000000000, 0.000000000000000000, -1.000000000000000000 ) ) ;
#1985 = PRODUCT_DEFINITION_SHAPE ( 'NONE', 'NONE',  #6585 ) ;
#1986 = DIRECTION ( 'NONE',  ( 0.000000000000000000, 0.000000000000000000, -1.000000000000000000 ) ) ;
#1987 = ORIENTED_EDGE ( 'NONE', *, *, #4965, .F. ) ;
#1988 = ORIENTED_EDGE ( 'NONE', *, *, #3268, .F. ) ;
#1989 = FACE_OUTER_BOUND ( 'NONE', #3220, .T. ) ;
#1990 = CARTESIAN_POINT ( 'NONE',  ( -0.4554940759319748844, -0.01799999999995276212, -0.007500000000001148977 ) ) ;
#1991 = PLANE ( 'NONE',  #4476 ) ;
#1992 = DIRECTION ( 'NONE',  ( 0.000000000000000000, 0.000000000000000000, 1.000000000000000000 ) ) ;
#1993 = EDGE_CURVE ( 'NONE', #4245, #5086, #5460, .T. ) ;
#1994 = ORIENTED_EDGE ( 'NONE', *, *, #1056, .F. ) ;
#1995 = DIRECTION ( 'NONE',  ( 1.000000000000000000, 0.000000000000000000, 8.537024980200821818E-14 ) ) ;
#1996 = FACE_OUTER_BOUND ( 'NONE', #5592, .T. ) ;
#1997 = CARTESIAN_POINT ( 'NONE',  ( -0.4864724841416406820, -0.1185665760870778240, -0.007500000000000005794 ) ) ;
#1998 = DIRECTION ( 'NONE',  ( 1.000000000000000000, 0.000000000000000000, 0.000000000000000000 ) ) ;
#1999 = ORIENTED_EDGE ( 'NONE', *, *, #1310, .T. ) ;
#2000 = CARTESIAN_POINT ( 'NONE',  ( -0.5592819573868333949, 0.02900000000000000147, 0.2068018456255253101 ) ) ;
#2001 = VERTEX_POINT ( 'NONE', #395 ) ;
#2002 = EDGE_CURVE ( 'NONE', #2933, #1958, #1293, .T. ) ;
#2003 = EDGE_CURVE ( 'NONE', #4600, #345, #962, .T. ) ;
#2004 = VERTEX_POINT ( 'NONE', #367 ) ;
#2005 = ORIENTED_EDGE ( 'NONE', *, *, #3851, .F. ) ;
#2006 = DIRECTION ( 'NONE',  ( 0.000000000000000000, 0.000000000000000000, -1.000000000000000000 ) ) ;
#2007 = EDGE_CURVE ( 'NONE', #3022, #4657, #6398, .T. ) ;
#2008 = CYLINDRICAL_SURFACE ( 'NONE', #1730, 0.01500000000000001159 ) ;
#2009 = CARTESIAN_POINT ( 'NONE',  ( -0.1995811308060771727, 0.02999999999999999889, 0.1036892288826527508 ) ) ;
#2010 = ORIENTED_EDGE ( 'NONE', *, *, #4708, .T. ) ;
#2011 = VERTEX_POINT ( 'NONE', #3963 ) ;
#2012 = CARTESIAN_POINT ( 'NONE',  ( -0.5550000000000000488, -0.06253937007874015019, 0.1975000000000000366 ) ) ;
#2013 = EDGE_CURVE ( 'NONE', #1857, #5338, #2889, .T. ) ;
#2014 = DIRECTION ( 'NONE',  ( 0.000000000000000000, 0.000000000000000000, 1.000000000000000000 ) ) ;
#2015 = CARTESIAN_POINT ( 'NONE',  ( 0.5800000000000000711, 0.06250000000000000000, -0.2374999999999999889 ) ) ;
#2016 = LINE ( 'NONE', #2487, #5101 ) ;
#2017 = CARTESIAN_POINT ( 'NONE',  ( -0.02829909836920500507, 0.02999999999999999889, 0.03871159124537800617 ) ) ;
#2018 = ORIENTED_EDGE ( 'NONE', *, *, #2919, .T. ) ;
#2019 = ORIENTED_EDGE ( 'NONE', *, *, #5998, .F. ) ;
#2020 = VECTOR ( 'NONE', #4577, 39.37007874015748143 ) ;
#2021 = CARTESIAN_POINT ( 'NONE',  ( -0.4554940759319748844, -0.01799999999995276212, -0.007500000000001148977 ) ) ;
#2022 = DIRECTION ( 'NONE',  ( 3.315730916883898424E-16, -0.000000000000000000, -1.000000000000000000 ) ) ;
#2023 = EDGE_CURVE ( 'NONE', #1496, #5414, #2431, .T. ) ;
#2024 = DIRECTION ( 'NONE',  ( 0.7071067811865420216, 0.000000000000000000, 0.7071067811865530128 ) ) ;
#2025 = CARTESIAN_POINT ( 'NONE',  ( 0.07800000000000001377, 0.07299999999999999545, -0.4579999999999998517 ) ) ;
#2026 = CARTESIAN_POINT ( 'NONE',  ( 0.5572380199816715507, -0.009999999999999993269, -0.2048020693620695998 ) ) ;
#2027 = AXIS2_PLACEMENT_3D ( 'NONE', #210, #2646, #182 ) ;
#2028 = AXIS2_PLACEMENT_3D ( 'NONE', #134, #5227, #4687 ) ;
#2029 = B_SPLINE_CURVE_WITH_KNOTS ( 'NONE', 3,
 ( #4777, #2261, #1620, #1120, #5735 ),
 .UNSPECIFIED., .F., .F.,
 ( 4, 1, 4 ),
 ( 0.4428768501212038133, 0.4999999997354186432, 0.5738749964416015592 ),
 .UNSPECIFIED. ) ;
#2030 = EDGE_LOOP ( 'NONE', ( #5995, #1217, #2296, #1427 ) ) ;
#2031 = DIRECTION ( 'NONE',  ( -0.9918522089651693463, 0.1273938600204659599, 0.000000000000000000 ) ) ;
#2032 = CARTESIAN_POINT ( 'NONE',  ( 0.5674999999999998934, 0.06250000000000000000, -0.2255000000000000338 ) ) ;
#2033 = CARTESIAN_POINT ( 'NONE',  ( 0.01670141910365396942, 0.02900000000000000147, 0.03871178164914301084 ) ) ;
#2034 = VECTOR ( 'NONE', #3335, 39.37007874015748143 ) ;
#2035 = ORIENTED_EDGE ( 'NONE', *, *, #797, .T. ) ;
#2036 = VECTOR ( 'NONE', #3563, 39.37007874015748143 ) ;
#2037 = DIRECTION ( 'NONE',  ( -0.000000000000000000, 1.000000000000000000, -0.000000000000000000 ) ) ;
#2038 = ORIENTED_EDGE ( 'NONE', *, *, #2458, .T. ) ;
#2039 = ORIENTED_EDGE ( 'NONE', *, *, #287, .T. ) ;
#2040 = CIRCLE ( 'NONE', #3532, 0.01600000000000011482 ) ;
#2041 = ORIENTED_EDGE ( 'NONE', *, *, #1815, .T. ) ;
#2042 = LINE ( 'NONE', #2940, #6188 ) ;
#2043 = AXIS2_PLACEMENT_3D ( 'NONE', #5811, #2793, #1885 ) ;
#2044 = CARTESIAN_POINT ( 'NONE',  ( 0.07799999999999999989, 0.07299999999999999545, -0.5469999999999998197 ) ) ;
#2045 = ADVANCED_FACE ( 'NONE', ( #1363 ), #3496, .T. ) ;
#2046 = AXIS2_PLACEMENT_3D ( 'NONE', #4648, #1586, #6112 ) ;
#2047 = VECTOR ( 'NONE', #4919, 39.37007874015748143 ) ;
#2048 = ORIENTED_EDGE ( 'NONE', *, *, #3059, .F. ) ;
#2049 = MECHANICAL_DESIGN_GEOMETRIC_PRESENTATION_REPRESENTATION (  '', ( #3953 ), #5649 ) ;
#2050 = ORIENTED_EDGE ( 'NONE', *, *, #3440, .T. ) ;
#2051 = LINE ( 'NONE', #4073, #2269 ) ;
#2052 = EDGE_CURVE ( 'NONE', #5615, #1964, #3468, .T. ) ;
#2053 = VECTOR ( 'NONE', #1706, 39.37007874015748143 ) ;
#2054 = DIRECTION ( 'NONE',  ( -0.9918522089651694573, 0.1273938600204643223, 0.000000000000000000 ) ) ;
#2055 = CARTESIAN_POINT ( 'NONE',  ( -0.5165000000000000702, -0.01749999999995177635, -0.05000000000000000278 ) ) ;
#2056 = EDGE_CURVE ( 'NONE', #4161, #4825, #870, .T. ) ;
#2057 = DIRECTION ( 'NONE',  ( -1.000000000000000000, 0.000000000000000000, 0.000000000000000000 ) ) ;
#2058 = VERTEX_POINT ( 'NONE', #4358 ) ;
#2059 = ORIENTED_EDGE ( 'NONE', *, *, #3473, .F. ) ;
#2060 = CARTESIAN_POINT ( 'NONE',  ( -0.4836698192214117786, -0.09674582748971033430, 0.02000000000000000042 ) ) ;
#2061 = DIRECTION ( 'NONE',  ( 1.000000000000000000, -8.537024980201173847E-16, 3.794233324533854715E-16 ) ) ;
#2062 = CARTESIAN_POINT ( 'NONE',  ( 0.5804231281460452418, -0.03000000000000001277, 0.2190138707423784081 ) ) ;
#2063 = CARTESIAN_POINT ( 'NONE',  ( -0.4875258170753847264, -0.08751916609216296716, -0.02000000000000000042 ) ) ;
#2064 = LINE ( 'NONE', #4010, #6050 ) ;
#2065 = ADVANCED_FACE ( 'NONE', ( #2402 ), #3368, .T. ) ;
#2066 = ORIENTED_EDGE ( 'NONE', *, *, #5301, .T. ) ;
#2067 = CARTESIAN_POINT ( 'NONE',  ( -0.1995812646486070097, 0.02999999999999999889, 0.07958191773172107464 ) ) ;
#2068 = CARTESIAN_POINT ( 'NONE',  ( 0.6075000000000000400, 0.000000000000000000, -0.2949999999999999289 ) ) ;
#2069 = LINE ( 'NONE', #3533, #4808 ) ;
#2070 = PRESENTATION_STYLE_ASSIGNMENT (( #6583 ) ) ;
#2071 = ORIENTED_EDGE ( 'NONE', *, *, #790, .F. ) ;
#2072 = CARTESIAN_POINT ( 'NONE',  ( -0.5674999999999998934, 0.06250000000000000000, 0.2254999999999999505 ) ) ;
#2073 = EDGE_LOOP ( 'NONE', ( #1328, #4409, #5794, #3273 ) ) ;
#2074 = EDGE_LOOP ( 'NONE', ( #4818, #2567, #5737, #436 ) ) ;
#2075 = ORIENTED_EDGE ( 'NONE', *, *, #4618, .F. ) ;
#2076 = FACE_OUTER_BOUND ( 'NONE', #6205, .T. ) ;
#2077 = DIRECTION ( 'NONE',  ( 0.000000000000000000, 0.000000000000000000, 1.000000000000000000 ) ) ;
#2078 = ORIENTED_EDGE ( 'NONE', *, *, #1274, .F. ) ;
#2079 = DIRECTION ( 'NONE',  ( 0.000000000000000000, -1.000000000000000000, 0.000000000000000000 ) ) ;
#2080 = ORIENTED_EDGE ( 'NONE', *, *, #2230, .F. ) ;
#2081 = ORIENTED_EDGE ( 'NONE', *, *, #3185, .F. ) ;
#2082 = ADVANCED_FACE ( 'NONE', ( #928 ), #4985, .T. ) ;
#2083 = CARTESIAN_POINT ( 'NONE',  ( -0.4825059240680248940, -0.04999999999999447248, -0.02488995655296195875 ) ) ;
#2084 = DIRECTION ( 'NONE',  ( 0.000000000000000000, 0.000000000000000000, 1.000000000000000000 ) ) ;
#2085 = LINE ( 'NONE', #6508, #4177 ) ;
#2086 = ADVANCED_FACE ( 'NONE', ( #426 ), #6018, .T. ) ;
#2087 = DIRECTION ( 'NONE',  ( -1.000000000000000000, -1.225374105480419231E-16, 0.000000000000000000 ) ) ;
#2088 = DIRECTION ( 'NONE',  ( 0.000000000000000000, 0.000000000000000000, 1.000000000000000000 ) ) ;
#2089 = VERTEX_POINT ( 'NONE', #5921 ) ;
#2090 = EDGE_CURVE ( 'NONE', #2518, #1372, #3396, .T. ) ;
#2091 = CARTESIAN_POINT ( 'NONE',  ( 0.5800000000000000711, 0.06250000000000000000, -0.2224999999999999756 ) ) ;
#2092 = PLANE ( 'NONE',  #2356 ) ;
#2093 = FACE_OUTER_BOUND ( 'NONE', #524, .T. ) ;
#2094 = DIRECTION ( 'NONE',  ( 0.000000000000000000, -1.000000000000000000, 0.000000000000000000 ) ) ;
#2095 = CARTESIAN_POINT ( 'NONE',  ( 0.5400000000000000355, -0.06250000000000000000, 0.1975000000000000366 ) ) ;
#2096 = VERTEX_POINT ( 'NONE', #4931 ) ;
#2097 = CARTESIAN_POINT ( 'NONE',  ( -0.3792342799269071141, 0.02900000000000000147, 0.1386506756738059287 ) ) ;
#2098 = PLANE ( 'NONE',  #6489 ) ;
#2099 = ADVANCED_FACE ( 'NONE', ( #4419 ), #6458, .F. ) ;
#2100 = LINE ( 'NONE', #565, #1189 ) ;
#2101 = LINE ( 'NONE', #4692, #1705 ) ;
#2102 = ORIENTED_EDGE ( 'NONE', *, *, #4237, .T. ) ;
#2103 = SURFACE_SIDE_STYLE ('',( #1795 ) ) ;
#2104 = ORIENTED_EDGE ( 'NONE', *, *, #3147, .T. ) ;
#2105 = ORIENTED_EDGE ( 'NONE', *, *, #4836, .F. ) ;
#2106 = ORIENTED_EDGE ( 'NONE', *, *, #935, .T. ) ;
#2107 = CARTESIAN_POINT ( 'NONE',  ( -0.02758112888381902134, 0.02900000000000000147, 0.1586384911471201420 ) ) ;
#2108 = EDGE_CURVE ( 'NONE', #3036, #5583, #1936, .T. ) ;
#2109 = UNCERTAINTY_MEASURE_WITH_UNIT (LENGTH_MEASURE( 1.000000000000000082E-05 ), #1163, 'distance_accuracy_value', 'NONE');
#2110 = CARTESIAN_POINT ( 'NONE',  ( -0.3601115427994350249, 0.02999999999999999889, 0.1136659042658821062 ) ) ;
#2111 = CARTESIAN_POINT ( 'NONE',  ( 0.5675000000000001155, 0.02000000000000000042, -0.2105000000000000204 ) ) ;
#2112 = ORIENTED_EDGE ( 'NONE', *, *, #2935, .T. ) ;
#2113 = CARTESIAN_POINT ( 'NONE',  ( -0.5733015025939678377, -0.02999999999999999542, 0.2249613563941684213 ) ) ;
#2114 = ORIENTED_EDGE ( 'NONE', *, *, #5836, .F. ) ;
#2115 = ORIENTED_EDGE ( 'NONE', *, *, #2822, .F. ) ;
#2116 = CARTESIAN_POINT ( 'NONE',  ( -0.4781918832403103670, -0.05409618250434181097, 0.02499999999999999098 ) ) ;
#2117 = APPLICATION_PROTOCOL_DEFINITION ( 'draft international standard', 'automotive_design', 1998, #5483 ) ;
#2118 = DIRECTION ( 'NONE',  ( 0.000000000000000000, 0.000000000000000000, 1.000000000000000000 ) ) ;
#2119 = CARTESIAN_POINT ( 'NONE',  ( 0.5825000000000001288, 0.06250000000000000000, 0.2254999999999999505 ) ) ;
#2120 = DIRECTION ( 'NONE',  ( -0.000000000000000000, 0.000000000000000000, -1.000000000000000000 ) ) ;
#2121 = ORIENTED_EDGE ( 'NONE', *, *, #1356, .F. ) ;
#2122 = DIRECTION ( 'NONE',  ( -0.8914944346718483015, 0.000000000000000000, -0.4530316467412862091 ) ) ;
#2123 = DIRECTION ( 'NONE',  ( -1.000000000000000000, 0.000000000000000000, 2.134256319073185038E-15 ) ) ;
#2124 = LINE ( 'NONE', #2232, #5514 ) ;
#2125 = CARTESIAN_POINT ( 'NONE',  ( -0.4506041193790127908, -0.04872286219708303612, -0.01999999999999995878 ) ) ;
#2126 = EDGE_CURVE ( 'NONE', #4095, #4479, #5053, .T. ) ;
#2127 = DIRECTION ( 'NONE',  ( 1.000000000000000000, 0.000000000000000000, -1.918432579820410317E-16 ) ) ;
#2128 = VERTEX_POINT ( 'NONE', #2560 ) ;
#2129 = CARTESIAN_POINT ( 'NONE',  ( 0.5675000000000001155, 0.02000000000000000042, 0.2104999999999999372 ) ) ;
#2130 = FACE_OUTER_BOUND ( 'NONE', #5197, .T. ) ;
#2131 = AXIS2_PLACEMENT_3D ( 'NONE', #26, #2127, #5157 ) ;
#2132 = PLANE ( 'NONE',  #2895 ) ;
#2133 = VECTOR ( 'NONE', #1860, 39.37007874015748143 ) ;
#2134 = EDGE_LOOP ( 'NONE', ( #3245, #5822, #4962, #2833 ) ) ;
#2135 = CARTESIAN_POINT ( 'NONE',  ( -0.4554940759319748844, -0.04999999999999448635, 0.02488995655296195875 ) ) ;
#2136 = VERTEX_POINT ( 'NONE', #6187 ) ;
#2137 = ADVANCED_FACE ( 'NONE', ( #5653 ), #5685, .T. ) ;
#2138 = VERTEX_POINT ( 'NONE', #4586 ) ;
#2139 = VECTOR ( 'NONE', #156, 39.37007874015748143 ) ;
#2140 = PLANE ( 'NONE',  #2448 ) ;
#2141 = LINE ( 'NONE', #3680, #1946 ) ;
#2142 = AXIS2_PLACEMENT_3D ( 'NONE', #3596, #5289, #3164 ) ;
#2143 = CARTESIAN_POINT ( 'NONE',  ( -0.4547214618548430232, -0.1226446889875180551, 0.02000000000000000389 ) ) ;
#2144 = LINE ( 'NONE', #6201, #4472 ) ;
#2145 = VERTEX_POINT ( 'NONE', #31 ) ;
#2146 = CARTESIAN_POINT ( 'NONE',  ( -0.5602608159514087527, -0.009999999999999988065, -0.2026953117497710122 ) ) ;
#2147 = ORIENTED_EDGE ( 'NONE', *, *, #3957, .F. ) ;
#2148 = VECTOR ( 'NONE', #5240, 39.37007874015748143 ) ;
#2149 = AXIS2_PLACEMENT_3D ( 'NONE', #6246, #1692, #588 ) ;
#2150 = EDGE_CURVE ( 'NONE', #1164, #5292, #491, .T. ) ;
#2151 = ORIENTED_EDGE ( 'NONE', *, *, #797, .F. ) ;
#2152 = AXIS2_PLACEMENT_3D ( 'NONE', #481, #921, #4042 ) ;
#2153 = FACE_OUTER_BOUND ( 'NONE', #5029, .T. ) ;
#2154 = APPLICATION_PROTOCOL_DEFINITION ( 'draft international standard', 'automotive_design', 1998, #1850 ) ;
#2155 = VECTOR ( 'NONE', #2734, 39.37007874015748143 ) ;
#2156 = CARTESIAN_POINT ( 'NONE',  ( -0.2287529620340137404, -0.01699999999995087385, -0.2787529620340126191 ) ) ;
#2157 = AXIS2_PLACEMENT_3D ( 'NONE', #374, #4518, #2878 ) ;
#2158 = DIRECTION ( 'NONE',  ( -0.000000000000000000, 1.000000000000000000, -0.000000000000000000 ) ) ;
#2159 = CARTESIAN_POINT ( 'NONE',  ( -0.2575811305979760490, 0.02999999999999999889, 0.06572980324970299770 ) ) ;
#2160 = VERTEX_POINT ( 'NONE', #2529 ) ;
#2161 = VECTOR ( 'NONE', #3589, 39.37007874015748143 ) ;
#2162 = CARTESIAN_POINT ( 'NONE',  ( -0.09758112888381909045, 0.02999999999999999889, 0.1586384915194230805 ) ) ;
#2163 = PLANE ( 'NONE',  #2260 ) ;
#2164 = DIRECTION ( 'NONE',  ( 0.000000000000000000, 0.000000000000000000, -1.000000000000000000 ) ) ;
#2165 = CIRCLE ( 'NONE', #3008, 0.01500000000000001159 ) ;
#2166 = AXIS2_PLACEMENT_3D ( 'NONE', #1350, #1887, #814 ) ;
#2167 = CARTESIAN_POINT ( 'NONE',  ( -0.5829999999999997407, -0.02999999999999999889, 0.2104999999999999372 ) ) ;
#2168 = CARTESIAN_POINT ( 'NONE',  ( 0.5830000000000000737, -0.02999999999999999889, 0.2122025752354692596 ) ) ;
#2169 = ORIENTED_EDGE ( 'NONE', *, *, #2830, .F. ) ;
#2170 = PLANE ( 'NONE',  #4269 ) ;
#2171 = LINE ( 'NONE', #3777, #533 ) ;
#2172 = EDGE_CURVE ( 'NONE', #833, #5800, #2069, .T. ) ;
#2173 = PLANE ( 'NONE',  #445 ) ;
#2174 = LINE ( 'NONE', #4542, #3659 ) ;
#2175 = CARTESIAN_POINT ( 'NONE',  ( -0.4099999999999999756, -0.09769904250363242726, -0.02000000000000001776 ) ) ;
#2176 = EDGE_CURVE ( 'NONE', #578, #5539, #5551, .T. ) ;
#2177 = ORIENTED_EDGE ( 'NONE', *, *, #4730, .F. ) ;
#2178 = ORIENTED_EDGE ( 'NONE', *, *, #4708, .F. ) ;
#2179 = CARTESIAN_POINT ( 'NONE',  ( -0.5824999999999999067, 0.02000000000000000042, 0.2104999999999999372 ) ) ;
#2180 = ADVANCED_FACE ( 'NONE', ( #596 ), #6551, .T. ) ;
#2181 = LINE ( 'NONE', #2639, #1628 ) ;
#2182 = CARTESIAN_POINT ( 'NONE',  ( -0.4875258170753847264, -0.08751916609216296716, -0.02000000000000000042 ) ) ;
#2183 = FACE_OUTER_BOUND ( 'NONE', #5910, .T. ) ;
#2184 = EDGE_CURVE ( 'NONE', #4762, #1416, #2100, .T. ) ;
#2185 = ORIENTED_EDGE ( 'NONE', *, *, #1548, .F. ) ;
#2186 = CARTESIAN_POINT ( 'NONE',  ( -0.4730258587994410346, -0.02999999999999999889, 0.2254999999999999505 ) ) ;
#2187 = ORIENTED_EDGE ( 'NONE', *, *, #3658, .F. ) ;
#2188 = VERTEX_POINT ( 'NONE', #2033 ) ;
#2189 = ORIENTED_EDGE ( 'NONE', *, *, #3812, .T. ) ;
#2190 = CARTESIAN_POINT ( 'NONE',  ( -0.2176504905979774751, 0.03000000000000000930, 0.09364342824252855357 ) ) ;
#2191 = CARTESIAN_POINT ( 'NONE',  ( 0.3500000000000004219, 0.1629999999999944549, 0.7220000000004425100 ) ) ;
#2192 = APPLICATION_CONTEXT ( 'automotive_design' ) ;
#2193 = EDGE_CURVE ( 'NONE', #239, #5348, #2040, .T. ) ;
#2194 = PLANE ( 'NONE',  #3005 ) ;
#2195 = LINE ( 'NONE', #5251, #2139 ) ;
#2196 = DIRECTION ( 'NONE',  ( 0.000000000000000000, 0.000000000000000000, 1.000000000000000000 ) ) ;
#2197 = ORIENTED_EDGE ( 'NONE', *, *, #2411, .T. ) ;
#2198 = CYLINDRICAL_SURFACE ( 'NONE', #3636, 0.01500000000000001159 ) ;
#2199 = CARTESIAN_POINT ( 'NONE',  ( 0.5464999999999999858, 0.000000000000000000, -0.3349999999999999090 ) ) ;
#2200 = LINE ( 'NONE', #6280, #2874 ) ;
#2201 = EDGE_CURVE ( 'NONE', #1170, #2004, #62, .T. ) ;
#2202 = CARTESIAN_POINT ( 'NONE',  ( -0.04170701623183504375, 0.02900000000000000147, 0.1398154487492210551 ) ) ;
#2203 = CARTESIAN_POINT ( 'NONE',  ( 0.5630000000000003890, -0.009999999999999989800, -0.09812715302459157352 ) ) ;
#2204 = ORIENTED_EDGE ( 'NONE', *, *, #4396, .T. ) ;
#2205 = DIRECTION ( 'NONE',  ( -0.000000000000000000, 1.000000000000000000, -0.000000000000000000 ) ) ;
#2206 = CARTESIAN_POINT ( 'NONE',  ( -0.4270000000004424701, -0.04500000000000078243, -0.05000000000000000278 ) ) ;
#2207 = CARTESIAN_POINT ( 'NONE',  ( -0.4275811296288858365, 0.02900000000000000147, 0.1586384922640279860 ) ) ;
#2208 = CARTESIAN_POINT ( 'NONE',  ( -0.4864724841416406820, -0.1185665760870778240, -0.02499999999999999098 ) ) ;
#2209 = ADVANCED_FACE ( 'NONE', ( #94 ), #3095, .F. ) ;
#2210 = DIRECTION ( 'NONE',  ( 1.000000000000000000, 0.000000000000000000, -7.325937605025347201E-16 ) ) ;
#2211 = ORIENTED_EDGE ( 'NONE', *, *, #6209, .F. ) ;
#2212 = VERTEX_POINT ( 'NONE', #1594 ) ;
#2213 = DIRECTION ( 'NONE',  ( 1.000000000000000000, 0.000000000000000000, -5.694819116737377075E-16 ) ) ;
#2214 = LINE ( 'NONE', #801, #2696 ) ;
#2215 = CARTESIAN_POINT ( 'NONE',  ( -0.4875258170753847264, -0.08751916609216296716, 0.02000000000000000042 ) ) ;
#2216 = ORIENTED_EDGE ( 'NONE', *, *, #3693, .F. ) ;
#2217 = EDGE_CURVE ( 'NONE', #2058, #6041, #3060, .T. ) ;
#2218 = ADVANCED_FACE ( 'NONE', ( #4654 ), #2132, .F. ) ;
#2219 = CARTESIAN_POINT ( 'NONE',  ( 0.4730258587994413122, -0.02999999999999999542, -0.2254999999999999782 ) ) ;
#2220 = ORIENTED_EDGE ( 'NONE', *, *, #1082, .F. ) ;
#2221 = ORIENTED_EDGE ( 'NONE', *, *, #679, .T. ) ;
#2222 = VERTEX_POINT ( 'NONE', #1997 ) ;
#2223 = DIRECTION ( 'NONE',  ( -0.1273938600204659322, -0.9918522089651692353, -0.000000000000000000 ) ) ;
#2224 = SHAPE_DEFINITION_REPRESENTATION ( #1447, #5918 ) ;
#2225 = EDGE_CURVE ( 'NONE', #2089, #432, #3240, .T. ) ;
#2226 = FACE_OUTER_BOUND ( 'NONE', #1906, .T. ) ;
#2227 = CARTESIAN_POINT ( 'NONE',  ( -0.09399999999999998634, 0.07299999999999999545, -0.5469999999999998197 ) ) ;
#2228 = LINE ( 'NONE', #4282, #3847 ) ;
#2229 = ORIENTED_EDGE ( 'NONE', *, *, #1114, .F. ) ;
#2230 = EDGE_CURVE ( 'NONE', #3506, #2501, #2306, .T. ) ;
#2231 = DIRECTION ( 'NONE',  ( 0.000000000000000000, 0.000000000000000000, -1.000000000000000000 ) ) ;
#2232 = CARTESIAN_POINT ( 'NONE',  ( -0.5824999999999999067, 0.06250000000000000000, 0.2254999999999999505 ) ) ;
#2233 = DIRECTION ( 'NONE',  ( -0.5000000000000178746, -0.000000000000000000, -0.8660254037844281605 ) ) ;
#2234 = CARTESIAN_POINT ( 'NONE',  ( 0.000000000000000000, -0.01000000000000000368, 0.2054999999999997662 ) ) ;
#2235 = VERTEX_POINT ( 'NONE', #2207 ) ;
#2236 = DIRECTION ( 'NONE',  ( 1.000000000000000000, 0.000000000000000000, 0.000000000000000000 ) ) ;
#2237 = CARTESIAN_POINT ( 'NONE',  ( -0.2405811314170252235, 0.02900000000000000147, 0.03871159197184498996 ) ) ;
#2238 = CARTESIAN_POINT ( 'NONE',  ( -0.4991794919244595397, -0.03499999999999711675, 0.01999999999999995878 ) ) ;
#2239 = CARTESIAN_POINT ( 'NONE',  ( 0.5999999999999999778, 0.04000000000000000083, 0.2950000000000000400 ) ) ;
#2240 = EDGE_LOOP ( 'NONE', ( #1455, #429, #1316, #670 ) ) ;
#2241 =( BOUNDED_SURFACE ( )  B_SPLINE_SURFACE ( 3, 1, ( 
 ( #2313, #146 ),
 ( #2247, #4268 ),
 ( #274, #1708 ),
 ( #6307, #6338 ) ),
 .UNSPECIFIED., .F., .F., .F. ) 
 B_SPLINE_SURFACE_WITH_KNOTS ( ( 4, 4 ),
 ( 2, 2 ),
 ( 0.000000000000000000, 1.000000000000000000 ),
 ( 0.000000000000000000, 1.000000000000000000 ),
 .UNSPECIFIED. ) 
 GEOMETRIC_REPRESENTATION_ITEM ( )  RATIONAL_B_SPLINE_SURFACE ( (
 ( 1.000000000000000000, 1.000000000000000000),
 ( 0.3333333333333514670, 0.3333333333333514670),
 ( 0.3333333333333514670, 0.3333333333333514670),
 ( 1.000000000000000000, 1.000000000000000000) ) ) 
 REPRESENTATION_ITEM ( '' )  SURFACE ( )  );
#2242 = ORIENTED_EDGE ( 'NONE', *, *, #6183, .T. ) ;
#2243 = CARTESIAN_POINT ( 'NONE',  ( -0.4825059240680250050, 0.000000000000000000, 0.02499999999999986955 ) ) ;
#2244 = VECTOR ( 'NONE', #3298, 39.37007874015748143 ) ;
#2245 = CARTESIAN_POINT ( 'NONE',  ( -0.4825059240680248940, -0.08299999999995276434, 0.02488995655296195875 ) ) ;
#2246 = UNCERTAINTY_MEASURE_WITH_UNIT (LENGTH_MEASURE( 1.000000000000000082E-05 ), #357, 'distance_accuracy_value', 'NONE');
#2247 = CARTESIAN_POINT ( 'NONE',  ( -0.2176504905979775306, 0.02900000000000000147, 0.09364342824252855357 ) ) ;
#2248 = ORIENTED_EDGE ( 'NONE', *, *, #3351, .F. ) ;
#2249 = ADVANCED_BREP_SHAPE_REPRESENTATION ( '', ( #3509, #6377 ), #1282 ) ;
#2250 = AXIS2_PLACEMENT_3D ( 'NONE', #2227, #184, #4816 ) ;
#2251 = CARTESIAN_POINT ( 'NONE',  ( -0.5829999999999997407, -0.02999999999999999889, 0.2122025752354692041 ) ) ;
#2252 = ORIENTED_EDGE ( 'NONE', *, *, #1961, .T. ) ;
#2253 = ORIENTED_EDGE ( 'NONE', *, *, #885, .T. ) ;
#2254 = ORIENTED_EDGE ( 'NONE', *, *, #2655, .F. ) ;
#2255 = DIMENSIONAL_EXPONENTS ( 1.000000000000000000, 0.000000000000000000, 0.000000000000000000, 0.000000000000000000, 0.000000000000000000, 0.000000000000000000, 0.000000000000000000 ) ;
#2256 = ADVANCED_FACE ( 'NONE', ( #5264, #1262 ), #1205, .F. ) ;
#2257 =( NAMED_UNIT ( * ) SI_UNIT ( $, .STERADIAN. ) SOLID_ANGLE_UNIT ( ) );
#2258 = VECTOR ( 'NONE', #4508, 39.37007874015748143 ) ;
#2259 = CARTESIAN_POINT ( 'NONE',  ( -0.4370000000004461427, -0.04500000000000078243, -0.05000000000000000278 ) ) ;
#2260 = AXIS2_PLACEMENT_3D ( 'NONE', #4140, #5183, #3126 ) ;
#2261 = CARTESIAN_POINT ( 'NONE',  ( 0.5792106445893773214, -0.03000000000000000930, 0.2204811275826762118 ) ) ;
#2262 = LINE ( 'NONE', #3259, #751 ) ;
#2263 = AXIS2_PLACEMENT_3D ( 'NONE', #512, #553, #20 ) ;
#2264 = VERTEX_POINT ( 'NONE', #167 ) ;
#2265 = CARTESIAN_POINT ( 'NONE',  ( -0.1075811296288820829, 0.02900000000000000147, 0.1286567672300730492 ) ) ;
#2266 = VECTOR ( 'NONE', #5162, 39.37007874015748143 ) ;
#2267 = EDGE_CURVE ( 'NONE', #2748, #569, #3778, .T. ) ;
#2268 = CARTESIAN_POINT ( 'NONE',  ( -0.3025811314170228083, 0.02900000000000000147, 0.1586384912141360626 ) ) ;
#2269 = VECTOR ( 'NONE', #2416, 39.37007874015748143 ) ;
#2270 = DIRECTION ( 'NONE',  ( 1.000000000000000000, 8.021152995380342424E-16, 0.000000000000000000 ) ) ;
#2271 = EDGE_CURVE ( 'NONE', #1029, #3789, #195, .T. ) ;
#2272 = CARTESIAN_POINT ( 'NONE',  ( -0.5546019599457007176, -0.01000000000000000021, 0.2055000000000000437 ) ) ;
#2273 = VECTOR ( 'NONE', #3165, 39.37007874015748143 ) ;
#2274 = VECTOR ( 'NONE', #5008, 39.37007874015748143 ) ;
#2275 = ORIENTED_EDGE ( 'NONE', *, *, #1203, .F. ) ;
#2276 = LINE ( 'NONE', #3670, #4151 ) ;
#2277 = CARTESIAN_POINT ( 'NONE',  ( -0.2455811305979759829, 0.02900000000000000147, 0.09364342865847601061 ) ) ;
#2278 = AXIS2_PLACEMENT_3D ( 'NONE', #11, #4002, #2054 ) ;
#2279 = CARTESIAN_POINT ( 'NONE',  ( -0.4382739386006512250, -0.1076175645932271746, -0.02000000000000001429 ) ) ;
#2280 = ADVANCED_FACE ( 'NONE', ( #727 ), #2173, .F. ) ;
#2281 = CARTESIAN_POINT ( 'NONE',  ( 0.5400000000000000355, 0.02000000000000000042, -0.1974999999999999811 ) ) ;
#2282 = ORIENTED_EDGE ( 'NONE', *, *, #822, .T. ) ;
#2283 = VERTEX_POINT ( 'NONE', #6254 ) ;
#2284 = CARTESIAN_POINT ( 'NONE',  ( -0.5674999999999998934, 0.02000000000000000042, 0.2254999999999999505 ) ) ;
#2285 = DIRECTION ( 'NONE',  ( 0.000000000000000000, -1.000000000000000000, 0.000000000000000000 ) ) ;
#2286 = CARTESIAN_POINT ( 'NONE',  ( -0.4841470622770054910, -0.08660238298873945695, 0.02323443287197744789 ) ) ;
#2287 = VERTEX_POINT ( 'NONE', #2238 ) ;
#2288 = DIRECTION ( 'NONE',  ( 0.5002285139595681329, 0.000000000000000000, -0.8658934309843226984 ) ) ;
#2289 = ORIENTED_EDGE ( 'NONE', *, *, #1270, .F. ) ;
#2290 = ORIENTED_EDGE ( 'NONE', *, *, #2310, .T. ) ;
#2291 = ORIENTED_EDGE ( 'NONE', *, *, #2150, .T. ) ;
#2292 = DIRECTION ( 'NONE',  ( -0.1273938600204659322, -0.9918522089651692353, -0.000000000000000000 ) ) ;
#2293 = CARTESIAN_POINT ( 'NONE',  ( 0.5400000000000000355, 0.02000000000000000042, -0.1824999999999999678 ) ) ;
#2294 = CARTESIAN_POINT ( 'NONE',  ( -0.4825059240680248940, -0.01799999999995276212, -0.02488995655296195875 ) ) ;
#2295 = EDGE_CURVE ( 'NONE', #1199, #1364, #4595, .T. ) ;
#2296 = ORIENTED_EDGE ( 'NONE', *, *, #5578, .F. ) ;
#2297 = CARTESIAN_POINT ( 'NONE',  ( -0.2166125173594901920, 0.02900000000000000147, 0.03871159161490214662 ) ) ;
#2298 = SHAPE_REPRESENTATION_RELATIONSHIP ( 'NONE' , 'NONE' ,  #1808, #254 ) ;
#2299 = EDGE_CURVE ( 'NONE', #4825, #3499, #1901, .T. ) ;
#2300 = LINE ( 'NONE', #5399, #6411 ) ;
#2301 = CARTESIAN_POINT ( 'NONE',  ( 0.4611262963504618728, -0.009999999999999998473, 0.2054999999999999605 ) ) ;
#2302 = EDGE_CURVE ( 'NONE', #1543, #1910, #5789, .T. ) ;
#2303 = ORIENTED_EDGE ( 'NONE', *, *, #5228, .T. ) ;
#2304 = DIRECTION ( 'NONE',  ( 0.000000000000000000, 0.000000000000000000, -1.000000000000000000 ) ) ;
#2305 = DIRECTION ( 'NONE',  ( -0.7013454228941271573, 0.09008106230200117748, -0.7071067811865482389 ) ) ;
#2306 = LINE ( 'NONE', #5755, #2155 ) ;
#2307 = CARTESIAN_POINT ( 'NONE',  ( -0.5550000000000000488, -0.06250000000000000000, -0.1824999999999999956 ) ) ;
#2308 = ORIENTED_EDGE ( 'NONE', *, *, #324, .F. ) ;
#2309 = CARTESIAN_POINT ( 'NONE',  ( 0.1012485063478607145, 0.000000000000000000, -0.5612639109547495897 ) ) ;
#2310 = EDGE_CURVE ( 'NONE', #4274, #5730, #6295, .T. ) ;
#2311 = LINE ( 'NONE', #6337, #2905 ) ;
#2312 = PRODUCT_DEFINITION_CONTEXT ( 'detailed design', #3773, 'design' ) ;
#2313 = CARTESIAN_POINT ( 'NONE',  ( -0.2455811305979759829, 0.02900000000000000147, 0.09364342865847501141 ) ) ;
#2314 = ORIENTED_EDGE ( 'NONE', *, *, #3693, .T. ) ;
#2315 = DIRECTION ( 'NONE',  ( 0.000000000000000000, 1.000000000000000000, 0.000000000000000000 ) ) ;
#2316 = ORIENTED_EDGE ( 'NONE', *, *, #1662, .F. ) ;
#2317 = ORIENTED_EDGE ( 'NONE', *, *, #5743, .T. ) ;
#2318 = ORIENTED_EDGE ( 'NONE', *, *, #6250, .F. ) ;
#2319 = EDGE_CURVE ( 'NONE', #2138, #2531, #4055, .T. ) ;
#2320 = SURFACE_STYLE_USAGE ( .BOTH. , #3283 ) ;
#2321 = DIRECTION ( 'NONE',  ( 5.694819116737623594E-16, 0.000000000000000000, 1.000000000000000000 ) ) ;
#2322 = LINE ( 'NONE', #4910, #1491 ) ;
#2323 = ORIENTED_EDGE ( 'NONE', *, *, #5915, .F. ) ;
#2324 = DIRECTION ( 'NONE',  ( -0.000000000000000000, 1.000000000000000000, -0.000000000000000000 ) ) ;
#2325 = CARTESIAN_POINT ( 'NONE',  ( -0.5679999999999998384, -0.02999999999999999889, -0.2104999999999999094 ) ) ;
#2326 = CYLINDRICAL_SURFACE ( 'NONE', #5740, 0.02700000000000001357 ) ;
#2327 = VERTEX_POINT ( 'NONE', #3804 ) ;
#2328 = CARTESIAN_POINT ( 'NONE',  ( -0.2575811314170221022, 0.02900000000000000147, 0.1206616397874109708 ) ) ;
#2329 = DIRECTION ( 'NONE',  ( 1.501015381134210579E-16, 0.000000000000000000, 1.000000000000000000 ) ) ;
#2330 = PRODUCT_RELATED_PRODUCT_CATEGORY ( 'part', '', ( #2941 ) ) ;
#2331 = EDGE_CURVE ( 'NONE', #4262, #2841, #5322, .T. ) ;
#2332 = DIRECTION ( 'NONE',  ( -0.000000000000000000, 1.000000000000000000, -0.000000000000000000 ) ) ;
#2333 = DIRECTION ( 'NONE',  ( -0.1651453759206837901, 0.000000000000000000, -0.9862692354585618215 ) ) ;
#2334 = ORIENTED_EDGE ( 'NONE', *, *, #4231, .T. ) ;
#2335 = CARTESIAN_POINT ( 'NONE',  ( 0.5464999999999999858, 0.07299999999999999545, -0.3349999999999999090 ) ) ;
#2336 = DIRECTION ( 'NONE',  ( 0.000000000000000000, -1.000000000000000000, 0.000000000000000000 ) ) ;
#2337 = CARTESIAN_POINT ( 'NONE',  ( -0.3675811309645719560, 0.02900000000000000147, 0.06905657162336102661 ) ) ;
#2338 = ORIENTED_EDGE ( 'NONE', *, *, #616, .F. ) ;
#2339 = ADVANCED_FACE ( 'NONE', ( #5819 ), #4192, .T. ) ;
#2340 = CARTESIAN_POINT ( 'NONE',  ( -0.09399999999999998634, 0.000000000000000000, -0.5629999999999999449 ) ) ;
#2341 = ORIENTED_EDGE ( 'NONE', *, *, #2776, .T. ) ;
#2342 = ORIENTED_EDGE ( 'NONE', *, *, #4780, .T. ) ;
#2343 = ORIENTED_EDGE ( 'NONE', *, *, #835, .T. ) ;
#2344 = PRESENTATION_STYLE_ASSIGNMENT (( #2320 ) ) ;
#2345 = AXIS2_PLACEMENT_3D ( 'NONE', #2931, #1871, #366 ) ;
#2346 = MECHANICAL_DESIGN_GEOMETRIC_PRESENTATION_REPRESENTATION (  '', ( #420 ), #5943 ) ;
#2347 = LINE ( 'NONE', #3285, #1414 ) ;
#2348 = EDGE_CURVE ( 'NONE', #6343, #5275, #1742, .T. ) ;
#2349 = CARTESIAN_POINT ( 'NONE',  ( -0.3870000000000000662, -0.6581268257145341805, -0.03450000000000008615 ) ) ;
#2350 = AXIS2_PLACEMENT_3D ( 'NONE', #5177, #2721, #4774 ) ;
#2351 = AXIS2_PLACEMENT_3D ( 'NONE', #1457, #6083, #6043 ) ;
#2352 = ORIENTED_EDGE ( 'NONE', *, *, #4547, .F. ) ;
#2353 = AXIS2_PLACEMENT_3D ( 'NONE', #3886, #5900, #6347 ) ;
#2354 = FACE_OUTER_BOUND ( 'NONE', #1340, .T. ) ;
#2355 =( LENGTH_UNIT ( ) NAMED_UNIT ( * ) SI_UNIT ( $, .METRE. ) );
#2356 = AXIS2_PLACEMENT_3D ( 'NONE', #4675, #5677, #1125 ) ;
#2357 = CARTESIAN_POINT ( 'NONE',  ( -0.2405811301951271963, 0.02999999999999999889, 0.1206616397874109847 ) ) ;
#2358 = AXIS2_PLACEMENT_3D ( 'NONE', #3997, #1468, #3504 ) ;
#2359 = DIRECTION ( 'NONE',  ( -0.000000000000000000, 1.000000000000000000, -0.000000000000000000 ) ) ;
#2360 = CARTESIAN_POINT ( 'NONE',  ( -0.5999999999999998668, 0.000000000000000000, -0.2949999999999999289 ) ) ;
#2361 = VECTOR ( 'NONE', #4862, 39.37007874015748143 ) ;
#2362 = VERTEX_POINT ( 'NONE', #2805 ) ;
#2363 = PLANE ( 'NONE',  #5964 ) ;
#2364 = DIRECTION ( 'NONE',  ( -0.000000000000000000, 1.000000000000000000, -0.000000000000000000 ) ) ;
#2365 = VECTOR ( 'NONE', #159, 39.37007874015748143 ) ;
#2366 = AXIS2_PLACEMENT_3D ( 'NONE', #2987, #5544, #4046 ) ;
#2367 = CARTESIAN_POINT ( 'NONE',  ( -0.5592819573868333949, 0.02999999999999999889, 0.2068018456255253101 ) ) ;
#2368 = CARTESIAN_POINT ( 'NONE',  ( -0.4991794919243109918, 0.000000000000000000, -0.01999999999999983041 ) ) ;
#2369 = CIRCLE ( 'NONE', #1084, 0.01000000000000002970 ) ;
#2370 = EDGE_CURVE ( 'NONE', #2399, #4274, #5231, .T. ) ;
#2371 = ORIENTED_EDGE ( 'NONE', *, *, #369, .F. ) ;
#2372 = AXIS2_PLACEMENT_3D ( 'NONE', #183, #1147, #1656 ) ;
#2373 = CARTESIAN_POINT ( 'NONE',  ( -0.1075811296288820690, 0.02900000000000000147, 0.1586384920406471166 ) ) ;
#2374 = FACE_OUTER_BOUND ( 'NONE', #2510, .T. ) ;
#2375 = VECTOR ( 'NONE', #1570, 39.37007874015748143 ) ;
#2376 = CARTESIAN_POINT ( 'NONE',  ( -0.4554940759319748844, -0.08299999999995276434, -0.007500000000001148977 ) ) ;
#2377 = ORIENTED_EDGE ( 'NONE', *, *, #3783, .F. ) ;
#2378 = CARTESIAN_POINT ( 'NONE',  ( -0.5999999999999998668, 0.04000000000000000083, 0.2950000000000000400 ) ) ;
#2379 = ORIENTED_EDGE ( 'NONE', *, *, #4025, .T. ) ;
#2380 = EDGE_CURVE ( 'NONE', #1367, #4969, #4828, .T. ) ;
#2381 = ORIENTED_EDGE ( 'NONE', *, *, #2217, .T. ) ;
#2382 = ORIENTED_EDGE ( 'NONE', *, *, #5176, .T. ) ;
#2383 = LINE ( 'NONE', #5834, #546 ) ;
#2384 = EDGE_CURVE ( 'NONE', #4449, #5189, #2705, .T. ) ;
#2385 = DIRECTION ( 'NONE',  ( 0.7071067811865500152, 0.000000000000000000, -0.7071067811865447972 ) ) ;
#2386 = DIRECTION ( 'NONE',  ( 0.000000000000000000, 0.000000000000000000, -1.000000000000000000 ) ) ;
#2387 = ORIENTED_EDGE ( 'NONE', *, *, #953, .T. ) ;
#2388 = CARTESIAN_POINT ( 'NONE',  ( 0.5530000000000000471, -0.01000000000000000021, -0.1955000000000000071 ) ) ;
#2389 = ADVANCED_FACE ( 'NONE', ( #390 ), #2460, .F. ) ;
#2390 = CARTESIAN_POINT ( 'NONE',  ( -0.5550000000000000488, -0.06250000000000000000, 0.1825000000000000233 ) ) ;
#2391 = LINE ( 'NONE', #4407, #1413 ) ;
#2392 = LINE ( 'NONE', #5974, #425 ) ;
#2393 = VERTEX_POINT ( 'NONE', #4925 ) ;
#2394 = ORIENTED_EDGE ( 'NONE', *, *, #148, .T. ) ;
#2395 = DIRECTION ( 'NONE',  ( 0.000000000000000000, 0.000000000000000000, 1.000000000000000000 ) ) ;
#2396 = CARTESIAN_POINT ( 'NONE',  ( 0.5830000000000002958, -0.03000000000000001624, -0.2104999999989114468 ) ) ;
#2397 = LINE ( 'NONE', #3362, #973 ) ;
#2398 = FACE_OUTER_BOUND ( 'NONE', #672, .T. ) ;
#2399 = VERTEX_POINT ( 'NONE', #4389 ) ;
#2400 = CARTESIAN_POINT ( 'NONE',  ( 0.5464999999999999858, 0.000000000000000000, -0.3259999999999999565 ) ) ;
#2401 = CARTESIAN_POINT ( 'NONE',  ( -0.2575811314170221022, 0.02999999999999999889, 0.1206616397874109708 ) ) ;
#2402 = FACE_OUTER_BOUND ( 'NONE', #739, .T. ) ;
#2403 = EDGE_CURVE ( 'NONE', #1199, #3447, #6452, .T. ) ;
#2404 = VERTEX_POINT ( 'NONE', #1837 ) ;
#2405 = CARTESIAN_POINT ( 'NONE',  ( 0.5602608159514093078, -0.009999999999999991535, 0.2026953117497710954 ) ) ;
#2406 = ORIENTED_EDGE ( 'NONE', *, *, #4469, .F. ) ;
#2407 = ORIENTED_EDGE ( 'NONE', *, *, #2632, .T. ) ;
#2408 = ORIENTED_EDGE ( 'NONE', *, *, #386, .T. ) ;
#2409 = DIRECTION ( 'NONE',  ( 0.000000000000000000, 0.000000000000000000, 1.000000000000000000 ) ) ;
#2410 = EDGE_CURVE ( 'NONE', #1244, #5958, #3390, .T. ) ;
#2411 = EDGE_CURVE ( 'NONE', #2393, #5174, #129, .T. ) ;
#2412 = FACE_OUTER_BOUND ( 'NONE', #6531, .T. ) ;
#2413 = CARTESIAN_POINT ( 'NONE',  ( -0.5464999999999999858, 0.07299999999999999545, -0.3259999999999999565 ) ) ;
#2414 = ORIENTED_EDGE ( 'NONE', *, *, #3440, .F. ) ;
#2415 = ADVANCED_FACE ( 'NONE', ( #4952 ), #3872, .F. ) ;
#2416 = DIRECTION ( 'NONE',  ( -1.000000000000000000, 0.000000000000000000, 0.000000000000000000 ) ) ;
#2417 = SHAPE_REPRESENTATION_RELATIONSHIP ( 'NONE' , 'NONE' ,  #4546, #4218 ) ;
#2418 = CARTESIAN_POINT ( 'NONE',  ( -0.1995811308060771727, 0.02900000000000000147, 0.07968661587962796999 ) ) ;
#2419 = DIRECTION ( 'NONE',  ( -0.000000000000000000, 0.000000000000000000, 1.000000000000000000 ) ) ;
#2420 = EDGE_CURVE ( 'NONE', #2235, #4175, #3956, .T. ) ;
#2421 = DIRECTION ( 'NONE',  ( -0.000000000000000000, 1.000000000000000000, -0.000000000000000000 ) ) ;
#2422 = ORIENTED_EDGE ( 'NONE', *, *, #4527, .F. ) ;
#2423 = ORIENTED_EDGE ( 'NONE', *, *, #3284, .F. ) ;
#2424 = CARTESIAN_POINT ( 'NONE',  ( 0.5999999999999999778, 0.04000000000000000083, 0.2950000000000000400 ) ) ;
#2425 = LINE ( 'NONE', #1990, #1494 ) ;
#2426 = CARTESIAN_POINT ( 'NONE',  ( 0.000000000000000000, 0.07299999999999999545, -0.4579999999999998517 ) ) ;
#2427 = LINE ( 'NONE', #5985, #4785 ) ;
#2428 = EDGE_CURVE ( 'NONE', #3832, #4071, #6519, .T. ) ;
#2429 = ORIENTED_EDGE ( 'NONE', *, *, #5425, .F. ) ;
#2430 = DIRECTION ( 'NONE',  ( 0.000000000000000000, 0.000000000000000000, 1.000000000000000000 ) ) ;
#2431 = LINE ( 'NONE', #2337, #3639 ) ;
#2432 = ORIENTED_EDGE ( 'NONE', *, *, #2449, .T. ) ;
#2433 = CARTESIAN_POINT ( 'NONE',  ( -0.1525811296288791252, 0.02900000000000000147, 0.06869331760892578853 ) ) ;
#2434 = ORIENTED_EDGE ( 'NONE', *, *, #3322, .T. ) ;
#2435 = VERTEX_POINT ( 'NONE', #2927 ) ;
#2436 = ORIENTED_EDGE ( 'NONE', *, *, #4746, .F. ) ;
#2437 = CARTESIAN_POINT ( 'NONE',  ( -0.1075811296288820829, 0.02900000000000000147, 0.1286567672300730492 ) ) ;
#2438 = CARTESIAN_POINT ( 'NONE',  ( -0.2405811314170252235, 0.02999999999999999889, 0.03871159197184501771 ) ) ;
#2439 = ORIENTED_EDGE ( 'NONE', *, *, #3394, .F. ) ;
#2440 = EDGE_LOOP ( 'NONE', ( #1751, #52, #6577, #5810 ) ) ;
#2441 =( BOUNDED_CURVE ( )  B_SPLINE_CURVE ( 3, ( #5069, #3017, #6538, #4640 ),
 .UNSPECIFIED., .F., .F. ) 
 B_SPLINE_CURVE_WITH_KNOTS ( ( 4, 4 ),
 ( 1.570796341696094389, 4.712388995285833104 ),
 .UNSPECIFIED. ) 
 CURVE ( )  GEOMETRIC_REPRESENTATION_ITEM ( )  RATIONAL_B_SPLINE_CURVE ( ( 1.000000000000000000, 0.3333333333333514670, 0.3333333333333514670, 1.000000000000000000 ) ) 
 REPRESENTATION_ITEM ( '' )  );
#2442 = ADVANCED_FACE ( 'NONE', ( #1867 ), #3432, .F. ) ;
#2443 = DIRECTION ( 'NONE',  ( 1.000000000000000000, 0.000000000000000000, 0.000000000000000000 ) ) ;
#2444 =( CONVERSION_BASED_UNIT ( 'INCH', #3455 ) LENGTH_UNIT ( ) NAMED_UNIT ( #5134 ) );
#2445 = VECTOR ( 'NONE', #6425, 39.37007874015748143 ) ;
#2446 = VECTOR ( 'NONE', #5711, 39.37007874015748143 ) ;
#2447 = DIRECTION ( 'NONE',  ( 1.000000000000000000, 0.000000000000000000, 0.000000000000000000 ) ) ;
#2448 = AXIS2_PLACEMENT_3D ( 'NONE', #5661, #2213, #3782 ) ;
#2449 = EDGE_CURVE ( 'NONE', #6407, #5861, #2397, .T. ) ;
#2450 = LINE ( 'NONE', #1379, #325 ) ;
#2451 = LINE ( 'NONE', #2360, #2274 ) ;
#2452 = ORIENTED_EDGE ( 'NONE', *, *, #47, .T. ) ;
#2453 = EDGE_CURVE ( 'NONE', #4954, #3939, #1895, .T. ) ;
#2454 = VERTEX_POINT ( 'NONE', #3463 ) ;
#2455 = FACE_OUTER_BOUND ( 'NONE', #5021, .T. ) ;
#2456 = DIRECTION ( 'NONE',  ( 1.501015381134210579E-16, 0.000000000000000000, 1.000000000000000000 ) ) ;
#2457 = AXIS2_PLACEMENT_3D ( 'NONE', #768, #4956, #5415 ) ;
#2458 = EDGE_CURVE ( 'NONE', #486, #4863, #4414, .T. ) ;
#2459 = AXIS2_PLACEMENT_3D ( 'NONE', #6229, #6200, #574 ) ;
#2460 = PLANE ( 'NONE',  #1624 ) ;
#2461 = LINE ( 'NONE', #6481, #3617 ) ;
#2462 = CIRCLE ( 'NONE', #2561, 0.01500000000000001159 ) ;
#2463 = ORIENTED_EDGE ( 'NONE', *, *, #6520, .F. ) ;
#2464 = VECTOR ( 'NONE', #1091, 39.37007874015748143 ) ;
#2465 = DIRECTION ( 'NONE',  ( 0.000000000000000000, -0.000000000000000000, -1.000000000000000000 ) ) ;
#2466 = CARTESIAN_POINT ( 'NONE',  ( -0.1075811293568539745, 0.02999999999999999889, 0.06869331760892578853 ) ) ;
#2467 = AXIS2_PLACEMENT_3D ( 'NONE', #2111, #2537, #1071 ) ;
#2468 = EDGE_CURVE ( 'NONE', #4205, #359, #5479, .T. ) ;
#2469 = DIRECTION ( 'NONE',  ( -0.000000000000000000, 0.000000000000000000, 1.000000000000000000 ) ) ;
#2470 = VECTOR ( 'NONE', #3612, 39.37007874015748143 ) ;
#2471 = ORIENTED_EDGE ( 'NONE', *, *, #1487, .T. ) ;
#2472 = DIRECTION ( 'NONE',  ( -0.1273938600204683469, -0.9918522089651690132, 0.000000000000000000 ) ) ;
#2473 = ORIENTED_EDGE ( 'NONE', *, *, #4250, .T. ) ;
#2474 = AXIS2_PLACEMENT_3D ( 'NONE', #5579, #1058, #6146 ) ;
#2475 = ORIENTED_EDGE ( 'NONE', *, *, #2453, .T. ) ;
#2476 = ORIENTED_EDGE ( 'NONE', *, *, #1286, .F. ) ;
#2477 = VECTOR ( 'NONE', #4628, 39.37007874015748143 ) ;
#2478 = FACE_OUTER_BOUND ( 'NONE', #1259, .T. ) ;
#2479 = AXIS2_PLACEMENT_3D ( 'NONE', #6443, #4434, #1826 ) ;
#2480 = AXIS2_PLACEMENT_3D ( 'NONE', #5369, #3317, #5346 ) ;
#2481 = FACE_OUTER_BOUND ( 'NONE', #5537, .T. ) ;
#2482 = VERTEX_POINT ( 'NONE', #2367 ) ;
#2483 = ORIENTED_EDGE ( 'NONE', *, *, #5702, .F. ) ;
#2484 = CARTESIAN_POINT ( 'NONE',  ( -0.4825059240680248940, -0.04999999999999447248, 0.007500000000001148977 ) ) ;
#2485 = CARTESIAN_POINT ( 'NONE',  ( -0.3750507177994351071, 0.02900000000000000147, 0.1136659042658821062 ) ) ;
#2486 = EDGE_CURVE ( 'NONE', #5539, #3500, #859, .T. ) ;
#2487 = CARTESIAN_POINT ( 'NONE',  ( 0.000000000000000000, -0.01699999999995084610, 0.009499999999999892211 ) ) ;
#2488 = DIRECTION ( 'NONE',  ( 0.000000000000000000, 0.000000000000000000, -1.000000000000000000 ) ) ;
#2489 = ORIENTED_EDGE ( 'NONE', *, *, #1968, .F. ) ;
#2490 = ORIENTED_EDGE ( 'NONE', *, *, #671, .F. ) ;
#2491 = CARTESIAN_POINT ( 'NONE',  ( 0.5800000000000000711, 0.06250000000000000000, 0.2224999999999999756 ) ) ;
#2492 = CARTESIAN_POINT ( 'NONE',  ( -0.5679999999999998384, -0.02999999999999999889, 0.2104999999999999372 ) ) ;
#2493 = DIRECTION ( 'NONE',  ( 0.1651453473117645288, 0.000000000000000000, -0.9862692402489680044 ) ) ;
#2494 = EDGE_CURVE ( 'NONE', #1462, #1029, #5984, .T. ) ;
#2495 = LINE ( 'NONE', #5604, #4356 ) ;
#2496 = ORIENTED_EDGE ( 'NONE', *, *, #6509, .T. ) ;
#2497 = CARTESIAN_POINT ( 'NONE',  ( 0.5675000000000001155, 0.06250000000000000000, -0.2255000000000000338 ) ) ;
#2498 = LINE ( 'NONE', #3495, #3313 ) ;
#2499 = DIRECTION ( 'NONE',  ( 1.000000000000000000, 0.000000000000000000, 7.588466649067277528E-16 ) ) ;
#2500 = B_SPLINE_CURVE_WITH_KNOTS ( 'NONE', 3,
 ( #229, #1635, #5226, #1131, #3800 ),
 .UNSPECIFIED., .F., .F.,
 ( 4, 1, 4 ),
 ( 0.000000000000000000, 0.2499999994356687238, 0.2775319586888760348 ),
 .UNSPECIFIED. ) ;
#2501 = VERTEX_POINT ( 'NONE', #2956 ) ;
#2502 = DIRECTION ( 'NONE',  ( -0.000000000000000000, 1.000000000000000000, -0.000000000000000000 ) ) ;
#2503 = ORIENTED_EDGE ( 'NONE', *, *, #3774, .T. ) ;
#2504 = ADVANCED_FACE ( 'NONE', ( #5357 ), #418, .T. ) ;
#2505 = ORIENTED_EDGE ( 'NONE', *, *, #6160, .T. ) ;
#2506 = ORIENTED_EDGE ( 'NONE', *, *, #2225, .T. ) ;
#2507 = CARTESIAN_POINT ( 'NONE',  ( -0.3525811296288829944, 0.02900000000000000147, 0.1586384921643468338 ) ) ;
#2508 = CARTESIAN_POINT ( 'NONE',  ( -0.4914317451864665398, -0.1179296067869755049, -0.02000000000000000042 ) ) ;
#2509 = VERTEX_POINT ( 'NONE', #1301 ) ;
#2510 = EDGE_LOOP ( 'NONE', ( #5203, #1337, #3692, #4767 ) ) ;
#2511 = CARTESIAN_POINT ( 'NONE',  ( 0.01670141910365396942, 0.02999999999999999889, 0.03871178164914301084 ) ) ;
#2512 = CARTESIAN_POINT ( 'NONE',  ( -1.890626241664991130E-16, 0.07299999999999999545, 3.414809992080329023E-17 ) ) ;
#2513 = CARTESIAN_POINT ( 'NONE',  ( 0.6075000000000000400, 0.07299999999999999545, 0.1600000000000000588 ) ) ;
#2514 = LINE ( 'NONE', #4106, #2778 ) ;
#2515 = DIRECTION ( 'NONE',  ( 1.000000000000000000, 0.000000000000000000, 0.000000000000000000 ) ) ;
#2516 = VERTEX_POINT ( 'NONE', #2831 ) ;
#2517 =( REPRESENTATION_RELATIONSHIP ('NONE','NONE', #5918, #1808 ) REPRESENTATION_RELATIONSHIP_WITH_TRANSFORMATION ( #4277 )SHAPE_REPRESENTATION_RELATIONSHIP( ) );
#2518 = VERTEX_POINT ( 'NONE', #4856 ) ;
#2519 = CARTESIAN_POINT ( 'NONE',  ( -0.6075000000000000400, 0.000000000000000000, 0.1600000000000000588 ) ) ;
#2520 = CARTESIAN_POINT ( 'NONE',  ( -0.4522196403387307995, -0.09116386894260358753, -0.02152902598493896050 ) ) ;
#2521 = LINE ( 'NONE', #2401, #3507 ) ;
#2522 = FACE_OUTER_BOUND ( 'NONE', #2870, .T. ) ;
#2523 = LINE ( 'NONE', #4536, #6381 ) ;
#2524 = ORIENTED_EDGE ( 'NONE', *, *, #403, .T. ) ;
#2525 = DIRECTION ( 'NONE',  ( 0.000000000000000000, 0.000000000000000000, 1.000000000000000000 ) ) ;
#2526 = PRODUCT_RELATED_PRODUCT_CATEGORY ( 'part', '', ( #5588 ) ) ;
#2527 = DIRECTION ( 'NONE',  ( 0.5002285139595680219, 0.000000000000000000, -0.8658934309843226984 ) ) ;
#2528 = EDGE_CURVE ( 'NONE', #1117, #341, #6139, .T. ) ;
#2529 = CARTESIAN_POINT ( 'NONE',  ( -0.5817188641684991612, -0.03000000000000000583, -0.2165664059910623884 ) ) ;
#2530 = LINE ( 'NONE', #4759, #105 ) ;
#2531 = VERTEX_POINT ( 'NONE', #87 ) ;
#2532 = PLANE ( 'NONE',  #5532 ) ;
#2533 = ORIENTED_EDGE ( 'NONE', *, *, #4469, .T. ) ;
#2534 = ORIENTED_EDGE ( 'NONE', *, *, #2108, .T. ) ;
#2535 = CARTESIAN_POINT ( 'NONE',  ( 0.000000000000000000, 0.07299999999999999545, -0.4579999999999998517 ) ) ;
#2536 = DIRECTION ( 'NONE',  ( 0.000000000000000000, 0.000000000000000000, -1.000000000000000000 ) ) ;
#2537 = DIRECTION ( 'NONE',  ( 0.000000000000000000, -1.000000000000000000, 0.000000000000000000 ) ) ;
#2538 = ADVANCED_FACE ( 'NONE', ( #1482 ), #993, .F. ) ;
#2539 = PLANE ( 'NONE',  #331 ) ;
#2540 = ORIENTED_EDGE ( 'NONE', *, *, #3127, .F. ) ;
#2541 = ORIENTED_EDGE ( 'NONE', *, *, #3580, .T. ) ;
#2542 = DIRECTION ( 'NONE',  ( 1.000000000000000000, 0.000000000000000000, 5.515619489212686812E-16 ) ) ;
#2543 = EDGE_CURVE ( 'NONE', #3344, #480, #25, .T. ) ;
#2544 = CARTESIAN_POINT ( 'NONE',  ( -0.3525811296288829944, 0.02999999999999999889, 0.1586384921643468338 ) ) ;
#2545 = LINE ( 'NONE', #3614, #5524 ) ;
#2546 = CARTESIAN_POINT ( 'NONE',  ( -0.09758112888381909045, 0.02900000000000000147, 0.1586384915194230805 ) ) ;
#2547 = ORIENTED_EDGE ( 'NONE', *, *, #3783, .T. ) ;
#2548 = ORIENTED_EDGE ( 'NONE', *, *, #6150, .F. ) ;
#2549 = DIRECTION ( 'NONE',  ( -0.001278364738736343948, 0.000000000000000000, -0.9999991828914636116 ) ) ;
#2550 = CARTESIAN_POINT ( 'NONE',  ( -0.6075000000000000400, 0.07299999999999999545, 0.1600000000000000588 ) ) ;
#2551 = PLANE ( 'NONE',  #1376 ) ;
#2552 = VECTOR ( 'NONE', #5184, 39.37007874015748143 ) ;
#2553 = DIRECTION ( 'NONE',  ( -0.000000000000000000, -1.000000000000000000, -0.000000000000000000 ) ) ;
#2554 = AXIS2_PLACEMENT_3D ( 'NONE', #449, #477, #5564 ) ;
#2555 = PLANE ( 'NONE',  #2131 ) ;
#2556 = VECTOR ( 'NONE', #2527, 39.37007874015748854 ) ;
#2557 = ORIENTED_EDGE ( 'NONE', *, *, #7, .F. ) ;
#2558 = FACE_OUTER_BOUND ( 'NONE', #504, .T. ) ;
#2559 = CARTESIAN_POINT ( 'NONE',  ( -0.5949999999999997513, 0.06250000000000000000, 0.2374999999999999889 ) ) ;
#2560 = CARTESIAN_POINT ( 'NONE',  ( -0.5046338830051229074, -0.09909426909414338625, -0.02000000000000000736 ) ) ;
#2561 = AXIS2_PLACEMENT_3D ( 'NONE', #2492, #6109, #897 ) ;
#2562 = LINE ( 'NONE', #492, #4251 ) ;
#2563 = ORIENTED_EDGE ( 'NONE', *, *, #6183, .F. ) ;
#2564 = EDGE_CURVE ( 'NONE', #1245, #719, #950, .T. ) ;
#2565 = VECTOR ( 'NONE', #5355, 39.37007874015748143 ) ;
#2566 = DIRECTION ( 'NONE',  ( 0.000000000000000000, 0.000000000000000000, -1.000000000000000000 ) ) ;
#2567 = ORIENTED_EDGE ( 'NONE', *, *, #6150, .T. ) ;
#2568 = VERTEX_POINT ( 'NONE', #4505 ) ;
#2569 = VECTOR ( 'NONE', #4703, 39.37007874015748143 ) ;
#2570 = ORIENTED_EDGE ( 'NONE', *, *, #4821, .T. ) ;
#2571 = CARTESIAN_POINT ( 'NONE',  ( -0.1075811296288820829, 0.02900000000000000147, 0.1136659048247848636 ) ) ;
#2572 = AXIS2_PLACEMENT_3D ( 'NONE', #153, #4103, #5700 ) ;
#2573 = EDGE_CURVE ( 'NONE', #6320, #289, #5076, .T. ) ;
#2574 = B_SPLINE_SURFACE_WITH_KNOTS ( 'NONE', 3, 1, ( 
 ( #6142, #2597 ),
 ( #4506, #4617 ),
 ( #5574, #6576 ),
 ( #4114, #1587 ),
 ( #3624, #2026 ),
 ( #6078, #3130 ),
 ( #591, #1024 ),
 ( #3054, #2627 ),
 ( #4649, #5077 ),
 ( #3668, #88 ),
 ( #4146, #5681 ),
 ( #1631, #1128 ),
 ( #3160, #459 ),
 ( #225, #5747 ),
 ( #4219, #1229 ),
 ( #621, #1794 ),
 ( #3236, #5843 ),
 ( #723, #4754 ),
 ( #2657, #4316 ),
 ( #691, #5222 ),
 ( #6352, #5258 ),
 ( #1665, #6218 ),
 ( #4682, #3699 ),
 ( #1695, #191 ),
 ( #1156, #263 ),
 ( #3824, #2272 ),
 ( #1291, #3264 ),
 ( #4784, #755 ),
 ( #4290, #2234 ),
 ( #5187, #3729 ),
 ( #6326, #2301 ),
 ( #4249, #3293 ),
 ( #128, #1195 ),
 ( #2730, #5713 ),
 ( #1734, #5314 ),
 ( #2168, #4188 ),
 ( #3191, #6287 ),
 ( #659, #5784 ),
 ( #2699, #4722 ),
 ( #163, #2203 ),
 ( #3772, #5286 ),
 ( #2761, #2798 ) ),
 .UNSPECIFIED., .T., .F., .F.,
 ( 4, 1, 1, 1, 2, 1, 1, 1, 2, 1, 1, 1, 2, 1, 1, 1, 2, 1, 1, 1, 2, 1, 1, 1, 2, 1, 1, 1, 2, 1, 1, 1, 4 ),
 ( 2, 2 ),
 ( 0.000000000000000000, 0.001560352531085262666, 0.003120705062170525332, 0.004681057593255787998, 0.006241410124341050664, 0.09572889417891233821, 0.1852163782334836362, 0.2747038622880548786, 0.3641913463426261766, 0.3657516988737113950, 0.3673120514047966134, 0.3688724039358819429, 0.3704327564669672168, 0.4028245673502254265, 0.4352163782334835251, 0.4676081891167417348, 0.4999999999999998890, 0.5015603525310851074, 0.5031207050621704369, 0.5046810575932556553, 0.5062414101243409847, 0.5957288941789122827, 0.6852163782334835807, 0.7747038622880548786, 0.8641913463426261766, 0.8657516988737113950, 0.8673120514047967244, 0.8688724039358819429, 0.8704327564669671613, 0.9028245673502253155, 0.9352163782334834696, 0.9676081891167416238, 1.000000000000000000 ),
 ( 0.000000000000000000, 1.000000000000000000 ),
 .UNSPECIFIED. ) ;
#2575 = LINE ( 'NONE', #3682, #2794 ) ;
#2576 = VECTOR ( 'NONE', #722, 39.37007874015748143 ) ;
#2577 = ORIENTED_EDGE ( 'NONE', *, *, #101, .T. ) ;
#2578 = VECTOR ( 'NONE', #81, 39.37007874015748143 ) ;
#2579 = EDGE_CURVE ( 'NONE', #6105, #2096, #6575, .T. ) ;
#2580 = PLANE ( 'NONE',  #5956 ) ;
#2581 = ORIENTED_EDGE ( 'NONE', *, *, #4441, .T. ) ;
#2582 = AXIS2_PLACEMENT_3D ( 'NONE', #3038, #2409, #3404 ) ;
#2583 = VERTEX_POINT ( 'NONE', #5644 ) ;
#2584 = DIRECTION ( 'NONE',  ( 0.1273938600204665983, 0.9918522089651693463, -0.000000000000000000 ) ) ;
#2585 = VECTOR ( 'NONE', #5703, 39.37007874015748143 ) ;
#2586 = CARTESIAN_POINT ( 'NONE',  ( -1.707404996040164512E-17, 0.1755000000000000171, -0.05749999999999991923 ) ) ;
#2587 = CIRCLE ( 'NONE', #4280, 0.01600000000000011482 ) ;
#2588 = DIRECTION ( 'NONE',  ( 1.000000000000000000, 0.000000000000000000, 0.000000000000000000 ) ) ;
#2589 = CARTESIAN_POINT ( 'NONE',  ( 0.5825000000000001288, 0.02000000000000000042, 0.2104999999999999372 ) ) ;
#2590 = CARTESIAN_POINT ( 'NONE',  ( -0.4554940759319748844, -0.08299999999995276434, -0.007500000000001148977 ) ) ;
#2591 = EDGE_LOOP ( 'NONE', ( #3041, #2736, #5300, #5991 ) ) ;
#2592 = EDGE_CURVE ( 'NONE', #4473, #5568, #4576, .T. ) ;
#2593 = DIRECTION ( 'NONE',  ( -0.7071067811865457964, 0.000000000000000000, 0.7071067811865493491 ) ) ;
#2594 = DIRECTION ( 'NONE',  ( 1.000000000000000000, 0.000000000000000000, 0.000000000000000000 ) ) ;
#2595 = CARTESIAN_POINT ( 'NONE',  ( 0.5464999999999999858, 0.07299999999999999545, -0.3259999999999999565 ) ) ;
#2596 = CARTESIAN_POINT ( 'NONE',  ( -0.09399999999999998634, 0.07299999999999999545, -0.5469999999999998197 ) ) ;
#2597 = CARTESIAN_POINT ( 'NONE',  ( 0.5630000000000001670, -0.01000000000000000021, -0.1954999999903309638 ) ) ;
#2598 = VERTEX_POINT ( 'NONE', #2063 ) ;
#2599 = DIRECTION ( 'NONE',  ( 0.000000000000000000, -0.000000000000000000, 1.000000000000000000 ) ) ;
#2600 = CARTESIAN_POINT ( 'NONE',  ( -0.5592819573868333949, 0.02900000000000000147, 0.2068018456255253101 ) ) ;
#2601 = DIRECTION ( 'NONE',  ( -0.1273938600204659322, -0.9918522089651693463, 0.000000000000000000 ) ) ;
#2602 = DIRECTION ( 'NONE',  ( -1.000000000000000000, 0.000000000000000000, 1.580930551889040475E-16 ) ) ;
#2603 = ORIENTED_EDGE ( 'NONE', *, *, #4680, .F. ) ;
#2604 = CARTESIAN_POINT ( 'NONE',  ( -0.3870000000000000107, -0.01699999999995080793, -0.009499999999999909558 ) ) ;
#2605 = VERTEX_POINT ( 'NONE', #6544 ) ;
#2606 = ORIENTED_EDGE ( 'NONE', *, *, #1514, .T. ) ;
#2607 = VERTEX_POINT ( 'NONE', #4113 ) ;
#2608 = FACE_OUTER_BOUND ( 'NONE', #1136, .T. ) ;
#2609 = DIRECTION ( 'NONE',  ( -0.2426747430483657819, 0.000000000000000000, 0.9701077100437917045 ) ) ;
#2610 = PLANE ( 'NONE',  #5531 ) ;
#2611 = CARTESIAN_POINT ( 'NONE',  ( -0.5629999999999999449, -0.01000000000000000021, -0.1970576027464090718 ) ) ;
#2612 = VERTEX_POINT ( 'NONE', #6077 ) ;
#2613 = ORIENTED_EDGE ( 'NONE', *, *, #2225, .F. ) ;
#2614 = CARTESIAN_POINT ( 'NONE',  ( -0.4554940759319748844, -0.01799999999995276212, 0.02488995655296195875 ) ) ;
#2615 = EDGE_CURVE ( 'NONE', #6541, #3204, #4377, .T. ) ;
#2616 = ADVANCED_FACE ( 'NONE', ( #5018 ), #1991, .T. ) ;
#2617 = CARTESIAN_POINT ( 'NONE',  ( -0.5499999999999994893, 0.1629999999999944549, 0.7220000000004425100 ) ) ;
#2618 = LINE ( 'NONE', #6271, #6076 ) ;
#2619 = LINE ( 'NONE', #3045, #3734 ) ;
#2620 = CARTESIAN_POINT ( 'NONE',  ( -0.4046776695296637749, 0.000000000000000000, -0.01682233047033630802 ) ) ;
#2621 = ORIENTED_EDGE ( 'NONE', *, *, #2007, .F. ) ;
#2622 = FACE_OUTER_BOUND ( 'NONE', #4961, .T. ) ;
#2623 = CARTESIAN_POINT ( 'NONE',  ( 0.5999999999999999778, 0.04000000000000000083, -0.2949999999999999289 ) ) ;
#2624 = DIRECTION ( 'NONE',  ( 0.000000000000000000, -1.000000000000000000, 0.000000000000000000 ) ) ;
#2625 = CARTESIAN_POINT ( 'NONE',  ( -0.3825811296288838537, 0.02900000000000000147, 0.1586384922640279860 ) ) ;
#2626 = EDGE_CURVE ( 'NONE', #1496, #4555, #3025, .T. ) ;
#2627 = CARTESIAN_POINT ( 'NONE',  ( 0.2769415185117806155, -0.01000000000000000368, -0.2055000000000002380 ) ) ;
#2628 = VERTEX_POINT ( 'NONE', #484 ) ;
#2629 = CARTESIAN_POINT ( 'NONE',  ( -0.4825059240680267814, -0.04999999999999447942, -0.05000000000000000278 ) ) ;
#2630 = DIRECTION ( 'NONE',  ( 0.000000000000000000, 0.000000000000000000, 1.000000000000000000 ) ) ;
#2631 = CARTESIAN_POINT ( 'NONE',  ( 0.09400000000000001410, 0.000000000000000000, -0.5469999999999998197 ) ) ;
#2632 = EDGE_CURVE ( 'NONE', #2454, #939, #458, .T. ) ;
#2633 =( NAMED_UNIT ( * ) PLANE_ANGLE_UNIT ( ) SI_UNIT ( $, .RADIAN. ) );
#2634 = ORIENTED_EDGE ( 'NONE', *, *, #2271, .F. ) ;
#2635 = DIRECTION ( 'NONE',  ( -0.8914944346718483015, 0.000000000000000000, 0.4530316467412861536 ) ) ;
#2636 = VERTEX_POINT ( 'NONE', #5046 ) ;
#2637 = EDGE_LOOP ( 'NONE', ( #4603, #1276, #5247, #5424 ) ) ;
#2638 = DIRECTION ( 'NONE',  ( -0.7099933039027160886, 0.000000000000000000, -0.7042084268263945068 ) ) ;
#2639 = CARTESIAN_POINT ( 'NONE',  ( -0.1075811296288820829, 0.02900000000000000147, 0.1286567672300730492 ) ) ;
#2640 = PLANE ( 'NONE',  #3412 ) ;
#2641 = FACE_OUTER_BOUND ( 'NONE', #1440, .T. ) ;
#2642 = CARTESIAN_POINT ( 'NONE',  ( -0.5696560208638261624, -0.02999999999999999542, -0.2254999999999999227 ) ) ;
#2643 = ORIENTED_EDGE ( 'NONE', *, *, #3071, .T. ) ;
#2644 = ORIENTED_EDGE ( 'NONE', *, *, #4618, .T. ) ;
#2645 = DIRECTION ( 'NONE',  ( 0.000000000000000000, 0.000000000000000000, -1.000000000000000000 ) ) ;
#2646 = DIRECTION ( 'NONE',  ( 0.000000000000000000, 0.000000000000000000, 1.000000000000000000 ) ) ;
#2647 = DIRECTION ( 'NONE',  ( -0.000000000000000000, 1.000000000000000000, -0.000000000000000000 ) ) ;
#2648 = CARTESIAN_POINT ( 'NONE',  ( -0.5400000000000000355, -0.06250000000000000000, 0.1825000000000000233 ) ) ;
#2649 = EDGE_CURVE ( 'NONE', #6320, #3992, #3983, .T. ) ;
#2650 = CARTESIAN_POINT ( 'NONE',  ( -0.3792342799269071141, 0.02999999999999999889, 0.1386506756738059287 ) ) ;
#2651 = ORIENTED_EDGE ( 'NONE', *, *, #494, .T. ) ;
#2652 = LINE ( 'NONE', #4674, #6175 ) ;
#2653 = CARTESIAN_POINT ( 'NONE',  ( -0.2455811310141752246, 0.02999999999999999889, 0.06572980324970296995 ) ) ;
#2654 = LINE ( 'NONE', #3262, #2552 ) ;
#2655 = EDGE_CURVE ( 'NONE', #3843, #6433, #2799, .T. ) ;
#2656 = DIRECTION ( 'NONE',  ( -0.000000000000000000, 1.000000000000000000, -0.000000000000000000 ) ) ;
#2657 = CARTESIAN_POINT ( 'NONE',  ( -0.5830000000000000737, -0.03000000000000001277, 1.451294246634139896E-16 ) ) ;
#2658 = ADVANCED_FACE ( 'NONE', ( #2522 ), #5507, .F. ) ;
#2659 = ORIENTED_EDGE ( 'NONE', *, *, #2410, .T. ) ;
#2660 = DIRECTION ( 'NONE',  ( 0.000000000000000000, 1.000000000000000000, 0.000000000000000000 ) ) ;
#2661 = FACE_OUTER_BOUND ( 'NONE', #5707, .T. ) ;
#2662 = EDGE_CURVE ( 'NONE', #711, #1244, #5406, .T. ) ;
#2663 = VECTOR ( 'NONE', #1992, 39.37007874015748143 ) ;
#2664 = DIRECTION ( 'NONE',  ( 0.6002339999662928971, 0.000000000000000000, 0.7998244465409045656 ) ) ;
#2665 = CLOSED_SHELL ( 'NONE', ( #6038, #5678, #3648, #211, #2968, #2903, #3610, #4410, #170, #4829, #2180, #1155, #5621, #4107, #4085, #3235, #1162, #4243, #5606, #4851, #6336, #6185, #4339, #3921, #5935, #1023, #3893, #6279, #1888, #3839, #3103, #625, #1558, #470, #5565, #3877, #2082, #2504, #4284, #1067, #816, #5048, #4786, #2137, #5210, #2065, #1531, #4606, #3252, #5372, #6399, #1782, #526, #3056, #5825, #998, #5279, #1696, #2901, #2942, #2045, #86, #4609, #5793, #377, #715, #5359, #2737 ) ) ;
#2666 = LINE ( 'NONE', #3330, #5121 ) ;
#2667 = ORIENTED_EDGE ( 'NONE', *, *, #1198, .T. ) ;
#2668 = ORIENTED_EDGE ( 'NONE', *, *, #1193, .T. ) ;
#2669 = AXIS2_PLACEMENT_3D ( 'NONE', #2349, #4967, #5468 ) ;
#2670 = LINE ( 'NONE', #1704, #4359 ) ;
#2671 = ADVANCED_FACE ( 'NONE', ( #1524 ), #5156, .F. ) ;
#2672 = DIRECTION ( 'NONE',  ( 0.000000000000000000, -1.000000000000000000, 0.000000000000000000 ) ) ;
#2673 = CIRCLE ( 'NONE', #1176, 0.02500000000000003608 ) ;
#2674 = PLANE ( 'NONE',  #1290 ) ;
#2675 = CARTESIAN_POINT ( 'NONE',  ( -0.2455811310141752246, 0.02999999999999999889, 0.06572980324970296995 ) ) ;
#2676 = VECTOR ( 'NONE', #4117, 39.37007874015748143 ) ;
#2677 = EDGE_LOOP ( 'NONE', ( #5560, #3637, #2290, #6434 ) ) ;
#2678 = CARTESIAN_POINT ( 'NONE',  ( -0.5572380199816721058, -0.009999999999999995004, 0.2048020693620702382 ) ) ;
#2679 = ORIENTED_EDGE ( 'NONE', *, *, #2807, .T. ) ;
#2680 = VECTOR ( 'NONE', #2829, 39.37007874015748143 ) ;
#2681 = ORIENTED_EDGE ( 'NONE', *, *, #2632, .F. ) ;
#2682 = EDGE_LOOP ( 'NONE', ( #5270, #238, #4124, #1353 ) ) ;
#2683 = CIRCLE ( 'NONE', #4911, 0.01500000000000001159 ) ;
#2684 = CARTESIAN_POINT ( 'NONE',  ( 0.5770256632797997609, -0.03000000000000000583, -0.2224812636530446586 ) ) ;
#2685 = VECTOR ( 'NONE', #4321, 39.37007874015748143 ) ;
#2686 = CIRCLE ( 'NONE', #5967, 0.02700000000000001357 ) ;
#2687 = LINE ( 'NONE', #6210, #772 ) ;
#2688 = CIRCLE ( 'NONE', #3761, 0.02500000000000007425 ) ;
#2689 = DIRECTION ( 'NONE',  ( 0.000000000000000000, -0.000000000000000000, -1.000000000000000000 ) ) ;
#2690 = DIRECTION ( 'NONE',  ( 0.000000000000000000, 0.000000000000000000, -1.000000000000000000 ) ) ;
#2691 = ORIENTED_EDGE ( 'NONE', *, *, #1770, .T. ) ;
#2692 = AXIS2_PLACEMENT_3D ( 'NONE', #3667, #5813, #4144 ) ;
#2693 = CARTESIAN_POINT ( 'NONE',  ( -0.3750507177994351071, 0.02999999999999999889, 0.1136659042658821062 ) ) ;
#2694 = DIRECTION ( 'NONE',  ( 0.000000000000000000, 0.000000000000000000, -1.000000000000000000 ) ) ;
#2695 = PLANE ( 'NONE',  #1059 ) ;
#2696 = VECTOR ( 'NONE', #4300, 39.37007874015748143 ) ;
#2697 = EDGE_CURVE ( 'NONE', #3034, #3840, #5220, .T. ) ;
#2698 = CARTESIAN_POINT ( 'NONE',  ( -0.4369999999999999996, -0.09769904250363242726, 0.02000000000000000736 ) ) ;
#2699 = CARTESIAN_POINT ( 'NONE',  ( 0.5829999999999989635, -0.03000000000000000583, -1.195183497228115035E-16 ) ) ;
#2700 = ORIENTED_EDGE ( 'NONE', *, *, #3275, .T. ) ;
#2701 = DIRECTION ( 'NONE',  ( 0.000000000000000000, -0.000000000000000000, 1.000000000000000000 ) ) ;
#2702 = CARTESIAN_POINT ( 'NONE',  ( 0.5800000000000000711, -0.06250000000000000000, 0.2374999999999999889 ) ) ;
#2703 = EDGE_CURVE ( 'NONE', #3781, #4523, #1943, .T. ) ;
#2704 = EDGE_CURVE ( 'NONE', #4274, #1150, #3190, .T. ) ;
#2705 = LINE ( 'NONE', #4727, #5865 ) ;
#2706 = CARTESIAN_POINT ( 'NONE',  ( -0.5045088790245307875, -0.03653846153841698585, 0.01999999999999995878 ) ) ;
#2707 = DIRECTION ( 'NONE',  ( -0.000000000000000000, -0.000000000000000000, -1.000000000000000000 ) ) ;
#2708 = ORIENTED_EDGE ( 'NONE', *, *, #18, .T. ) ;
#2709 = ORIENTED_EDGE ( 'NONE', *, *, #5158, .T. ) ;
#2710 = DIRECTION ( 'NONE',  ( 0.7013454228941311541, -0.09008106230200171871, -0.7071067811865441310 ) ) ;
#2711 = DIRECTION ( 'NONE',  ( -1.000000000000000000, 1.295966617172950744E-15, 0.000000000000000000 ) ) ;
#2712 = CARTESIAN_POINT ( 'NONE',  ( -0.4991794919243109918, 0.000000000000000000, -0.05000000000000000278 ) ) ;
#2713 = ORIENTED_EDGE ( 'NONE', *, *, #294, .T. ) ;
#2714 = EDGE_CURVE ( 'NONE', #5236, #3237, #190, .T. ) ;
#2715 = CARTESIAN_POINT ( 'NONE',  ( -0.5829999999999997407, -0.03000000000000000583, 0.1751557465047203221 ) ) ;
#2716 = ORIENTED_EDGE ( 'NONE', *, *, #1896, .T. ) ;
#2717 = ORIENTED_EDGE ( 'NONE', *, *, #4431, .T. ) ;
#2718 = EDGE_LOOP ( 'NONE', ( #5888, #3968, #4494, #1157 ) ) ;
#2719 = CARTESIAN_POINT ( 'NONE',  ( 0.5826832830972827892, -0.02999999999999999195, 0.2142848817570311148 ) ) ;
#2720 = ADVANCED_BREP_SHAPE_REPRESENTATION ( '', ( #1397, #6377 ), #3086 ) ;
#2721 = DIRECTION ( 'NONE',  ( -1.000000000000000444, 5.551115123125782702E-17, 9.860761315262647568E-32 ) ) ;
#2722 = DIRECTION ( 'NONE',  ( 0.000000000000000000, 0.000000000000000000, 1.000000000000000000 ) ) ;
#2723 = EDGE_CURVE ( 'NONE', #6367, #2096, #6217, .T. ) ;
#2724 = FACE_OUTER_BOUND ( 'NONE', #2768, .T. ) ;
#2725 = CARTESIAN_POINT ( 'NONE',  ( -0.05258112888381796801, 0.02999999999999999889, 0.1586384915194230527 ) ) ;
#2726 = ORIENTED_EDGE ( 'NONE', *, *, #5523, .T. ) ;
#2727 = CARTESIAN_POINT ( 'NONE',  ( -0.05423922368174999981, 0.02900000000000000147, 0.08361383787912797516 ) ) ;
#2728 = CARTESIAN_POINT ( 'NONE',  ( -0.4973719679048782538, -0.1000269921222307068, -0.02000000000000000389 ) ) ;
#2729 = CARTESIAN_POINT ( 'NONE',  ( -0.5829999999999997407, -0.02999999999999998154, -0.07016666666666664109 ) ) ;
#2730 = CARTESIAN_POINT ( 'NONE',  ( 0.5788662513398867837, -0.03000000000000003011, 0.2215505732488519952 ) ) ;
#2731 = VERTEX_POINT ( 'NONE', #3771 ) ;
#2732 = PLANE ( 'NONE',  #4460 ) ;
#2733 = CARTESIAN_POINT ( 'NONE',  ( -0.2166125173594901920, 0.02900000000000000147, 0.03871159161490213968 ) ) ;
#2734 = DIRECTION ( 'NONE',  ( 0.000000000000000000, 0.000000000000000000, 1.000000000000000000 ) ) ;
#2735 = DIRECTION ( 'NONE',  ( 7.325937605025347201E-16, 0.000000000000000000, 1.000000000000000000 ) ) ;
#2736 = ORIENTED_EDGE ( 'NONE', *, *, #1319, .F. ) ;
#2737 = ADVANCED_FACE ( 'NONE', ( #4753 ), #1733, .F. ) ;
#2738 = ORIENTED_EDGE ( 'NONE', *, *, #303, .F. ) ;
#2739 = LINE ( 'NONE', #4763, #6390 ) ;
#2740 = LINE ( 'NONE', #3367, #1206 ) ;
#2741 = CARTESIAN_POINT ( 'NONE',  ( -0.4858967880688522256, -0.08683836378647537269, 0.02152902598496521727 ) ) ;
#2742 =( BOUNDED_CURVE ( )  B_SPLINE_CURVE ( 3, ( #2215, #2741, #2286, #4301 ),
 .UNSPECIFIED., .F., .F. ) 
 B_SPLINE_CURVE_WITH_KNOTS ( ( 4, 4 ),
 ( 4.188790204798802819, 4.712388980408350747 ),
 .UNSPECIFIED. ) 
 CURVE ( )  GEOMETRIC_REPRESENTATION_ITEM ( )  RATIONAL_B_SPLINE_CURVE ( ( 1.000000000000000000, 0.9772838841917416142, 0.9772838841917416142, 1.000000000000000000 ) ) 
 REPRESENTATION_ITEM ( '' )  );
#2743 = ORIENTED_EDGE ( 'NONE', *, *, #3450, .T. ) ;
#2744 = CARTESIAN_POINT ( 'NONE',  ( -0.5572380199816717727, -0.01000000000000001756, -0.2048020693620698773 ) ) ;
#2745 = EDGE_LOOP ( 'NONE', ( #5597, #2429, #2970, #2005 ) ) ;
#2746 = ADVANCED_FACE ( 'NONE', ( #3727 ), #4217, .F. ) ;
#2747 = ORIENTED_EDGE ( 'NONE', *, *, #516, .T. ) ;
#2748 = VERTEX_POINT ( 'NONE', #6284 ) ;
#2749 = PLANE ( 'NONE',  #765 ) ;
#2750 = EDGE_CURVE ( 'NONE', #6049, #1164, #6248, .T. ) ;
#2751 = DIRECTION ( 'NONE',  ( 1.997281400660895172E-17, 9.810210403992647147E-18, 1.000000000000000000 ) ) ;
#2752 = CARTESIAN_POINT ( 'NONE',  ( 0.5400000000000000355, 0.02000000000000000042, 0.1975000000000000366 ) ) ;
#2753 = DIRECTION ( 'NONE',  ( 1.000000000000000000, 0.000000000000000000, 0.000000000000000000 ) ) ;
#2754 = PLANE ( 'NONE',  #328 ) ;
#2755 = ORIENTED_EDGE ( 'NONE', *, *, #1198, .F. ) ;
#2756 = FACE_OUTER_BOUND ( 'NONE', #1283, .T. ) ;
#2757 = EDGE_CURVE ( 'NONE', #3321, #4986, #2797, .T. ) ;
#2758 = CARTESIAN_POINT ( 'NONE',  ( -0.1075811296288820829, 0.02999999999999999889, 0.08368418001421282226 ) ) ;
#2759 = EDGE_CURVE ( 'NONE', #1502, #1877, #1566, .T. ) ;
#2760 = DIRECTION ( 'NONE',  ( 1.000000000000000000, 0.000000000000000000, 0.000000000000000000 ) ) ;
#2761 = CARTESIAN_POINT ( 'NONE',  ( 0.5830000000000001847, -0.03000000000000000930, -0.2104999999894311136 ) ) ;
#2762 = ORIENTED_EDGE ( 'NONE', *, *, #3957, .T. ) ;
#2763 = FACE_OUTER_BOUND ( 'NONE', #5282, .T. ) ;
#2764 = FACE_OUTER_BOUND ( 'NONE', #1009, .T. ) ;
#2765 = DIRECTION ( 'NONE',  ( -1.000000000000000000, 0.000000000000000000, -0.000000000000000000 ) ) ;
#2766 = CARTESIAN_POINT ( 'NONE',  ( -0.5674999999999998934, 0.06250000000000000000, -0.2255000000000000338 ) ) ;
#2767 = ORIENTED_EDGE ( 'NONE', *, *, #4275, .F. ) ;
#2768 = EDGE_LOOP ( 'NONE', ( #4422, #1832, #5326, #2982 ) ) ;
#2769 = LINE ( 'NONE', #4800, #4564 ) ;
#2770 = VECTOR ( 'NONE', #3464, 39.37007874015748143 ) ;
#2771 = CARTESIAN_POINT ( 'NONE',  ( -0.4956784302794605690, -0.03499999999999713757, -0.05000000000000000278 ) ) ;
#2772 = AXIS2_PLACEMENT_3D ( 'NONE', #619, #3796, #189 ) ;
#2773 = UNCERTAINTY_MEASURE_WITH_UNIT (LENGTH_MEASURE( 1.000000000000000082E-05 ), #3076, 'distance_accuracy_value', 'NONE');
#2774 = CARTESIAN_POINT ( 'NONE',  ( -0.4554940759319748844, -0.08299999999995276434, -0.007500000000001148977 ) ) ;
#2775 = CIRCLE ( 'NONE', #6163, 0.03100000000000009345 ) ;
#2776 = EDGE_CURVE ( 'NONE', #5171, #1462, #3292, .T. ) ;
#2777 = ORIENTED_EDGE ( 'NONE', *, *, #1589, .F. ) ;
#2778 = VECTOR ( 'NONE', #4036, 39.37007874015748143 ) ;
#2779 = DIRECTION ( 'NONE',  ( 0.8658934309843228094, 0.000000000000000000, 0.5002285139595682439 ) ) ;
#2780 = ORIENTED_EDGE ( 'NONE', *, *, #5152, .F. ) ;
#2781 = EDGE_LOOP ( 'NONE', ( #4353, #3765, #3339, #6046 ) ) ;
#2783 = ORIENTED_EDGE ( 'NONE', *, *, #2420, .F. ) ;
#2782 = VECTOR ( 'NONE', #2630, 39.37007874015748143 ) ;
#2784 = ADVANCED_FACE ( 'NONE', ( #4721, #3698, #3234, #162, #5257, #3263 ), #3797, .F. ) ;
#2785 =( LENGTH_UNIT ( ) NAMED_UNIT ( * ) SI_UNIT ( $, .METRE. ) );
#2786 = VECTOR ( 'NONE', #5664, 39.37007874015748143 ) ;
#2787 = EDGE_CURVE ( 'NONE', #4291, #2531, #223, .T. ) ;
#2788 = LINE ( 'NONE', #256, #3441 ) ;
#2789 = VECTOR ( 'NONE', #4719, 39.37007874015748143 ) ;
#2790 = CARTESIAN_POINT ( 'NONE',  ( 0.01670141910365396942, 0.02900000000000000147, 0.03871178164914301084 ) ) ;
#2791 = CARTESIAN_POINT ( 'NONE',  ( -0.2575811305979759935, 0.02999999999999999889, 0.09364342865847498365 ) ) ;
#2792 = ORIENTED_EDGE ( 'NONE', *, *, #3244, .T. ) ;
#2793 = DIRECTION ( 'NONE',  ( -0.000000000000000000, 0.000000000000000000, 1.000000000000000000 ) ) ;
#2794 = VECTOR ( 'NONE', #4598, 39.37007874015748143 ) ;
#2795 = CIRCLE ( 'NONE', #6501, 0.009999999999741732842 ) ;
#2796 = AXIS2_PLACEMENT_3D ( 'NONE', #6349, #5932, #1791 ) ;
#2797 = LINE ( 'NONE', #127, #1311 ) ;
#2798 = CARTESIAN_POINT ( 'NONE',  ( 0.5630000000000001670, -0.01000000000000000021, -0.1954999999903309638 ) ) ;
#2799 = CIRCLE ( 'NONE', #1735, 0.01600000000000011482 ) ;
#2800 = EDGE_CURVE ( 'NONE', #4109, #2212, #3213, .T. ) ;
#2801 = EDGE_LOOP ( 'NONE', ( #1314, #3964, #5050, #4160, #1883, #737, #3474, #2178, #3107, #4403, #4935, #552, #2890, #5598 ) ) ;
#2802 = DIRECTION ( 'NONE',  ( -1.000000000000000000, 0.000000000000000000, 0.000000000000000000 ) ) ;
#2803 = LINE ( 'NONE', #5885, #862 ) ;
#2804 = VECTOR ( 'NONE', #5178, 39.37007874015748143 ) ;
#2805 = CARTESIAN_POINT ( 'NONE',  ( -0.06713361345827008331, 0.02900000000000000147, 0.1059339717628571126 ) ) ;
#2806 = VECTOR ( 'NONE', #1817, 39.37007874015748143 ) ;
#2807 = EDGE_CURVE ( 'NONE', #4986, #4600, #5975, .T. ) ;
#2808 = ORIENTED_EDGE ( 'NONE', *, *, #3189, .F. ) ;
#2809 = LINE ( 'NONE', #3925, #641 ) ;
#2810 = LINE ( 'NONE', #272, #4253 ) ;
#2811 = LINE ( 'NONE', #1309, #3217 ) ;
#2812 = ORIENTED_EDGE ( 'NONE', *, *, #2543, .T. ) ;
#2813 = FACE_OUTER_BOUND ( 'NONE', #1246, .T. ) ;
#2814 = VERTEX_POINT ( 'NONE', #3355 ) ;
#2815 = ORIENTED_EDGE ( 'NONE', *, *, #3473, .T. ) ;
#2816 = EDGE_LOOP ( 'NONE', ( #1004, #330, #5159, #1469 ) ) ;
#2817 = DIRECTION ( 'NONE',  ( -0.7071067811865487940, -8.664703394756056691E-17, -0.7071067811865462405 ) ) ;
#2818 = LINE ( 'NONE', #4907, #561 ) ;
#2819 = DIRECTION ( 'NONE',  ( 0.000000000000000000, 0.000000000000000000, -1.000000000000000000 ) ) ;
#2820 = ORIENTED_EDGE ( 'NONE', *, *, #3806, .T. ) ;
#2821 = PRODUCT_RELATED_PRODUCT_CATEGORY ( 'part', '', ( #4955 ) ) ;
#2822 = EDGE_CURVE ( 'NONE', #6161, #5390, #3010, .T. ) ;
#2823 = FACE_OUTER_BOUND ( 'NONE', #702, .T. ) ;
#2824 = CARTESIAN_POINT ( 'NONE',  ( -0.2405811314170252235, 0.02900000000000000147, 0.03871159197184501771 ) ) ;
#2825 = FACE_OUTER_BOUND ( 'NONE', #5815, .T. ) ;
#2826 = LINE ( 'NONE', #1134, #1190 ) ;
#2827 = ORIENTED_EDGE ( 'NONE', *, *, #2052, .T. ) ;
#2828 = FACE_OUTER_BOUND ( 'NONE', #6311, .T. ) ;
#2829 = DIRECTION ( 'NONE',  ( 1.000000000000000000, 0.000000000000000000, 0.000000000000000000 ) ) ;
#2830 = EDGE_CURVE ( 'NONE', #3372, #2612, #3336, .T. ) ;
#2831 = CARTESIAN_POINT ( 'NONE',  ( -0.4873958806209868766, -0.04872286219708914928, 0.01999999999999995878 ) ) ;
#2832 = SURFACE_STYLE_FILL_AREA ( #3805 ) ;
#2833 = ORIENTED_EDGE ( 'NONE', *, *, #3515, .F. ) ;
#2834 = CARTESIAN_POINT ( 'NONE',  ( -0.3750507177994351071, 0.02900000000000000147, 0.1136659042658821062 ) ) ;
#2835 = CARTESIAN_POINT ( 'NONE',  ( -0.5796010804284703610, -0.03000000000000000583, 0.2200096224581873650 ) ) ;
#2836 = EDGE_CURVE ( 'NONE', #1527, #4501, #4918, .T. ) ;
#2837 = CARTESIAN_POINT ( 'NONE',  ( -0.1995811308060771727, 0.02900000000000000147, 0.07968661587962798387 ) ) ;
#2838 = ADVANCED_FACE ( 'NONE', ( #5879 ), #396, .F. ) ;
#2839 = ORIENTED_EDGE ( 'NONE', *, *, #889, .F. ) ;
#2840 = CARTESIAN_POINT ( 'NONE',  ( 0.5830000000000010729, -0.03000000000000000930, -0.1048628941893922500 ) ) ;
#2841 = VERTEX_POINT ( 'NONE', #1793 ) ;
#2842 = ORIENTED_EDGE ( 'NONE', *, *, #1774, .T. ) ;
#2843 = ORIENTED_EDGE ( 'NONE', *, *, #3347, .F. ) ;
#2844 = FACE_OUTER_BOUND ( 'NONE', #1898, .T. ) ;
#2845 = CARTESIAN_POINT ( 'NONE',  ( 0.5716171317586739020, -0.02999999999999999542, -0.2252102331253549861 ) ) ;
#2846 = CARTESIAN_POINT ( 'NONE',  ( -0.4991794919244595397, -0.03499999999999713063, -0.05000000000000000278 ) ) ;
#2847 = ORIENTED_EDGE ( 'NONE', *, *, #6192, .F. ) ;
#2848 = CARTESIAN_POINT ( 'NONE',  ( -0.1996425085298886015, 0.02900000000000000147, 0.05562798290298402032 ) ) ;
#2849 = CARTESIAN_POINT ( 'NONE',  ( -0.4076143577289538800, -0.1286951426485974936, -0.02000000000000001776 ) ) ;
#2850 = DIRECTION ( 'NONE',  ( 1.000000000000000000, 0.000000000000000000, -5.464970690590405400E-16 ) ) ;
#2851 = ADVANCED_FACE ( 'NONE', ( #891 ), #3456, .F. ) ;
#2852 = FACE_OUTER_BOUND ( 'NONE', #6449, .T. ) ;
#2853 = CARTESIAN_POINT ( 'NONE',  ( -0.5178566237530302097, 0.02900000000000000147, 0.2068018456255253101 ) ) ;
#2854 = ORIENTED_EDGE ( 'NONE', *, *, #1789, .T. ) ;
#2855 = DIRECTION ( 'NONE',  ( 0.000000000000000000, 0.000000000000000000, -1.000000000000000000 ) ) ;
#2856 = PLANE ( 'NONE',  #4044 ) ;
#2857 = EDGE_CURVE ( 'NONE', #4131, #5034, #2920, .T. ) ;
#2858 = CARTESIAN_POINT ( 'NONE',  ( 0.000000000000000000, 0.04000000000000000083, 0.000000000000000000 ) ) ;
#2859 = EDGE_CURVE ( 'NONE', #2264, #6339, #916, .T. ) ;
#2860 = FACE_OUTER_BOUND ( 'NONE', #3742, .T. ) ;
#2861 = ADVANCED_FACE ( 'NONE', ( #5374 ), #2948, .F. ) ;
#2862 = ORIENTED_EDGE ( 'NONE', *, *, #2486, .F. ) ;
#2863 = CARTESIAN_POINT ( 'NONE',  ( -0.1893333333335385227, -0.02999999999999998154, -0.2255000000000000338 ) ) ;
#2864 = DIRECTION ( 'NONE',  ( 0.000000000000000000, 0.000000000000000000, 1.000000000000000000 ) ) ;
#2865 = CARTESIAN_POINT ( 'NONE',  ( -0.5050982457491223210, -0.007000000000209162694, 0.01999999999999986511 ) ) ;
#2866 = EDGE_LOOP ( 'NONE', ( #1551, #344, #107, #3205 ) ) ;
#2867 = CARTESIAN_POINT ( 'NONE',  ( 0.5999999999999999778, 0.000000000000000000, 0.2950000000000000400 ) ) ;
#2868 = ORIENTED_EDGE ( 'NONE', *, *, #4314, .T. ) ;
#2869 = EDGE_CURVE ( 'NONE', #4594, #1857, #5973, .T. ) ;
#2870 = EDGE_LOOP ( 'NONE', ( #6143, #2377, #454, #4490 ) ) ;
#2871 = AXIS2_PLACEMENT_3D ( 'NONE', #391, #5887, #1868 ) ;
#2872 = ORIENTED_EDGE ( 'NONE', *, *, #155, .T. ) ;
#2873 = DIRECTION ( 'NONE',  ( 0.000000000000000000, 0.000000000000000000, -1.000000000000000000 ) ) ;
#2874 = VECTOR ( 'NONE', #721, 39.37007874015748143 ) ;
#2875 = AXIS2_PLACEMENT_3D ( 'NONE', #4972, #1014, #78 ) ;
#2876 = CARTESIAN_POINT ( 'NONE',  ( -0.4423215697206082653, -0.03499999999999714451, -0.01999999999999995878 ) ) ;
#2877 = DIRECTION ( 'NONE',  ( 0.000000000000000000, -1.000000000000000000, -0.000000000000000000 ) ) ;
#2878 = DIRECTION ( 'NONE',  ( -1.000000000000000000, 0.000000000000000000, 0.000000000000000000 ) ) ;
#2879 = VECTOR ( 'NONE', #4222, 39.37007874015748143 ) ;
#2880 = ORIENTED_EDGE ( 'NONE', *, *, #4152, .F. ) ;
#2881 = VECTOR ( 'NONE', #5623, 39.37007874015748143 ) ;
#2882 = CARTESIAN_POINT ( 'NONE',  ( -0.4270000000004425256, -0.09769904250357187847, 0.02000000000000001429 ) ) ;
#2883 = VECTOR ( 'NONE', #2364, 39.37007874015748143 ) ;
#2884 = DIRECTION ( 'NONE',  ( -1.376939512935668684E-16, 0.000000000000000000, -1.000000000000000000 ) ) ;
#2885 = VECTOR ( 'NONE', #839, 39.37007874015748143 ) ;
#2886 = DIRECTION ( 'NONE',  ( -0.000000000000000000, 1.000000000000000000, -0.000000000000000000 ) ) ;
#2887 = LENGTH_MEASURE_WITH_UNIT ( LENGTH_MEASURE( 0.02539999999999999897 ), #2922 );
#2888 = EDGE_LOOP ( 'NONE', ( #4020, #549, #2621, #5868 ) ) ;
#2889 = CIRCLE ( 'NONE', #867, 0.01000000000000358068 ) ;
#2890 = ORIENTED_EDGE ( 'NONE', *, *, #6364, .F. ) ;
#2891 = FACE_OUTER_BOUND ( 'NONE', #4340, .T. ) ;
#2892 = CARTESIAN_POINT ( 'NONE',  ( -0.6075000000000000400, 0.07299999999999999545, -0.2949999999999999289 ) ) ;
#2893 = EDGE_CURVE ( 'NONE', #5519, #6105, #2300, .T. ) ;
#2894 = VECTOR ( 'NONE', #4184, 39.37007874015748143 ) ;
#2895 = AXIS2_PLACEMENT_3D ( 'NONE', #4154, #1637, #2499 ) ;
#2896 = DIRECTION ( 'NONE',  ( -0.000000000000000000, 1.000000000000000000, -0.000000000000000000 ) ) ;
#2897 = DIRECTION ( 'NONE',  ( 0.000000000000000000, 0.000000000000000000, 1.000000000000000000 ) ) ;
#2898 = VECTOR ( 'NONE', #779, 39.37007874015748143 ) ;
#2899 = ORIENTED_EDGE ( 'NONE', *, *, #3642, .F. ) ;
#2900 = AXIS2_PLACEMENT_3D ( 'NONE', #2513, #3579, #5633 ) ;
#2901 = ADVANCED_FACE ( 'NONE', ( #3891 ), #6418, .T. ) ;
#2902 = DIRECTION ( 'NONE',  ( 0.000000000000000000, 0.000000000000000000, -1.000000000000000000 ) ) ;
#2903 = ADVANCED_FACE ( 'NONE', ( #6378 ), #3864, .T. ) ;
#2904 = CARTESIAN_POINT ( 'NONE',  ( 0.5795221919484762063, -0.03000000000000000583, 0.2201045598133845038 ) ) ;
#2905 = VECTOR ( 'NONE', #5856, 39.37007874015748143 ) ;
#2906 = DIRECTION ( 'NONE',  ( -0.000000000000000000, 1.000000000000000000, -0.000000000000000000 ) ) ;
#2907 = ORIENTED_EDGE ( 'NONE', *, *, #4237, .F. ) ;
#2908 = FACE_OUTER_BOUND ( 'NONE', #4787, .T. ) ;
#2909 = ORIENTED_EDGE ( 'NONE', *, *, #2869, .T. ) ;
#2910 = ORIENTED_EDGE ( 'NONE', *, *, #273, .T. ) ;
#2911 = EDGE_LOOP ( 'NONE', ( #5354, #4, #4507, #465 ) ) ;
#2912 = PLANE ( 'NONE',  #2582 ) ;
#2913 = ITEM_DEFINED_TRANSFORMATION ( 'NONE', 'NONE', #1714,  #6377 ) ;
#2914 = EDGE_CURVE ( 'NONE', #3021, #140, #1861, .T. ) ;
#2915 = DIRECTION ( 'NONE',  ( 1.918432579820409824E-16, 0.000000000000000000, -1.000000000000000000 ) ) ;
#2916 = DIRECTION ( 'NONE',  ( 0.000000000000000000, -1.000000000000000000, 0.000000000000000000 ) ) ;
#2917 = EDGE_LOOP ( 'NONE', ( #4867, #5063, #2808, #3748 ) ) ;
#2918 = FACE_BOUND ( 'NONE', #3868, .T. ) ;
#2919 = EDGE_CURVE ( 'NONE', #493, #2518, #3382, .T. ) ;
#2920 = LINE ( 'NONE', #3327, #3118 ) ;
#2921 = CARTESIAN_POINT ( 'NONE',  ( -0.1212728463428409675, 0.02999999999999999889, 0.03871159279835702238 ) ) ;
#2922 =( LENGTH_UNIT ( ) NAMED_UNIT ( * ) SI_UNIT ( $, .METRE. ) );
#2923 = ORIENTED_EDGE ( 'NONE', *, *, #4726, .F. ) ;
#2924 = ORIENTED_EDGE ( 'NONE', *, *, #409, .F. ) ;
#2925 = DIRECTION ( 'NONE',  ( 0.000000000000000000, 0.000000000000000000, 1.000000000000000000 ) ) ;
#2926 = PLANE ( 'NONE',  #329 ) ;
#2927 = CARTESIAN_POINT ( 'NONE',  ( -0.3025811314170228639, 0.02999999999999999889, 0.03871159197184502465 ) ) ;
#2928 = CARTESIAN_POINT ( 'NONE',  ( -0.4781918832403103670, -0.05409618250434181097, -0.007500000000000005794 ) ) ;
#2929 = VERTEX_POINT ( 'NONE', #355 ) ;
#2930 = CARTESIAN_POINT ( 'NONE',  ( -0.4875059240680250094, -0.01699999999995094671, 0.01999999999999987205 ) ) ;
#2931 = CARTESIAN_POINT ( 'NONE',  ( -0.09758112888381909045, 0.02900000000000000147, 0.1586384915194230805 ) ) ;
#2932 = LINE ( 'NONE', #1872, #4162 ) ;
#2933 = VERTEX_POINT ( 'NONE', #383 ) ;
#2934 = EDGE_CURVE ( 'NONE', #2482, #5236, #2391, .T. ) ;
#2935 = EDGE_CURVE ( 'NONE', #2814, #1339, #4464, .T. ) ;
#2936 = FACE_OUTER_BOUND ( 'NONE', #2951, .T. ) ;
#2937 = ORIENTED_EDGE ( 'NONE', *, *, #1105, .T. ) ;
#2938 = ORIENTED_EDGE ( 'NONE', *, *, #2468, .F. ) ;
#2939 = EDGE_LOOP ( 'NONE', ( #304, #19, #2613, #2189 ) ) ;
#2940 = CARTESIAN_POINT ( 'NONE',  ( 0.09400000000000001410, 0.07299999999999999545, -0.5629999999999999449 ) ) ;
#2941 = PRODUCT ( 'PSB14', 'PSB14', '', ( #1080 ) ) ;
#2942 = ADVANCED_FACE ( 'NONE', ( #1546 ), #1982, .T. ) ;
#2943 = CARTESIAN_POINT ( 'NONE',  ( 0.5830000000000000737, 0.02999999999999999889, 0.2104999999999999372 ) ) ;
#2944 = ORIENTED_EDGE ( 'NONE', *, *, #1278, .F. ) ;
#2945 = EDGE_CURVE ( 'NONE', #819, #1542, #6064, .T. ) ;
#2946 = CARTESIAN_POINT ( 'NONE',  ( -0.4508155337437958488, -0.09223424829297546812, 0.02000000000000000042 ) ) ;
#2947 =( NAMED_UNIT ( * ) PLANE_ANGLE_UNIT ( ) SI_UNIT ( $, .RADIAN. ) );
#2948 = PLANE ( 'NONE',  #883 ) ;
#2949 = CARTESIAN_POINT ( 'NONE',  ( -0.4914317451864665398, -0.1179296067869755049, -0.02000000000000000042 ) ) ;
#2950 = LINE ( 'NONE', #4385, #6282 ) ;
#2951 = EDGE_LOOP ( 'NONE', ( #805, #3707, #2570, #2755 ) ) ;
#2952 = EDGE_CURVE ( 'NONE', #5174, #799, #4563, .T. ) ;
#2953 = ORIENTED_EDGE ( 'NONE', *, *, #2952, .T. ) ;
#2954 = CARTESIAN_POINT ( 'NONE',  ( -0.1239999999999999991, -0.6581268257145341805, 0.009499999999999892211 ) ) ;
#2955 = CARTESIAN_POINT ( 'NONE',  ( -0.4423215697206082653, -0.03499999999999714451, 0.01999999999999995878 ) ) ;
#2956 = CARTESIAN_POINT ( 'NONE',  ( -0.5550000000000000488, -0.06250000000000000000, 0.1825000000000000233 ) ) ;
#2957 = CARTESIAN_POINT ( 'NONE',  ( -0.5550000000000000488, 0.02000000000000000042, -0.1974999999999999811 ) ) ;
#2958 = ORIENTED_EDGE ( 'NONE', *, *, #4126, .F. ) ;
#2959 = CARTESIAN_POINT ( 'NONE',  ( 0.09400000000000001410, 0.07299999999999999545, -0.5469999999999998197 ) ) ;
#2960 = DIRECTION ( 'NONE',  ( -1.000000000000000000, 0.000000000000000000, 0.000000000000000000 ) ) ;
#2961 = DIRECTION ( 'NONE',  ( -0.000000000000000000, 0.000000000000000000, 1.000000000000000000 ) ) ;
#2962 = ORIENTED_EDGE ( 'NONE', *, *, #310, .F. ) ;
#2963 = CARTESIAN_POINT ( 'NONE',  ( -0.1075811293568539745, 0.02900000000000000147, 0.06869331760892578853 ) ) ;
#2964 = ORIENTED_EDGE ( 'NONE', *, *, #1347, .F. ) ;
#2965 = ORIENTED_EDGE ( 'NONE', *, *, #1685, .T. ) ;
#2966 = VERTEX_POINT ( 'NONE', #3483 ) ;
#2967 = DIRECTION ( 'NONE',  ( 0.7071067811865432429, 0.000000000000000000, 0.7071067811865516806 ) ) ;
#2968 = ADVANCED_FACE ( 'NONE', ( #5563 ), #1473, .T. ) ;
#2969 = CARTESIAN_POINT ( 'NONE',  ( -0.2405811301951271963, 0.02900000000000000147, 0.1206616397874109847 ) ) ;
#2970 = ORIENTED_EDGE ( 'NONE', *, *, #850, .T. ) ;
#2971 = ORIENTED_EDGE ( 'NONE', *, *, #6405, .T. ) ;
#2972 = EDGE_CURVE ( 'NONE', #1910, #1779, #476, .T. ) ;
#2973 = LINE ( 'NONE', #3508, #5869 ) ;
#2974 = EDGE_CURVE ( 'NONE', #527, #4170, #1954, .T. ) ;
#2975 = LENGTH_MEASURE_WITH_UNIT ( LENGTH_MEASURE( 0.02539999999999999897 ), #941 );
#2976 = AXIS2_PLACEMENT_3D ( 'NONE', #5508, #1838, #2989 ) ;
#2977 = VECTOR ( 'NONE', #4957, 39.37007874015748143 ) ;
#2978 = CARTESIAN_POINT ( 'NONE',  ( -0.4956784302794605690, -0.03499999999999713757, 0.01999999999999995878 ) ) ;
#2979 = LINE ( 'NONE', #1474, #4561 ) ;
#2980 = LINE ( 'NONE', #1956, #6303 ) ;
#2981 = ORIENTED_EDGE ( 'NONE', *, *, #6417, .T. ) ;
#2982 = ORIENTED_EDGE ( 'NONE', *, *, #3770, .T. ) ;
#2983 = DIRECTION ( 'NONE',  ( 0.000000000000000000, 0.000000000000000000, -1.000000000000000000 ) ) ;
#2984 = PLANE ( 'NONE',  #6397 ) ;
#2985 = VECTOR ( 'NONE', #865, 39.37007874015748143 ) ;
#2986 = CIRCLE ( 'NONE', #6286, 0.01500000000000001159 ) ;
#2987 = CARTESIAN_POINT ( 'NONE',  ( 0.5400000000000000355, -0.06253937007874015019, 0.1825000000000000233 ) ) ;
#2988 = EDGE_CURVE ( 'NONE', #1245, #3136, #5499, .T. ) ;
#2989 = DIRECTION ( 'NONE',  ( 0.000000000000000000, 0.000000000000000000, 1.000000000000000000 ) ) ;
#2990 = VECTOR ( 'NONE', #3039, 39.37007874015748143 ) ;
#2991 = VECTOR ( 'NONE', #4397, 39.37007874015748143 ) ;
#2992 = ORIENTED_EDGE ( 'NONE', *, *, #2822, .T. ) ;
#2993 = VECTOR ( 'NONE', #990, 39.37007874015748143 ) ;
#2994 = DIRECTION ( 'NONE',  ( 0.000000000000000000, 0.000000000000000000, 1.000000000000000000 ) ) ;
#2995 = PRODUCT_DEFINITION_SHAPE ( 'NONE', 'NONE',  #5982 ) ;
#2996 = DIRECTION ( 'NONE',  ( -1.782847001114579371E-16, 2.289895200564846283E-17, -1.000000000000000000 ) ) ;
#2997 = VECTOR ( 'NONE', #626, 39.37007874015748854 ) ;
#2998 = AXIS2_PLACEMENT_3D ( 'NONE', #3033, #5517, #2472 ) ;
#2999 = DIRECTION ( 'NONE',  ( 0.000000000000000000, 1.000000000000000000, 0.000000000000000000 ) ) ;
#3000 = ADVANCED_FACE ( 'NONE', ( #3550 ), #5594, .F. ) ;
#3001 = AXIS2_PLACEMENT_3D ( 'NONE', #5067, #506, #2542 ) ;
#3002 = ORIENTED_EDGE ( 'NONE', *, *, #295, .T. ) ;
#3003 = DIRECTION ( 'NONE',  ( 1.000000000000000000, 0.000000000000000000, 0.000000000000000000 ) ) ;
#3004 = ORIENTED_EDGE ( 'NONE', *, *, #5862, .F. ) ;
#3005 = AXIS2_PLACEMENT_3D ( 'NONE', #1181, #4747, #3660 ) ;
#3006 = VERTEX_POINT ( 'NONE', #4105 ) ;
#3007 = ORIENTED_EDGE ( 'NONE', *, *, #1799, .F. ) ;
#3008 = AXIS2_PLACEMENT_3D ( 'NONE', #632, #2672, #4701 ) ;
#3009 = CARTESIAN_POINT ( 'NONE',  ( -0.4046776695296636639, -0.6581268257145341805, 0.01682233047033616577 ) ) ;
#3010 = CIRCLE ( 'NONE', #2166, 0.009999999999741802231 ) ;
#3011 = LINE ( 'NONE', #1074, #5109 ) ;
#3012 = ORIENTED_EDGE ( 'NONE', *, *, #4250, .F. ) ;
#3013 = VERTEX_POINT ( 'NONE', #507 ) ;
#3014 = CARTESIAN_POINT ( 'NONE',  ( -0.4538529377230083317, -0.09049337141229124581, 0.02323443287195227705 ) ) ;
#3015 = DIRECTION ( 'NONE',  ( 1.000000000000000000, 0.000000000000000000, 0.000000000000000000 ) ) ;
#3016 = CARTESIAN_POINT ( 'NONE',  ( -0.2189276695296628328, -0.01699999999995087385, 0.1689276695296637876 ) ) ;
#3017 = CARTESIAN_POINT ( 'NONE',  ( -0.2176504905979774751, 0.02900000000000000147, 0.09364342824252855357 ) ) ;
#3018 = PRODUCT_DEFINITION ( 'UNKNOWN', '', #3511, #706 ) ;
#3019 = EDGE_CURVE ( 'NONE', #5414, #5325, #4526, .T. ) ;
#3020 = DIRECTION ( 'NONE',  ( -3.315730916883898424E-16, 0.000000000000000000, 1.000000000000000000 ) ) ;
#3021 = VERTEX_POINT ( 'NONE', #4971 ) ;
#3022 = VERTEX_POINT ( 'NONE', #411 ) ;
#3023 = CARTESIAN_POINT ( 'NONE',  ( -0.02829909836920500507, 0.02900000000000000147, 0.03871159124537800617 ) ) ;
#3024 = CARTESIAN_POINT ( 'NONE',  ( -0.4538529377230083317, -0.09049337141229124581, -0.02323443287195228746 ) ) ;
#3025 = LINE ( 'NONE', #6011, #1305 ) ;
#3026 = CARTESIAN_POINT ( 'NONE',  ( 0.5530000000000000471, -0.01000000000000000021, 0.2054999999999999882 ) ) ;
#3027 = ORIENTED_EDGE ( 'NONE', *, *, #4180, .T. ) ;
#3028 = LINE ( 'NONE', #1054, #3940 ) ;
#3029 = CARTESIAN_POINT ( 'NONE',  ( 0.5680000000000001714, 0.02999999999999999889, 0.2104999999999999372 ) ) ;
#3030 = ADVANCED_FACE ( 'NONE', ( #3976 ), #4497, .F. ) ;
#3031 = CARTESIAN_POINT ( 'NONE',  ( -0.4823958806210053574, -0.08682730540034495903, -0.05000000000000000278 ) ) ;
#3032 = ORIENTED_EDGE ( 'NONE', *, *, #4696, .T. ) ;
#3033 = CARTESIAN_POINT ( 'NONE',  ( -0.5046338830051230184, -0.09909426909414337237, -0.05000000000000000278 ) ) ;
#3034 = VERTEX_POINT ( 'NONE', #6567 ) ;
#3035 = ORIENTED_EDGE ( 'NONE', *, *, #135, .F. ) ;
#3036 = VERTEX_POINT ( 'NONE', #6132 ) ;
#3037 = EDGE_CURVE ( 'NONE', #793, #3652, #6537, .T. ) ;
#3038 = CARTESIAN_POINT ( 'NONE',  ( -0.5949999999999997513, 0.06250000000000000000, -0.2374999999999999889 ) ) ;
#3039 = DIRECTION ( 'NONE',  ( 0.000000000000000000, 0.000000000000000000, -1.000000000000000000 ) ) ;
#3040 = CARTESIAN_POINT ( 'NONE',  ( 0.5550000000000000488, 0.02000000000000000042, -0.1824999999999999956 ) ) ;
#3041 = ORIENTED_EDGE ( 'NONE', *, *, #2126, .T. ) ;
#3042 = ORIENTED_EDGE ( 'NONE', *, *, #6486, .T. ) ;
#3043 = DIRECTION ( 'NONE',  ( 0.000000000000000000, 0.000000000000000000, -1.000000000000000000 ) ) ;
#3044 = DIRECTION ( 'NONE',  ( -1.000000000000000000, -8.021152995380342424E-16, 0.000000000000000000 ) ) ;
#3045 = CARTESIAN_POINT ( 'NONE',  ( -0.5050982457491223210, -0.01699999999995092936, -0.05000000000000000278 ) ) ;
#3046 = DIRECTION ( 'NONE',  ( 0.000000000000000000, -1.000000000000000000, 0.000000000000000000 ) ) ;
#3047 = ORIENTED_EDGE ( 'NONE', *, *, #608, .T. ) ;
#3048 = VERTEX_POINT ( 'NONE', #2015 ) ;
#3049 = CARTESIAN_POINT ( 'NONE',  ( -0.5674999999999998934, 0.06250000000000000000, -0.2104999999999999927 ) ) ;
#3050 = LINE ( 'NONE', #3982, #4155 ) ;
#3051 = CARTESIAN_POINT ( 'NONE',  ( -0.4825059240680268369, -0.04000000000025272923, -0.05000000000000000278 ) ) ;
#3052 = EDGE_CURVE ( 'NONE', #4072, #3397, #1516, .T. ) ;
#3053 = DIRECTION ( 'NONE',  ( 0.7231453511045766724, 0.000000000000000000, -0.6906958818292162627 ) ) ;
#3054 = CARTESIAN_POINT ( 'NONE',  ( 0.2835409975721850939, -0.03000000000000000583, -0.2254999999999998672 ) ) ;
#3055 = ORIENTED_EDGE ( 'NONE', *, *, #3967, .F. ) ;
#3056 = ADVANCED_FACE ( 'NONE', ( #4034 ), #4607, .T. ) ;
#3057 = CARTESIAN_POINT ( 'NONE',  ( 0.5775000000000001243, 0.07299999999999999545, -0.3259999999999999565 ) ) ;
#3058 = DIRECTION ( 'NONE',  ( 0.000000000000000000, -1.000000000000000000, 0.000000000000000000 ) ) ;
#3059 = EDGE_CURVE ( 'NONE', #2362, #6343, #2085, .T. ) ;
#3060 = LINE ( 'NONE', #1102, #4814 ) ;
#3061 = DIRECTION ( 'NONE',  ( -0.000000000000000000, -0.000000000000000000, -1.000000000000000000 ) ) ;
#3062 = ORIENTED_EDGE ( 'NONE', *, *, #6454, .F. ) ;
#3063 = EDGE_CURVE ( 'NONE', #486, #5164, #983, .T. ) ;
#3064 = CARTESIAN_POINT ( 'NONE',  ( -0.4685174154918194112, 0.000000000000000000, -0.08066207643249173609 ) ) ;
#3065 = EDGE_LOOP ( 'NONE', ( #4811, #33, #2071, #5367 ) ) ;
#3066 = ORIENTED_EDGE ( 'NONE', *, *, #4730, .T. ) ;
#3067 = LINE ( 'NONE', #4733, #5627 ) ;
#3068 = DIRECTION ( 'NONE',  ( -0.000000000000000000, 1.000000000000000000, -0.000000000000000000 ) ) ;
#3069 = DIRECTION ( 'NONE',  ( -1.000000000000000000, 0.000000000000000000, -2.451386439650087465E-16 ) ) ;
#3070 = APPLICATION_CONTEXT ( 'automotive_design' ) ;
#3071 = EDGE_CURVE ( 'NONE', #387, #1651, #2687, .T. ) ;
#3072 = CARTESIAN_POINT ( 'NONE',  ( -0.1075811296288820829, 0.02900000000000000147, 0.1136659048247848636 ) ) ;
#3073 = ORIENTED_EDGE ( 'NONE', *, *, #101, .F. ) ;
#3074 = ORIENTED_EDGE ( 'NONE', *, *, #6437, .T. ) ;
#3075 = DIRECTION ( 'NONE',  ( 0.7071067811865531239, 0.000000000000000000, -0.7071067811865420216 ) ) ;
#3076 =( CONVERSION_BASED_UNIT ( 'INCH', #1011 ) LENGTH_UNIT ( ) NAMED_UNIT ( #5629 ) );
#3077 = CARTESIAN_POINT ( 'NONE',  ( -0.1525811296288791252, 0.02900000000000000147, 0.06869331760892578853 ) ) ;
#3078 = DIRECTION ( 'NONE',  ( -1.918432579820410317E-16, 0.000000000000000000, 1.000000000000000000 ) ) ;
#3079 = CARTESIAN_POINT ( 'NONE',  ( -0.5829999999999997407, 0.02999999999999999889, 0.2254999999999999505 ) ) ;
#3080 = ORIENTED_EDGE ( 'NONE', *, *, #3527, .T. ) ;
#3081 = ORIENTED_EDGE ( 'NONE', *, *, #1193, .F. ) ;
#3082 = VECTOR ( 'NONE', #4351, 39.37007874015748854 ) ;
#3083 = CARTESIAN_POINT ( 'NONE',  ( -0.1239999999999999991, -0.01699999999995086344, -0.05000000000000000278 ) ) ;
#3084 = CARTESIAN_POINT ( 'NONE',  ( -0.5824999999999999067, 0.02000000000000000042, 0.2254999999999999505 ) ) ;
#3085 = PLANE ( 'NONE',  #4670 ) ;
#3086 =( GEOMETRIC_REPRESENTATION_CONTEXT ( 3 ) GLOBAL_UNCERTAINTY_ASSIGNED_CONTEXT ( ( #2773 ) ) GLOBAL_UNIT_ASSIGNED_CONTEXT ( ( #3076, #1443, #4605 ) ) REPRESENTATION_CONTEXT ( 'NONE', 'WORKASPACE' ) );
#3087 = CARTESIAN_POINT ( 'NONE',  ( 0.5464999999999999858, 0.07299999999999999545, -0.3259999999999999565 ) ) ;
#3088 = AXIS2_PLACEMENT_3D ( 'NONE', #2790, #5777, #1759 ) ;
#3089 = LINE ( 'NONE', #2095, #4673 ) ;
#3090 = CIRCLE ( 'NONE', #2142, 0.07799999999999995826 ) ;
#3091 = ORIENTED_EDGE ( 'NONE', *, *, #582, .F. ) ;
#3092 = PLANE ( 'NONE',  #754 ) ;
#3093 = PLANE ( 'NONE',  #4684 ) ;
#3094 = AXIS2_PLACEMENT_3D ( 'NONE', #1572, #3608, #5033 ) ;
#3095 = PLANE ( 'NONE',  #2474 ) ;
#3096 = VECTOR ( 'NONE', #3427, 39.37007874015748143 ) ;
#3097 = CARTESIAN_POINT ( 'NONE',  ( -0.2575811314170221022, 0.02900000000000000147, 0.1206616397874109708 ) ) ;
#3098 = ORIENTED_EDGE ( 'NONE', *, *, #5025, .F. ) ;
#3099 = VECTOR ( 'NONE', #2925, 39.37007874015748143 ) ;
#3100 = DIRECTION ( 'NONE',  ( -1.000000000000000000, 0.000000000000000000, 0.000000000000000000 ) ) ;
#3101 = EDGE_LOOP ( 'NONE', ( #4771, #1550, #5939, #784 ) ) ;
#3102 = ADVANCED_FACE ( 'NONE', ( #5776 ), #6240, .F. ) ;
#3103 = ADVANCED_FACE ( 'NONE', ( #1119 ), #6165, .T. ) ;
#3104 = ORIENTED_EDGE ( 'NONE', *, *, #3602, .T. ) ;
#3105 = VECTOR ( 'NONE', #337, 39.37007874015748143 ) ;
#3107 = ORIENTED_EDGE ( 'NONE', *, *, #1460, .F. ) ;
#3106 = VECTOR ( 'NONE', #3471, 39.37007874015748854 ) ;
#3108 = CARTESIAN_POINT ( 'NONE',  ( 0.5800000000000000711, 0.06250000000000000000, 0.2374999999999999889 ) ) ;
#3109 = VECTOR ( 'NONE', #3075, 39.37007874015748143 ) ;
#3110 = PRODUCT_DEFINITION_SHAPE ( 'NONE', 'NONE',  #4468 ) ;
#3111 = CARTESIAN_POINT ( 'NONE',  ( -0.3975811314170227817, 0.02900000000000000147, 0.03871159257497404360 ) ) ;
#3112 = DIRECTION ( 'NONE',  ( -1.000000000000000000, 0.000000000000000000, 0.000000000000000000 ) ) ;
#3113 = VECTOR ( 'NONE', #326, 39.37007874015748143 ) ;
#3114 = CARTESIAN_POINT ( 'NONE',  ( -0.4369999999999999996, -0.04499999999995277916, 0.01999999999999995878 ) ) ;
#3115 = ORIENTED_EDGE ( 'NONE', *, *, #4860, .T. ) ;
#3116 = AXIS2_PLACEMENT_3D ( 'NONE', #3970, #499, #5997 ) ;
#3117 = ORIENTED_EDGE ( 'NONE', *, *, #787, .T. ) ;
#3118 = VECTOR ( 'NONE', #3823, 39.37007874015748143 ) ;
#3119 = EDGE_CURVE ( 'NONE', #392, #1502, #3792, .T. ) ;
#3120 = DIRECTION ( 'NONE',  ( 1.997281400660895172E-17, 9.810210403992647147E-18, 1.000000000000000000 ) ) ;
#3121 = CARTESIAN_POINT ( 'NONE',  ( -0.5999999999999998668, 0.04000000000000000083, -0.2949999999999999289 ) ) ;
#3122 = DIRECTION ( 'NONE',  ( -0.000000000000000000, -1.000000000000000000, -0.000000000000000000 ) ) ;
#3123 = CARTESIAN_POINT ( 'NONE',  ( -0.1525811296288791252, 0.02999999999999999889, 0.08368418001421282226 ) ) ;
#3124 = ORIENTED_EDGE ( 'NONE', *, *, #1278, .T. ) ;
#3125 = DIRECTION ( 'NONE',  ( 0.7071067811865420216, 0.000000000000000000, -0.7071067811865530128 ) ) ;
#3126 = DIRECTION ( 'NONE',  ( -1.000000000000000000, 0.000000000000000000, -0.000000000000000000 ) ) ;
#3127 = EDGE_CURVE ( 'NONE', #6392, #1450, #781, .T. ) ;
#3128 = CARTESIAN_POINT ( 'NONE',  ( -0.07799999999999999989, 0.07299999999999999545, -0.4579999999999998517 ) ) ;
#3129 = CARTESIAN_POINT ( 'NONE',  ( -0.4554940759319748844, -0.04999999999999448635, 0.02488995655296195875 ) ) ;
#3130 = CARTESIAN_POINT ( 'NONE',  ( 0.5546019599457010507, -0.01000000000000000021, -0.2055000000000000715 ) ) ;
#3131 = ORIENTED_EDGE ( 'NONE', *, *, #3944, .F. ) ;
#3132 = DIRECTION ( 'NONE',  ( 0.000000000000000000, 0.000000000000000000, -1.000000000000000000 ) ) ;
#3133 = CARTESIAN_POINT ( 'NONE',  ( -0.4823958806212400030, -0.08682730540031483035, -0.05000000000000000278 ) ) ;
#3134 = DIRECTION ( 'NONE',  ( 0.000000000000000000, 0.000000000000000000, 1.000000000000000000 ) ) ;
#3135 =( LENGTH_UNIT ( ) NAMED_UNIT ( * ) SI_UNIT ( $, .METRE. ) );
#3136 = VERTEX_POINT ( 'NONE', #6316 ) ;
#3137 = ORIENTED_EDGE ( 'NONE', *, *, #5731, .T. ) ;
#3138 = EDGE_LOOP ( 'NONE', ( #639, #5096, #5360, #5043 ) ) ;
#3139 = FACE_OUTER_BOUND ( 'NONE', #3604, .T. ) ;
#3140 = CARTESIAN_POINT ( 'NONE',  ( -0.5770256632797469143, -0.03000000000000000583, 0.2224812636530840160 ) ) ;
#3141 = CARTESIAN_POINT ( 'NONE',  ( 0.5629999999999999449, -0.01000000000000000021, 0.1954999999999997573 ) ) ;
#3142 = EDGE_CURVE ( 'NONE', #5488, #527, #4714, .T. ) ;
#3143 = ORIENTED_EDGE ( 'NONE', *, *, #5962, .T. ) ;
#3144 = CARTESIAN_POINT ( 'NONE',  ( 0.5546019599457010507, -0.01000000000000000021, -0.2055000000000000715 ) ) ;
#3145 = ORIENTED_EDGE ( 'NONE', *, *, #4943, .T. ) ;
#3146 = ORIENTED_EDGE ( 'NONE', *, *, #4115, .F. ) ;
#3147 = EDGE_CURVE ( 'NONE', #5830, #3448, #3721, .T. ) ;
#3148 = CARTESIAN_POINT ( 'NONE',  ( -0.4128553390593274752, 0.000000000000000000, 0.02499999999999990771 ) ) ;
#3149 = CARTESIAN_POINT ( 'NONE',  ( -0.4499999999999995670, 0.1629999999999944549, 0.7220000000004425100 ) ) ;
#3150 = ADVANCED_FACE ( 'NONE', ( #5278 ), #2194, .F. ) ;
#3151 = CARTESIAN_POINT ( 'NONE',  ( -0.5829999999999997407, 0.02999999999999999889, -0.2104999999999999094 ) ) ;
#3152 = CARTESIAN_POINT ( 'NONE',  ( -0.5999999999999998668, 0.04000000000000000083, -0.2949999999999999289 ) ) ;
#3153 = EDGE_CURVE ( 'NONE', #875, #4116, #4179, .T. ) ;
#3154 = FACE_OUTER_BOUND ( 'NONE', #2240, .T. ) ;
#3155 = EDGE_LOOP ( 'NONE', ( #4975, #2254, #1736, #5521 ) ) ;
#3156 = FACE_OUTER_BOUND ( 'NONE', #3265, .T. ) ;
#3157 = FACE_OUTER_BOUND ( 'NONE', #2939, .T. ) ;
#3158 = CARTESIAN_POINT ( 'NONE',  ( 0.5675000000000001155, 0.06250000000000000000, -0.2105000000000000204 ) ) ;
#3159 = CARTESIAN_POINT ( 'NONE',  ( -0.1525811296288791252, 0.02900000000000000147, 0.08368418001421282226 ) ) ;
#3160 = CARTESIAN_POINT ( 'NONE',  ( -0.5733034176296102347, -0.02999999999999999542, -0.2249603342803177808 ) ) ;
#3161 = ADVANCED_FACE ( 'NONE', ( #645 ), #5148, .T. ) ;
#3162 = ORIENTED_EDGE ( 'NONE', *, *, #5238, .F. ) ;
#3163 = LINE ( 'NONE', #3238, #5854 ) ;
#3164 = DIRECTION ( 'NONE',  ( 0.000000000000000000, 0.000000000000000000, -1.000000000000000000 ) ) ;
#3165 = DIRECTION ( 'NONE',  ( -0.000000000000000000, 1.000000000000000000, -0.000000000000000000 ) ) ;
#3166 = DIRECTION ( 'NONE',  ( -0.000000000000000000, 1.000000000000000000, -0.000000000000000000 ) ) ;
#3167 =( LENGTH_UNIT ( ) NAMED_UNIT ( * ) SI_UNIT ( $, .METRE. ) );
#3168 = ORIENTED_EDGE ( 'NONE', *, *, #5345, .F. ) ;
#3169 = ORIENTED_EDGE ( 'NONE', *, *, #3241, .F. ) ;
#3170 = FACE_OUTER_BOUND ( 'NONE', #4580, .T. ) ;
#3171 = CARTESIAN_POINT ( 'NONE',  ( -0.1075811296288820829, 0.02900000000000000147, 0.1286567672300730492 ) ) ;
#3172 = CARTESIAN_POINT ( 'NONE',  ( -0.5592819573868333949, 0.02900000000000000147, 0.2068018456255253101 ) ) ;
#3173 = CARTESIAN_POINT ( 'NONE',  ( -0.5629999999999999449, -0.01000000000000000021, 0.1970576027464089608 ) ) ;
#3174 = ORIENTED_EDGE ( 'NONE', *, *, #4560, .T. ) ;
#3175 = ORIENTED_EDGE ( 'NONE', *, *, #5998, .T. ) ;
#3176 = ADVANCED_FACE ( 'NONE', ( #2226 ), #5734, .T. ) ;
#3177 = DIRECTION ( 'NONE',  ( 0.000000000000000000, 0.000000000000000000, 1.000000000000000000 ) ) ;
#3178 = DIMENSIONAL_EXPONENTS ( 1.000000000000000000, 0.000000000000000000, 0.000000000000000000, 0.000000000000000000, 0.000000000000000000, 0.000000000000000000, 0.000000000000000000 ) ;
#3179 = DIRECTION ( 'NONE',  ( -1.000000000000000444, 5.551115123125782702E-17, 9.860761315262647568E-32 ) ) ;
#3180 = CARTESIAN_POINT ( 'NONE',  ( 0.5737551037419055255, -0.02999999999999999542, 0.2243520190498689837 ) ) ;
#3181 = DIRECTION ( 'NONE',  ( 0.000000000000000000, -1.000000000000000000, 0.000000000000000000 ) ) ;
#3182 = LINE ( 'NONE', #3228, #6495 ) ;
#3183 = ORIENTED_EDGE ( 'NONE', *, *, #226, .F. ) ;
#3184 = EDGE_CURVE ( 'NONE', #1543, #1857, #5250, .T. ) ;
#3185 = EDGE_CURVE ( 'NONE', #5309, #1666, #2618, .T. ) ;
#3186 = CARTESIAN_POINT ( 'NONE',  ( -0.5400000000000000355, -0.06253937007874015019, -0.1824999999999999956 ) ) ;
#3187 = CARTESIAN_POINT ( 'NONE',  ( -0.1525811296288801244, 0.02900000000000000147, 0.1136659048247848636 ) ) ;
#3188 = CARTESIAN_POINT ( 'NONE',  ( -0.1239999999999999991, -0.01699999999995086344, 0.009499999999999900885 ) ) ;
#3189 = EDGE_CURVE ( 'NONE', #830, #1273, #3760, .T. ) ;
#3190 = LINE ( 'NONE', #1127, #2576 ) ;
#3191 = CARTESIAN_POINT ( 'NONE',  ( 0.5830000000000001847, -0.03000000000000000583, 0.1751557465047204054 ) ) ;
#3192 = ORIENTED_EDGE ( 'NONE', *, *, #3403, .T. ) ;
#3193 = VECTOR ( 'NONE', #6247, 39.37007874015748143 ) ;
#3194 = CARTESIAN_POINT ( 'NONE',  ( -0.1239999999999999991, -0.6581268257145341805, -0.009499999999999909558 ) ) ;
#3195 = DIRECTION ( 'NONE',  ( 1.000000000000000000, 0.000000000000000000, 0.000000000000000000 ) ) ;
#3196 = CLOSED_SHELL ( 'NONE', ( #3150, #6285, #3102, #2671, #2442, #2616 ) ) ;
#3197 = EDGE_CURVE ( 'NONE', #4711, #1170, #5349, .T. ) ;
#3198 = AXIS2_PLACEMENT_3D ( 'NONE', #3779, #5232, #1701 ) ;
#3199 = CARTESIAN_POINT ( 'NONE',  ( -0.4128553390593274752, -0.6581268257145341805, 0.02499999999999990771 ) ) ;
#3200 = PRODUCT_DEFINITION_FORMATION_WITH_SPECIFIED_SOURCE ( 'ANY', '', #5061, .NOT_KNOWN. ) ;
#3201 = LINE ( 'NONE', #3242, #6270 ) ;
#3202 = CIRCLE ( 'NONE', #6283, 0.01000000000000358068 ) ;
#3203 = LINE ( 'NONE', #598, #763 ) ;
#3204 = VERTEX_POINT ( 'NONE', #2752 ) ;
#3205 = ORIENTED_EDGE ( 'NONE', *, *, #2857, .T. ) ;
#3206 = CIRCLE ( 'NONE', #959, 0.01500000000000001159 ) ;
#3207 = APPLICATION_CONTEXT ( 'automotive_design' ) ;
#3208 = DIRECTION ( 'NONE',  ( 1.000000000000000000, 0.000000000000000000, 0.000000000000000000 ) ) ;
#3209 = CARTESIAN_POINT ( 'NONE',  ( -0.4864724841416406820, -0.1185665760870778240, 0.02499999999999999098 ) ) ;
#3210 = CIRCLE ( 'NONE', #1302, 0.01500000000000001159 ) ;
#3211 = FACE_OUTER_BOUND ( 'NONE', #3916, .T. ) ;
#3212 = AXIS2_PLACEMENT_3D ( 'NONE', #6015, #1456, #996 ) ;
#3213 =( BOUNDED_CURVE ( )  B_SPLINE_CURVE ( 3, ( #1256, #5313, #4822, #2125 ),
 .UNSPECIFIED., .F., .F. ) 
 B_SPLINE_CURVE_WITH_KNOTS ( ( 4, 4 ),
 ( 4.712388980385577852, 5.223326967726671377 ),
 .UNSPECIFIED. ) 
 CURVE ( )  GEOMETRIC_REPRESENTATION_ITEM ( )  RATIONAL_B_SPLINE_CURVE ( ( 1.000000000000000000, 0.9783632585144130811, 0.9783632585144130811, 1.000000000000000000 ) ) 
 REPRESENTATION_ITEM ( '' )  );
#3214 = ORIENTED_EDGE ( 'NONE', *, *, #1319, .T. ) ;
#3215 = CARTESIAN_POINT ( 'NONE',  ( -0.5830000000000000737, -0.03000000000000001277, 1.451294246634139896E-16 ) ) ;
#3216 = EDGE_LOOP ( 'NONE', ( #4707, #3446, #562, #4938 ) ) ;
#3217 = VECTOR ( 'NONE', #201, 39.37007874015748143 ) ;
#3218 = CIRCLE ( 'NONE', #5756, 0.01500000000000001159 ) ;
#3219 = EDGE_LOOP ( 'NONE', ( #1796, #932, #2080, #469 ) ) ;
#3220 = EDGE_LOOP ( 'NONE', ( #6528, #4399, #4877, #4011 ) ) ;
#3221 = CIRCLE ( 'NONE', #4158, 0.01500000000000001159 ) ;
#3222 = CARTESIAN_POINT ( 'NONE',  ( 0.5530000000000002691, -0.01000000000000000021, -0.2055000000000000715 ) ) ;
#3223 = SHAPE_DEFINITION_REPRESENTATION ( #1621, #9 ) ;
#3224 = VECTOR ( 'NONE', #1133, 39.37007874015748143 ) ;
#3225 = DIRECTION ( 'NONE',  ( 0.9862692354585618215, 0.000000000000000000, -0.1651453759206837624 ) ) ;
#3226 = AXIS2_PLACEMENT_3D ( 'NONE', #5529, #6029, #3043 ) ;
#3227 = CARTESIAN_POINT ( 'NONE',  ( -0.5124542162334920770, -0.02122580645153561082, -0.05000000000000000278 ) ) ;
#3228 = CARTESIAN_POINT ( 'NONE',  ( -0.5824999999999999067, 0.06250000000000000000, -0.2104999999999999927 ) ) ;
#3229 = ORIENTED_EDGE ( 'NONE', *, *, #6005, .T. ) ;
#3230 = AXIS2_PLACEMENT_3D ( 'NONE', #2259, #2118, #5928 ) ;
#3231 = LINE ( 'NONE', #2727, #338 ) ;
#3232 = CARTESIAN_POINT ( 'NONE',  ( 0.6075000000000000400, 0.07299999999999999545, -0.2949999999999999289 ) ) ;
#3233 = VECTOR ( 'NONE', #3068, 39.37007874015748143 ) ;
#3234 = FACE_BOUND ( 'NONE', #6328, .T. ) ;
#3235 = ADVANCED_FACE ( 'NONE', ( #4776 ), #213, .F. ) ;
#3236 = CARTESIAN_POINT ( 'NONE',  ( -0.5829999999999997407, -0.02999999999999999542, -0.1751557465047202666 ) ) ;
#3237 = VERTEX_POINT ( 'NONE', #4401 ) ;
#3238 = CARTESIAN_POINT ( 'NONE',  ( -0.5045088790245307875, -0.03653846153841697197, -0.05000000000000000278 ) ) ;
#3239 = LINE ( 'NONE', #92, #1069 ) ;
#3240 = LINE ( 'NONE', #1800, #6070 ) ;
#3241 = EDGE_CURVE ( 'NONE', #6049, #1002, #308, .T. ) ;
#3242 = CARTESIAN_POINT ( 'NONE',  ( 0.01745051803667698256, 0.02900000000000000147, 0.1586384911471201420 ) ) ;
#3243 = ORIENTED_EDGE ( 'NONE', *, *, #835, .F. ) ;
#3244 = EDGE_CURVE ( 'NONE', #2598, #1849, #1841, .T. ) ;
#3245 = ORIENTED_EDGE ( 'NONE', *, *, #3197, .F. ) ;
#3246 = FACE_OUTER_BOUND ( 'NONE', #6366, .T. ) ;
#3247 = CARTESIAN_POINT ( 'NONE',  ( -0.2455811310141752246, 0.02900000000000000147, 0.06572980324970296995 ) ) ;
#3248 = CARTESIAN_POINT ( 'NONE',  ( -0.1975811296288818852, 0.02900000000000000147, 0.03871159279835701544 ) ) ;
#3249 = ORIENTED_EDGE ( 'NONE', *, *, #1764, .T. ) ;
#3250 = CARTESIAN_POINT ( 'NONE',  ( 0.2769415185117812817, -0.01000000000000000021, 0.2055000000000002103 ) ) ;
#3251 = VERTEX_POINT ( 'NONE', #6439 ) ;
#3252 = ADVANCED_FACE ( 'NONE', ( #2412 ), #6552, .T. ) ;
#3253 = ORIENTED_EDGE ( 'NONE', *, *, #4215, .F. ) ;
#3254 = ORIENTED_EDGE ( 'NONE', *, *, #2, .T. ) ;
#3255 = CARTESIAN_POINT ( 'NONE',  ( -0.4985189777241404996, -0.05148536306381488320, -0.02000000000000000736 ) ) ;
#3256 = APPLICATION_PROTOCOL_DEFINITION ( 'draft international standard', 'automotive_design', 1998, #142 ) ;
#3257 = CARTESIAN_POINT ( 'NONE',  ( 0.5400000000000000355, -0.06250000000000000000, -0.1824999999999999678 ) ) ;
#3258 = LINE ( 'NONE', #6317, #1065 ) ;
#3259 = CARTESIAN_POINT ( 'NONE',  ( -0.4991794919244595397, -0.03499999999999711675, -0.05000000000000000278 ) ) ;
#3260 = ORIENTED_EDGE ( 'NONE', *, *, #3728, .F. ) ;
#3261 = LINE ( 'NONE', #5639, #4465 ) ;
#3262 = CARTESIAN_POINT ( 'NONE',  ( -0.4275811296288858365, 0.02900000000000000147, 0.1586384922640279860 ) ) ;
#3263 = FACE_OUTER_BOUND ( 'NONE', #5097, .T. ) ;
#3264 = CARTESIAN_POINT ( 'NONE',  ( -0.4611262963504617618, -0.009999999999999998473, 0.2054999999999999605 ) ) ;
#3265 = EDGE_LOOP ( 'NONE', ( #2815, #678, #2229, #709 ) ) ;
#3266 = DIRECTION ( 'NONE',  ( 0.000000000000000000, 0.000000000000000000, 1.000000000000000000 ) ) ;
#3267 = LINE ( 'NONE', #3133, #2879 ) ;
#3268 = EDGE_CURVE ( 'NONE', #1450, #3499, #6560, .T. ) ;
#3269 = CARTESIAN_POINT ( 'NONE',  ( 0.1893333333335387170, -0.02999999999999998154, 0.2254999999999999505 ) ) ;
#3270 =( LENGTH_UNIT ( ) NAMED_UNIT ( * ) SI_UNIT ( $, .METRE. ) );
#3271 = EDGE_CURVE ( 'NONE', #4400, #5266, #3885, .T. ) ;
#3272 = VERTEX_POINT ( 'NONE', #1370 ) ;
#3273 = ORIENTED_EDGE ( 'NONE', *, *, #5011, .F. ) ;
#3274 = DIRECTION ( 'NONE',  ( -0.000000000000000000, 1.000000000000000000, -0.000000000000000000 ) ) ;
#3275 = EDGE_CURVE ( 'NONE', #1520, #4097, #3406, .T. ) ;
#3276 = CARTESIAN_POINT ( 'NONE',  ( 0.5680000000000000604, -0.02999999999999999889, -0.2105000000000000204 ) ) ;
#3277 = PLANE ( 'NONE',  #3854 ) ;
#3278 = ORIENTED_EDGE ( 'NONE', *, *, #4491, .T. ) ;
#3279 = CARTESIAN_POINT ( 'NONE',  ( -0.2769415185117811706, -0.01000000000000000715, -0.2055000000000000437 ) ) ;
#3280 = ORIENTED_EDGE ( 'NONE', *, *, #1487, .F. ) ;
#3281 = VERTEX_POINT ( 'NONE', #349 ) ;
#3282 = ORIENTED_EDGE ( 'NONE', *, *, #2914, .F. ) ;
#3283 = SURFACE_SIDE_STYLE ('',( #1878 ) ) ;
#3284 = EDGE_CURVE ( 'NONE', #5034, #650, #3348, .T. ) ;
#3285 = CARTESIAN_POINT ( 'NONE',  ( -0.5616204526881739545, -0.01799999999995276212, -0.01999999999999995878 ) ) ;
#3286 = LINE ( 'NONE', #5307, #6277 ) ;
#3287 = CARTESIAN_POINT ( 'NONE',  ( -0.1975811296288818852, 0.02900000000000000147, 0.1586384920406471166 ) ) ;
#3288 = ORIENTED_EDGE ( 'NONE', *, *, #5305, .T. ) ;
#3289 = PLANE ( 'NONE',  #5860 ) ;
#3290 =( NAMED_UNIT ( * ) SI_UNIT ( $, .STERADIAN. ) SOLID_ANGLE_UNIT ( ) );
#3291 = EDGE_CURVE ( 'NONE', #5730, #630, #5433, .T. ) ;
#3292 = LINE ( 'NONE', #1194, #5543 ) ;
#3293 = CARTESIAN_POINT ( 'NONE',  ( 0.5546019599457009397, -0.01000000000000000021, 0.2055000000000000437 ) ) ;
#3294 = ORIENTED_EDGE ( 'NONE', *, *, #6430, .T. ) ;
#3295 = DIRECTION ( 'NONE',  ( -0.8660254037844447028, 0.000000000000000000, -0.4999999999999895084 ) ) ;
#3296 = CARTESIAN_POINT ( 'NONE',  ( -0.5178566237530302097, 0.02900000000000000147, 0.2068018456255253101 ) ) ;
#3297 = CARTESIAN_POINT ( 'NONE',  ( -0.3675811309645719560, 0.02900000000000000147, 0.06905657162336102661 ) ) ;
#3298 = DIRECTION ( 'NONE',  ( 0.000000000000000000, -1.000000000000000000, -0.000000000000000000 ) ) ;
#3299 = VERTEX_POINT ( 'NONE', #5306 ) ;
#3300 = ORIENTED_EDGE ( 'NONE', *, *, #3802, .T. ) ;
#3301 = CARTESIAN_POINT ( 'NONE',  ( -0.5824999999999999067, 0.06250000000000000000, -0.2104999999999999927 ) ) ;
#3302 = CIRCLE ( 'NONE', #6480, 0.01000000000000002970 ) ;
#3303 = CARTESIAN_POINT ( 'NONE',  ( -0.3025811314170228639, 0.02900000000000000147, 0.03871159197184502465 ) ) ;
#3304 = DIRECTION ( 'NONE',  ( -1.000000000000000000, 0.000000000000000000, 0.000000000000000000 ) ) ;
#3305 = AXIS2_PLACEMENT_3D ( 'NONE', #1747, #5198, #4197 ) ;
#3306 = ORIENTED_EDGE ( 'NONE', *, *, #671, .T. ) ;
#3307 = EDGE_CURVE ( 'NONE', #392, #5225, #1280, .T. ) ;
#3308 = AXIS2_PLACEMENT_3D ( 'NONE', #1351, #2419, #815 ) ;
#3309 = CARTESIAN_POINT ( 'NONE',  ( 0.5830000000000000737, -0.02999999999999999889, 0.2122025752354692596 ) ) ;
#3310 = ORIENTED_EDGE ( 'NONE', *, *, #4510, .F. ) ;
#3311 = ORIENTED_EDGE ( 'NONE', *, *, #2807, .F. ) ;
#3312 = AXIS2_PLACEMENT_3D ( 'NONE', #1179, #111, #3120 ) ;
#3314 = ORIENTED_EDGE ( 'NONE', *, *, #4644, .T. ) ;
#3313 = VECTOR ( 'NONE', #5512, 39.37007874015748854 ) ;
#3315 = LENGTH_MEASURE_WITH_UNIT ( LENGTH_MEASURE( 0.02539999999999999897 ), #2785 );
#3316 = ITEM_DEFINED_TRANSFORMATION ( 'NONE', 'NONE', #960,  #6377 ) ;
#3317 = DIRECTION ( 'NONE',  ( -0.000000000000000000, -0.000000000000000000, 1.000000000000000000 ) ) ;
#3318 = AXIS2_PLACEMENT_3D ( 'NONE', #5571, #2022, #2061 ) ;
#3319 = CARTESIAN_POINT ( 'NONE',  ( 0.07799999999999988887, 0.07299999999999999545, -0.5469999999999998197 ) ) ;
#3320 = VECTOR ( 'NONE', #786, 39.37007874015748143 ) ;
#3321 = VERTEX_POINT ( 'NONE', #2876 ) ;
#3322 = EDGE_CURVE ( 'NONE', #2212, #3501, #1949, .T. ) ;
#3323 = CARTESIAN_POINT ( 'NONE',  ( -0.4831511442851362248, -0.05345921320423948492, -0.02000000000000000042 ) ) ;
#3324 = CIRCLE ( 'NONE', #5432, 0.01500000000000001159 ) ;
#3325 = CARTESIAN_POINT ( 'NONE',  ( -0.1075811296288820690, 0.02999999999999999889, 0.1586384920406471166 ) ) ;
#3326 = AXIS2_PLACEMENT_3D ( 'NONE', #3381, #3413, #260 ) ;
#3327 = CARTESIAN_POINT ( 'NONE',  ( -0.07799999999999999989, 0.07299999999999999545, -0.4579999999999998517 ) ) ;
#3328 = CARTESIAN_POINT ( 'NONE',  ( 0.5680000000000000604, 0.02999999999999999889, 0.2254999999999999505 ) ) ;
#3329 = VECTOR ( 'NONE', #2553, 39.37007874015748143 ) ;
#3330 = CARTESIAN_POINT ( 'NONE',  ( -0.2575811305979760490, 0.02900000000000000147, 0.06572980324970299770 ) ) ;
#3331 = EDGE_CURVE ( 'NONE', #5316, #4416, #6312, .T. ) ;
#3332 = ORIENTED_EDGE ( 'NONE', *, *, #2410, .F. ) ;
#3333 = AXIS2_PLACEMENT_3D ( 'NONE', #6091, #2711, #5724 ) ;
#3334 = DIRECTION ( 'NONE',  ( 0.000000000000000000, 0.000000000000000000, 1.000000000000000000 ) ) ;
#3335 = DIRECTION ( 'NONE',  ( -1.000000000000000000, -1.225374105480419231E-16, -3.315730916883898424E-16 ) ) ;
#3336 = CIRCLE ( 'NONE', #1095, 0.01500000000000001159 ) ;
#3337 = APPLICATION_CONTEXT ( 'automotive_design' ) ;
#3338 = DIRECTION ( 'NONE',  ( -0.000000000000000000, -1.000000000000000000, -0.000000000000000000 ) ) ;
#3339 = ORIENTED_EDGE ( 'NONE', *, *, #1242, .T. ) ;
#3340 = CARTESIAN_POINT ( 'NONE',  ( 0.5400000000000000355, -0.06250000000000000000, 0.1825000000000000233 ) ) ;
#3341 = CARTESIAN_POINT ( 'NONE',  ( -0.5045088790245307875, -0.03653846153841698585, -0.01999999999999995878 ) ) ;
#3342 = ORIENTED_EDGE ( 'NONE', *, *, #3917, .F. ) ;
#3343 = DIRECTION ( 'NONE',  ( 0.7013454228941315982, -0.09008106230200176034, 0.7071067811865437980 ) ) ;
#3344 = VERTEX_POINT ( 'NONE', #782 ) ;
#3345 = ORIENTED_EDGE ( 'NONE', *, *, #5609, .T. ) ;
#3346 = ORIENTED_EDGE ( 'NONE', *, *, #1233, .F. ) ;
#3347 = EDGE_CURVE ( 'NONE', #1273, #305, #2818, .T. ) ;
#3348 = LINE ( 'NONE', #3377, #4288 ) ;
#3349 = DIRECTION ( 'NONE',  ( 0.000000000000000000, -1.000000000000000000, 0.000000000000000000 ) ) ;
#3350 = ORIENTED_EDGE ( 'NONE', *, *, #3844, .T. ) ;
#3351 = EDGE_CURVE ( 'NONE', #3321, #799, #6371, .T. ) ;
#3352 = CARTESIAN_POINT ( 'NONE',  ( -0.4842278421567752233, -0.04999999999999479861, 0.02316803846421163285 ) ) ;
#3353 = EDGE_CURVE ( 'NONE', #5225, #4161, #6515, .T. ) ;
#3354 = CARTESIAN_POINT ( 'NONE',  ( -0.5737379991955916525, -0.02999999999999999889, 0.2243591238515079689 ) ) ;
#3355 = CARTESIAN_POINT ( 'NONE',  ( -0.4128553390593275307, -0.01699999999995094671, -0.02500000000000012629 ) ) ;
#3356 = EDGE_CURVE ( 'NONE', #4196, #3036, #697, .T. ) ;
#3357 = DIRECTION ( 'NONE',  ( 1.000000000000000000, 0.000000000000000000, 3.315730916883898424E-16 ) ) ;
#3358 = LINE ( 'NONE', #3458, #4914 ) ;
#3359 = ORIENTED_EDGE ( 'NONE', *, *, #1662, .T. ) ;
#3360 = LINE ( 'NONE', #5449, #1078 ) ;
#3361 = CARTESIAN_POINT ( 'NONE',  ( 0.5830000000000000737, -0.02999999999999998154, -0.07016666666666666885 ) ) ;
#3362 = CARTESIAN_POINT ( 'NONE',  ( -0.1075811296288820690, 0.02900000000000000147, 0.1586384920406471166 ) ) ;
#3363 = EDGE_CURVE ( 'NONE', #3882, #4173, #2347, .T. ) ;
#3364 = DIRECTION ( 'NONE',  ( 0.000000000000000000, -1.000000000000000000, 0.000000000000000000 ) ) ;
#3365 = EDGE_LOOP ( 'NONE', ( #4602, #2221, #2341, #6494, #3124, #3686, #1053, #1999, #2644, #4226, #3411, #4531, #455, #1775, #946, #6503, #5591, #1697 ) ) ;
#3366 = CYLINDRICAL_SURFACE ( 'NONE', #4147, 0.01000000000000358068 ) ;
#3367 = CARTESIAN_POINT ( 'NONE',  ( -0.3525811296288829944, 0.02900000000000000147, 0.1586384921643468338 ) ) ;
#3368 = PLANE ( 'NONE',  #5966 ) ;
#3369 = EDGE_CURVE ( 'NONE', #2598, #3972, #2788, .T. ) ;
#3370 = VERTEX_POINT ( 'NONE', #5654 ) ;
#3371 = DIRECTION ( 'NONE',  ( 0.8914944346718483015, 0.000000000000000000, 0.4530316467412862091 ) ) ;
#3372 = VERTEX_POINT ( 'NONE', #1532 ) ;
#3373 = ORIENTED_EDGE ( 'NONE', *, *, #1592, .T. ) ;
#3374 = ORIENTED_EDGE ( 'NONE', *, *, #4294, .T. ) ;
#3375 = CARTESIAN_POINT ( 'NONE',  ( 0.5775000000000001243, 0.000000000000000000, -0.3259999999999999565 ) ) ;
#3376 = CONTEXT_DEPENDENT_SHAPE_REPRESENTATION ( #4775, #3947 ) ;
#3377 = CARTESIAN_POINT ( 'NONE',  ( -0.07799999999999999989, 0.000000000000000000, -0.4579999999999998517 ) ) ;
#3378 = CARTESIAN_POINT ( 'NONE',  ( -0.4444498478962030652, -0.1068243285473877840, 0.02000000000000000736 ) ) ;
#3379 = EDGE_CURVE ( 'NONE', #4479, #5526, #2174, .T. ) ;
#3380 = ORIENTED_EDGE ( 'NONE', *, *, #525, .T. ) ;
#3381 = CARTESIAN_POINT ( 'NONE',  ( -0.3525811296288829944, 0.02900000000000000147, 0.1586384921643468338 ) ) ;
#3382 = LINE ( 'NONE', #3914, #665 ) ;
#3383 = FACE_OUTER_BOUND ( 'NONE', #1008, .T. ) ;
#3384 = EDGE_CURVE ( 'NONE', #3392, #1230, #250, .T. ) ;
#3385 = EDGE_CURVE ( 'NONE', #3553, #3652, #1103, .T. ) ;
#3386 = DIRECTION ( 'NONE',  ( 1.000000000000000000, 0.000000000000000000, 0.000000000000000000 ) ) ;
#3387 = ORIENTED_EDGE ( 'NONE', *, *, #1444, .T. ) ;
#3388 = PLANE ( 'NONE',  #6293 ) ;
#3389 = CARTESIAN_POINT ( 'NONE',  ( -0.5949999999999997513, 0.06250000000000000000, 0.2224999999999999756 ) ) ;
#3390 = LINE ( 'NONE', #293, #1406 ) ;
#3391 = CARTESIAN_POINT ( 'NONE',  ( -0.04170701623183504375, 0.02999999999999999889, 0.1398154487492210551 ) ) ;
#3392 = VERTEX_POINT ( 'NONE', #3566 ) ;
#3393 = CARTESIAN_POINT ( 'NONE',  ( -0.5680000000003078142, -0.03000000000000000583, -0.2254999999999999227 ) ) ;
#3394 = EDGE_CURVE ( 'NONE', #3611, #1907, #3962, .T. ) ;
#3395 = LINE ( 'NONE', #3128, #2977 ) ;
#3396 = LINE ( 'NONE', #5953, #5857 ) ;
#3397 = VERTEX_POINT ( 'NONE', #4092 ) ;
#3398 = PLANE ( 'NONE',  #3416 ) ;
#3399 = ORIENTED_EDGE ( 'NONE', *, *, #2201, .T. ) ;
#3400 = VERTEX_POINT ( 'NONE', #3598 ) ;
#3401 = AXIS2_PLACEMENT_3D ( 'NONE', #5820, #2735, #4296 ) ;
#3402 = VERTEX_POINT ( 'NONE', #1638 ) ;
#3403 = EDGE_CURVE ( 'NONE', #3034, #358, #5083, .T. ) ;
#3404 = DIRECTION ( 'NONE',  ( 1.000000000000000000, 0.000000000000000000, -0.000000000000000000 ) ) ;
#3405 = VECTOR ( 'NONE', #1251, 39.37007874015748143 ) ;
#3406 = LINE ( 'NONE', #4309, #4987 ) ;
#3407 = DIRECTION ( 'NONE',  ( 0.2870425557484566070, -0.9579178311261326018, 1.096659156167283112E-16 ) ) ;
#3408 = AXIS2_PLACEMENT_3D ( 'NONE', #2512, #4525, #6565 ) ;
#3409 = PRESENTATION_LAYER_ASSIGNMENT (  '', '', ( #5104 ) ) ;
#3410 = AXIS2_PLACEMENT_3D ( 'NONE', #333, #1870, #2902 ) ;
#3411 = ORIENTED_EDGE ( 'NONE', *, *, #1727, .T. ) ;
#3412 = AXIS2_PLACEMENT_3D ( 'NONE', #3111, #5141, #2609 ) ;
#3413 = DIRECTION ( 'NONE',  ( -0.000000000000000000, 0.000000000000000000, 1.000000000000000000 ) ) ;
#3414 =( REPRESENTATION_RELATIONSHIP ('NONE','NONE', #5918, #4546 ) REPRESENTATION_RELATIONSHIP_WITH_TRANSFORMATION ( #1248 )SHAPE_REPRESENTATION_RELATIONSHIP( ) );
#3415 = CARTESIAN_POINT ( 'NONE',  ( -0.3025811314170228639, 0.02900000000000000147, 0.03871159197184502465 ) ) ;
#3416 = AXIS2_PLACEMENT_3D ( 'NONE', #276, #3343, #5893 ) ;
#3417 = CARTESIAN_POINT ( 'NONE',  ( -0.2405811301951271963, 0.02900000000000000147, 0.1206616397874109847 ) ) ;
#3418 = AXIS2_PLACEMENT_3D ( 'NONE', #360, #6476, #6422 ) ;
#3419 = DIRECTION ( 'NONE',  ( 0.000000000000000000, 0.000000000000000000, 1.000000000000000000 ) ) ;
#3420 = SHAPE_REPRESENTATION ( 'PIN05_DQ', ( #6377 ), #1282 ) ;
#3421 = PRODUCT_DEFINITION_SHAPE ( 'NONE', 'NONE',  #6587 ) ;
#3422 = PRESENTATION_STYLE_ASSIGNMENT (( #1890 ) ) ;
#3423 = ORIENTED_EDGE ( 'NONE', *, *, #1437, .T. ) ;
#3424 = AXIS2_PLACEMENT_3D ( 'NONE', #3876, #2469, #4485 ) ;
#3425 = EDGE_LOOP ( 'NONE', ( #2114, #5054, #5839, #2334 ) ) ;
#3426 = DIRECTION ( 'NONE',  ( 0.000000000000000000, 0.000000000000000000, 1.000000000000000000 ) ) ;
#3427 = DIRECTION ( 'NONE',  ( -0.9999999999910486048, 0.000000000000000000, -4.231146122107002543E-06 ) ) ;
#3428 = AXIS2_PLACEMENT_3D ( 'NONE', #4206, #2584, #1719 ) ;
#3429 = PRODUCT_RELATED_PRODUCT_CATEGORY ( 'part', '', ( #5061 ) ) ;
#3430 = EDGE_CURVE ( 'NONE', #397, #5655, #2562, .T. ) ;
#3431 = VECTOR ( 'NONE', #1664, 39.37007874015748143 ) ;
#3432 = PLANE ( 'NONE',  #5438 ) ;
#3433 = VECTOR ( 'NONE', #1015, 39.37007874015748143 ) ;
#3434 = LINE ( 'NONE', #5454, #2770 ) ;
#3435 = CIRCLE ( 'NONE', #350, 0.01500000000000001159 ) ;
#3436 = ORIENTED_EDGE ( 'NONE', *, *, #3683, .T. ) ;
#3437 = VECTOR ( 'NONE', #1221, 39.37007874015748143 ) ;
#3438 = LINE ( 'NONE', #1360, #4035 ) ;
#3439 = CARTESIAN_POINT ( 'NONE',  ( -0.1212728463428409675, 0.02900000000000000147, 0.03871159279835702238 ) ) ;
#3440 = EDGE_CURVE ( 'NONE', #4252, #1063, #6118, .T. ) ;
#3441 = VECTOR ( 'NONE', #566, 39.37007874015748854 ) ;
#3442 = DIRECTION ( 'NONE',  ( 0.000000000000000000, 0.000000000000000000, 1.000000000000000000 ) ) ;
#3443 = ORIENTED_EDGE ( 'NONE', *, *, #5962, .F. ) ;
#3444 = ADVANCED_FACE ( 'NONE', ( #3673 ), #1060, .F. ) ;
#3445 = LINE ( 'NONE', #6554, #4699 ) ;
#3446 = ORIENTED_EDGE ( 'NONE', *, *, #226, .T. ) ;
#3447 = VERTEX_POINT ( 'NONE', #4588 ) ;
#3448 = VERTEX_POINT ( 'NONE', #999 ) ;
#3449 = CARTESIAN_POINT ( 'NONE',  ( 0.5800000000000000711, 0.06250000000000000000, -0.2224999999999999756 ) ) ;
#3450 = EDGE_CURVE ( 'NONE', #5924, #4087, #2101, .T. ) ;
#3451 = DIRECTION ( 'NONE',  ( 0.000000000000000000, 0.000000000000000000, 1.000000000000000000 ) ) ;
#3452 = ORIENTED_EDGE ( 'NONE', *, *, #2331, .T. ) ;
#3453 = CARTESIAN_POINT ( 'NONE',  ( -0.4522196403387307995, -0.09116386894260358753, 0.02152902598493894662 ) ) ;
#3454 = MANIFOLD_SOLID_BREP ( 'Boss-Extrude1', #3196 ) ;
#3455 = LENGTH_MEASURE_WITH_UNIT ( LENGTH_MEASURE( 0.02539999999999999897 ), #1374 );
#3456 = PLANE ( 'NONE',  #2479 ) ;
#3457 = LINE ( 'NONE', #6419, #5416 ) ;
#3458 = CARTESIAN_POINT ( 'NONE',  ( -0.3025811314170228083, 0.02900000000000000147, 0.1586384912141360626 ) ) ;
#3459 = ORIENTED_EDGE ( 'NONE', *, *, #1728, .T. ) ;
#3460 = ORIENTED_EDGE ( 'NONE', *, *, #3127, .T. ) ;
#3461 = DIRECTION ( 'NONE',  ( -0.000000000000000000, 1.000000000000000000, -0.000000000000000000 ) ) ;
#3462 = CARTESIAN_POINT ( 'NONE',  ( -0.1525811296288801244, 0.02900000000000000147, 0.1286567672300730492 ) ) ;
#3463 = CARTESIAN_POINT ( 'NONE',  ( 0.07800000000000001377, 0.07299999999999999545, -0.4579999999999998517 ) ) ;
#3464 = DIRECTION ( 'NONE',  ( -0.000000000000000000, -1.000000000000000000, -0.000000000000000000 ) ) ;
#3465 = EDGE_CURVE ( 'NONE', #6041, #41, #3634, .T. ) ;
#3466 = ORIENTED_EDGE ( 'NONE', *, *, #3430, .F. ) ;
#3467 = LINE ( 'NONE', #462, #5218 ) ;
#3468 = LINE ( 'NONE', #5419, #3105 ) ;
#3469 = EDGE_CURVE ( 'NONE', #2136, #3808, #2530, .T. ) ;
#3470 = ORIENTED_EDGE ( 'NONE', *, *, #1378, .F. ) ;
#3471 = DIRECTION ( 'NONE',  ( -0.7071067811865490160, 0.000000000000000000, -0.7071067811865459074 ) ) ;
#3472 = ORIENTED_EDGE ( 'NONE', *, *, #5458, .F. ) ;
#3473 = EDGE_CURVE ( 'NONE', #4109, #108, #168, .T. ) ;
#3474 = ORIENTED_EDGE ( 'NONE', *, *, #3271, .F. ) ;
#3475 = ORIENTED_EDGE ( 'NONE', *, *, #1378, .T. ) ;
#3476 = FACE_OUTER_BOUND ( 'NONE', #150, .T. ) ;
#3477 = PRODUCT_DEFINITION_SHAPE ( 'NONE', 'NONE',  #6592 ) ;
#3478 = CARTESIAN_POINT ( 'NONE',  ( -0.4554940759319748844, -0.08299999999995276434, 0.007500000000001148977 ) ) ;
#3479 = ORIENTED_EDGE ( 'NONE', *, *, #2370, .T. ) ;
#3480 = VERTEX_POINT ( 'NONE', #2766 ) ;
#3481 = FACE_OUTER_BOUND ( 'NONE', #3219, .T. ) ;
#3482 = ADVANCED_FACE ( 'NONE', ( #668 ), #6255, .F. ) ;
#3483 = CARTESIAN_POINT ( 'NONE',  ( -0.5775000000000001243, 0.000000000000000000, -0.2949999999999998734 ) ) ;
#3484 = FACE_OUTER_BOUND ( 'NONE', #5502, .T. ) ;
#3485 = CARTESIAN_POINT ( 'NONE',  ( -0.1925811321904752071, 0.02999999999999999889, -0.06122748901002793287 ) ) ;
#3486 = VERTEX_POINT ( 'NONE', #2706 ) ;
#3487 = ORIENTED_EDGE ( 'NONE', *, *, #1618, .T. ) ;
#3488 = CARTESIAN_POINT ( 'NONE',  ( -0.5679999999999998384, 0.02999999999999999889, -0.2104999999999999094 ) ) ;
#3489 = PLANE ( 'NONE',  #4802 ) ;
#3490 = EDGE_CURVE ( 'NONE', #4416, #4711, #5791, .T. ) ;
#3491 = CARTESIAN_POINT ( 'NONE',  ( -0.2575811305979759935, 0.02900000000000000147, 0.09364342865847498365 ) ) ;
#3492 = DIRECTION ( 'NONE',  ( -0.1273938600204659322, -0.9918522089651692353, -0.000000000000000000 ) ) ;
#3493 = ORIENTED_EDGE ( 'NONE', *, *, #2974, .T. ) ;
#3494 = CARTESIAN_POINT ( 'NONE',  ( 0.000000000000000000, -0.06250000000000000000, 0.000000000000000000 ) ) ;
#3495 = CARTESIAN_POINT ( 'NONE',  ( -0.4547214618548430232, -0.1226446889875180551, -0.02000000000000000736 ) ) ;
#3496 = PLANE ( 'NONE',  #3751 ) ;
#3497 = EDGE_LOOP ( 'NONE', ( #2496, #6540, #1940, #4920 ) ) ;
#3498 = LINE ( 'NONE', #5103, #3752 ) ;
#3499 = VERTEX_POINT ( 'NONE', #5358 ) ;
#3500 = VERTEX_POINT ( 'NONE', #2208 ) ;
#3501 = VERTEX_POINT ( 'NONE', #4794 ) ;
#3502 = DIRECTION ( 'NONE',  ( 0.000000000000000000, -0.000000000000000000, 1.000000000000000000 ) ) ;
#3503 = EDGE_CURVE ( 'NONE', #3480, #6290, #5323, .T. ) ;
#3504 = DIRECTION ( 'NONE',  ( 0.000000000000000000, 0.000000000000000000, -1.000000000000000000 ) ) ;
#3505 = ORIENTED_EDGE ( 'NONE', *, *, #1917, .F. ) ;
#3506 = VERTEX_POINT ( 'NONE', #2307 ) ;
#3507 = VECTOR ( 'NONE', #6110, 39.37007874015748143 ) ;
#3508 = CARTESIAN_POINT ( 'NONE',  ( -0.4825059240680267814, -0.04999999999999447942, -0.007500000000001148977 ) ) ;
#3509 = MANIFOLD_SOLID_BREP ( 'Cut-Extrude5', #2665 ) ;
#3510 = COLOUR_RGB ( '',0.7921568627450980005, 0.8196078431372548767, 0.9333333333333333481 ) ;
#3511 = PRODUCT_DEFINITION_FORMATION_WITH_SPECIFIED_SOURCE ( 'ANY', '', #5965, .NOT_KNOWN. ) ;
#3512 = CARTESIAN_POINT ( 'NONE',  ( -0.4825059240680248940, -0.08299999999995276434, 0.02488995655296195875 ) ) ;
#3513 = CIRCLE ( 'NONE', #3938, 0.02249999999999907629 ) ;
#3514 = DIRECTION ( 'NONE',  ( -0.000000000000000000, -1.000000000000000000, -0.000000000000000000 ) ) ;
#3515 = EDGE_CURVE ( 'NONE', #1170, #5316, #6358, .T. ) ;
#3516 = CARTESIAN_POINT ( 'NONE',  ( -0.4275811296288858365, 0.02900000000000000147, 0.1586384922640279860 ) ) ;
#3517 = CIRCLE ( 'NONE', #1180, 0.01500000000000001159 ) ;
#3518 = ORIENTED_EDGE ( 'NONE', *, *, #3988, .T. ) ;
#3519 = ORIENTED_EDGE ( 'NONE', *, *, #5659, .F. ) ;
#3520 = DIRECTION ( 'NONE',  ( -0.000000000000000000, 1.000000000000000000, -0.000000000000000000 ) ) ;
#3521 = DIRECTION ( 'NONE',  ( 0.000000000000000000, 0.000000000000000000, -1.000000000000000000 ) ) ;
#3522 = CIRCLE ( 'NONE', #5637, 0.01600000000000011482 ) ;
#3523 = CARTESIAN_POINT ( 'NONE',  ( -0.3870000000000000107, -0.6581268257145341805, -0.009499999999999909558 ) ) ;
#3524 = CARTESIAN_POINT ( 'NONE',  ( -0.5046338830051230184, -0.09909426909414337237, -0.05000000000000000278 ) ) ;
#3525 = CIRCLE ( 'NONE', #6396, 0.01000000000000002970 ) ;
#3526 = VECTOR ( 'NONE', #2694, 39.37007874015748143 ) ;
#3527 = EDGE_CURVE ( 'NONE', #3013, #4634, #3201, .T. ) ;
#3528 = ORIENTED_EDGE ( 'NONE', *, *, #1727, .F. ) ;
#3529 = CIRCLE ( 'NONE', #5005, 0.01500000000000001159 ) ;
#3530 = CARTESIAN_POINT ( 'NONE',  ( 0.5950000000000000844, 0.06250000000000000000, -0.2224999999999998923 ) ) ;
#3531 = DIRECTION ( 'NONE',  ( -1.000000000000000000, 0.000000000000000000, 0.000000000000000000 ) ) ;
#3532 = AXIS2_PLACEMENT_3D ( 'NONE', #2631, #2999, #4120 ) ;
#3533 = CARTESIAN_POINT ( 'NONE',  ( -0.4825059240680248940, -0.01799999999995276212, 0.02488995655296195875 ) ) ;
#3534 = VECTOR ( 'NONE', #6469, 39.37007874015748143 ) ;
#3535 = SURFACE_STYLE_FILL_AREA ( #32 ) ;
#3536 = ORIENTED_EDGE ( 'NONE', *, *, #5609, .F. ) ;
#3537 = CARTESIAN_POINT ( 'NONE',  ( -0.4873958806209868766, -0.08299999999995276434, -0.01999999999999995878 ) ) ;
#3538 = ORIENTED_EDGE ( 'NONE', *, *, #2857, .F. ) ;
#3539 = VECTOR ( 'NONE', #5842, 39.37007874015748143 ) ;
#3540 = ORIENTED_EDGE ( 'NONE', *, *, #923, .F. ) ;
#3541 = ORIENTED_EDGE ( 'NONE', *, *, #1477, .T. ) ;
#3542 = VECTOR ( 'NONE', #6153, 39.37007874015748143 ) ;
#3543 = CARTESIAN_POINT ( 'NONE',  ( -0.4463586213557717008, -0.04406736643085625710, -0.05000000000000000278 ) ) ;
#3544 = DIRECTION ( 'NONE',  ( 0.000000000000000000, 0.000000000000000000, -1.000000000000000000 ) ) ;
#3545 = DIRECTION ( 'NONE',  ( 0.000000000000000000, -0.000000000000000000, -1.000000000000000000 ) ) ;
#3546 = ORIENTED_EDGE ( 'NONE', *, *, #5907, .T. ) ;
#3547 = ORIENTED_EDGE ( 'NONE', *, *, #988, .T. ) ;
#3548 = ADVANCED_FACE ( 'NONE', ( #699 ), #235, .F. ) ;
#3549 = CARTESIAN_POINT ( 'NONE',  ( -0.06713361345827008331, 0.02900000000000000147, 0.1059339717628571126 ) ) ;
#3550 = FACE_OUTER_BOUND ( 'NONE', #4132, .T. ) ;
#3551 = CYLINDRICAL_SURFACE ( 'NONE', #2554, 0.02249999999999907629 ) ;
#3552 = CARTESIAN_POINT ( 'NONE',  ( -0.5829999999999996296, -0.02999999999999998848, -0.2105000000114469472 ) ) ;
#3553 = VERTEX_POINT ( 'NONE', #196 ) ;
#3554 = EDGE_CURVE ( 'NONE', #4963, #995, #1263, .T. ) ;
#3555 = ORIENTED_EDGE ( 'NONE', *, *, #6467, .T. ) ;
#3556 = CARTESIAN_POINT ( 'NONE',  ( -0.4514001219983384550, -0.05753732610467972297, -0.007500000000000005794 ) ) ;
#3557 = CARTESIAN_POINT ( 'NONE',  ( -0.5824999999999999067, 0.02000000000000000042, -0.2255000000000000338 ) ) ;
#3558 = DIRECTION ( 'NONE',  ( 0.7071067811865530128, 0.000000000000000000, -0.7071067811865420216 ) ) ;
#3559 = EDGE_CURVE ( 'NONE', #1709, #6266, #3302, .T. ) ;
#3560 = DIRECTION ( 'NONE',  ( -0.6906958818292161517, 0.000000000000000000, -0.7231453511045765614 ) ) ;
#3561 = CARTESIAN_POINT ( 'NONE',  ( -0.4099999999999999756, -0.09769904250363242726, 0.02000000000000001776 ) ) ;
#3562 = ORIENTED_EDGE ( 'NONE', *, *, #1977, .F. ) ;
#3563 = DIRECTION ( 'NONE',  ( 0.7013454228941287116, -0.09008106230200067788, -0.7071067811865467956 ) ) ;
#3564 = LINE ( 'NONE', #5482, #2556 ) ;
#3565 = ADVANCED_FACE ( 'NONE', ( #3830 ), #5851, .F. ) ;
#3566 = CARTESIAN_POINT ( 'NONE',  ( -0.4404396342205526005, -0.1244790521456920623, -0.02000000000000001429 ) ) ;
#3567 = VERTEX_POINT ( 'NONE', #1426 ) ;
#3568 = LINE ( 'NONE', #1972, #130 ) ;
#3569 = ORIENTED_EDGE ( 'NONE', *, *, #1815, .F. ) ;
#3570 = VERTEX_POINT ( 'NONE', #4415 ) ;
#3571 = EDGE_LOOP ( 'NONE', ( #1864, #4027, #806, #3807 ) ) ;
#3572 = CARTESIAN_POINT ( 'NONE',  ( -0.1525811296288791252, 0.02900000000000000147, 0.08368418001421282226 ) ) ;
#3573 = CYLINDRICAL_SURFACE ( 'NONE', #2467, 0.01500000000000001159 ) ;
#3574 = CARTESIAN_POINT ( 'NONE',  ( -0.5050982457491224320, -0.01799999999995276212, 0.01999999999999995878 ) ) ;
#3575 = ORIENTED_EDGE ( 'NONE', *, *, #2573, .F. ) ;
#3576 = EDGE_LOOP ( 'NONE', ( #278, #2726, #1333, #2767, #2242, #2343, #2038, #2762 ) ) ;
#3577 = LINE ( 'NONE', #444, #1732 ) ;
#3578 =( NAMED_UNIT ( * ) PLANE_ANGLE_UNIT ( ) SI_UNIT ( $, .RADIAN. ) );
#3579 = DIRECTION ( 'NONE',  ( -1.000000000000000000, 0.000000000000000000, -1.501015381134210579E-16 ) ) ;
#3580 = EDGE_CURVE ( 'NONE', #1312, #4205, #4390, .T. ) ;
#3581 = DIRECTION ( 'NONE',  ( 0.000000000000000000, 0.000000000000000000, 1.000000000000000000 ) ) ;
#3582 = B_SPLINE_SURFACE_WITH_KNOTS ( 'NONE', 3, 1, ( 
 ( #3695, #5710 ),
 ( #1243, #4202 ),
 ( #3713, #710 ),
 ( #1752, #4663 ),
 ( #1650, #106 ),
 ( #176, #3144 ),
 ( #2219, #1115 ),
 ( #605, #1609 ),
 ( #4172, #4770 ),
 ( #72, #3279 ),
 ( #1215, #3651 ),
 ( #2642, #6263 ),
 ( #577, #2744 ),
 ( #5727, #2146 ),
 ( #5666, #6204 ),
 ( #5172, #2611 ),
 ( #5243, #3684 ),
 ( #4633, #4233 ),
 ( #3215, #4271 ),
 ( #638, #677 ),
 ( #2715, #5696 ),
 ( #2251, #3173 ),
 ( #1141, #1711 ),
 ( #3749, #5202 ),
 ( #2113, #2678 ),
 ( #4706, #149 ),
 ( #2186, #1171 ),
 ( #5770, #6234 ),
 ( #1678, #4739 ),
 ( #4130, #3250 ),
 ( #5272, #204 ),
 ( #6310, #3787 ),
 ( #5801, #6158 ),
 ( #5829, #2405 ),
 ( #4864, #804 ),
 ( #3309, #1404 ),
 ( #340, #5863 ),
 ( #4330, #1338 ),
 ( #5335, #3904 ),
 ( #2840, #5957 ),
 ( #831, #301 ),
 ( #4421, #1780 ) ),
 .UNSPECIFIED., .T., .F., .F.,
 ( 4, 1, 1, 1, 2, 1, 1, 1, 2, 1, 1, 1, 2, 1, 1, 1, 2, 1, 1, 1, 2, 1, 1, 1, 2, 1, 1, 1, 2, 1, 1, 1, 4 ),
 ( 2, 2 ),
 ( 0.000000000000000000, 0.001560352531085262666, 0.003120705062170525332, 0.004681057593255787998, 0.006241410124341050664, 0.09572889417891233821, 0.1852163782334836362, 0.2747038622880548786, 0.3641913463426261766, 0.3657516988737113950, 0.3673120514047966134, 0.3688724039358819429, 0.3704327564669672168, 0.4028245673502254265, 0.4352163782334835251, 0.4676081891167417348, 0.4999999999999998890, 0.5015603525310851074, 0.5031207050621704369, 0.5046810575932556553, 0.5062414101243409847, 0.5957288941789122827, 0.6852163782334835807, 0.7747038622880548786, 0.8641913463426261766, 0.8657516988737113950, 0.8673120514047967244, 0.8688724039358819429, 0.8704327564669671613, 0.9028245673502253155, 0.9352163782334834696, 0.9676081891167416238, 1.000000000000000000 ),
 ( 0.000000000000000000, 1.000000000000000000 ),
 .UNSPECIFIED. ) ;
#3583 = LINE ( 'NONE', #4642, #5952 ) ;
#3584 = ORIENTED_EDGE ( 'NONE', *, *, #827, .F. ) ;
#3585 = ORIENTED_EDGE ( 'NONE', *, *, #5836, .T. ) ;
#3586 = DIRECTION ( 'NONE',  ( 5.463695987328522177E-14, 0.000000000000000000, -1.000000000000000000 ) ) ;
#3587 = CARTESIAN_POINT ( 'NONE',  ( 0.5999999999999999778, 0.04000000000000000083, 0.2950000000000000400 ) ) ;
#3588 = DIRECTION ( 'NONE',  ( -0.000000000000000000, -1.000000000000000000, 0.000000000000000000 ) ) ;
#3589 = DIRECTION ( 'NONE',  ( -0.000000000000000000, 1.000000000000000000, -0.000000000000000000 ) ) ;
#3590 = ADVANCED_FACE ( 'NONE', ( #2860 ), #899, .T. ) ;
#3591 = EDGE_CURVE ( 'NONE', #3840, #5925, #1929, .T. ) ;
#3592 = CARTESIAN_POINT ( 'NONE',  ( -0.1012485063478606589, 0.000000000000000000, -0.5612639109547495897 ) ) ;
#3593 = EDGE_LOOP ( 'NONE', ( #3547, #6195, #733, #1033 ) ) ;
#3594 = CARTESIAN_POINT ( 'NONE',  ( -0.4985189777241404996, -0.05148536306381488320, 0.02000000000000000736 ) ) ;
#3595 =( BOUNDED_CURVE ( )  B_SPLINE_CURVE ( 3, ( #6057, #6561, #2009, #4100 ),
 .UNSPECIFIED., .F., .F. ) 
 B_SPLINE_CURVE_WITH_KNOTS ( ( 4, 4 ),
 ( 4.712388995285909488, 6.283185307179586232 ),
 .UNSPECIFIED. ) 
 CURVE ( )  GEOMETRIC_REPRESENTATION_ITEM ( )  RATIONAL_B_SPLINE_CURVE ( ( 1.000000000000000000, 0.8047378576366162051, 0.8047378576366162051, 1.000000000000000000 ) ) 
 REPRESENTATION_ITEM ( '' )  );
#3596 = CARTESIAN_POINT ( 'NONE',  ( 0.000000000000000000, 0.000000000000000000, -0.4579999999999998517 ) ) ;
#3597 = CARTESIAN_POINT ( 'NONE',  ( 0.5825000000000001288, 0.02000000000000000042, 0.2254999999999999505 ) ) ;
#3598 = CARTESIAN_POINT ( 'NONE',  ( -0.4991794919243109918, 0.000000000000000000, 0.01999999999999987205 ) ) ;
#3599 = VERTEX_POINT ( 'NONE', #6389 ) ;
#3600 = CARTESIAN_POINT ( 'NONE',  ( -0.3025811314170228639, 0.02900000000000000147, 0.03871159197184502465 ) ) ;
#3601 = ORIENTED_EDGE ( 'NONE', *, *, #1471, .T. ) ;
#3602 = EDGE_CURVE ( 'NONE', #2058, #4283, #1393, .T. ) ;
#3603 = ORIENTED_EDGE ( 'NONE', *, *, #3770, .F. ) ;
#3604 = EDGE_LOOP ( 'NONE', ( #5561, #1510, #3821, #1690 ) ) ;
#3605 = DIRECTION ( 'NONE',  ( -0.9862692353244270071, 0.000000000000000000, 0.1651453767217541391 ) ) ;
#3606 = FACE_OUTER_BOUND ( 'NONE', #3497, .T. ) ;
#3607 = CARTESIAN_POINT ( 'NONE',  ( -0.09758112888381909045, 0.02999999999999999889, 0.1586384915194230805 ) ) ;
#3608 = DIRECTION ( 'NONE',  ( 0.000000000000000000, -1.000000000000000000, 0.000000000000000000 ) ) ;
#3609 = ORIENTED_EDGE ( 'NONE', *, *, #3927, .F. ) ;
#3610 = ADVANCED_FACE ( 'NONE', ( #2398 ), #824, .T. ) ;
#3611 = VERTEX_POINT ( 'NONE', #2368 ) ;
#3612 = DIRECTION ( 'NONE',  ( 7.588466649067432933E-15, 0.000000000000000000, 1.000000000000000000 ) ) ;
#3613 = CARTESIAN_POINT ( 'NONE',  ( 0.000000000000000000, -0.01699999999995084610, -0.009499999999999909558 ) ) ;
#3614 = CARTESIAN_POINT ( 'NONE',  ( -0.07799999999999997213, 0.07299999999999999545, -0.5469999999999998197 ) ) ;
#3615 = LINE ( 'NONE', #4004, #221 ) ;
#3616 = ORIENTED_EDGE ( 'NONE', *, *, #6055, .T. ) ;
#3617 = VECTOR ( 'NONE', #5480, 39.37007874015748854 ) ;
#3618 = CARTESIAN_POINT ( 'NONE',  ( -0.4596807228996687700, -0.1220077196874157360, -0.007500000000000005794 ) ) ;
#3619 = CARTESIAN_POINT ( 'NONE',  ( -0.4547214618548430232, -0.1226446889875180551, 0.02000000000000000389 ) ) ;
#3620 = DIRECTION ( 'NONE',  ( 1.000000000000000000, 0.000000000000000000, 0.000000000000000000 ) ) ;
#3621 = VECTOR ( 'NONE', #689, 39.37007874015748143 ) ;
#3622 = AXIS2_PLACEMENT_3D ( 'NONE', #1109, #673, #4164 ) ;
#3623 = VECTOR ( 'NONE', #4344, 39.37007874015748143 ) ;
#3624 = CARTESIAN_POINT ( 'NONE',  ( 0.5733015025939680598, -0.02999999999999998848, -0.2249613563941685046 ) ) ;
#3625 = EDGE_LOOP ( 'NONE', ( #1047, #5689, #4723, #5554, #5667, #5476, #1921, #6096, #3714, #2534, #4515, #6236, #1383, #73, #352, #3466, #1677, #848 ) ) ;
#3626 = VECTOR ( 'NONE', #826, 39.37007874015748854 ) ;
#3627 = ORIENTED_EDGE ( 'NONE', *, *, #582, .T. ) ;
#3628 = FACE_OUTER_BOUND ( 'NONE', #2718, .T. ) ;
#3629 = CARTESIAN_POINT ( 'NONE',  ( -0.4973719679048782538, -0.1000269921222306929, 0.02000000000000000736 ) ) ;
#3630 = EDGE_CURVE ( 'NONE', #578, #2222, #421, .T. ) ;
#3631 = VECTOR ( 'NONE', #4167, 39.37007874015748143 ) ;
#3632 = DIRECTION ( 'NONE',  ( 0.000000000000000000, 0.000000000000000000, -1.000000000000000000 ) ) ;
#3633 = CIRCLE ( 'NONE', #4900, 0.01500000000000001159 ) ;
#3634 = LINE ( 'NONE', #4156, #5410 ) ;
#3635 = ORIENTED_EDGE ( 'NONE', *, *, #1270, .T. ) ;
#3636 = AXIS2_PLACEMENT_3D ( 'NONE', #2091, #3725, #5153 ) ;
#3637 = ORIENTED_EDGE ( 'NONE', *, *, #2704, .F. ) ;
#3638 = ORIENTED_EDGE ( 'NONE', *, *, #5486, .T. ) ;
#3639 = VECTOR ( 'NONE', #3928, 39.37007874015748854 ) ;
#3641 = CARTESIAN_POINT ( 'NONE',  ( -0.5824999999999999067, 0.06250000000000000000, -0.2255000000000000338 ) ) ;
#3640 = CIRCLE ( 'NONE', #1616, 0.01600000000000011482 ) ;
#3642 = EDGE_CURVE ( 'NONE', #2531, #4672, #1897, .T. ) ;
#3643 = CARTESIAN_POINT ( 'NONE',  ( -0.1975811296288818852, 0.02900000000000000147, 0.1586384920406471166 ) ) ;
#3644 = VECTOR ( 'NONE', #5342, 39.37007874015748854 ) ;
#3645 = UNCERTAINTY_MEASURE_WITH_UNIT (LENGTH_MEASURE( 1.000000000000000082E-05 ), #5206, 'distance_accuracy_value', 'NONE');
#3646 = LINE ( 'NONE', #1648, #6061 ) ;
#3647 = DIRECTION ( 'NONE',  ( 0.000000000000000000, -1.000000000000000000, 0.000000000000000000 ) ) ;
#3648 = ADVANCED_FACE ( 'NONE', ( #327 ), #1358, .T. ) ;
#3649 = VECTOR ( 'NONE', #6479, 39.37007874015748854 ) ;
#3650 = VERTEX_POINT ( 'NONE', #3898 ) ;
#3651 = CARTESIAN_POINT ( 'NONE',  ( -0.4611262963504618173, -0.01000000000000000194, -0.2054999999999999882 ) ) ;
#3652 = VERTEX_POINT ( 'NONE', #5019 ) ;
#3653 = VECTOR ( 'NONE', #1538, 39.37007874015748143 ) ;
#3654 = ORIENTED_EDGE ( 'NONE', *, *, #1863, .F. ) ;
#3655 = CARTESIAN_POINT ( 'NONE',  ( 0.5830000000000000737, -0.02999999999999999889, 0.2104999999999999372 ) ) ;
#3656 = AXIS2_PLACEMENT_3D ( 'NONE', #4849, #286, #2850 ) ;
#3657 = CARTESIAN_POINT ( 'NONE',  ( -0.2499999999999995559, 0.1629999999999944549, 0.7220000000004425100 ) ) ;
#3658 = EDGE_CURVE ( 'NONE', #387, #1496, #3984, .T. ) ;
#3659 = VECTOR ( 'NONE', #5163, 39.37007874015748854 ) ;
#3660 = DIRECTION ( 'NONE',  ( 0.000000000000000000, 0.000000000000000000, 1.000000000000000000 ) ) ;
#3661 = LINE ( 'NONE', #1687, #217 ) ;
#3662 = LINE ( 'NONE', #3079, #2578 ) ;
#3663 = ORIENTED_EDGE ( 'NONE', *, *, #4240, .F. ) ;
#3664 = LINE ( 'NONE', #6136, #2894 ) ;
#3665 = LINE ( 'NONE', #3187, #5003 ) ;
#3666 = LINE ( 'NONE', #1226, #2446 ) ;
#3667 = CARTESIAN_POINT ( 'NONE',  ( -0.4370000000004461427, -0.04500000000000078243, -0.01999999999999995878 ) ) ;
#3668 = CARTESIAN_POINT ( 'NONE',  ( -0.2835409975721842613, -0.02999999999999999542, -0.2254999999999999505 ) ) ;
#3669 = ORIENTED_EDGE ( 'NONE', *, *, #4746, .T. ) ;
#3670 = CARTESIAN_POINT ( 'NONE',  ( -0.3075811296288818442, 0.02999999999999999889, 0.1586384921643468338 ) ) ;
#3671 = CARTESIAN_POINT ( 'NONE',  ( -0.5999999999999998668, 0.000000000000000000, 0.2950000000000000400 ) ) ;
#3672 = DIRECTION ( 'NONE',  ( 0.000000000000000000, 0.000000000000000000, -1.000000000000000000 ) ) ;
#3673 = FACE_OUTER_BOUND ( 'NONE', #302, .T. ) ;
#3674 = EDGE_CURVE ( 'NONE', #6314, #3251, #1332, .T. ) ;
#3675 = DIRECTION ( 'NONE',  ( 0.000000000000000000, -1.000000000000000000, 0.000000000000000000 ) ) ;
#3676 = ORIENTED_EDGE ( 'NONE', *, *, #2759, .T. ) ;
#3677 = ORIENTED_EDGE ( 'NONE', *, *, #6106, .T. ) ;
#3678 =( REPRESENTATION_RELATIONSHIP ('NONE','NONE', #5918, #9 ) REPRESENTATION_RELATIONSHIP_WITH_TRANSFORMATION ( #1757 )SHAPE_REPRESENTATION_RELATIONSHIP( ) );
#3679 = PLANE ( 'NONE',  #6482 ) ;
#3680 = CARTESIAN_POINT ( 'NONE',  ( -0.4875059240680250094, -0.6581268257145341805, 0.01999999999999987205 ) ) ;
#3681 = CARTESIAN_POINT ( 'NONE',  ( -0.4404396342205526005, -0.1244790521456920623, 0.02000000000000000736 ) ) ;
#3682 = CARTESIAN_POINT ( 'NONE',  ( -0.4991794919243109918, 0.000000000000000000, -0.01999999999999983041 ) ) ;
#3683 = EDGE_CURVE ( 'NONE', #3650, #5958, #2427, .T. ) ;
#3684 = CARTESIAN_POINT ( 'NONE',  ( -0.5629999999999999449, -0.01000000000000000021, -0.1631652724842145574 ) ) ;
#3685 = ORIENTED_EDGE ( 'NONE', *, *, #6250, .T. ) ;
#3686 = ORIENTED_EDGE ( 'NONE', *, *, #6296, .T. ) ;
#3687 = CARTESIAN_POINT ( 'NONE',  ( -0.2575811314170221022, 0.02999999999999999889, 0.1586384912141360903 ) ) ;
#3688 = CARTESIAN_POINT ( 'NONE',  ( -0.04999999999999953787, 0.1629999999999944549, 0.7220000000004425100 ) ) ;
#3689 = CARTESIAN_POINT ( 'NONE',  ( -0.4825059240680248940, -0.08299999999995276434, -0.007500000000001148977 ) ) ;
#3690 = DIRECTION ( 'NONE',  ( 0.000000000000000000, 0.000000000000000000, -1.000000000000000000 ) ) ;
#3691 = CARTESIAN_POINT ( 'NONE',  ( -0.5799999999999998490, -0.06250000000000000000, 0.2374999999999999889 ) ) ;
#3692 = ORIENTED_EDGE ( 'NONE', *, *, #6276, .T. ) ;
#3693 = EDGE_CURVE ( 'NONE', #1476, #6257, #4926, .T. ) ;
#3694 = CARTESIAN_POINT ( 'NONE',  ( -0.4514001219983384550, -0.05753732610467972297, 0.02499999999999999098 ) ) ;
#3695 = CARTESIAN_POINT ( 'NONE',  ( 0.5830000000000001847, -0.03000000000000000930, -0.2104999999894311136 ) ) ;
#3696 = CARTESIAN_POINT ( 'NONE',  ( -0.09399999999999998634, 0.07299999999999999545, -0.5629999999999999449 ) ) ;
#3697 = EDGE_CURVE ( 'NONE', #5728, #480, #3434, .T. ) ;
#3698 = FACE_BOUND ( 'NONE', #4937, .T. ) ;
#3699 = CARTESIAN_POINT ( 'NONE',  ( -0.5623330160737450845, -0.01000000000000000194, 0.1996683113427918377 ) ) ;
#3700 = EDGE_CURVE ( 'NONE', #5682, #1812, #2461, .T. ) ;
#3701 = ORIENTED_EDGE ( 'NONE', *, *, #3268, .T. ) ;
#3702 = CARTESIAN_POINT ( 'NONE',  ( -0.02829909836920500507, 0.02900000000000000147, 0.03871159124537800617 ) ) ;
#3703 = CARTESIAN_POINT ( 'NONE',  ( 0.5550000000000000488, -0.06253937007874015019, 0.1975000000000000366 ) ) ;
#3704 = DIRECTION ( 'NONE',  ( 0.000000000000000000, -0.000000000000000000, -1.000000000000000000 ) ) ;
#3705 = FILL_AREA_STYLE ('',( #1670 ) ) ;
#3706 = ORIENTED_EDGE ( 'NONE', *, *, #6197, .F. ) ;
#3707 = ORIENTED_EDGE ( 'NONE', *, *, #2935, .F. ) ;
#3708 = LINE ( 'NONE', #5723, #5954 ) ;
#3709 = LINE ( 'NONE', #1806, #2053 ) ;
#3710 = UNCERTAINTY_MEASURE_WITH_UNIT (LENGTH_MEASURE( 1.000000000000000082E-05 ), #2444, 'distance_accuracy_value', 'NONE');
#3711 = CARTESIAN_POINT ( 'NONE',  ( -0.4922126825129888861, -0.09154780028929483671, -0.02000000000000000389 ) ) ;
#3712 = ORIENTED_EDGE ( 'NONE', *, *, #3774, .F. ) ;
#3713 = CARTESIAN_POINT ( 'NONE',  ( 0.5824248225339595519, -0.02999999999999998848, -0.2159528994949474201 ) ) ;
#3714 = ORIENTED_EDGE ( 'NONE', *, *, #3356, .T. ) ;
#3715 = ORIENTED_EDGE ( 'NONE', *, *, #2934, .T. ) ;
#3716 = ORIENTED_EDGE ( 'NONE', *, *, #5006, .F. ) ;
#3717 = CARTESIAN_POINT ( 'NONE',  ( -0.1995811308060771727, 0.02900000000000000147, 0.07968661587962798387 ) ) ;
#3718 = EDGE_CURVE ( 'NONE', #5316, #5772, #925, .T. ) ;
#3719 = EDGE_CURVE ( 'NONE', #2188, #4762, #4478, .T. ) ;
#3720 = APPLICATION_PROTOCOL_DEFINITION ( 'draft international standard', 'automotive_design', 1998, #3337 ) ;
#3721 = LINE ( 'NONE', #2156, #981 ) ;
#3722 = CARTESIAN_POINT ( 'NONE',  ( -0.5124542162334920770, -0.02122580645153561082, -0.01999999999999995878 ) ) ;
#3723 = DIRECTION ( 'NONE',  ( -0.000000000000000000, 1.000000000000000000, -0.000000000000000000 ) ) ;
#3724 = EDGE_LOOP ( 'NONE', ( #1588, #511, #3143, #6435 ) ) ;
#3725 = DIRECTION ( 'NONE',  ( 0.000000000000000000, -1.000000000000000000, 0.000000000000000000 ) ) ;
#3726 = DIRECTION ( 'NONE',  ( 0.000000000000000000, 0.000000000000000000, -1.000000000000000000 ) ) ;
#3727 = FACE_OUTER_BOUND ( 'NONE', #5137, .T. ) ;
#3728 = EDGE_CURVE ( 'NONE', #6514, #569, #6012, .T. ) ;
#3729 = CARTESIAN_POINT ( 'NONE',  ( 0.2769415185117812817, -0.01000000000000000021, 0.2055000000000002103 ) ) ;
#3730 = VECTOR ( 'NONE', #860, 39.37007874015748143 ) ;
#3731 = EDGE_LOOP ( 'NONE', ( #3443, #681, #3934, #4996 ) ) ;
#3732 = DIRECTION ( 'NONE',  ( -0.7071067811865531239, -0.000000000000000000, -0.7071067811865420216 ) ) ;
#3733 = DIRECTION ( 'NONE',  ( 0.9701077031858009736, 0.000000000000000000, -0.2426747704636185998 ) ) ;
#3734 = VECTOR ( 'NONE', #5149, 39.37007874015748143 ) ;
#3735 = DIRECTION ( 'NONE',  ( 0.000000000000000000, -1.000000000000000000, 0.000000000000000000 ) ) ;
#3736 = EDGE_CURVE ( 'NONE', #6266, #6001, #5645, .T. ) ;
#3737 = AXIS2_PLACEMENT_3D ( 'NONE', #6066, #4528, #3078 ) ;
#3738 = SURFACE_STYLE_USAGE ( .BOTH. , #6297 ) ;
#3739 =( GEOMETRIC_REPRESENTATION_CONTEXT ( 3 ) GLOBAL_UNCERTAINTY_ASSIGNED_CONTEXT ( ( #2246 ) ) GLOBAL_UNIT_ASSIGNED_CONTEXT ( ( #357, #893, #1448 ) ) REPRESENTATION_CONTEXT ( 'NONE', 'WORKASPACE' ) );
#3740 = VECTOR ( 'NONE', #4725, 39.37007874015748143 ) ;
#3741 = ORIENTED_EDGE ( 'NONE', *, *, #2662, .F. ) ;
#3742 = EDGE_LOOP ( 'NONE', ( #4138, #976, #2308, #3540, #2211, #5294, #599, #4189 ) ) ;
#3743 = CIRCLE ( 'NONE', #2459, 0.01500000000000001159 ) ;
#3744 = FACE_OUTER_BOUND ( 'NONE', #2816, .T. ) ;
#3745 = CARTESIAN_POINT ( 'NONE',  ( 0.5950000000000000844, 0.06250000000000000000, 0.2374999999999999889 ) ) ;
#3746 = VECTOR ( 'NONE', #6172, 39.37007874015748143 ) ;
#3747 = DIRECTION ( 'NONE',  ( 0.000000000000000000, 1.000000000000000000, -0.000000000000000000 ) ) ;
#3748 = ORIENTED_EDGE ( 'NONE', *, *, #6474, .T. ) ;
#3749 = CARTESIAN_POINT ( 'NONE',  ( -0.5788735403296486615, -0.03000000000000001277, 0.2215465729337365575 ) ) ;
#3750 = ORIENTED_EDGE ( 'NONE', *, *, #2486, .T. ) ;
#3751 = AXIS2_PLACEMENT_3D ( 'NONE', #5891, #5990, #1430 ) ;
#3752 = VECTOR ( 'NONE', #431, 39.37007874015748143 ) ;
#3753 = ORIENTED_EDGE ( 'NONE', *, *, #2295, .F. ) ;
#3754 = ORIENTED_EDGE ( 'NONE', *, *, #2013, .F. ) ;
#3755 = AXIS2_PLACEMENT_3D ( 'NONE', #4387, #5940, #2395 ) ;
#3756 = PLANE ( 'NONE',  #2572 ) ;
#3757 =( LENGTH_UNIT ( ) NAMED_UNIT ( * ) SI_UNIT ( $, .METRE. ) );
#3758 = AXIS2_PLACEMENT_3D ( 'NONE', #2698, #5680, #1154 ) ;
#3759 = AXIS2_PLACEMENT_3D ( 'NONE', #5976, #5937, #2488 ) ;
#3760 = LINE ( 'NONE', #4638, #3437 ) ;
#3761 = AXIS2_PLACEMENT_3D ( 'NONE', #4376, #5398, #4405 ) ;
#3762 = CARTESIAN_POINT ( 'NONE',  ( -0.5385692905699326349, 0.02900000000000000147, 0.1709264543384062252 ) ) ;
#3763 = ADVANCED_FACE ( 'NONE', ( #4047 ), #2555, .F. ) ;
#3764 = LINE ( 'NONE', #4749, #113 ) ;
#3765 = ORIENTED_EDGE ( 'NONE', *, *, #3674, .F. ) ;
#3766 = AXIS2_PLACEMENT_3D ( 'NONE', #1377, #789, #5933 ) ;
#3767 = CARTESIAN_POINT ( 'NONE',  ( -0.5829999999999997407, 0.02999999999999999889, 0.2104999999999999372 ) ) ;
#3768 = LINE ( 'NONE', #3696, #3193 ) ;
#3769 = AXIS2_PLACEMENT_3D ( 'NONE', #3745, #4229, #2864 ) ;
#3770 = EDGE_CURVE ( 'NONE', #2188, #5526, #6545, .T. ) ;
#3771 = CARTESIAN_POINT ( 'NONE',  ( -0.05258112888381794719, 0.02999999999999999889, 0.1586384915194229972 ) ) ;
#3772 = CARTESIAN_POINT ( 'NONE',  ( 0.5830000000000000737, -0.03000000000000000583, -0.1751557465047203777 ) ) ;
#3773 = APPLICATION_CONTEXT ( 'automotive_design' ) ;
#3774 = EDGE_CURVE ( 'NONE', #5339, #1359, #5049, .T. ) ;
#3775 = ORIENTED_EDGE ( 'NONE', *, *, #310, .T. ) ;
#3776 = DIRECTION ( 'NONE',  ( 0.000000000000000000, 0.000000000000000000, -1.000000000000000000 ) ) ;
#3777 = CARTESIAN_POINT ( 'NONE',  ( 0.5630000000000001670, -0.01000000000000000021, 0.1954999999999999238 ) ) ;
#3778 = LINE ( 'NONE', #4758, #2685 ) ;
#3779 = CARTESIAN_POINT ( 'NONE',  ( -0.5400000000000000355, -0.06253937007874015019, 0.1825000000000000233 ) ) ;
#3780 = ORIENTED_EDGE ( 'NONE', *, *, #790, .T. ) ;
#3781 = VERTEX_POINT ( 'NONE', #3561 ) ;
#3782 = DIRECTION ( 'NONE',  ( -5.694819116737377075E-16, 0.000000000000000000, -1.000000000000000000 ) ) ;
#3783 = EDGE_CURVE ( 'NONE', #3204, #6265, #3089, .T. ) ;
#3784 = CARTESIAN_POINT ( 'NONE',  ( -0.4547214618548430232, -0.1226446889875180551, -0.02000000000000000736 ) ) ;
#3785 = CARTESIAN_POINT ( 'NONE',  ( -0.2165638865361896037, 0.02900000000000000147, 0.1206616394297427841 ) ) ;
#3786 = ORIENTED_EDGE ( 'NONE', *, *, #2420, .T. ) ;
#3787 = CARTESIAN_POINT ( 'NONE',  ( 0.5546019599457009397, -0.01000000000000000021, 0.2055000000000000437 ) ) ;
#3788 = ORIENTED_EDGE ( 'NONE', *, *, #3883, .T. ) ;
#3789 = VERTEX_POINT ( 'NONE', #994 ) ;
#3790 = ORIENTED_EDGE ( 'NONE', *, *, #2945, .T. ) ;
#3791 = CARTESIAN_POINT ( 'NONE',  ( -0.4514001219983384550, -0.05753732610467972297, -0.007500000000000005794 ) ) ;
#3792 = LINE ( 'NONE', #3151, #2804 ) ;
#3793 = FACE_OUTER_BOUND ( 'NONE', #5922, .T. ) ;
#3794 = DIRECTION ( 'NONE',  ( -0.6002339999662872350, 0.000000000000000000, -0.7998244465409086734 ) ) ;
#3795 = EDGE_LOOP ( 'NONE', ( #4865, #6206, #4685, #3966 ) ) ;
#3796 = DIRECTION ( 'NONE',  ( 0.8660254037844283825, 0.000000000000000000, -0.5000000000000179856 ) ) ;
#3797 = PLANE ( 'NONE',  #3960 ) ;
#3798 = PLANE ( 'NONE',  #1483 ) ;
#3799 = ORIENTED_EDGE ( 'NONE', *, *, #2573, .T. ) ;
#3800 = CARTESIAN_POINT ( 'NONE',  ( -0.5817188641684991612, -0.03000000000000000583, -0.2165664059910623884 ) ) ;
#3801 = CARTESIAN_POINT ( 'NONE',  ( 0.5830000000000000737, -0.02999999999999999889, 0.2104999999999999372 ) ) ;
#3802 = EDGE_CURVE ( 'NONE', #1599, #1781, #2064, .T. ) ;
#3803 = EDGE_CURVE ( 'NONE', #3237, #2482, #1526, .T. ) ;
#3804 = CARTESIAN_POINT ( 'NONE',  ( -0.4825059240680248940, -0.04999999999999447942, 0.02488995655296195875 ) ) ;
#3805 = FILL_AREA_STYLE ('',( #764 ) ) ;
#3806 = EDGE_CURVE ( 'NONE', #2128, #2748, #515, .T. ) ;
#3807 = ORIENTED_EDGE ( 'NONE', *, *, #4510, .T. ) ;
#3808 = VERTEX_POINT ( 'NONE', #3592 ) ;
#3809 = DIRECTION ( 'NONE',  ( 1.000000000000000000, 0.000000000000000000, 0.000000000000000000 ) ) ;
#3810 = DIRECTION ( 'NONE',  ( -0.000000000000000000, 1.000000000000000000, -0.000000000000000000 ) ) ;
#3811 = ORIENTED_EDGE ( 'NONE', *, *, #89, .T. ) ;
#3812 = EDGE_CURVE ( 'NONE', #2089, #1671, #2523, .T. ) ;
#3813 = DIRECTION ( 'NONE',  ( 1.000000000000000000, 0.000000000000000000, 0.000000000000000000 ) ) ;
#3814 = ORIENTED_EDGE ( 'NONE', *, *, #1265, .T. ) ;
#3815 = EDGE_LOOP ( 'NONE', ( #3887, #5779, #2862, #1142 ) ) ;
#3816 = ORIENTED_EDGE ( 'NONE', *, *, #612, .F. ) ;
#3817 = CARTESIAN_POINT ( 'NONE',  ( -0.4596807228996687700, -0.1220077196874157360, 0.007500000000000005794 ) ) ;
#3818 = DIRECTION ( 'NONE',  ( -0.000000000000000000, -0.000000000000000000, 1.000000000000000000 ) ) ;
#3819 = EDGE_CURVE ( 'NONE', #692, #415, #2495, .T. ) ;
#3820 = CARTESIAN_POINT ( 'NONE',  ( -0.1975811296288818852, 0.02999999999999999889, 0.03871159279835701544 ) ) ;
#3821 = ORIENTED_EDGE ( 'NONE', *, *, #2449, .F. ) ;
#3822 = DIRECTION ( 'NONE',  ( 0.000000000000000000, 0.000000000000000000, -1.000000000000000000 ) ) ;
#3823 = DIRECTION ( 'NONE',  ( -0.000000000000000000, -1.000000000000000000, -0.000000000000000000 ) ) ;
#3824 = CARTESIAN_POINT ( 'NONE',  ( -0.5696560208638262734, -0.02999999999999999889, 0.2254999999999999505 ) ) ;
#3825 = CARTESIAN_POINT ( 'NONE',  ( -0.4554940759319837662, -0.04000000000025272923, 0.01999999999999995878 ) ) ;
#3826 = ORIENTED_EDGE ( 'NONE', *, *, #5705, .T. ) ;
#3827 = FACE_OUTER_BOUND ( 'NONE', #1573, .T. ) ;
#3828 = CARTESIAN_POINT ( 'NONE',  ( -2.321011641818730166E-17, -0.01699999999995084610, 0.02000000000000003511 ) ) ;
#3829 = DIRECTION ( 'NONE',  ( 0.000000000000000000, 0.000000000000000000, -1.000000000000000000 ) ) ;
#3830 = FACE_OUTER_BOUND ( 'NONE', #4236, .T. ) ;
#3831 = ADVANCED_FACE ( 'NONE', ( #5119 ), #2574, .F. ) ;
#3832 = VERTEX_POINT ( 'NONE', #6249 ) ;
#3833 = DIRECTION ( 'NONE',  ( 0.4067366430708590497, 0.9135454576448007735, 0.000000000000000000 ) ) ;
#3834 = VECTOR ( 'NONE', #1097, 39.37007874015748143 ) ;
#3835 = DIRECTION ( 'NONE',  ( -0.000000000000000000, 1.000000000000000000, -0.000000000000000000 ) ) ;
#3836 = VECTOR ( 'NONE', #866, 39.37007874015748143 ) ;
#3837 = DIRECTION ( 'NONE',  ( -0.000000000000000000, -1.000000000000000000, -0.000000000000000000 ) ) ;
#3838 = AXIS2_PLACEMENT_3D ( 'NONE', #5763, #3208, #5237 ) ;
#3839 = ADVANCED_FACE ( 'NONE', ( #1765 ), #3798, .T. ) ;
#3840 = VERTEX_POINT ( 'NONE', #1889 ) ;
#3841 = AXIS2_PLACEMENT_3D ( 'NONE', #5007, #6568, #547 ) ;
#3842 = LINE ( 'NONE', #4934, #5858 ) ;
#3843 = VERTEX_POINT ( 'NONE', #1828 ) ;
#3844 = EDGE_CURVE ( 'NONE', #6235, #3204, #5908, .T. ) ;
#3845 = VERTEX_POINT ( 'NONE', #5352 ) ;
#3846 = PRODUCT_DEFINITION_FORMATION_WITH_SPECIFIED_SOURCE ( 'ANY', '', #5588, .NOT_KNOWN. ) ;
#3847 = VECTOR ( 'NONE', #3723, 39.37007874015748143 ) ;
#3849 = ORIENTED_EDGE ( 'NONE', *, *, #2952, .F. ) ;
#3848 = VECTOR ( 'NONE', #927, 39.37007874015748143 ) ;
#3850 = CARTESIAN_POINT ( 'NONE',  ( -0.05423922368174999981, 0.02999999999999999889, 0.08361383787912797516 ) ) ;
#3851 = EDGE_CURVE ( 'NONE', #719, #1478, #1710, .T. ) ;
#3852 = PRODUCT_CONTEXT ( 'NONE', #5913, 'mechanical' ) ;
#3853 = VECTOR ( 'NONE', #60, 39.37007874015748143 ) ;
#3854 = AXIS2_PLACEMENT_3D ( 'NONE', #1213, #245, #4736 ) ;
#3855 = DIRECTION ( 'NONE',  ( -0.000000000000000000, 1.000000000000000000, -0.000000000000000000 ) ) ;
#3856 = VECTOR ( 'NONE', #4487, 39.37007874015748854 ) ;
#3857 = DIRECTION ( 'NONE',  ( -0.000000000000000000, 1.000000000000000000, -0.000000000000000000 ) ) ;
#3858 = VECTOR ( 'NONE', #1423, 39.37007874015748143 ) ;
#3859 = ORIENTED_EDGE ( 'NONE', *, *, #6233, .F. ) ;
#3860 = DIRECTION ( 'NONE',  ( -1.000000000000000000, 0.000000000000000000, 0.000000000000000000 ) ) ;
#3861 = VECTOR ( 'NONE', #666, 39.37007874015748143 ) ;
#3862 = EDGE_CURVE ( 'NONE', #2096, #4283, #4435, .T. ) ;
#3863 = VECTOR ( 'NONE', #2223, 39.37007874015748854 ) ;
#3864 = CYLINDRICAL_SURFACE ( 'NONE', #6308, 0.009999999999741732842 ) ;
#3865 = CARTESIAN_POINT ( 'NONE',  ( -0.5389999999999999236, -0.6581268257145341805, 0.01999999999999985470 ) ) ;
#3866 = VECTOR ( 'NONE', #5068, 39.37007874015748143 ) ;
#3867 = LINE ( 'NONE', #1420, #2047 ) ;
#3868 = EDGE_LOOP ( 'NONE', ( #5122, #6147, #1499, #467 ) ) ;
#3869 = AXIS2_PLACEMENT_3D ( 'NONE', #1307, #5362, #1335 ) ;
#3870 = LINE ( 'NONE', #4826, #4804 ) ;
#3871 = LINE ( 'NONE', #6330, #5330 ) ;
#3872 = CYLINDRICAL_SURFACE ( 'NONE', #342, 0.07799999999999995826 ) ;
#3873 = DIRECTION ( 'NONE',  ( -0.2870425557484566070, 0.9579178311261326018, 0.000000000000000000 ) ) ;
#3874 = ORIENTED_EDGE ( 'NONE', *, *, #708, .T. ) ;
#3875 = PLANE ( 'NONE',  #5547 ) ;
#3876 = CARTESIAN_POINT ( 'NONE',  ( -0.3750507177994351071, 0.02900000000000000147, 0.1136659042658821062 ) ) ;
#3877 = ADVANCED_FACE ( 'NONE', ( #6510 ), #4946, .T. ) ;
#3878 = VERTEX_POINT ( 'NONE', #3328 ) ;
#3879 = CARTESIAN_POINT ( 'NONE',  ( -0.5999999999999998668, 0.000000000000000000, 0.2950000000000000400 ) ) ;
#3880 = ORIENTED_EDGE ( 'NONE', *, *, #202, .T. ) ;
#3881 = ORIENTED_EDGE ( 'NONE', *, *, #4433, .T. ) ;
#3882 = VERTEX_POINT ( 'NONE', #4466 ) ;
#3883 = EDGE_CURVE ( 'NONE', #3448, #766, #384, .T. ) ;
#3884 = ADVANCED_FACE ( 'NONE', ( #3383 ), #3892, .T. ) ;
#3885 = LINE ( 'NONE', #4870, #6082 ) ;
#3886 = CARTESIAN_POINT ( 'NONE',  ( -0.2575811305979760490, 0.02900000000000000147, 0.06572980324970299770 ) ) ;
#3887 = ORIENTED_EDGE ( 'NONE', *, *, #3630, .T. ) ;
#3888 = DIRECTION ( 'NONE',  ( 0.000000000000000000, 0.000000000000000000, 1.000000000000000000 ) ) ;
#3889 =( REPRESENTATION_RELATIONSHIP ('NONE','NONE', #5918, #3420 ) REPRESENTATION_RELATIONSHIP_WITH_TRANSFORMATION ( #5394 )SHAPE_REPRESENTATION_RELATIONSHIP( ) );
#3890 = LENGTH_MEASURE_WITH_UNIT ( LENGTH_MEASURE( 0.02539999999999999897 ), #2355 );
#3891 = FACE_OUTER_BOUND ( 'NONE', #4732, .T. ) ;
#3892 = CYLINDRICAL_SURFACE ( 'NONE', #1920, 0.01600000000000011482 ) ;
#3893 = ADVANCED_FACE ( 'NONE', ( #6379 ), #2326, .T. ) ;
#3894 = ORIENTED_EDGE ( 'NONE', *, *, #5566, .F. ) ;
#3895 = CYLINDRICAL_SURFACE ( 'NONE', #1835, 0.01600000000000011482 ) ;
#3896 = LINE ( 'NONE', #3296, #5427 ) ;
#3897 = DIRECTION ( 'NONE',  ( -5.694819116737377075E-16, 0.000000000000000000, -1.000000000000000000 ) ) ;
#3898 = CARTESIAN_POINT ( 'NONE',  ( -0.4554940759319748844, -0.01799999999995276212, 0.007500000000001148977 ) ) ;
#3899 = ORIENTED_EDGE ( 'NONE', *, *, #3802, .F. ) ;
#3900 = CARTESIAN_POINT ( 'NONE',  ( -0.2455811305979759829, 0.02900000000000000147, 0.09364342865847601061 ) ) ;
#3901 = CARTESIAN_POINT ( 'NONE',  ( -0.6075000000000000400, 0.07299999999999999545, -0.2949999999999999289 ) ) ;
#3902 = CARTESIAN_POINT ( 'NONE',  ( -0.5679999999999998384, 0.02999999999999999889, 0.2254999999999999505 ) ) ;
#3903 = EDGE_LOOP ( 'NONE', ( #3715, #1975, #6028, #3459 ) ) ;
#3904 = CARTESIAN_POINT ( 'NONE',  ( 0.5629999999999998339, -0.01000000000000001062, 1.451294246634139896E-16 ) ) ;
#3905 = ORIENTED_EDGE ( 'NONE', *, *, #1896, .F. ) ;
#3906 = ORIENTED_EDGE ( 'NONE', *, *, #125, .T. ) ;
#3907 = ORIENTED_EDGE ( 'NONE', *, *, #4836, .T. ) ;
#3908 = FACE_OUTER_BOUND ( 'NONE', #5084, .T. ) ;
#3909 = DIRECTION ( 'NONE',  ( 0.000000000000000000, 0.000000000000000000, -1.000000000000000000 ) ) ;
#3910 = CARTESIAN_POINT ( 'NONE',  ( 0.5950000000000000844, -0.06250000000000000000, 0.2224999999999999756 ) ) ;
#3911 = ORIENTED_EDGE ( 'NONE', *, *, #6223, .T. ) ;
#3912 = ADVANCED_FACE ( 'NONE', ( #2825 ), #3915, .F. ) ;
#3913 = CARTESIAN_POINT ( 'NONE',  ( -0.4825059240680248940, -0.04999999999999447942, 0.02488995655296195875 ) ) ;
#3914 = CARTESIAN_POINT ( 'NONE',  ( -0.05423922368174999981, 0.02900000000000000147, 0.08361383787912797516 ) ) ;
#3915 = PLANE ( 'NONE',  #3308 ) ;
#3916 = EDGE_LOOP ( 'NONE', ( #2081, #6448, #4517, #2667, #2842, #2868, #2854, #300, #4810, #4516, #2066, #629, #1046, #4831 ) ) ;
#3917 = EDGE_CURVE ( 'NONE', #400, #3397, #2450, .T. ) ;
#3918 = ORIENTED_EDGE ( 'NONE', *, *, #3153, .F. ) ;
#3919 = DIRECTION ( 'NONE',  ( 1.000000000000000000, -0.000000000000000000, 0.000000000000000000 ) ) ;
#3920 = LINE ( 'NONE', #854, #1722 ) ;
#3921 = ADVANCED_FACE ( 'NONE', ( #2852 ), #3946, .F. ) ;
#3922 = CARTESIAN_POINT ( 'NONE',  ( -0.4556041193790334454, -0.09026844900068288491, -0.05000000000000000278 ) ) ;
#3923 = CARTESIAN_POINT ( 'NONE',  ( -0.4464408609535127082, -0.05817429540478204208, -0.02000000000000000736 ) ) ;
#3924 = EDGE_LOOP ( 'NONE', ( #3663, #1395, #179, #4304 ) ) ;
#3925 = CARTESIAN_POINT ( 'NONE',  ( -0.4922126825129888861, -0.09154780028929483671, -0.02000000000000000389 ) ) ;
#3926 = CARTESIAN_POINT ( 'NONE',  ( -0.5999999999999998668, 0.04000000000000000083, -0.2949999999999999289 ) ) ;
#3927 = EDGE_CURVE ( 'NONE', #1634, #5584, #316, .T. ) ;
#3928 = DIRECTION ( 'NONE',  ( -0.1651453473117420467, 0.000000000000000000, 0.9862692402489717791 ) ) ;
#3929 = ORIENTED_EDGE ( 'NONE', *, *, #4180, .F. ) ;
#3930 = CARTESIAN_POINT ( 'NONE',  ( -0.1012485063478607145, 0.07299999999999999545, -0.5612639109547495897 ) ) ;
#3931 = EDGE_LOOP ( 'NONE', ( #4157, #4148, #1931, #1974 ) ) ;
#3932 = ORIENTED_EDGE ( 'NONE', *, *, #1654, .T. ) ;
#3933 = VECTOR ( 'NONE', #3492, 39.37007874015748854 ) ;
#3934 = ORIENTED_EDGE ( 'NONE', *, *, #1408, .T. ) ;
#3935 = LINE ( 'NONE', #3543, #6181 ) ;
#3936 = AXIS2_PLACEMENT_3D ( 'NONE', #744, #2689, #214 ) ;
#3937 = AXIS2_PLACEMENT_3D ( 'NONE', #3516, #1088, #509 ) ;
#3938 = AXIS2_PLACEMENT_3D ( 'NONE', #4482, #4054, #1490 ) ;
#3939 = VERTEX_POINT ( 'NONE', #4383 ) ;
#3940 = VECTOR ( 'NONE', #2525, 39.37007874015748143 ) ;
#3941 = CARTESIAN_POINT ( 'NONE',  ( -0.2405811301951271963, 0.02999999999999999889, 0.1206616397874109847 ) ) ;
#3942 = VECTOR ( 'NONE', #4613, 39.37007874015748143 ) ;
#3943 = DIRECTION ( 'NONE',  ( 0.000000000000000000, 0.000000000000000000, -1.000000000000000000 ) ) ;
#3944 = EDGE_CURVE ( 'NONE', #1367, #4262, #2392, .T. ) ;
#3945 = AXIS2_PLACEMENT_3D ( 'NONE', #2491, #3520, #5477 ) ;
#3946 = CYLINDRICAL_SURFACE ( 'NONE', #5631, 0.009999999999741802231 ) ;
#3947 = PRODUCT_DEFINITION_SHAPE ( 'NONE', 'NONE',  #6590 ) ;
#3948 = EDGE_LOOP ( 'NONE', ( #3012, #5978, #3811, #5463 ) ) ;
#3949 = VECTOR ( 'NONE', #5484, 39.37007874015748143 ) ;
#3950 = VERTEX_POINT ( 'NONE', #5401 ) ;
#3951 = CARTESIAN_POINT ( 'NONE',  ( -0.4370000000004461427, -0.03499999999999713757, 0.01999999999999995878 ) ) ;
#3952 = DIRECTION ( 'NONE',  ( 0.000000000000000000, -1.000000000000000000, 0.000000000000000000 ) ) ;
#3953 = STYLED_ITEM ( 'NONE', ( #2344 ), #5788 ) ;
#3954 = EDGE_CURVE ( 'NONE', #1964, #6497, #3457, .T. ) ;
#3955 = VECTOR ( 'NONE', #136, 39.37007874015748143 ) ;
#3956 = LINE ( 'NONE', #5886, #767 ) ;
#3957 = EDGE_CURVE ( 'NONE', #4863, #1359, #5443, .T. ) ;
#3958 = CARTESIAN_POINT ( 'NONE',  ( -0.3601115427994350249, 0.02900000000000000147, 0.1136659042658821062 ) ) ;
#3959 = EDGE_LOOP ( 'NONE', ( #5656, #4436, #5616, #3282 ) ) ;
#3960 = AXIS2_PLACEMENT_3D ( 'NONE', #657, #753, #4783 ) ;
#3961 = FACE_OUTER_BOUND ( 'NONE', #5495, .T. ) ;
#3962 = CIRCLE ( 'NONE', #4484, 0.009999999999741732842 ) ;
#3963 = CARTESIAN_POINT ( 'NONE',  ( -0.1995811308060771727, 0.02999999999999999889, 0.07968661587962798387 ) ) ;
#3964 = ORIENTED_EDGE ( 'NONE', *, *, #1362, .F. ) ;
#3965 = DIRECTION ( 'NONE',  ( 0.000000000000000000, 0.000000000000000000, 1.000000000000000000 ) ) ;
#3966 = ORIENTED_EDGE ( 'NONE', *, *, #2458, .F. ) ;
#3967 = EDGE_CURVE ( 'NONE', #4170, #3882, #356, .T. ) ;
#3968 = ORIENTED_EDGE ( 'NONE', *, *, #2974, .F. ) ;
#3969 = ORIENTED_EDGE ( 'NONE', *, *, #5586, .F. ) ;
#3970 = CARTESIAN_POINT ( 'NONE',  ( -0.5050982457491224320, -0.02799999999969451231, -0.05000000000000000278 ) ) ;
#3971 = DIRECTION ( 'NONE',  ( -0.000000000000000000, 1.000000000000000000, -0.000000000000000000 ) ) ;
#3972 = VERTEX_POINT ( 'NONE', #2949 ) ;
#3973 = EDGE_LOOP ( 'NONE', ( #5447, #3603, #6225, #3214 ) ) ;
#3974 = DIRECTION ( 'NONE',  ( 0.000000000000000000, 1.000000000000000000, -0.000000000000000000 ) ) ;
#3975 = SHAPE_REPRESENTATION_RELATIONSHIP ( 'NONE' , 'NONE' ,  #696, #2720 ) ;
#3976 = FACE_OUTER_BOUND ( 'NONE', #6463, .T. ) ;
#3977 = DIRECTION ( 'NONE',  ( 1.000000000000000000, 0.000000000000000000, 0.000000000000000000 ) ) ;
#3978 = FACE_OUTER_BOUND ( 'NONE', #5504, .T. ) ;
#3979 = ORIENTED_EDGE ( 'NONE', *, *, #4513, .T. ) ;
#3980 = ORIENTED_EDGE ( 'NONE', *, *, #502, .T. ) ;
#3981 = DIRECTION ( 'NONE',  ( -0.1273938600204659322, -0.9918522089651692353, -0.000000000000000000 ) ) ;
#3982 = CARTESIAN_POINT ( 'NONE',  ( -0.4825059240680248940, -0.04999999999999446554, -0.05000000000000000278 ) ) ;
#3983 = LINE ( 'NONE', #4009, #1507 ) ;
#3984 = LINE ( 'NONE', #3958, #1057 ) ;
#3985 = ORIENTED_EDGE ( 'NONE', *, *, #2403, .T. ) ;
#3986 = CARTESIAN_POINT ( 'NONE',  ( -0.4270000000004424701, -0.04500000000000078243, -0.01999999999999995878 ) ) ;
#3987 = DIRECTION ( 'NONE',  ( 0.000000000000000000, 0.000000000000000000, -1.000000000000000000 ) ) ;
#3988 = EDGE_CURVE ( 'NONE', #2841, #2966, #5949, .T. ) ;
#3989 = DIRECTION ( 'NONE',  ( -0.7071067811865462405, 0.000000000000000000, 0.7071067811865487940 ) ) ;
#3990 = ORIENTED_EDGE ( 'NONE', *, *, #6117, .T. ) ;
#3991 = CARTESIAN_POINT ( 'NONE',  ( -0.4956784302794605690, -0.03499999999999713757, -0.05000000000000000278 ) ) ;
#3992 = VERTEX_POINT ( 'NONE', #943 ) ;
#3993 = ORIENTED_EDGE ( 'NONE', *, *, #1056, .T. ) ;
#3994 = EDGE_LOOP ( 'NONE', ( #4921, #600, #1702, #1613, #4643, #3899, #5436, #2338 ) ) ;
#3995 = CARTESIAN_POINT ( 'NONE',  ( -0.5829999999999997407, -0.02999999999999999889, 0.2104999999999999372 ) ) ;
#3996 = ADVANCED_FACE ( 'NONE', ( #1044 ), #5107, .F. ) ;
#3997 = CARTESIAN_POINT ( 'NONE',  ( -0.1525811296288791252, 0.02900000000000000147, 0.08368418001421282226 ) ) ;
#3998 = ORIENTED_EDGE ( 'NONE', *, *, #4215, .T. ) ;
#3999 = ORIENTED_EDGE ( 'NONE', *, *, #3307, .T. ) ;
#4000 = CARTESIAN_POINT ( 'NONE',  ( -0.2405811308060771814, 0.02900000000000000147, 0.07968661587962798387 ) ) ;
#4001 = EDGE_CURVE ( 'NONE', #2636, #2933, #2619, .T. ) ;
#4002 = DIRECTION ( 'NONE',  ( 0.1273938600204643501, 0.9918522089651695683, -0.000000000000000000 ) ) ;
#4003 = CARTESIAN_POINT ( 'NONE',  ( -0.1075811293568539745, 0.02999999999999999889, 0.06869331760892578853 ) ) ;
#4004 = CARTESIAN_POINT ( 'NONE',  ( 0.5800000000000000711, 0.06250000000000000000, -0.2374999999999999889 ) ) ;
#4005 = ORIENTED_EDGE ( 'NONE', *, *, #6197, .T. ) ;
#4006 = ORIENTED_EDGE ( 'NONE', *, *, #294, .F. ) ;
#4007 = CARTESIAN_POINT ( 'NONE',  ( -0.5629999999999998339, -0.01000000000000000021, -0.1954999999999998683 ) ) ;
#4008 = DIRECTION ( 'NONE',  ( -0.000000000000000000, -0.000000000000000000, 1.000000000000000000 ) ) ;
#4009 = CARTESIAN_POINT ( 'NONE',  ( 0.5464999999999999858, 0.07299999999999999545, -0.3349999999999999090 ) ) ;
#4010 = CARTESIAN_POINT ( 'NONE',  ( -0.3792342799269071141, 0.02999999999999999889, 0.1386506756738059287 ) ) ;
#4011 = ORIENTED_EDGE ( 'NONE', *, *, #2893, .T. ) ;
#4012 = CARTESIAN_POINT ( 'NONE',  ( -0.5050982457491224320, -0.02799999999969451231, 0.01999999999999995878 ) ) ;
#4013 = CYLINDRICAL_SURFACE ( 'NONE', #1289, 0.01500000000000001159 ) ;
#4014 = DIRECTION ( 'NONE',  ( 0.000000000000000000, 0.000000000000000000, -1.000000000000000000 ) ) ;
#4015 = DIRECTION ( 'NONE',  ( 1.000000000000000000, 0.000000000000000000, -7.588466649067208502E-16 ) ) ;
#4016 = VERTEX_POINT ( 'NONE', #6133 ) ;
#4017 = ADVANCED_FACE ( 'NONE', ( #5040 ), #5500, .F. ) ;
#4018 = DIRECTION ( 'NONE',  ( 0.000000000000000000, 0.000000000000000000, -1.000000000000000000 ) ) ;
#4019 = ORIENTED_EDGE ( 'NONE', *, *, #2757, .F. ) ;
#4020 = ORIENTED_EDGE ( 'NONE', *, *, #1847, .T. ) ;
#4021 = VERTEX_POINT ( 'NONE', #4498 ) ;
#4022 = FACE_OUTER_BOUND ( 'NONE', #5518, .T. ) ;
#4023 = EDGE_CURVE ( 'NONE', #279, #4425, #2441, .T. ) ;
#4024 = LINE ( 'NONE', #5694, #968 ) ;
#4025 = EDGE_CURVE ( 'NONE', #6526, #5130, #2016, .T. ) ;
#4026 = LINE ( 'NONE', #3478, #1720 ) ;
#4027 = ORIENTED_EDGE ( 'NONE', *, *, #6446, .F. ) ;
#4028 = ORIENTED_EDGE ( 'NONE', *, *, #5102, .T. ) ;
#4029 = AXIS2_PLACEMENT_3D ( 'NONE', #3051, #1020, #1093 ) ;
#4030 = EDGE_CURVE ( 'NONE', #3500, #2222, #2514, .T. ) ;
#4031 = DIRECTION ( 'NONE',  ( 0.5198027200549755200, 0.8542863291797714309, -2.241063550704779402E-16 ) ) ;
#4032 = DIRECTION ( 'NONE',  ( 1.000000000000000000, 0.000000000000000000, 0.000000000000000000 ) ) ;
#4033 = ORIENTED_EDGE ( 'NONE', *, *, #3244, .F. ) ;
#4034 = FACE_OUTER_BOUND ( 'NONE', #1382, .T. ) ;
#4035 = VECTOR ( 'NONE', #1776, 39.37007874015748854 ) ;
#4036 = DIRECTION ( 'NONE',  ( -0.000000000000000000, -0.000000000000000000, 1.000000000000000000 ) ) ;
#4037 = LINE ( 'NONE', #1121, #5127 ) ;
#4038 = VECTOR ( 'NONE', #1818, 39.37007874015748143 ) ;
#4039 = ORIENTED_EDGE ( 'NONE', *, *, #2704, .T. ) ;
#4040 = EDGE_CURVE ( 'NONE', #1542, #2287, #4608, .T. ) ;
#4041 = EDGE_LOOP ( 'NONE', ( #3260, #3906, #2820, #4805 ) ) ;
#4042 = DIRECTION ( 'NONE',  ( -1.000000000000000000, 3.414809992168522193E-15, 0.000000000000000000 ) ) ;
#4043 = CARTESIAN_POINT ( 'NONE',  ( -0.2405811314170252235, 0.02900000000000000147, 0.03871159197184501771 ) ) ;
#4044 = AXIS2_PLACEMENT_3D ( 'NONE', #4293, #322, #6355 ) ;
#4045 = FACE_OUTER_BOUND ( 'NONE', #849, .T. ) ;
#4046 = DIRECTION ( 'NONE',  ( 0.000000000000000000, 0.000000000000000000, -1.000000000000000000 ) ) ;
#4047 = FACE_OUTER_BOUND ( 'NONE', #967, .T. ) ;
#4048 = VECTOR ( 'NONE', #1036, 39.37007874015748143 ) ;
#4049 = VECTOR ( 'NONE', #2707, 39.37007874015748143 ) ;
#4050 = ORIENTED_EDGE ( 'NONE', *, *, #1863, .T. ) ;
#4051 = CIRCLE ( 'NONE', #1192, 0.01500000000000001159 ) ;
#4052 = DIRECTION ( 'NONE',  ( 0.000000000000000000, 1.000000000000000000, 0.000000000000000000 ) ) ;
#4053 =( BOUNDED_CURVE ( )  B_SPLINE_CURVE ( 3, ( #991, #2520, #3024, #6073 ),
 .UNSPECIFIED., .F., .F. ) 
 B_SPLINE_CURVE_WITH_KNOTS ( ( 4, 4 ),
 ( 1.047197551154580575, 1.570796326771415341 ),
 .UNSPECIFIED. ) 
 CURVE ( )  GEOMETRIC_REPRESENTATION_ITEM ( )  RATIONAL_B_SPLINE_CURVE ( ( 1.000000000000000000, 0.9772838841911131169, 0.9772838841911131169, 1.000000000000000000 ) ) 
 REPRESENTATION_ITEM ( '' )  );
#4054 = DIRECTION ( 'NONE',  ( 0.000000000000000000, 0.000000000000000000, 1.000000000000000000 ) ) ;
#4055 = CIRCLE ( 'NONE', #4278, 0.01500000000000001159 ) ;
#4056 = CARTESIAN_POINT ( 'NONE',  ( -0.4506041193790127908, -0.08299999999995276434, -0.01999999999999995878 ) ) ;
#4057 = CIRCLE ( 'NONE', #6298, 0.01500000000000001159 ) ;
#4058 = CARTESIAN_POINT ( 'NONE',  ( -0.04170701623183504375, 0.02900000000000000147, 0.1398154487492210551 ) ) ;
#4059 = ORIENTED_EDGE ( 'NONE', *, *, #1525, .T. ) ;
#4060 = CARTESIAN_POINT ( 'NONE',  ( 0.5400000000000000355, -0.06250000000000000000, -0.1974999999999999811 ) ) ;
#4061 = ORIENTED_EDGE ( 'NONE', *, *, #1971, .T. ) ;
#4062 = DIMENSIONAL_EXPONENTS ( 1.000000000000000000, 0.000000000000000000, 0.000000000000000000, 0.000000000000000000, 0.000000000000000000, 0.000000000000000000, 0.000000000000000000 ) ;
#4063 = AXIS2_PLACEMENT_3D ( 'NONE', #5899, #4428, #838 ) ;
#4064 = ORIENTED_EDGE ( 'NONE', *, *, #6509, .F. ) ;
#4065 = EDGE_LOOP ( 'NONE', ( #3300, #6121, #1540, #3669 ) ) ;
#4066 = DIRECTION ( 'NONE',  ( 0.000000000000000000, 0.000000000000000000, 1.000000000000000000 ) ) ;
#4067 = EDGE_CURVE ( 'NONE', #1803, #692, #508, .T. ) ;
#4068 = LINE ( 'NONE', #5589, #4048 ) ;
#4069 = ORIENTED_EDGE ( 'NONE', *, *, #2319, .F. ) ;
#4070 = CARTESIAN_POINT ( 'NONE',  ( -0.2455811310141752246, 0.02900000000000000147, 0.06572980324970296995 ) ) ;
#4071 = VERTEX_POINT ( 'NONE', #4003 ) ;
#4072 = VERTEX_POINT ( 'NONE', #6032 ) ;
#4073 = CARTESIAN_POINT ( 'NONE',  ( -0.1075811296288820829, 0.02900000000000000147, 0.08368418001421282226 ) ) ;
#4074 = EDGE_CURVE ( 'NONE', #1462, #186, #2979, .T. ) ;
#4075 = EDGE_CURVE ( 'NONE', #3843, #650, #2545, .T. ) ;
#4076 = CARTESIAN_POINT ( 'NONE',  ( -0.4825059240680248940, -0.01799999999995276212, -0.02488995655296195875 ) ) ;
#4077 = CARTESIAN_POINT ( 'NONE',  ( -0.5550000000000000488, 0.02000000000000000042, 0.1975000000000000366 ) ) ;
#4078 = CARTESIAN_POINT ( 'NONE',  ( -0.4956784302794605690, -0.03499999999999713757, 0.01999999999999995878 ) ) ;
#4079 = VERTEX_POINT ( 'NONE', #2589 ) ;
#4080 = EDGE_LOOP ( 'NONE', ( #5773, #37, #2944, #6473 ) ) ;
#4081 = CARTESIAN_POINT ( 'NONE',  ( -0.3975811314170227817, 0.02999999999999999889, 0.03871159257497404360 ) ) ;
#4082 = CARTESIAN_POINT ( 'NONE',  ( -0.4825059240680248940, -0.6581268257145341805, -0.02500000000000014364 ) ) ;
#4083 = LINE ( 'NONE', #4614, #949 ) ;
#4084 = CARTESIAN_POINT ( 'NONE',  ( -0.05423922368174999981, 0.02900000000000000147, 0.08361383787912797516 ) ) ;
#4085 = ADVANCED_FACE ( 'NONE', ( #4565 ), #13, .F. ) ;
#4086 = CARTESIAN_POINT ( 'NONE',  ( -0.4973719679048782538, -0.1000269921222307068, -0.05000000000000000278 ) ) ;
#4087 = VERTEX_POINT ( 'NONE', #1085 ) ;
#4088 = CARTESIAN_POINT ( 'NONE',  ( -0.3975811314170227817, 0.02900000000000000147, 0.03871159257497404360 ) ) ;
#4089 = DIRECTION ( 'NONE',  ( 0.000000000000000000, 0.000000000000000000, -1.000000000000000000 ) ) ;
#4090 = DIRECTION ( 'NONE',  ( 0.000000000000000000, 0.000000000000000000, -1.000000000000000000 ) ) ;
#4091 = EDGE_CURVE ( 'NONE', #2509, #4591, #5535, .T. ) ;
#4092 = CARTESIAN_POINT ( 'NONE',  ( -0.3075811296288818442, 0.02999999999999999889, 0.1586384921643468338 ) ) ;
#4093 = ORIENTED_EDGE ( 'NONE', *, *, #915, .T. ) ;
#4094 = CARTESIAN_POINT ( 'NONE',  ( -0.4875059240680252315, 0.000000000000000000, -0.01999999999999983041 ) ) ;
#4095 = VERTEX_POINT ( 'NONE', #1446 ) ;
#4096 = ORIENTED_EDGE ( 'NONE', *, *, #4025, .F. ) ;
#4097 = VERTEX_POINT ( 'NONE', #1517 ) ;
#4098 = CARTESIAN_POINT ( 'NONE',  ( -0.5529999999999998250, -0.01000000000000000021, 0.2054999999999999882 ) ) ;
#4099 = CARTESIAN_POINT ( 'NONE',  ( 0.5825000000000001288, 0.06250000000000000000, 0.2104999999999999372 ) ) ;
#4100 = CARTESIAN_POINT ( 'NONE',  ( -0.1995811308060771727, 0.02999999999999999889, 0.07968661587962798387 ) ) ;
#4101 = ORIENTED_EDGE ( 'NONE', *, *, #267, .F. ) ;
#4102 = EDGE_LOOP ( 'NONE', ( #6455, #6203, #4893, #4006 ) ) ;
#4103 = DIRECTION ( 'NONE',  ( -2.845674993400330639E-16, 0.000000000000000000, -1.000000000000000000 ) ) ;
#4104 = DIRECTION ( 'NONE',  ( 1.000000000000000000, 0.000000000000000000, 0.000000000000000000 ) ) ;
#4105 = CARTESIAN_POINT ( 'NONE',  ( -0.3870000000000000107, 0.000000000000000000, 0.009499999999999895681 ) ) ;
#4106 = CARTESIAN_POINT ( 'NONE',  ( -0.4864724841416406820, -0.1185665760870778240, -0.007500000000000005794 ) ) ;
#4107 = ADVANCED_FACE ( 'NONE', ( #3484 ), #3551, .T. ) ;
#4108 = CARTESIAN_POINT ( 'NONE',  ( 0.5680000000000000604, 0.02999999999999999889, -0.2255000000000000338 ) ) ;
#4109 = VERTEX_POINT ( 'NONE', #50 ) ;
#4110 = DIRECTION ( 'NONE',  ( -0.000000000000000000, 1.000000000000000000, -0.000000000000000000 ) ) ;
#4111 = CARTESIAN_POINT ( 'NONE',  ( -0.5629999999999999449, -0.01000000000000000021, 0.1954999999997600879 ) ) ;
#4112 = LINE ( 'NONE', #4574, #3836 ) ;
#4113 = CARTESIAN_POINT ( 'NONE',  ( 0.5775000000000001243, 0.000000000000000000, -0.2949999999999999289 ) ) ;
#4114 = CARTESIAN_POINT ( 'NONE',  ( 0.5788735403296486615, -0.03000000000000001277, -0.2215465729337364187 ) ) ;
#4115 = EDGE_CURVE ( 'NONE', #5496, #2327, #6103, .T. ) ;
#4116 = VERTEX_POINT ( 'NONE', #3152 ) ;
#4117 = DIRECTION ( 'NONE',  ( -0.000000000000000000, 1.000000000000000000, -0.000000000000000000 ) ) ;
#4118 = FACE_OUTER_BOUND ( 'NONE', #2682, .T. ) ;
#4119 = EDGE_CURVE ( 'NONE', #6562, #4976, #2195, .T. ) ;
#4120 = DIRECTION ( 'NONE',  ( 0.000000000000000000, 0.000000000000000000, 1.000000000000000000 ) ) ;
#4121 = ORIENTED_EDGE ( 'NONE', *, *, #5930, .T. ) ;
#4122 = PRESENTATION_STYLE_ASSIGNMENT (( #4345 ) ) ;
#4123 = ORIENTED_EDGE ( 'NONE', *, *, #1718, .F. ) ;
#4124 = ORIENTED_EDGE ( 'NONE', *, *, #5841, .F. ) ;
#4125 = ORIENTED_EDGE ( 'NONE', *, *, #1584, .F. ) ;
#4126 = EDGE_CURVE ( 'NONE', #5925, #4095, #257, .T. ) ;
#4127 = LINE ( 'NONE', #5090, #3542 ) ;
#4128 = FACE_OUTER_BOUND ( 'NONE', #5510, .T. ) ;
#4129 = DIRECTION ( 'NONE',  ( -0.000000000000000000, -1.000000000000000000, 0.000000000000000000 ) ) ;
#4130 = CARTESIAN_POINT ( 'NONE',  ( 0.2835409975721848164, -0.03000000000000000930, 0.2254999999999999227 ) ) ;
#4131 = VERTEX_POINT ( 'NONE', #1148 ) ;
#4132 = EDGE_LOOP ( 'NONE', ( #1172, #2634, #5212, #1209 ) ) ;
#4133 = CARTESIAN_POINT ( 'NONE',  ( -0.5550000000000000488, 0.02000000000000000042, -0.1824999999999999956 ) ) ;
#4134 = DIRECTION ( 'NONE',  ( 1.997281400660895172E-17, 9.810210403992647147E-18, 1.000000000000000000 ) ) ;
#4135 = CARTESIAN_POINT ( 'NONE',  ( -0.5679999999999998384, 0.02999999999999999889, 0.2104999999999999372 ) ) ;
#4136 = CARTESIAN_POINT ( 'NONE',  ( -0.4991794919244595397, -0.03499999999999713063, 0.01999999999999995878 ) ) ;
#4137 = FACE_OUTER_BOUND ( 'NONE', #3731, .T. ) ;
#4138 = ORIENTED_EDGE ( 'NONE', *, *, #1618, .F. ) ;
#4139 = PLANE ( 'NONE',  #5758 ) ;
#4140 = CARTESIAN_POINT ( 'NONE',  ( -0.5949999999999997513, 0.06250000000000000000, 0.2374999999999999889 ) ) ;
#4141 = CARTESIAN_POINT ( 'NONE',  ( -0.4128553390593275307, 0.000000000000000000, -0.02500000000000012629 ) ) ;
#4142 =( GEOMETRIC_REPRESENTATION_CONTEXT ( 3 ) GLOBAL_UNCERTAINTY_ASSIGNED_CONTEXT ( ( #4629 ) ) GLOBAL_UNIT_ASSIGNED_CONTEXT ( ( #6376, #5905, #1349 ) ) REPRESENTATION_CONTEXT ( 'NONE', 'WORKASPACE' ) );
#4143 = ADVANCED_FACE ( 'NONE', ( #2724 ), #4242, .F. ) ;
#4144 = DIRECTION ( 'NONE',  ( -1.000000000000000000, 0.000000000000000000, 0.000000000000000000 ) ) ;
#4145 = VECTOR ( 'NONE', #1578, 39.37007874015748143 ) ;
#4146 = CARTESIAN_POINT ( 'NONE',  ( -0.4730258587994411457, -0.02999999999999999889, -0.2255000000000000338 ) ) ;
#4147 = AXIS2_PLACEMENT_3D ( 'NONE', #393, #2430, #3809 ) ;
#4148 = ORIENTED_EDGE ( 'NONE', *, *, #2626, .F. ) ;
#4149 = ADVANCED_FACE ( 'NONE', ( #3793 ), #685, .F. ) ;
#4150 = CYLINDRICAL_SURFACE ( 'NONE', #1073, 0.01500000000000001159 ) ;
#4151 = VECTOR ( 'NONE', #4292, 39.37007874015748143 ) ;
#4152 = EDGE_CURVE ( 'NONE', #1803, #4252, #3206, .T. ) ;
#4153 = VECTOR ( 'NONE', #3442, 39.37007874015748143 ) ;
#4154 = CARTESIAN_POINT ( 'NONE',  ( -0.3025811314170228083, 0.02900000000000000147, 0.1586384912141360626 ) ) ;
#4155 = VECTOR ( 'NONE', #4503, 39.37007874015748143 ) ;
#4156 = CARTESIAN_POINT ( 'NONE',  ( -0.1975811296288818852, 0.02900000000000000147, 0.1586384920406471166 ) ) ;
#4157 = ORIENTED_EDGE ( 'NONE', *, *, #904, .F. ) ;
#4158 = AXIS2_PLACEMENT_3D ( 'NONE', #3049, #4532, #2983 ) ;
#4159 = CARTESIAN_POINT ( 'NONE',  ( -0.4596807228996687700, -0.1220077196874157360, -0.02499999999999999098 ) ) ;
#4160 = ORIENTED_EDGE ( 'NONE', *, *, #2945, .F. ) ;
#4161 = VERTEX_POINT ( 'NONE', #6241 ) ;
#4162 = VECTOR ( 'NONE', #6488, 39.37007874015748143 ) ;
#4164 = DIRECTION ( 'NONE',  ( 0.000000000000000000, 0.000000000000000000, -1.000000000000000000 ) ) ;
#4163 = VECTOR ( 'NONE', #4694, 39.37007874015748143 ) ;
#4165 = CARTESIAN_POINT ( 'NONE',  ( -0.4514001219983384550, -0.05753732610467972297, 0.007500000000000005794 ) ) ;
#4166 = COLOUR_RGB ( '',0.7921568627450980005, 0.8196078431372548767, 0.9333333333333333481 ) ;
#4167 = DIRECTION ( 'NONE',  ( -0.7013454228941240487, 0.09008106230200131626, 0.7071067811865512365 ) ) ;
#4168 = FACE_OUTER_BOUND ( 'NONE', #907, .T. ) ;
#4169 = AXIS2_PLACEMENT_3D ( 'NONE', #3297, #5192, #762 ) ;
#4170 = VERTEX_POINT ( 'NONE', #2294 ) ;
#4171 = ADVANCED_FACE ( 'NONE', ( #717 ), #613, .T. ) ;
#4172 = CARTESIAN_POINT ( 'NONE',  ( 1.365923996832131609E-16, -0.02999999999999999889, -0.2255000000000002280 ) ) ;
#4173 = VERTEX_POINT ( 'NONE', #5179 ) ;
#4174 = VECTOR ( 'NONE', #1646, 39.37007874015748143 ) ;
#4175 = VERTEX_POINT ( 'NONE', #116 ) ;
#4176 = CARTESIAN_POINT ( 'NONE',  ( -0.5465000000000000968, 0.000000000000000000, -0.3349999999999999090 ) ) ;
#4177 = VECTOR ( 'NONE', #5533, 39.37007874015748143 ) ;
#4178 = SHAPE_DEFINITION_REPRESENTATION ( #3110, #3420 ) ;
#4179 = LINE ( 'NONE', #3121, #2585 ) ;
#4180 = EDGE_CURVE ( 'NONE', #6497, #1002, #3661, .T. ) ;
#4181 = FACE_OUTER_BOUND ( 'NONE', #3425, .T. ) ;
#4182 = LINE ( 'NONE', #2725, #4689 ) ;
#4183 = EDGE_LOOP ( 'NONE', ( #1754, #4123, #5065, #2847 ) ) ;
#4184 = DIRECTION ( 'NONE',  ( 1.000000000000000000, 0.000000000000000000, 0.000000000000000000 ) ) ;
#4185 = LINE ( 'NONE', #2653, #1930 ) ;
#4186 = CARTESIAN_POINT ( 'NONE',  ( -0.2575811314170221022, 0.02999999999999999889, 0.1206616397874109708 ) ) ;
#4187 = DIRECTION ( 'NONE',  ( 0.000000000000000000, 0.000000000000000000, -1.000000000000000000 ) ) ;
#4188 = CARTESIAN_POINT ( 'NONE',  ( 0.5630000000000001670, -0.01000000000000000021, 0.1970576027464089330 ) ) ;
#4189 = ORIENTED_EDGE ( 'NONE', *, *, #1471, .F. ) ;
#4190 = CARTESIAN_POINT ( 'NONE',  ( -0.5679999999999998384, -0.02999999999999999889, -0.2104999999999999094 ) ) ;
#4191 = DIRECTION ( 'NONE',  ( -0.000000000000000000, -0.000000000000000000, 1.000000000000000000 ) ) ;
#4192 = PLANE ( 'NONE',  #4169 ) ;
#4193 = FACE_OUTER_BOUND ( 'NONE', #1679, .T. ) ;
#4194 = ORIENTED_EDGE ( 'NONE', *, *, #3503, .T. ) ;
#4195 = EDGE_CURVE ( 'NONE', #2516, #819, #1822, .T. ) ;
#4196 = VERTEX_POINT ( 'NONE', #1723 ) ;
#4197 = DIRECTION ( 'NONE',  ( -0.000000000000000000, 0.000000000000000000, 1.000000000000000000 ) ) ;
#4198 = CARTESIAN_POINT ( 'NONE',  ( -0.1075811293568539745, 0.02999999999999999889, 0.05695609404474907128 ) ) ;
#4199 = DIRECTION ( 'NONE',  ( -0.000000000000000000, 0.000000000000000000, -1.000000000000000000 ) ) ;
#4200 = LINE ( 'NONE', #1750, #652 ) ;
#4201 = EDGE_LOOP ( 'NONE', ( #1641, #6431, #1099, #3654 ) ) ;
#4202 = CARTESIAN_POINT ( 'NONE',  ( 0.5630000000000001670, -0.01000000000000000021, -0.1970576027464089885 ) ) ;
#4203 = ORIENTED_EDGE ( 'NONE', *, *, #3967, .T. ) ;
#4204 = VERTEX_POINT ( 'NONE', #3722 ) ;
#4205 = VERTEX_POINT ( 'NONE', #3762 ) ;
#4206 = CARTESIAN_POINT ( 'NONE',  ( -0.4973719679048782538, -0.1000269921222307068, -0.05000000000000000278 ) ) ;
#4207 = EDGE_CURVE ( 'NONE', #1790, #4761, #3258, .T. ) ;
#4208 = APPLICATION_PROTOCOL_DEFINITION ( 'draft international standard', 'automotive_design', 1998, #3070 ) ;
#4209 = DIRECTION ( 'NONE',  ( 0.000000000000000000, 0.000000000000000000, -1.000000000000000000 ) ) ;
#4210 = DIRECTION ( 'NONE',  ( 0.000000000000000000, 0.000000000000000000, -1.000000000000000000 ) ) ;
#4211 = DIRECTION ( 'NONE',  ( -0.000000000000000000, 1.000000000000000000, -0.000000000000000000 ) ) ;
#4212 = EDGE_LOOP ( 'NONE', ( #640, #2679, #3380, #2197 ) ) ;
#4213 = CARTESIAN_POINT ( 'NONE',  ( -0.4991794919243110473, 0.000000000000000000, 0.02499999999999986261 ) ) ;
#4214 = LINE ( 'NONE', #54, #3526 ) ;
#4215 = EDGE_CURVE ( 'NONE', #775, #3281, #3286, .T. ) ;
#4216 = DIRECTION ( 'NONE',  ( 0.000000000000000000, 0.000000000000000000, -1.000000000000000000 ) ) ;
#4217 = PLANE ( 'NONE',  #6507 ) ;
#4218 = ADVANCED_BREP_SHAPE_REPRESENTATION ( '', ( #3454, #6377 ), #4142 ) ;
#4219 = CARTESIAN_POINT ( 'NONE',  ( -0.5824294046348631460, -0.03000000000000000583, -0.2159540468112389200 ) ) ;
#4220 = ORIENTED_EDGE ( 'NONE', *, *, #4001, .T. ) ;
#4221 = LINE ( 'NONE', #5716, #6393 ) ;
#4222 = DIRECTION ( 'NONE',  ( 0.000000000000000000, 0.000000000000000000, 1.000000000000000000 ) ) ;
#4223 = DIRECTION ( 'NONE',  ( 0.000000000000000000, -1.000000000000000000, 0.000000000000000000 ) ) ;
#4224 = CARTESIAN_POINT ( 'NONE',  ( -0.5674999999999998934, 0.02000000000000000042, -0.2255000000000000338 ) ) ;
#4225 =( NAMED_UNIT ( * ) SI_UNIT ( $, .STERADIAN. ) SOLID_ANGLE_UNIT ( ) );
#4226 = ORIENTED_EDGE ( 'NONE', *, *, #2836, .T. ) ;
#4227 = ORIENTED_EDGE ( 'NONE', *, *, #4560, .F. ) ;
#4228 = DIRECTION ( 'NONE',  ( -0.000000000000000000, -1.000000000000000000, 0.000000000000000000 ) ) ;
#4229 = DIRECTION ( 'NONE',  ( -1.000000000000000000, 0.000000000000000000, 0.000000000000000000 ) ) ;
#4230 = DIRECTION ( 'NONE',  ( -0.1273938600204659322, -0.9918522089651692353, -0.000000000000000000 ) ) ;
#4231 = EDGE_CURVE ( 'NONE', #799, #5556, #6167, .T. ) ;
#4232 = ORIENTED_EDGE ( 'NONE', *, *, #1688, .T. ) ;
#4233 = CARTESIAN_POINT ( 'NONE',  ( -0.5630000000000003890, -0.01000000000000000368, -0.09812715302459158739 ) ) ;
#4234 = ORIENTED_EDGE ( 'NONE', *, *, #1592, .F. ) ;
#4235 = ORIENTED_EDGE ( 'NONE', *, *, #5186, .F. ) ;
#4236 = EDGE_LOOP ( 'NONE', ( #2106, #2738, #905, #3799 ) ) ;
#4237 = EDGE_CURVE ( 'NONE', #5804, #6392, #2029, .T. ) ;
#4238 = PLANE ( 'NONE',  #3428 ) ;
#4239 = PRODUCT_CONTEXT ( 'NONE', #3070, 'mechanical' ) ;
#4240 = EDGE_CURVE ( 'NONE', #2501, #4021, #3517, .T. ) ;
#4241 = CARTESIAN_POINT ( 'NONE',  ( -0.3601115427994350249, 0.02900000000000000147, 0.1136659042658821062 ) ) ;
#4242 = PLANE ( 'NONE',  #3088 ) ;
#4243 = ADVANCED_FACE ( 'NONE', ( #4181 ), #6211, .T. ) ;
#4244 = LINE ( 'NONE', #1252, #761 ) ;
#4245 = VERTEX_POINT ( 'NONE', #4715 ) ;
#4246 = CARTESIAN_POINT ( 'NONE',  ( -0.1075811293568539745, 0.02900000000000000147, 0.06869331760892578853 ) ) ;
#4247 = CARTESIAN_POINT ( 'NONE',  ( -0.5629999999999999449, -0.01000000000000000021, 0.1954999999999999238 ) ) ;
#4248 = DIRECTION ( 'NONE',  ( -1.000000000000000000, 0.000000000000000000, -1.118754689867659589E-16 ) ) ;
#4249 = CARTESIAN_POINT ( 'NONE',  ( 0.5696560208638264955, -0.03000000000000000583, 0.2254999999999999227 ) ) ;
#4250 = EDGE_CURVE ( 'NONE', #4204, #3567, #1183, .T. ) ;
#4251 = VECTOR ( 'NONE', #95, 39.37007874015748143 ) ;
#4252 = VERTEX_POINT ( 'NONE', #1415 ) ;
#4253 = VECTOR ( 'NONE', #6361, 39.37007874015748143 ) ;
#4254 = DIRECTION ( 'NONE',  ( 0.000000000000000000, 0.000000000000000000, 1.000000000000000000 ) ) ;
#4255 = CARTESIAN_POINT ( 'NONE',  ( -0.2405811314170252235, 0.02999999999999999889, 0.03871159197184498996 ) ) ;
#4256 = VECTOR ( 'NONE', #5595, 39.37007874015748143 ) ;
#4257 = CARTESIAN_POINT ( 'NONE',  ( -0.5679999999999998384, -0.02999999999999999889, 0.2254999999999999505 ) ) ;
#4258 = PRODUCT_DEFINITION_FORMATION_WITH_SPECIFIED_SOURCE ( 'ANY', '', #6445, .NOT_KNOWN. ) ;
#4259 = CARTESIAN_POINT ( 'NONE',  ( 0.5530000000000000471, -0.01000000000000000021, 0.1955000000000000071 ) ) ;
#4260 = VECTOR ( 'NONE', #1549, 39.37007874015748143 ) ;
#4261 = AXIS2_PLACEMENT_3D ( 'NONE', #5919, #365, #5947 ) ;
#4262 = VERTEX_POINT ( 'NONE', #2413 ) ;
#4263 = VERTEX_POINT ( 'NONE', #5347 ) ;
#4264 = CIRCLE ( 'NONE', #224, 0.009999999999741732842 ) ;
#4265 = CARTESIAN_POINT ( 'NONE',  ( -0.5799999999999998490, 0.06250000000000000000, -0.2225000000000000033 ) ) ;
#4266 = CARTESIAN_POINT ( 'NONE',  ( -0.5716171317586067335, -0.02999999999999999542, 0.2252102331253844070 ) ) ;
#4267 = VECTOR ( 'NONE', #1452, 39.37007874015748143 ) ;
#4268 = CARTESIAN_POINT ( 'NONE',  ( -0.2176504905979775306, 0.03000000000000000930, 0.09364342824252855357 ) ) ;
#4269 = AXIS2_PLACEMENT_3D ( 'NONE', #1667, #663, #2701 ) ;
#4270 = EDGE_LOOP ( 'NONE', ( #1275, #5388, #67, #2713 ) ) ;
#4271 = CARTESIAN_POINT ( 'NONE',  ( -0.5629999999999993898, -0.009999999999999995004, -2.561107494060246767E-17 ) ) ;
#4272 = VERTEX_POINT ( 'NONE', #5929 ) ;
#4273 = ORIENTED_EDGE ( 'NONE', *, *, #3185, .T. ) ;
#4274 = VERTEX_POINT ( 'NONE', #1788 ) ;
#4275 = EDGE_CURVE ( 'NONE', #1779, #2001, #5968, .T. ) ;
#4276 = VECTOR ( 'NONE', #3860, 39.37007874015748143 ) ;
#4277 = ITEM_DEFINED_TRANSFORMATION ( 'NONE', 'NONE', #4456,  #6377 ) ;
#4278 = AXIS2_PLACEMENT_3D ( 'NONE', #4295, #3735, #6331 ) ;
#4279 = CARTESIAN_POINT ( 'NONE',  ( 0.5749053955600488264, -0.02999999999999998848, 0.2238696293228610579 ) ) ;
#4280 = AXIS2_PLACEMENT_3D ( 'NONE', #5691, #1035, #4066 ) ;
#4281 = CARTESIAN_POINT ( 'NONE',  ( 0.5675000000000001155, 0.06250000000000000000, 0.2104999999999999372 ) ) ;
#4282 = CARTESIAN_POINT ( 'NONE',  ( -0.2405811301951271963, 0.02900000000000000147, 0.1206616397874109847 ) ) ;
#4283 = VERTEX_POINT ( 'NONE', #3820 ) ;
#4284 = ADVANCED_FACE ( 'NONE', ( #6373 ), #309, .F. ) ;
#4285 = ADVANCED_FACE ( 'NONE', ( #1345, #912 ), #4429, .F. ) ;
#4286 = CARTESIAN_POINT ( 'NONE',  ( -0.3750507177994351071, 0.02999999999999999195, 0.1136659042658821062 ) ) ;
#4287 = DIRECTION ( 'NONE',  ( 0.000000000000000000, -0.000000000000000000, 1.000000000000000000 ) ) ;
#4288 = VECTOR ( 'NONE', #2915, 39.37007874015748143 ) ;
#4289 = CARTESIAN_POINT ( 'NONE',  ( 0.5950000000000000844, -0.06250000000000000000, 0.2374999999999999889 ) ) ;
#4290 = CARTESIAN_POINT ( 'NONE',  ( 3.073328992872296367E-16, -0.02999999999999998848, 0.2255000000000000893 ) ) ;
#4291 = VERTEX_POINT ( 'NONE', #3910 ) ;
#4292 = DIRECTION ( 'NONE',  ( -0.2426747704636185721, 0.000000000000000000, -0.9701077031858008626 ) ) ;
#4293 = CARTESIAN_POINT ( 'NONE',  ( -0.3870000000000000107, -0.6581268257145341805, 0.009499999999999892211 ) ) ;
#4294 = EDGE_CURVE ( 'NONE', #5298, #3599, #4941, .T. ) ;
#4295 = CARTESIAN_POINT ( 'NONE',  ( 0.5800000000000000711, -0.06250000000000000000, -0.2224999999999999756 ) ) ;
#4296 = DIRECTION ( 'NONE',  ( 1.000000000000000000, 0.000000000000000000, -7.325937605025347201E-16 ) ) ;
#4297 = ORIENTED_EDGE ( 'NONE', *, *, #295, .F. ) ;
#4298 = VERTEX_POINT ( 'NONE', #1371 ) ;
#4299 = LINE ( 'NONE', #172, #955 ) ;
#4300 = DIRECTION ( 'NONE',  ( 0.000000000000000000, 0.000000000000000000, -1.000000000000000000 ) ) ;
#4301 = CARTESIAN_POINT ( 'NONE',  ( -0.4823958806210053574, -0.08682730540034495903, 0.02499999999999999098 ) ) ;
#4302 = ORIENTED_EDGE ( 'NONE', *, *, #811, .T. ) ;
#4303 = PLANE ( 'NONE',  #1612 ) ;
#4304 = ORIENTED_EDGE ( 'NONE', *, *, #1032, .F. ) ;
#4305 = ORIENTED_EDGE ( 'NONE', *, *, #5699, .T. ) ;
#4306 = ORIENTED_EDGE ( 'NONE', *, *, #1562, .T. ) ;
#4307 = DIRECTION ( 'NONE',  ( -1.000000000000000000, 0.000000000000000000, -0.000000000000000000 ) ) ;
#4308 = CONTEXT_DEPENDENT_SHAPE_REPRESENTATION ( #3678, #3421 ) ;
#4309 = CARTESIAN_POINT ( 'NONE',  ( -0.09758112888381909045, 0.02900000000000000147, 0.1586384915194230805 ) ) ;
#4310 = PLANE ( 'NONE',  #5327 ) ;
#4311 = ORIENTED_EDGE ( 'NONE', *, *, #3697, .F. ) ;
#4312 = CARTESIAN_POINT ( 'NONE',  ( -0.4991794919244595397, -0.03499999999999711675, -0.01999999999999995878 ) ) ;
#4313 = CARTESIAN_POINT ( 'NONE',  ( -0.5775000000000001243, 0.07299999999999999545, -0.2949999999999999289 ) ) ;
#4314 = EDGE_CURVE ( 'NONE', #766, #1075, #2322, .T. ) ;
#4315 = EDGE_CURVE ( 'NONE', #2001, #4594, #1281, .T. ) ;
#4316 = CARTESIAN_POINT ( 'NONE',  ( -0.5629999999999993898, -0.009999999999999995004, -2.561107494060246767E-17 ) ) ;
#4317 = ORIENTED_EDGE ( 'NONE', *, *, #5876, .T. ) ;
#4318 = DIRECTION ( 'NONE',  ( -0.8658934309843472343, 0.000000000000000000, -0.5002285139595260555 ) ) ;
#4319 = DIRECTION ( 'NONE',  ( -0.7099933039027200854, 0.000000000000000000, 0.7042084268263902880 ) ) ;
#4320 = ADVANCED_FACE ( 'NONE', ( #4338 ), #6440, .T. ) ;
#4321 = DIRECTION ( 'NONE',  ( 0.9918522089651692353, -0.1273938600204665705, -5.509863910362392687E-16 ) ) ;
#4322 = EDGE_CURVE ( 'NONE', #4501, #1016, #282, .T. ) ;
#4323 = DIRECTION ( 'NONE',  ( -0.6908835603800721481, 0.000000000000000000, -0.7229660476098136446 ) ) ;
#4324 = ADVANCED_FACE ( 'NONE', ( #5396 ), #6414, .F. ) ;
#4325 = ORIENTED_EDGE ( 'NONE', *, *, #3630, .F. ) ;
#4326 = LINE ( 'NONE', #5824, #5324 ) ;
#4327 = LINE ( 'NONE', #3303, #557 ) ;
#4328 = CARTESIAN_POINT ( 'NONE',  ( -0.5829999999999997407, -0.02999999999999999889, 0.2104999999999999372 ) ) ;
#4329 = EDGE_LOOP ( 'NONE', ( #5802, #3314, #1040, #1271, #131, #96, #5769, #5273 ) ) ;
#4330 = CARTESIAN_POINT ( 'NONE',  ( 0.5830000000000011839, -0.02999999999999999195, 0.1048628941893930827 ) ) ;
#4331 = ORIENTED_EDGE ( 'NONE', *, *, #2411, .F. ) ;
#4332 = EDGE_CURVE ( 'NONE', #2966, #2283, #887, .T. ) ;
#4333 = EDGE_LOOP ( 'NONE', ( #3470, #5896, #1811, #4807 ) ) ;
#4334 = EDGE_LOOP ( 'NONE', ( #5846, #963, #6333, #5660 ) ) ;
#4335 =( CONVERSION_BASED_UNIT ( 'INCH', #3315 ) LENGTH_UNIT ( ) NAMED_UNIT ( #6099 ) );
#4336 = SHAPE_DEFINITION_REPRESENTATION ( #6548, #4546 ) ;
#4337 = DIRECTION ( 'NONE',  ( 0.000000000000000000, 0.000000000000000000, -1.000000000000000000 ) ) ;
#4338 = FACE_OUTER_BOUND ( 'NONE', #2781, .T. ) ;
#4339 = ADVANCED_FACE ( 'NONE', ( #4845 ), #4310, .T. ) ;
#4340 = EDGE_LOOP ( 'NONE', ( #1922, #5833, #2541 ) ) ;
#4341 = LINE ( 'NONE', #1348, #12 ) ;
#4342 = DIRECTION ( 'NONE',  ( 0.9918522089651692353, -0.1273938600204659599, -1.797492595166652411E-16 ) ) ;
#4343 = CARTESIAN_POINT ( 'NONE',  ( -0.1995811308060771727, 0.03000000000000000236, 0.1036892288826527508 ) ) ;
#4344 = DIRECTION ( 'NONE',  ( -1.000000000000000000, 0.000000000000000000, -1.118754689867659589E-16 ) ) ;
#4345 = SURFACE_STYLE_USAGE ( .BOTH. , #2103 ) ;
#4346 = ORIENTED_EDGE ( 'NONE', *, *, #1983, .F. ) ;
#4347 = CARTESIAN_POINT ( 'NONE',  ( -0.1075811296288820829, 0.02999999999999999889, 0.1286567672300730492 ) ) ;
#4348 = DIRECTION ( 'NONE',  ( -8.537024980200821818E-14, 0.000000000000000000, 1.000000000000000000 ) ) ;
#4349 = EDGE_CURVE ( 'NONE', #119, #169, #2986, .T. ) ;
#4350 = DIRECTION ( 'NONE',  ( 1.000000000000000000, 0.000000000000000000, 0.000000000000000000 ) ) ;
#4351 = DIRECTION ( 'NONE',  ( -0.5000000000000178746, -0.000000000000000000, -0.8660254037844281605 ) ) ;
#4352 = VECTOR ( 'NONE', #5679, 39.37007874015748143 ) ;
#4353 = ORIENTED_EDGE ( 'NONE', *, *, #1676, .F. ) ;
#4354 = DIRECTION ( 'NONE',  ( -0.000000000000000000, -1.000000000000000000, -0.000000000000000000 ) ) ;
#4355 = ADVANCED_FACE ( 'NONE', ( #5873 ), #4402, .F. ) ;
#4356 = VECTOR ( 'NONE', #6040, 39.37007874015748143 ) ;
#4357 = DIRECTION ( 'NONE',  ( -0.9135454576426190743, -0.4067366430757594631, 0.000000000000000000 ) ) ;
#4358 = CARTESIAN_POINT ( 'NONE',  ( -0.1975811296288818852, 0.02900000000000000147, 0.03871159279835701544 ) ) ;
#4359 = VECTOR ( 'NONE', #4700, 39.37007874015748143 ) ;
#4360 = ORIENTED_EDGE ( 'NONE', *, *, #4404, .F. ) ;
#4361 = DIRECTION ( 'NONE',  ( -0.4530316467412862647, 0.000000000000000000, 0.8914944346718484125 ) ) ;
#4362 = ORIENTED_EDGE ( 'NONE', *, *, #4427, .F. ) ;
#4363 = EDGE_LOOP ( 'NONE', ( #5391, #4556, #2473, #2010 ) ) ;
#4365 = ORIENTED_EDGE ( 'NONE', *, *, #5082, .T. ) ;
#4364 = AXIS2_PLACEMENT_3D ( 'NONE', #4571, #3952, #4950 ) ;
#4366 = CARTESIAN_POINT ( 'NONE',  ( -0.5400000000000000355, 0.02000000000000000042, -0.1974999999999999811 ) ) ;
#4367 = CONTEXT_DEPENDENT_SHAPE_REPRESENTATION ( #1632, #6016 ) ;
#4368 = AXIS2_PLACEMENT_3D ( 'NONE', #2629, #1201, #5260 ) ;
#4369 = EDGE_CURVE ( 'NONE', #4635, #5042, #1585, .T. ) ;
#4370 = AXIS2_PLACEMENT_3D ( 'NONE', #3248, #3304, #675 ) ;
#4371 = DIRECTION ( 'NONE',  ( -0.7071067811865517916, 0.000000000000000000, -0.7071067811865433539 ) ) ;
#4372 = VECTOR ( 'NONE', #3813, 39.37007874015748143 ) ;
#4373 = CARTESIAN_POINT ( 'NONE',  ( -0.5775000000000001243, 0.000000000000000000, -0.2949999999999999289 ) ) ;
#4374 = AXIS2_PLACEMENT_3D ( 'NONE', #2060, #5073, #4612 ) ;
#4375 = ORIENTED_EDGE ( 'NONE', *, *, #125, .F. ) ;
#4376 = CARTESIAN_POINT ( 'NONE',  ( -0.3870000000000000662, -0.01699999999995080793, -0.03450000000000008615 ) ) ;
#4377 = CIRCLE ( 'NONE', #2046, 0.01500000000000001159 ) ;
#4378 = STYLED_ITEM ( 'NONE', ( #4122 ), #1258 ) ;
#4379 = LINE ( 'NONE', #2390, #2133 ) ;
#4380 = ADVANCED_FACE ( 'NONE', ( #5370 ), #4521, .T. ) ;
#4381 = CIRCLE ( 'NONE', #4702, 0.009999999999741732842 ) ;
#4382 = CARTESIAN_POINT ( 'NONE',  ( -0.5283427079961680040, 0.000000000000000000, -0.02083678392814293859 ) ) ;
#4383 = CARTESIAN_POINT ( 'NONE',  ( -0.4596807228996687700, -0.1220077196874157360, 0.02499999999999999098 ) ) ;
#4384 = VECTOR ( 'NONE', #2588, 39.37007874015748143 ) ;
#4385 = CARTESIAN_POINT ( 'NONE',  ( -0.1212728463428409675, 0.02900000000000000147, 0.03871159279835702238 ) ) ;
#4386 = ORIENTED_EDGE ( 'NONE', *, *, #5739, .F. ) ;
#4387 = CARTESIAN_POINT ( 'NONE',  ( 0.000000000000000000, 0.02900000000000000147, 0.000000000000000000 ) ) ;
#4388 = FACE_OUTER_BOUND ( 'NONE', #4853, .T. ) ;
#4389 = CARTESIAN_POINT ( 'NONE',  ( -0.4046776695296636639, -0.01699999999995080793, 0.01682233047033616577 ) ) ;
#4390 = LINE ( 'NONE', #4442, #3082 ) ;
#4391 = ORIENTED_EDGE ( 'NONE', *, *, #3719, .T. ) ;
#4392 = DIRECTION ( 'NONE',  ( 0.000000000000000000, 0.000000000000000000, -1.000000000000000000 ) ) ;
#4393 = CARTESIAN_POINT ( 'NONE',  ( -0.06713361345827008331, 0.02999999999999999889, 0.1059339717628571126 ) ) ;
#4394 = CARTESIAN_POINT ( 'NONE',  ( -0.1975811296288818852, 0.02999999999999999889, 0.03871159279835701544 ) ) ;
#4395 = ORIENTED_EDGE ( 'NONE', *, *, #2193, .F. ) ;
#4396 = EDGE_CURVE ( 'NONE', #5555, #2011, #3595, .T. ) ;
#4397 = DIRECTION ( 'NONE',  ( 1.000000000000000000, 0.000000000000000000, 0.000000000000000000 ) ) ;
#4398 = ORIENTED_EDGE ( 'NONE', *, *, #18, .F. ) ;
#4399 = ORIENTED_EDGE ( 'NONE', *, *, #2723, .F. ) ;
#4400 = VERTEX_POINT ( 'NONE', #3574 ) ;
#4401 = CARTESIAN_POINT ( 'NONE',  ( -0.5385692905699326349, 0.02999999999999999889, 0.1709264543384062252 ) ) ;
#4402 = CYLINDRICAL_SURFACE ( 'NONE', #5229, 0.01500000000000001159 ) ;
#4403 = ORIENTED_EDGE ( 'NONE', *, *, #2002, .F. ) ;
#4404 = EDGE_CURVE ( 'NONE', #701, #3650, #4026, .T. ) ;
#4405 = DIRECTION ( 'NONE',  ( 1.000000000000000000, 8.537024980200796673E-17, 0.000000000000000000 ) ) ;
#4406 = DIRECTION ( 'NONE',  ( 5.694819116737623594E-16, 0.000000000000000000, 1.000000000000000000 ) ) ;
#4407 = CARTESIAN_POINT ( 'NONE',  ( -0.5592819573868333949, 0.02999999999999999889, 0.2068018456255253101 ) ) ;
#4408 = DIRECTION ( 'NONE',  ( 0.000000000000000000, 0.000000000000000000, 1.000000000000000000 ) ) ;
#4409 = ORIENTED_EDGE ( 'NONE', *, *, #2988, .F. ) ;
#4410 = ADVANCED_FACE ( 'NONE', ( #6127 ), #2539, .T. ) ;
#4411 = ORIENTED_EDGE ( 'NONE', *, *, #2626, .T. ) ;
#4412 = FACE_OUTER_BOUND ( 'NONE', #3101, .T. ) ;
#4413 = CARTESIAN_POINT ( 'NONE',  ( -0.4506041193790127908, -0.04872286219708305000, 0.01999999999999995878 ) ) ;
#4414 = LINE ( 'NONE', #3922, #1836 ) ;
#4415 = CARTESIAN_POINT ( 'NONE',  ( -0.4596807228996687700, -0.1220077196874157360, 0.007500000000000005794 ) ) ;
#4416 = VERTEX_POINT ( 'NONE', #3040 ) ;
#4417 = FACE_OUTER_BOUND ( 'NONE', #1813, .T. ) ;
#4418 = DIRECTION ( 'NONE',  ( 0.1651453473117645565, 0.000000000000000000, -0.9862692402489680044 ) ) ;
#4419 = FACE_OUTER_BOUND ( 'NONE', #4334, .T. ) ;
#4420 = ORIENTED_EDGE ( 'NONE', *, *, #2052, .F. ) ;
#4421 = CARTESIAN_POINT ( 'NONE',  ( 0.5830000000000001847, -0.03000000000000000930, -0.2104999999894311136 ) ) ;
#4422 = ORIENTED_EDGE ( 'NONE', *, *, #612, .T. ) ;
#4423 =( REPRESENTATION_RELATIONSHIP ('NONE','NONE', #5918, #696 ) REPRESENTATION_RELATIONSHIP_WITH_TRANSFORMATION ( #5898 )SHAPE_REPRESENTATION_RELATIONSHIP( ) );
#4424 = ORIENTED_EDGE ( 'NONE', *, *, #1728, .F. ) ;
#4425 = VERTEX_POINT ( 'NONE', #4070 ) ;
#4426 = CARTESIAN_POINT ( 'NONE',  ( -0.4914317451864665398, -0.1179296067869755049, 0.02000000000000000042 ) ) ;
#4427 = EDGE_CURVE ( 'NONE', #3272, #3299, #4688, .T. ) ;
#4428 = DIRECTION ( 'NONE',  ( -5.464970690590405400E-16, 7.019228317285238464E-17, 1.000000000000000000 ) ) ;
#4429 = PLANE ( 'NONE',  #4681 ) ;
#4430 = ORIENTED_EDGE ( 'NONE', *, *, #1884, .F. ) ;
#4431 = EDGE_CURVE ( 'NONE', #2636, #5830, #3011, .T. ) ;
#4432 = CARTESIAN_POINT ( 'NONE',  ( 0.5796010826746790245, -0.02999999999999999889, -0.2200096197086611471 ) ) ;
#4433 = EDGE_CURVE ( 'NONE', #5171, #5056, #6026, .T. ) ;
#4434 = DIRECTION ( 'NONE',  ( 0.4530316467412862647, -0.000000000000000000, 0.8914944346718483015 ) ) ;
#4435 = LINE ( 'NONE', #2921, #3623 ) ;
#4436 = ORIENTED_EDGE ( 'NONE', *, *, #5783, .F. ) ;
#4437 = ORIENTED_EDGE ( 'NONE', *, *, #93, .T. ) ;
#4438 = DIRECTION ( 'NONE',  ( -1.000000000000000000, 0.000000000000000000, 0.000000000000000000 ) ) ;
#4439 = PLANE ( 'NONE',  #4364 ) ;
#4440 = CARTESIAN_POINT ( 'NONE',  ( -0.5385692905699326349, 0.02900000000000000147, 0.1709264543384062252 ) ) ;
#4441 = EDGE_CURVE ( 'NONE', #5496, #5800, #5525, .T. ) ;
#4442 = CARTESIAN_POINT ( 'NONE',  ( -0.5385692905699326349, 0.02900000000000000147, 0.1709264543384062252 ) ) ;
#4443 = EDGE_LOOP ( 'NONE', ( #1876, #405, #5421, #3601 ) ) ;
#4444 = CARTESIAN_POINT ( 'NONE',  ( 0.1893333333332307689, -0.02999999999999998154, -0.2255000000000000338 ) ) ;
#4445 = CARTESIAN_POINT ( 'NONE',  ( 0.07799999999999999989, 0.000000000000000000, -0.5469999999999998197 ) ) ;
#4446 = ADVANCED_FACE ( 'NONE', ( #5559 ), #4455, .T. ) ;
#4447 = EDGE_LOOP ( 'NONE', ( #3345, #2253, #1809, #807 ) ) ;
#4448 = DIRECTION ( 'NONE',  ( 0.000000000000000000, 0.000000000000000000, -1.000000000000000000 ) ) ;
#4449 = VERTEX_POINT ( 'NONE', #6094 ) ;
#4450 = ORIENTED_EDGE ( 'NONE', *, *, #380, .F. ) ;
#4451 = PRESENTATION_LAYER_ASSIGNMENT (  '', '', ( #420 ) ) ;
#4452 = ORIENTED_EDGE ( 'NONE', *, *, #5659, .T. ) ;
#4453 = DIRECTION ( 'NONE',  ( -1.000000000000000000, 0.000000000000000000, -0.000000000000000000 ) ) ;
#4454 = VECTOR ( 'NONE', #4917, 39.37007874015748143 ) ;
#4455 = CYLINDRICAL_SURFACE ( 'NONE', #3094, 0.01500000000000001159 ) ;
#4456 = AXIS2_PLACEMENT_3D ( 'NONE', #1042, #5100, #5037 ) ;
#4457 = ORIENTED_EDGE ( 'NONE', *, *, #4653, .T. ) ;
#4458 = CIRCLE ( 'NONE', #4997, 0.01500000000000001159 ) ;
#4459 = ORIENTED_EDGE ( 'NONE', *, *, #3379, .F. ) ;
#4460 = AXIS2_PLACEMENT_3D ( 'NONE', #1767, #165, #5750 ) ;
#4461 = DIRECTION ( 'NONE',  ( -1.000000000000000000, 0.000000000000000000, 1.376939512935668684E-16 ) ) ;
#4462 =( NAMED_UNIT ( * ) SI_UNIT ( $, .STERADIAN. ) SOLID_ANGLE_UNIT ( ) );
#4463 = AXIS2_PLACEMENT_3D ( 'NONE', #248, #5923, #874 ) ;
#4464 = LINE ( 'NONE', #3016, #5768 ) ;
#4465 = VECTOR ( 'NONE', #1581, 39.37007874015748143 ) ;
#4466 = CARTESIAN_POINT ( 'NONE',  ( -0.4873958806209868766, -0.01799999999995276212, -0.01999999999999995878 ) ) ;
#4467 = PRODUCT_DEFINITION_SHAPE ( 'NONE', 'NONE',  #6589 ) ;
#4468 = PRODUCT_DEFINITION ( 'UNKNOWN', '', #6281, #4765 ) ;
#4469 = EDGE_CURVE ( 'NONE', #5615, #4761, #5590, .T. ) ;
#4470 = DIRECTION ( 'NONE',  ( -0.000000000000000000, 0.000000000000000000, 1.000000000000000000 ) ) ;
#4471 = VERTEX_POINT ( 'NONE', #6533 ) ;
#4472 = VECTOR ( 'NONE', #1649, 39.37007874015748143 ) ;
#4473 = VERTEX_POINT ( 'NONE', #5095 ) ;
#4474 = DIRECTION ( 'NONE',  ( 0.000000000000000000, -1.000000000000000000, 0.000000000000000000 ) ) ;
#4475 = CARTESIAN_POINT ( 'NONE',  ( -0.4825059240680248940, -0.01799999999995276212, 0.02488995655296195875 ) ) ;
#4476 = AXIS2_PLACEMENT_3D ( 'NONE', #1556, #2094, #5118 ) ;
#4477 = DIRECTION ( 'NONE',  ( -0.000000000000000000, 0.000000000000000000, -1.000000000000000000 ) ) ;
#4478 = LINE ( 'NONE', #6521, #1593 ) ;
#4479 = VERTEX_POINT ( 'NONE', #936 ) ;
#4480 = LINE ( 'NONE', #488, #2258 ) ;
#4481 = VECTOR ( 'NONE', #3044, 39.37007874015748143 ) ;
#4482 = CARTESIAN_POINT ( 'NONE',  ( -0.5165000000000000702, -0.01749999999995177635, -0.01999999999999983041 ) ) ;
#4483 = ADVANCED_FACE ( 'NONE', ( #6502, #536 ), #2580, .F. ) ;
#4484 = AXIS2_PLACEMENT_3D ( 'NONE', #1596, #3061, #5580 ) ;
#4485 = DIRECTION ( 'NONE',  ( 1.000000000000000000, 0.000000000000000000, 0.000000000000000000 ) ) ;
#4486 = ORIENTED_EDGE ( 'NONE', *, *, #3353, .T. ) ;
#4487 = DIRECTION ( 'NONE',  ( -0.8914944346718483015, 0.000000000000000000, 0.4530316467412861536 ) ) ;
#4488 = ORIENTED_EDGE ( 'NONE', *, *, #4115, .T. ) ;
#4489 = ORIENTED_EDGE ( 'NONE', *, *, #1971, .F. ) ;
#4490 = ORIENTED_EDGE ( 'NONE', *, *, #4639, .F. ) ;
#4491 = EDGE_CURVE ( 'NONE', #4245, #3972, #4994, .T. ) ;
#4492 = CARTESIAN_POINT ( 'NONE',  ( -0.4875059240680252315, -0.01699999999995094671, -0.01999999999999983041 ) ) ;
#4493 = PLANE ( 'NONE',  #2358 ) ;
#4494 = ORIENTED_EDGE ( 'NONE', *, *, #3142, .F. ) ;
#4495 = ORIENTED_EDGE ( 'NONE', *, *, #188, .F. ) ;
#4496 = DIRECTION ( 'NONE',  ( 0.000000000000000000, 1.000000000000000000, 0.000000000000000000 ) ) ;
#4497 = PLANE ( 'NONE',  #24 ) ;
#4498 = CARTESIAN_POINT ( 'NONE',  ( -0.5400000000000000355, -0.06250000000000000000, 0.1975000000000000366 ) ) ;
#4499 = CARTESIAN_POINT ( 'NONE',  ( -0.3870000000000000107, -0.6581268257145341805, 0.03449999999999993350 ) ) ;
#4500 = VERTEX_POINT ( 'NONE', #2969 ) ;
#4501 = VERTEX_POINT ( 'NONE', #1438 ) ;
#4502 = DIRECTION ( 'NONE',  ( -0.5002285139595029628, 0.000000000000000000, 0.8658934309843604460 ) ) ;
#4503 = DIRECTION ( 'NONE',  ( 0.000000000000000000, 0.000000000000000000, 1.000000000000000000 ) ) ;
#4504 = ADVANCED_FACE ( 'NONE', ( #2481 ), #4493, .F. ) ;
#4505 = CARTESIAN_POINT ( 'NONE',  ( -0.4875258170753847264, -0.08751916609216296716, 0.02000000000000000042 ) ) ;
#4506 = CARTESIAN_POINT ( 'NONE',  ( 0.5830000000000001847, -0.03000000000000000930, -0.2122025752354693429 ) ) ;
#4507 = ORIENTED_EDGE ( 'NONE', *, *, #6454, .T. ) ;
#4508 = DIRECTION ( 'NONE',  ( 0.000000000000000000, 1.000000000000000000, -0.000000000000000000 ) ) ;
#4509 = DIRECTION ( 'NONE',  ( 0.000000000000000000, -1.000000000000000000, 0.000000000000000000 ) ) ;
#4510 = EDGE_CURVE ( 'NONE', #2264, #2966, #975, .T. ) ;
#4511 = CARTESIAN_POINT ( 'NONE',  ( -0.5550000000000000488, -0.06250000000000000000, -0.1974999999999999811 ) ) ;
#4512 = ORIENTED_EDGE ( 'NONE', *, *, #4322, .F. ) ;
#4513 = EDGE_CURVE ( 'NONE', #5726, #3299, #1139, .T. ) ;
#4514 = CARTESIAN_POINT ( 'NONE',  ( 0.5464999999999999858, 0.000000000000000000, -0.3349999999999999090 ) ) ;
#4515 = ORIENTED_EDGE ( 'NONE', *, *, #6209, .T. ) ;
#4516 = ORIENTED_EDGE ( 'NONE', *, *, #2914, .T. ) ;
#4517 = ORIENTED_EDGE ( 'NONE', *, *, #3851, .T. ) ;
#4518 = DIRECTION ( 'NONE',  ( -0.000000000000000000, -0.000000000000000000, -1.000000000000000000 ) ) ;
#4519 = ADVANCED_BREP_SHAPE_REPRESENTATION ( '', ( #1258, #6377 ), #5945 ) ;
#4520 = ADVANCED_FACE ( 'NONE', ( #3606 ), #2674, .F. ) ;
#4521 = CYLINDRICAL_SURFACE ( 'NONE', #1390, 0.01600000000000011482 ) ;
#4522 = ORIENTED_EDGE ( 'NONE', *, *, #3184, .F. ) ;
#4523 = VERTEX_POINT ( 'NONE', #3681 ) ;
#4524 = CARTESIAN_POINT ( 'NONE',  ( -0.4825059240680248940, -0.04999999999999446554, -0.007500000000001148977 ) ) ;
#4525 = DIRECTION ( 'NONE',  ( 0.000000000000000000, 0.000000000000000000, 1.000000000000000000 ) ) ;
#4526 = LINE ( 'NONE', #2485, #1948 ) ;
#4527 = EDGE_CURVE ( 'NONE', #5539, #2598, #4951, .T. ) ;
#4528 = DIRECTION ( 'NONE',  ( -1.000000000000000000, 0.000000000000000000, -1.918432579820410317E-16 ) ) ;
#4529 = LINE ( 'NONE', #6569, #4260 ) ;
#4530 = ORIENTED_EDGE ( 'NONE', *, *, #2592, .F. ) ;
#4531 = ORIENTED_EDGE ( 'NONE', *, *, #7, .T. ) ;
#4532 = DIRECTION ( 'NONE',  ( 0.000000000000000000, -1.000000000000000000, 0.000000000000000000 ) ) ;
#4533 = DIRECTION ( 'NONE',  ( -1.000000000000000000, 0.000000000000000000, -0.000000000000000000 ) ) ;
#4534 = CARTESIAN_POINT ( 'NONE',  ( -0.3375811314170239497, 0.02999999999999999889, 0.03871159257497402972 ) ) ;
#4535 = DIRECTION ( 'NONE',  ( -0.6002339999662872350, 0.000000000000000000, -0.7998244465409086734 ) ) ;
#4536 = CARTESIAN_POINT ( 'NONE',  ( -0.5799999999999998490, 0.06250000000000000000, 0.2374999999999999889 ) ) ;
#4537 = EDGE_CURVE ( 'NONE', #872, #3939, #70, .T. ) ;
#4538 = ORIENTED_EDGE ( 'NONE', *, *, #3559, .T. ) ;
#4539 = LINE ( 'NONE', #6547, #5422 ) ;
#4540 = LINE ( 'NONE', #2068, #6386 ) ;
#4541 = DIRECTION ( 'NONE',  ( 0.9918522089651692353, -0.1273938600204659044, 0.000000000000000000 ) ) ;
#4542 = CARTESIAN_POINT ( 'NONE',  ( -0.02617930508797800676, 0.02999999999999999889, 0.1129826345147889877 ) ) ;
#4543 = ORIENTED_EDGE ( 'NONE', *, *, #5293, .F. ) ;
#4544 = DIRECTION ( 'NONE',  ( 0.000000000000000000, -1.000000000000000000, 0.000000000000000000 ) ) ;
#4545 = ORIENTED_EDGE ( 'NONE', *, *, #2787, .T. ) ;
#4546 = SHAPE_REPRESENTATION ( 'PSB14', ( #6377 ), #4142 ) ;
#4547 = EDGE_CURVE ( 'NONE', #3878, #5298, #3743, .T. ) ;
#4548 = EDGE_CURVE ( 'NONE', #5469, #119, #3646, .T. ) ;
#4549 = EDGE_LOOP ( 'NONE', ( #6008, #3562, #3918, #5253 ) ) ;
#4550 = DIRECTION ( 'NONE',  ( -0.000000000000000000, -1.000000000000000000, 0.000000000000000000 ) ) ;
#4551 = DIRECTION ( 'NONE',  ( -1.225374105480419231E-16, 1.000000000000000000, -0.000000000000000000 ) ) ;
#4552 = DIRECTION ( 'NONE',  ( -0.000000000000000000, -0.000000000000000000, 1.000000000000000000 ) ) ;
#4553 = VECTOR ( 'NONE', #4857, 39.37007874015748143 ) ;
#4554 = DIRECTION ( 'NONE',  ( 1.000000000000000000, 0.000000000000000000, 0.000000000000000000 ) ) ;
#4555 = VERTEX_POINT ( 'NONE', #5619 ) ;
#4556 = ORIENTED_EDGE ( 'NONE', *, *, #5451, .T. ) ;
#4557 = AXIS2_PLACEMENT_3D ( 'NONE', #556, #2024, #3558 ) ;
#4558 = LINE ( 'NONE', #1953, #1839 ) ;
#4559 = DIMENSIONAL_EXPONENTS ( 1.000000000000000000, 0.000000000000000000, 0.000000000000000000, 0.000000000000000000, 0.000000000000000000, 0.000000000000000000, 0.000000000000000000 ) ;
#4560 = EDGE_CURVE ( 'NONE', #1651, #4555, #5693, .T. ) ;
#4561 = VECTOR ( 'NONE', #3122, 39.37007874015748143 ) ;
#4562 = CIRCLE ( 'NONE', #551, 0.005500000000000324074 ) ;
#4563 = LINE ( 'NONE', #1445, #4481 ) ;
#4564 = VECTOR ( 'NONE', #241, 39.37007874015748143 ) ;
#4565 = FACE_OUTER_BOUND ( 'NONE', #3948, .T. ) ;
#4566 = CARTESIAN_POINT ( 'NONE',  ( -0.2575811314170221022, 0.02900000000000000147, 0.1206616397874109708 ) ) ;
#4567 = AXIS2_PLACEMENT_3D ( 'NONE', #3494, #957, #2465 ) ;
#4568 = ORIENTED_EDGE ( 'NONE', *, *, #4726, .T. ) ;
#4569 = ORIENTED_EDGE ( 'NONE', *, *, #6140, .T. ) ;
#4570 = CARTESIAN_POINT ( 'NONE',  ( -0.6075000000000000400, 0.07299999999999999545, 0.1600000000000000588 ) ) ;
#4571 = CARTESIAN_POINT ( 'NONE',  ( 0.5775000000000001243, 0.07299999999999999545, -0.3259999999999999565 ) ) ;
#4572 = VECTOR ( 'NONE', #5299, 39.37007874015748143 ) ;
#4573 = ADVANCED_FACE ( 'NONE', ( #4128 ), #2640, .F. ) ;
#4574 = CARTESIAN_POINT ( 'NONE',  ( 0.5950000000000000844, 0.06250000000000000000, 0.2374999999999999889 ) ) ;
#4575 = AXIS2_PLACEMENT_3D ( 'NONE', #5599, #6009, #2593 ) ;
#4576 = LINE ( 'NONE', #2625, #5010 ) ;
#4577 = DIRECTION ( 'NONE',  ( -1.000000000000000000, 0.000000000000000000, 0.000000000000000000 ) ) ;
#4578 = AXIS2_PLACEMENT_3D ( 'NONE', #1845, #3989, #6429 ) ;
#4579 = MECHANICAL_DESIGN_GEOMETRIC_PRESENTATION_REPRESENTATION (  '', ( #4378 ), #1937 ) ;
#4580 = EDGE_LOOP ( 'NONE', ( #1077, #5515, #4420, #2533 ) ) ;
#4581 = AXIS2_PLACEMENT_3D ( 'NONE', #3375, #5393, #836 ) ;
#4582 = PLANE ( 'NONE',  #858 ) ;
#4583 = PRODUCT_DEFINITION_SHAPE ( 'NONE', 'NONE',  #6591 ) ;
#4584 = DIRECTION ( 'NONE',  ( -0.000000000000000000, -0.000000000000000000, 1.000000000000000000 ) ) ;
#4585 = VECTOR ( 'NONE', #1769, 39.37007874015748143 ) ;
#4586 = CARTESIAN_POINT ( 'NONE',  ( 0.5800000000000000711, -0.06250000000000000000, -0.2374999999999999889 ) ) ;
#4587 = AXIS2_PLACEMENT_3D ( 'NONE', #5628, #1079, #5774 ) ;
#4588 = CARTESIAN_POINT ( 'NONE',  ( 0.5830000000000000737, 0.02999999999999999889, -0.2104999999999999927 ) ) ;
#4589 = ORIENTED_EDGE ( 'NONE', *, *, #380, .T. ) ;
#4590 = LINE ( 'NONE', #3537, #646 ) ;
#4591 = VERTEX_POINT ( 'NONE', #6155 ) ;
#4592 = AXIS2_PLACEMENT_3D ( 'NONE', #6101, #1577, #6004 ) ;
#4593 = EDGE_LOOP ( 'NONE', ( #3536, #3091, #746, #5792 ) ) ;
#4594 = VERTEX_POINT ( 'NONE', #5169 ) ;
#4595 = B_SPLINE_CURVE_WITH_KNOTS ( 'NONE', 1,
 ( #4793, #1700 ),
 .UNSPECIFIED., .F., .F.,
 ( 2, 2 ),
 ( 0.000000000000000000, 1.000000000000000000 ),
 .UNSPECIFIED. ) ;
#4596 = VECTOR ( 'NONE', #437, 39.37007874015748143 ) ;
#4597 = DIRECTION ( 'NONE',  ( 0.000000000000000000, 0.000000000000000000, 1.000000000000000000 ) ) ;
#4598 = DIRECTION ( 'NONE',  ( -1.000000000000000000, 0.000000000000000000, 0.000000000000000000 ) ) ;
#4599 = EDGE_CURVE ( 'NONE', #5832, #5086, #603, .T. ) ;
#4600 = VERTEX_POINT ( 'NONE', #3986 ) ;
#4601 = CARTESIAN_POINT ( 'NONE',  ( -0.2166125173594901920, 0.03000000000000000583, 0.03871159161490214662 ) ) ;
#4602 = ORIENTED_EDGE ( 'NONE', *, *, #2859, .T. ) ;
#4603 = ORIENTED_EDGE ( 'NONE', *, *, #2348, .T. ) ;
#4604 = FACE_OUTER_BOUND ( 'NONE', #2888, .T. ) ;
#4605 =( NAMED_UNIT ( * ) SI_UNIT ( $, .STERADIAN. ) SOLID_ANGLE_UNIT ( ) );
#4606 = ADVANCED_FACE ( 'NONE', ( #3628 ), #1528, .T. ) ;
#4607 = PLANE ( 'NONE',  #5657 ) ;
#4608 = LINE ( 'NONE', #4136, #4145 ) ;
#4609 = ADVANCED_FACE ( 'NONE', ( #4620 ), #4582, .T. ) ;
#4610 = CARTESIAN_POINT ( 'NONE',  ( -0.4556041193790334454, -0.09026844900068288491, -0.05000000000000000278 ) ) ;
#4611 = ORIENTED_EDGE ( 'NONE', *, *, #2869, .F. ) ;
#4612 = DIRECTION ( 'NONE',  ( 1.000000000000000000, 1.707404996084261097E-15, -4.268512490210652741E-16 ) ) ;
#4613 = DIRECTION ( 'NONE',  ( -0.000000000000000000, 1.000000000000000000, -0.000000000000000000 ) ) ;
#4614 = CARTESIAN_POINT ( 'NONE',  ( -6.128466099125214348E-18, -0.01699999999995084610, -0.02500000000000002220 ) ) ;
#4615 = DIMENSIONAL_EXPONENTS ( 1.000000000000000000, 0.000000000000000000, 0.000000000000000000, 0.000000000000000000, 0.000000000000000000, 0.000000000000000000, 0.000000000000000000 ) ;
#4616 = CARTESIAN_POINT ( 'NONE',  ( -0.4506041193790127908, -0.04872286219708305000, 0.01999999999999995878 ) ) ;
#4617 = CARTESIAN_POINT ( 'NONE',  ( 0.5630000000000001670, -0.01000000000000000021, -0.1970576027464089885 ) ) ;
#4618 = EDGE_CURVE ( 'NONE', #6123, #1527, #3522, .T. ) ;
#4619 = ORIENTED_EDGE ( 'NONE', *, *, #5904, .F. ) ;
#4620 = FACE_OUTER_BOUND ( 'NONE', #3795, .T. ) ;
#4621 = CARTESIAN_POINT ( 'NONE',  ( -0.4554940759319748844, -0.08299999999995276434, 0.007500000000001148977 ) ) ;
#4622 = DIRECTION ( 'NONE',  ( 0.000000000000000000, -1.000000000000000000, 0.000000000000000000 ) ) ;
#4623 = ORIENTED_EDGE ( 'NONE', *, *, #3819, .F. ) ;
#4624 = DIRECTION ( 'NONE',  ( -1.000000000000000000, 0.000000000000000000, 0.000000000000000000 ) ) ;
#4625 = ORIENTED_EDGE ( 'NONE', *, *, #2331, .F. ) ;
#4626 = ORIENTED_EDGE ( 'NONE', *, *, #5753, .T. ) ;
#4627 = ORIENTED_EDGE ( 'NONE', *, *, #3384, .F. ) ;
#4628 = DIRECTION ( 'NONE',  ( 5.694819116737623594E-16, 0.000000000000000000, 1.000000000000000000 ) ) ;
#4629 = UNCERTAINTY_MEASURE_WITH_UNIT (LENGTH_MEASURE( 1.000000000000000082E-05 ), #6376, 'distance_accuracy_value', 'NONE');
#4630 = CARTESIAN_POINT ( 'NONE',  ( -0.4823958806210053574, -0.08682730540034495903, -0.02499999999999999098 ) ) ;
#4631 = LINE ( 'NONE', #3607, #1400 ) ;
#4632 = ORIENTED_EDGE ( 'NONE', *, *, #5047, .F. ) ;
#4633 = CARTESIAN_POINT ( 'NONE',  ( -0.5829999999999995186, -0.02999999999999999195, -0.1048628941893925554 ) ) ;
#4634 = VERTEX_POINT ( 'NONE', #4983 ) ;
#4635 = VERTEX_POINT ( 'NONE', #2067 ) ;
#4636 = ADVANCED_FACE ( 'NONE', ( #423, #5607 ), #5051, .T. ) ;
#4637 = CARTESIAN_POINT ( 'NONE',  ( -0.5679999999999998384, -0.02999999999999999889, 0.2104999999999999372 ) ) ;
#4638 = CARTESIAN_POINT ( 'NONE',  ( -0.2405811314170252235, 0.02900000000000000147, 0.03871159197184501771 ) ) ;
#4639 = EDGE_CURVE ( 'NONE', #5955, #6541, #4480, .T. ) ;
#4640 = CARTESIAN_POINT ( 'NONE',  ( -0.2455811310141752246, 0.02900000000000000147, 0.06572980324970296995 ) ) ;
#4641 = PRODUCT_DEFINITION_SHAPE ( 'NONE', 'NONE',  #6588 ) ;
#4642 = CARTESIAN_POINT ( 'NONE',  ( -0.4270000000004424701, -0.04500000000000078243, 0.01999999999999995878 ) ) ;
#4643 = ORIENTED_EDGE ( 'NONE', *, *, #516, .F. ) ;
#4644 = EDGE_CURVE ( 'NONE', #4657, #2235, #5511, .T. ) ;
#4645 = CARTESIAN_POINT ( 'NONE',  ( -0.1525811296288801244, 0.02900000000000000147, 0.1286567672300730492 ) ) ;
#4646 = DIRECTION ( 'NONE',  ( 1.000000000000000000, 0.000000000000000000, 0.000000000000000000 ) ) ;
#4647 = DIRECTION ( 'NONE',  ( 0.000000000000000000, -0.000000000000000000, -1.000000000000000000 ) ) ;
#4648 = CARTESIAN_POINT ( 'NONE',  ( 0.5400000000000000355, 0.02000000000000000042, 0.1825000000000000233 ) ) ;
#4649 = CARTESIAN_POINT ( 'NONE',  ( 1.365923996832131609E-16, -0.02999999999999999889, -0.2255000000000002280 ) ) ;
#4650 = ORIENTED_EDGE ( 'NONE', *, *, #3718, .T. ) ;
#4651 = LINE ( 'NONE', #693, #1497 ) ;
#4652 = DIRECTION ( 'NONE',  ( 0.000000000000000000, 0.000000000000000000, 1.000000000000000000 ) ) ;
#4653 = EDGE_CURVE ( 'NONE', #937, #368, #5022, .T. ) ;
#4654 = FACE_OUTER_BOUND ( 'NONE', #803, .T. ) ;
#4655 =( NAMED_UNIT ( * ) SI_UNIT ( $, .STERADIAN. ) SOLID_ANGLE_UNIT ( ) );
#4656 = EDGE_LOOP ( 'NONE', ( #6093, #3035, #1852, #3786 ) ) ;
#4657 = VERTEX_POINT ( 'NONE', #4088 ) ;
#4658 = ORIENTED_EDGE ( 'NONE', *, *, #2787, .F. ) ;
#4659 = DIRECTION ( 'NONE',  ( 0.6002339999662864578, 0.000000000000000000, 0.7998244465409092285 ) ) ;
#4660 = LINE ( 'NONE', #6199, #4174 ) ;
#4661 = CARTESIAN_POINT ( 'NONE',  ( -0.4914317451864665398, -0.1179296067869755049, 0.02000000000000000042 ) ) ;
#4662 = DIRECTION ( 'NONE',  ( 2.674270501671869180E-16, -3.434842800847269579E-17, -1.000000000000000000 ) ) ;
#4663 = CARTESIAN_POINT ( 'NONE',  ( 0.5602608159514098629, -0.01000000000000000368, -0.2026953117497712342 ) ) ;
#4664 = VERTEX_POINT ( 'NONE', #29 ) ;
#4665 = ORIENTED_EDGE ( 'NONE', *, *, #4369, .T. ) ;
#4666 = LINE ( 'NONE', #6164, #1200 ) ;
#4667 = APPLICATION_PROTOCOL_DEFINITION ( 'draft international standard', 'automotive_design', 1998, #5795 ) ;
#4668 = DIRECTION ( 'NONE',  ( 1.000000000000000000, 0.000000000000000000, 0.000000000000000000 ) ) ;
#4669 = CARTESIAN_POINT ( 'NONE',  ( -0.02758112888381902134, 0.02999999999999999889, 0.1586384911471201420 ) ) ;
#4670 = AXIS2_PLACEMENT_3D ( 'NONE', #6428, #1523, #4418 ) ;
#4671 = CARTESIAN_POINT ( 'NONE',  ( -0.1075811293568539745, 0.02900000000000000147, 0.05695609404474907128 ) ) ;
#4672 = VERTEX_POINT ( 'NONE', #3530 ) ;
#4673 = VECTOR ( 'NONE', #1557, 39.37007874015748143 ) ;
#4674 = CARTESIAN_POINT ( 'NONE',  ( 0.5464999999999999858, 0.000000000000000000, -0.3349999999999999090 ) ) ;
#4675 = CARTESIAN_POINT ( 'NONE',  ( -0.02617930508797800676, 0.02900000000000000147, 0.1129826345147889877 ) ) ;
#4676 = CARTESIAN_POINT ( 'NONE',  ( 0.5800000000000000711, 0.06250000000000000000, 0.2224999999999999756 ) ) ;
#4677 = VECTOR ( 'NONE', #6574, 39.37007874015748143 ) ;
#4678 = CARTESIAN_POINT ( 'NONE',  ( -0.1239999999999999991, -0.1246990425036324374, 0.05000000000000002359 ) ) ;
#4679 = PRODUCT_DEFINITION ( 'UNKNOWN', '', #4258, #5091 ) ;
#4680 = EDGE_CURVE ( 'NONE', #3972, #3500, #461, .T. ) ;
#4681 = AXIS2_PLACEMENT_3D ( 'NONE', #5838, #2877, #2819 ) ;
#4682 = CARTESIAN_POINT ( 'NONE',  ( -0.5824248225339589968, -0.02999999999999998848, 0.2159528994949470038 ) ) ;
#4683 =( REPRESENTATION_RELATIONSHIP ('NONE','NONE', #5918, #3420 ) REPRESENTATION_RELATIONSHIP_WITH_TRANSFORMATION ( #882 )SHAPE_REPRESENTATION_RELATIONSHIP( ) );
#4684 = AXIS2_PLACEMENT_3D ( 'NONE', #5052, #5125, #564 ) ;
#4685 = ORIENTED_EDGE ( 'NONE', *, *, #5176, .F. ) ;
#4686 = CARTESIAN_POINT ( 'NONE',  ( -0.1075811296288820829, 0.02999999999999999889, 0.1136659048247848636 ) ) ;
#4687 = DIRECTION ( 'NONE',  ( 0.7071067811865500152, 0.000000000000000000, -0.7071067811865447972 ) ) ;
#4688 = CIRCLE ( 'NONE', #6584, 0.02700000000000001357 ) ;
#4689 = VECTOR ( 'NONE', #185, 39.37007874015748854 ) ;
#4690 = CARTESIAN_POINT ( 'NONE',  ( 0.5680000000003079252, -0.03000000000000001277, 0.2254999999999999227 ) ) ;
#4691 = AXIS2_PLACEMENT_3D ( 'NONE', #6340, #4361, #3371 ) ;
#4692 = CARTESIAN_POINT ( 'NONE',  ( -0.1525811296288801244, 0.02900000000000000147, 0.1286567672300730492 ) ) ;
#4693 = VECTOR ( 'NONE', #4923, 39.37007874015748143 ) ;
#4694 = DIRECTION ( 'NONE',  ( -1.000000000000000000, -0.000000000000000000, -0.000000000000000000 ) ) ;
#4695 = EDGE_LOOP ( 'NONE', ( #2204, #2839, #3905, #5917 ) ) ;
#4696 = EDGE_CURVE ( 'NONE', #1117, #279, #4539, .T. ) ;
#4697 = ORIENTED_EDGE ( 'NONE', *, *, #2150, .F. ) ;
#4698 = VECTOR ( 'NONE', #1051, 39.37007874015748143 ) ;
#4700 = DIRECTION ( 'NONE',  ( 1.000000000000000000, 0.000000000000000000, 7.588466649067277528E-16 ) ) ;
#4699 = VECTOR ( 'NONE', #5553, 39.37007874015748854 ) ;
#4701 = DIRECTION ( 'NONE',  ( 0.000000000000000000, 0.000000000000000000, -1.000000000000000000 ) ) ;
#4702 = AXIS2_PLACEMENT_3D ( 'NONE', #5276, #1277, #306 ) ;
#4703 = DIRECTION ( 'NONE',  ( 1.918432579820409824E-16, 0.000000000000000000, 1.000000000000000000 ) ) ;
#4704 = VECTOR ( 'NONE', #5351, 39.37007874015748143 ) ;
#4705 = ORIENTED_EDGE ( 'NONE', *, *, #3369, .F. ) ;
#4706 = CARTESIAN_POINT ( 'NONE',  ( -0.5696560208638262734, -0.02999999999999999889, 0.2254999999999999505 ) ) ;
#4707 = ORIENTED_EDGE ( 'NONE', *, *, #4860, .F. ) ;
#4708 = EDGE_CURVE ( 'NONE', #3567, #4400, #4264, .T. ) ;
#4709 = VECTOR ( 'NONE', #38, 39.37007874015748854 ) ;
#4710 = ORIENTED_EDGE ( 'NONE', *, *, #4868, .F. ) ;
#4711 = VERTEX_POINT ( 'NONE', #6042 ) ;
#4712 = LINE ( 'NONE', #2116, #3863 ) ;
#4713 = CARTESIAN_POINT ( 'NONE',  ( 0.5500000000000004885, 0.1629999999999944549, 0.7220000000004425100 ) ) ;
#4714 = LINE ( 'NONE', #3689, #1629 ) ;
#4715 = CARTESIAN_POINT ( 'NONE',  ( -0.5067995786254708701, -0.1159557566465508893, -0.02000000000000000736 ) ) ;
#4716 = LINE ( 'NONE', #4817, #6288 ) ;
#4717 = ORIENTED_EDGE ( 'NONE', *, *, #6079, .F. ) ;
#4718 = CARTESIAN_POINT ( 'NONE',  ( -0.5178566237530302097, 0.02999999999999999889, 0.2068018456255253101 ) ) ;
#4719 = DIRECTION ( 'NONE',  ( 0.000000000000000000, 0.000000000000000000, -1.000000000000000000 ) ) ;
#4720 = CARTESIAN_POINT ( 'NONE',  ( -0.1075811296288820690, 0.02900000000000000147, 0.1586384920406471166 ) ) ;
#4721 = FACE_BOUND ( 'NONE', #6563, .T. ) ;
#4722 = CARTESIAN_POINT ( 'NONE',  ( 0.5629999999999998339, -0.01000000000000001062, 1.451294246634139896E-16 ) ) ;
#4723 = ORIENTED_EDGE ( 'NONE', *, *, #4813, .T. ) ;
#4724 = CARTESIAN_POINT ( 'NONE',  ( -0.5799999999999998490, -0.06250000000000000000, -0.2374999999999999889 ) ) ;
#4725 = DIRECTION ( 'NONE',  ( -1.000000000000000000, 0.000000000000000000, 2.134256319073185038E-15 ) ) ;
#4726 = EDGE_CURVE ( 'NONE', #2748, #5086, #1489, .T. ) ;
#4727 = CARTESIAN_POINT ( 'NONE',  ( -0.4956784302794605690, -0.03499999999999713757, -0.01999999999999995878 ) ) ;
#4728 = DIRECTION ( 'NONE',  ( -0.000000000000000000, -1.000000000000000000, -0.000000000000000000 ) ) ;
#4729 =( CONVERSION_BASED_UNIT ( 'INCH', #6148 ) LENGTH_UNIT ( ) NAMED_UNIT ( #4559 ) );
#4730 = EDGE_CURVE ( 'NONE', #345, #5338, #3028, .T. ) ;
#4731 = ORIENTED_EDGE ( 'NONE', *, *, #4639, .T. ) ;
#4732 = EDGE_LOOP ( 'NONE', ( #4755, #1846, #4568, #1509, #4430, #6071 ) ) ;
#4733 = CARTESIAN_POINT ( 'NONE',  ( -0.1925811321904752071, 0.02999999999999999889, -0.06122748901002793287 ) ) ;
#4734 = ADVANCED_FACE ( 'NONE', ( #6578 ), #5576, .F. ) ;
#4735 = LINE ( 'NONE', #6124, #2375 ) ;
#4736 = DIRECTION ( 'NONE',  ( -1.000000000000000000, 0.000000000000000000, 2.134256319073185038E-15 ) ) ;
#4737 = ADVANCED_FACE ( 'NONE', ( #2558 ), #3092, .T. ) ;
#4738 = EDGE_LOOP ( 'NONE', ( #1341, #1875, #4948, #2476 ) ) ;
#4739 = CARTESIAN_POINT ( 'NONE',  ( 0.000000000000000000, -0.01000000000000000368, 0.2054999999999997662 ) ) ;
#4740 = ORIENTED_EDGE ( 'NONE', *, *, #3559, .F. ) ;
#4741 = EDGE_LOOP ( 'NONE', ( #296, #4837, #728, #3104 ) ) ;
#4742 = ORIENTED_EDGE ( 'NONE', *, *, #3591, .F. ) ;
#4743 = CARTESIAN_POINT ( 'NONE',  ( 0.5817188641684677419, -0.02999999999999999542, 0.2165664059911340811 ) ) ;
#4744 =( BOUNDED_CURVE ( )  B_SPLINE_CURVE ( 3, ( #1778, #3785, #5363, #2837 ),
 .UNSPECIFIED., .F., .F. ) 
 B_SPLINE_CURVE_WITH_KNOTS ( ( 4, 4 ),
 ( 4.712388995285909488, 6.283185307179586232 ),
 .UNSPECIFIED. ) 
 CURVE ( )  GEOMETRIC_REPRESENTATION_ITEM ( )  RATIONAL_B_SPLINE_CURVE ( ( 1.000000000000000000, 0.8047378576366162051, 0.8047378576366162051, 1.000000000000000000 ) ) 
 REPRESENTATION_ITEM ( '' )  );
#4745 = DIRECTION ( 'NONE',  ( -1.000000000000000444, 5.551115123125782702E-17, 9.860761315262647568E-32 ) ) ;
#4746 = EDGE_CURVE ( 'NONE', #5568, #1599, #1590, .T. ) ;
#4747 = DIRECTION ( 'NONE',  ( -1.000000000000000000, 0.000000000000000000, 0.000000000000000000 ) ) ;
#4748 = DIRECTION ( 'NONE',  ( 0.000000000000000000, 0.000000000000000000, -1.000000000000000000 ) ) ;
#4749 = CARTESIAN_POINT ( 'NONE',  ( -0.1525811296288801244, 0.02999999999999999889, 0.1286567672300730492 ) ) ;
#4750 = ORIENTED_EDGE ( 'NONE', *, *, #695, .T. ) ;
#4751 = LINE ( 'NONE', #4645, #760 ) ;
#4752 = FACE_OUTER_BOUND ( 'NONE', #4447, .T. ) ;
#4753 = FACE_OUTER_BOUND ( 'NONE', #6086, .T. ) ;
#4754 = CARTESIAN_POINT ( 'NONE',  ( -0.5630000000000003890, -0.01000000000000000368, -0.09812715302459158739 ) ) ;
#4755 = ORIENTED_EDGE ( 'NONE', *, *, #5497, .F. ) ;
#4756 = PLANE ( 'NONE',  #4368 ) ;
#4757 = CARTESIAN_POINT ( 'NONE',  ( -0.2166125173594901920, 0.03000000000000000583, 0.03871159161490213968 ) ) ;
#4758 = CARTESIAN_POINT ( 'NONE',  ( -0.4973719679048781983, -0.1000269921222307068, 0.02000000000000000736 ) ) ;
#4759 = CARTESIAN_POINT ( 'NONE',  ( -0.1012485063478606589, 0.07299999999999999545, -0.5612639109547495897 ) ) ;
#4760 = EDGE_CURVE ( 'NONE', #5823, #3553, #4904, .T. ) ;
#4761 = VERTEX_POINT ( 'NONE', #4686 ) ;
#4762 = VERTEX_POINT ( 'NONE', #3702 ) ;
#4763 = CARTESIAN_POINT ( 'NONE',  ( -0.3825811296288838537, 0.02900000000000000147, 0.1586384922640279860 ) ) ;
#4764 = LINE ( 'NONE', #1212, #1411 ) ;
#4765 = PRODUCT_DEFINITION_CONTEXT ( 'detailed design', #1850, 'design' ) ;
#4766 = LINE ( 'NONE', #5297, #6294 ) ;
#4767 = ORIENTED_EDGE ( 'NONE', *, *, #5738, .T. ) ;
#4768 = EDGE_CURVE ( 'NONE', #778, #2607, #4221, .T. ) ;
#4769 = ADVANCED_FACE ( 'NONE', ( #4789 ), #4150, .F. ) ;
#4770 = CARTESIAN_POINT ( 'NONE',  ( -1.365923996832131609E-16, -0.009999999999999991535, -0.2054999999999996829 ) ) ;
#4771 = ORIENTED_EDGE ( 'NONE', *, *, #3591, .T. ) ;
#4772 = ORIENTED_EDGE ( 'NONE', *, *, #5695, .F. ) ;
#4773 = ORIENTED_EDGE ( 'NONE', *, *, #2090, .T. ) ;
#4774 = DIRECTION ( 'NONE',  ( 1.997281400660895172E-17, 9.810210403992647147E-18, 1.000000000000000000 ) ) ;
#4775 =( REPRESENTATION_RELATIONSHIP ('NONE','NONE', #5918, #3420 ) REPRESENTATION_RELATIONSHIP_WITH_TRANSFORMATION ( #2913 )SHAPE_REPRESENTATION_RELATIONSHIP( ) );
#4776 = FACE_OUTER_BOUND ( 'NONE', #4212, .T. ) ;
#4777 = CARTESIAN_POINT ( 'NONE',  ( 0.5795221919484762063, -0.03000000000000000583, 0.2201045598133845038 ) ) ;
#4778 = DIRECTION ( 'NONE',  ( 1.000000000000000000, 0.000000000000000000, 8.537024980200821818E-14 ) ) ;
#4779 = VERTEX_POINT ( 'NONE', #6182 ) ;
#4780 = EDGE_CURVE ( 'NONE', #3136, #5309, #5160, .T. ) ;
#4781 = DIRECTION ( 'NONE',  ( 0.000000000000000000, 0.000000000000000000, -1.000000000000000000 ) ) ;
#4782 = DIRECTION ( 'NONE',  ( -1.000000000000000000, 0.000000000000000000, 0.000000000000000000 ) ) ;
#4783 = DIRECTION ( 'NONE',  ( 0.000000000000000000, -0.000000000000000000, -1.000000000000000000 ) ) ;
#4784 = CARTESIAN_POINT ( 'NONE',  ( -0.2835409975721848719, -0.03000000000000000930, 0.2254999999999998950 ) ) ;
#4785 = VECTOR ( 'NONE', #2897, 39.37007874015748143 ) ;
#4786 = ADVANCED_FACE ( 'NONE', ( #2763 ), #2732, .T. ) ;
#4787 = EDGE_LOOP ( 'NONE', ( #4203, #1565, #6301, #5446, #1421, #141, #3677, #3436, #757, #6483, #3062, #247, #6237, #2282, #4028, #3493 ) ) ;
#4788 = VECTOR ( 'NONE', #1255, 39.37007874015748143 ) ;
#4789 = FACE_OUTER_BOUND ( 'NONE', #1116, .T. ) ;
#4790 = PLANE ( 'NONE',  #1394 ) ;
#4791 = CLOSED_SHELL ( 'NONE', ( #4171, #4927, #1298, #4017, #785, #3000, #6518, #4734, #3565, #984, #3884, #3763, #2415, #3996, #4380, #2851, #5311, #1389, #734, #5821 ) ) ;
#4792 = VECTOR ( 'NONE', #5934, 39.37007874015748143 ) ;
#4793 = CARTESIAN_POINT ( 'NONE',  ( 0.5830000000000002958, -0.03000000000000001624, -0.2104999999989114468 ) ) ;
#4794 = CARTESIAN_POINT ( 'NONE',  ( -0.4463586213557717008, -0.04406736643085625710, -0.01999999999999995878 ) ) ;
#4795 = VECTOR ( 'NONE', #5150, 39.37007874015748143 ) ;
#4796 = AXIS2_PLACEMENT_3D ( 'NONE', #1267, #271, #1842 ) ;
#4797 = ORIENTED_EDGE ( 'NONE', *, *, #5578, .T. ) ;
#4798 = ORIENTED_EDGE ( 'NONE', *, *, #4537, .F. ) ;
#4799 = VECTOR ( 'NONE', #2660, 39.37007874015748143 ) ;
#4800 = CARTESIAN_POINT ( 'NONE',  ( 0.5550000000000000488, 0.02000000000000000042, 0.1975000000000000366 ) ) ;
#4801 = CARTESIAN_POINT ( 'NONE',  ( -0.5696560208715973905, -0.02999999999999999889, 0.2254999999988517023 ) ) ;
#4802 = AXIS2_PLACEMENT_3D ( 'NONE', #2550, #5506, #4533 ) ;
#4803 = DIRECTION ( 'NONE',  ( 0.000000000000000000, 0.000000000000000000, -1.000000000000000000 ) ) ;
#4804 = VECTOR ( 'NONE', #5980, 39.37007874015748143 ) ;
#4805 = ORIENTED_EDGE ( 'NONE', *, *, #2267, .T. ) ;
#4806 = CARTESIAN_POINT ( 'NONE',  ( -0.05258112888381796801, 0.02900000000000000147, 0.1586384915194230527 ) ) ;
#4807 = ORIENTED_EDGE ( 'NONE', *, *, #1643, .F. ) ;
#4808 = VECTOR ( 'NONE', #4090, 39.37007874015748143 ) ;
#4809 = COLOUR_RGB ( '',0.7921568627450980005, 0.8196078431372548767, 0.9333333333333333481 ) ;
#4810 = ORIENTED_EDGE ( 'NONE', *, *, #6364, .T. ) ;
#4811 = ORIENTED_EDGE ( 'NONE', *, *, #1184, .T. ) ;
#4812 = AXIS2_PLACEMENT_3D ( 'NONE', #2012, #5001, #1441 ) ;
#4813 = EDGE_CURVE ( 'NONE', #1502, #2160, #2500, .T. ) ;
#4814 = VECTOR ( 'NONE', #3134, 39.37007874015748143 ) ;
#4815 = DIRECTION ( 'NONE',  ( 0.000000000000000000, -1.000000000000000000, 0.000000000000000000 ) ) ;
#4816 = DIRECTION ( 'NONE',  ( 0.000000000000000000, 0.000000000000000000, -1.000000000000000000 ) ) ;
#4817 = CARTESIAN_POINT ( 'NONE',  ( -0.4554940759319748844, -0.04999999999999447942, -0.05000000000000000278 ) ) ;
#4818 = ORIENTED_EDGE ( 'NONE', *, *, #1562, .F. ) ;
#4819 = VECTOR ( 'NONE', #448, 39.37007874015748143 ) ;
#4820 = CARTESIAN_POINT ( 'NONE',  ( -0.5679999999999998384, -0.02999999999999999889, -0.2104999999999999094 ) ) ;
#4821 = EDGE_CURVE ( 'NONE', #2814, #6534, #6291, .T. ) ;
#4822 = CARTESIAN_POINT ( 'NONE',  ( -0.4521061247992919641, -0.04956487266128145608, -0.02150200542027908002 ) ) ;
#4823 = EDGE_CURVE ( 'NONE', #3397, #6348, #2276, .T. ) ;
#4824 = DIRECTION ( 'NONE',  ( 1.000000000000000000, 1.225374105480419231E-16, 0.000000000000000000 ) ) ;
#4825 = VERTEX_POINT ( 'NONE', #193 ) ;
#4826 = CARTESIAN_POINT ( 'NONE',  ( -0.1525811296288791252, 0.02900000000000000147, 0.06869331760892578853 ) ) ;
#4827 = CARTESIAN_POINT ( 'NONE',  ( -0.4781918832403103670, -0.05409618250434181097, -0.02499999999999999098 ) ) ;
#4828 = LINE ( 'NONE', #268, #3955 ) ;
#4829 = ADVANCED_FACE ( 'NONE', ( #5190 ), #6329, .T. ) ;
#4830 = CARTESIAN_POINT ( 'NONE',  ( 0.5550000000000000488, -0.06250000000000000000, -0.1824999999999999678 ) ) ;
#4831 = ORIENTED_EDGE ( 'NONE', *, *, #700, .T. ) ;
#4832 = LINE ( 'NONE', #5328, #3626 ) ;
#4833 = PLANE ( 'NONE',  #3769 ) ;
#4834 = UNCERTAINTY_MEASURE_WITH_UNIT (LENGTH_MEASURE( 1.000000000000000082E-05 ), #4729, 'distance_accuracy_value', 'NONE');
#4835 = FACE_OUTER_BOUND ( 'NONE', #4593, .T. ) ;
#4836 = EDGE_CURVE ( 'NONE', #6161, #3486, #3163, .T. ) ;
#4837 = ORIENTED_EDGE ( 'NONE', *, *, #3465, .F. ) ;
#4838 = CARTESIAN_POINT ( 'NONE',  ( -0.5050982457491224320, -0.01799999999995276212, -0.05000000000000000278 ) ) ;
#4839 = ORIENTED_EDGE ( 'NONE', *, *, #1584, .T. ) ;
#4840 = ORIENTED_EDGE ( 'NONE', *, *, #2972, .T. ) ;
#4841 = ORIENTED_EDGE ( 'NONE', *, *, #2579, .F. ) ;
#4842 = CARTESIAN_POINT ( 'NONE',  ( -0.5674999999999998934, 0.02000000000000000042, -0.2104999999999999927 ) ) ;
#4843 = CONTEXT_DEPENDENT_SHAPE_REPRESENTATION ( #6387, #5431 ) ;
#4844 = CARTESIAN_POINT ( 'NONE',  ( -0.1525811296288791252, 0.02900000000000000147, 0.08368418001421282226 ) ) ;
#4845 = FACE_OUTER_BOUND ( 'NONE', #2074, .T. ) ;
#4846 = EDGE_CURVE ( 'NONE', #3950, #108, #1698, .T. ) ;
#4847 = ORIENTED_EDGE ( 'NONE', *, *, #2126, .F. ) ;
#4848 = PLANE ( 'NONE',  #438 ) ;
#4849 = CARTESIAN_POINT ( 'NONE',  ( -0.4831511442851362248, -0.05345921320423948492, 0.02000000000000000042 ) ) ;
#4850 = CARTESIAN_POINT ( 'NONE',  ( -0.4991794919244595397, -0.04499999999973888776, -0.05000000000000000278 ) ) ;
#4851 = ADVANCED_FACE ( 'NONE', ( #623 ), #4756, .T. ) ;
#4852 = CARTESIAN_POINT ( 'NONE',  ( -0.1012485063478607145, 0.000000000000000000, -0.5612639109547495897 ) ) ;
#4853 = EDGE_LOOP ( 'NONE', ( #3750, #2603, #4705, #2422 ) ) ;
#4854 = LINE ( 'NONE', #6384, #1396 ) ;
#4855 = LINE ( 'NONE', #2892, #538 ) ;
#4856 = CARTESIAN_POINT ( 'NONE',  ( -0.1925811321904752071, 0.02900000000000000147, -0.06122748901002793287 ) ) ;
#4857 = DIRECTION ( 'NONE',  ( -0.000000000000000000, -1.000000000000000000, 0.000000000000000000 ) ) ;
#4858 = ORIENTED_EDGE ( 'NONE', *, *, #5412, .T. ) ;
#4859 = DIRECTION ( 'NONE',  ( 1.000000000000000000, 0.000000000000000000, 0.000000000000000000 ) ) ;
#4860 = EDGE_CURVE ( 'NONE', #1849, #5489, #4651, .T. ) ;
#4861 = LINE ( 'NONE', #5385, #667 ) ;
#4862 = DIRECTION ( 'NONE',  ( 1.918432579820409824E-16, 0.000000000000000000, 1.000000000000000000 ) ) ;
#4863 = VERTEX_POINT ( 'NONE', #5786 ) ;
#4864 = CARTESIAN_POINT ( 'NONE',  ( 0.5824294046348637011, -0.02999999999999998154, 0.2159540468112391143 ) ) ;
#4865 = ORIENTED_EDGE ( 'NONE', *, *, #3063, .T. ) ;
#4866 = VERTEX_POINT ( 'NONE', #1231 ) ;
#4867 = ORIENTED_EDGE ( 'NONE', *, *, #5566, .T. ) ;
#4868 = EDGE_CURVE ( 'NONE', #358, #3013, #91, .T. ) ;
#4869 = PLANE ( 'NONE',  #4581 ) ;
#4870 = CARTESIAN_POINT ( 'NONE',  ( -0.5616204526881739545, -0.01799999999995276212, 0.01999999999999995878 ) ) ;
#4871 = CARTESIAN_POINT ( 'NONE',  ( -0.1995812646486070097, 0.02999999999999999889, 0.07958191773172107464 ) ) ;
#4872 = ORIENTED_EDGE ( 'NONE', *, *, #3862, .F. ) ;
#4873 = CARTESIAN_POINT ( 'NONE',  ( -0.3750507177994351071, 0.02900000000000000147, 0.1136659042658821062 ) ) ;
#4874 = CARTESIAN_POINT ( 'NONE',  ( -0.2165638865361896037, 0.02900000000000000147, 0.1206616394297427702 ) ) ;
#4875 = DIRECTION ( 'NONE',  ( 1.000000000000000000, 0.000000000000000000, 0.000000000000000000 ) ) ;
#4876 = DIRECTION ( 'NONE',  ( 0.000000000000000000, -0.000000000000000000, 1.000000000000000000 ) ) ;
#4877 = ORIENTED_EDGE ( 'NONE', *, *, #1654, .F. ) ;
#4878 = CARTESIAN_POINT ( 'NONE',  ( -0.04170701623183504375, 0.02900000000000000147, 0.1398154487492210551 ) ) ;
#4879 = LINE ( 'NONE', #3828, #2034 ) ;
#4880 = ADVANCED_FACE ( 'NONE', ( #133 ), #2170, .T. ) ;
#4881 = CARTESIAN_POINT ( 'NONE',  ( -0.4781918832403103670, -0.05409618250434181097, -0.02499999999999999098 ) ) ;
#4882 = AXIS2_PLACEMENT_3D ( 'NONE', #4883, #6453, #3873 ) ;
#4883 = CARTESIAN_POINT ( 'NONE',  ( -0.4444498478962030652, -0.1068243285473877840, -0.05000000000000000278 ) ) ;
#4884 = AXIS2_PLACEMENT_3D ( 'NONE', #3415, #285, #4406 ) ;
#4885 = CLOSED_SHELL ( 'NONE', ( #2256, #6232, #5882, #4149, #938, #4483, #4636, #2099, #900, #80, #2280, #463, #1234, #5493, #5897, #5223, #1749, #4769, #6478, #46, #5765, #4446, #1741, #2658, #3482, #5193, #4355 ) ) ;
#4886 = VERTEX_POINT ( 'NONE', #4724 ) ;
#4887 = DIRECTION ( 'NONE',  ( -0.5198027200549755200, -0.8542863291797714309, -2.241063550704779402E-16 ) ) ;
#4888 = LINE ( 'NONE', #1777, #6413 ) ;
#4889 = AXIS2_PLACEMENT_3D ( 'NONE', #2586, #2014, #4032 ) ;
#4890 = MECHANICAL_DESIGN_GEOMETRIC_PRESENTATION_REPRESENTATION (  '', ( #5104 ), #3739 ) ;
#4891 = CARTESIAN_POINT ( 'NONE',  ( -0.4370000000004461427, -0.09769904250357187847, 0.02000000000000000736 ) ) ;
#4892 = AXIS2_PLACEMENT_3D ( 'NONE', #3703, #3195, #1202 ) ;
#4893 = ORIENTED_EDGE ( 'NONE', *, *, #4441, .F. ) ;
#4894 = ADVANCED_FACE ( 'NONE', ( #1865 ), #5404, .F. ) ;
#4895 = AXIS2_PLACEMENT_3D ( 'NONE', #1856, #404, #6465 ) ;
#4896 = LINE ( 'NONE', #774, #4372 ) ;
#4897 = ORIENTED_EDGE ( 'NONE', *, *, #780, .F. ) ;
#4898 = EDGE_LOOP ( 'NONE', ( #5605, #1253, #4959, #3712 ) ) ;
#4899 = VECTOR ( 'NONE', #5736, 39.37007874015748143 ) ;
#4901 = ORIENTED_EDGE ( 'NONE', *, *, #5057, .T. ) ;
#4900 = AXIS2_PLACEMENT_3D ( 'NONE', #1049, #653, #5640 ) ;
#4902 = LINE ( 'NONE', #6369, #2898 ) ;
#4903 = CONTEXT_DEPENDENT_SHAPE_REPRESENTATION ( #4683, #4467 ) ;
#4904 = CIRCLE ( 'NONE', #6169, 0.01500000000000001159 ) ;
#4905 = PRODUCT_DEFINITION_SHAPE ( 'NONE', 'NONE',  #6596 ) ;
#4906 = VECTOR ( 'NONE', #3069, 39.37007874015748143 ) ;
#4907 = CARTESIAN_POINT ( 'NONE',  ( -0.3025811314170228639, 0.02900000000000000147, 0.03871159197184502465 ) ) ;
#4908 = VECTOR ( 'NONE', #4448, 39.37007874015748143 ) ;
#4909 = ADVANCED_FACE ( 'NONE', ( #4412 ), #1296, .F. ) ;
#4910 = CARTESIAN_POINT ( 'NONE',  ( -0.4783427079961679595, 0.000000000000000000, -0.02916321607185709541 ) ) ;
#4911 = AXIS2_PLACEMENT_3D ( 'NONE', #1521, #1018, #3586 ) ;
#4912 = EDGE_LOOP ( 'NONE', ( #2971, #1784, #5173, #2394, #5009, #6007, #2506, #933 ) ) ;
#4913 = CARTESIAN_POINT ( 'NONE',  ( -0.4506041193790127908, -0.01799999999995276212, -0.01999999999999995878 ) ) ;
#4914 = VECTOR ( 'NONE', #2421, 39.37007874015748143 ) ;
#4915 = VECTOR ( 'NONE', #5099, 39.37007874015748143 ) ;
#4916 = DIRECTION ( 'NONE',  ( -0.6906958818292161517, 0.000000000000000000, -0.7231453511045765614 ) ) ;
#4917 = DIRECTION ( 'NONE',  ( 0.000000000000000000, 0.000000000000000000, 1.000000000000000000 ) ) ;
#4918 = CIRCLE ( 'NONE', #3766, 0.01600000000000011482 ) ;
#4919 = DIRECTION ( 'NONE',  ( -0.000000000000000000, 1.000000000000000000, -0.000000000000000000 ) ) ;
#4920 = ORIENTED_EDGE ( 'NONE', *, *, #6030, .T. ) ;
#4921 = ORIENTED_EDGE ( 'NONE', *, *, #5057, .F. ) ;
#4922 = AXIS2_PLACEMENT_3D ( 'NONE', #6025, #1465, #3502 ) ;
#4923 = DIRECTION ( 'NONE',  ( -0.000000000000000000, 1.000000000000000000, -0.000000000000000000 ) ) ;
#4924 = LINE ( 'NONE', #5848, #6173 ) ;
#4925 = CARTESIAN_POINT ( 'NONE',  ( -0.4270000000004424701, -0.04500000000000078243, 0.01999999999999995878 ) ) ;
#4926 = LINE ( 'NONE', #3923, #1913 ) ;
#4927 = ADVANCED_FACE ( 'NONE', ( #3827 ), #3895, .T. ) ;
#4928 = ORIENTED_EDGE ( 'NONE', *, *, #5753, .F. ) ;
#4929 = DIRECTION ( 'NONE',  ( -0.000000000000000000, 1.000000000000000000, -0.000000000000000000 ) ) ;
#4930 = LINE ( 'NONE', #55, #4677 ) ;
#4931 = CARTESIAN_POINT ( 'NONE',  ( -0.1212728463428409675, 0.02999999999999999889, 0.03871159279835702238 ) ) ;
#4932 = ADVANCED_FACE ( 'NONE', ( #321 ), #2363, .F. ) ;
#4933 = ORIENTED_EDGE ( 'NONE', *, *, #1961, .F. ) ;
#4934 = CARTESIAN_POINT ( 'NONE',  ( -0.5400000000000000355, 0.02000000000000000042, 0.1975000000000000366 ) ) ;
#4935 = ORIENTED_EDGE ( 'NONE', *, *, #576, .F. ) ;
#4936 = ADVANCED_FACE ( 'NONE', ( #2891 ), #5318, .T. ) ;
#4937 = EDGE_LOOP ( 'NONE', ( #15, #3569, #1003, #4398, #43, #4897, #3816, #4459, #4847, #2958, #4742 ) ) ;
#4938 = ORIENTED_EDGE ( 'NONE', *, *, #5497, .T. ) ;
#4939 = CARTESIAN_POINT ( 'NONE',  ( -0.5550000000000000488, -0.06253937007874015019, -0.1974999999999999811 ) ) ;
#4940 = CARTESIAN_POINT ( 'NONE',  ( -0.5829999999999997407, 0.02999999999999999889, 0.2254999999999999505 ) ) ;
#4941 = LINE ( 'NONE', #2943, #643 ) ;
#4942 = ORIENTED_EDGE ( 'NONE', *, *, #2193, .T. ) ;
#4943 = EDGE_CURVE ( 'NONE', #1230, #5726, #5884, .T. ) ;
#4944 = CARTESIAN_POINT ( 'NONE',  ( 0.5550000000000000488, 0.02000000000000000042, 0.1825000000000000233 ) ) ;
#4945 = DIRECTION ( 'NONE',  ( 0.000000000000000000, 0.000000000000000000, 1.000000000000000000 ) ) ;
#4946 = PLANE ( 'NONE',  #1381 ) ;
#4947 = ORIENTED_EDGE ( 'NONE', *, *, #3241, .T. ) ;
#4948 = ORIENTED_EDGE ( 'NONE', *, *, #1105, .F. ) ;
#4949 = DIRECTION ( 'NONE',  ( 0.6002339999662928971, 0.000000000000000000, 0.7998244465409045656 ) ) ;
#4950 = DIRECTION ( 'NONE',  ( 0.000000000000000000, -0.000000000000000000, -1.000000000000000000 ) ) ;
#4951 =( BOUNDED_CURVE ( )  B_SPLINE_CURVE ( 3, ( #4630, #103, #145, #2182 ),
 .UNSPECIFIED., .F., .F. ) 
 B_SPLINE_CURVE_WITH_KNOTS ( ( 4, 4 ),
 ( 4.712388980361029489, 5.235987755970577417 ),
 .UNSPECIFIED. ) 
 CURVE ( )  GEOMETRIC_REPRESENTATION_ITEM ( )  RATIONAL_B_SPLINE_CURVE ( ( 1.000000000000000000, 0.9772838841917416142, 0.9772838841917416142, 1.000000000000000000 ) ) 
 REPRESENTATION_ITEM ( '' )  );
#4952 = FACE_OUTER_BOUND ( 'NONE', #277, .T. ) ;
#4953 = CARTESIAN_POINT ( 'NONE',  ( 0.5950000000000000844, 0.06250000000000000000, -0.2225000000000000033 ) ) ;
#4954 = VERTEX_POINT ( 'NONE', #6450 ) ;
#4955 = PRODUCT ( 'PIN05_DQ', 'PIN05_DQ', '', ( #4239 ) ) ;
#4956 = DIRECTION ( 'NONE',  ( 0.000000000000000000, 0.000000000000000000, 1.000000000000000000 ) ) ;
#4957 = DIRECTION ( 'NONE',  ( 1.918432579820409824E-16, 0.000000000000000000, -1.000000000000000000 ) ) ;
#4958 = DIRECTION ( 'NONE',  ( 1.000000000000000000, -1.814117808339527452E-15, 4.268512490210652741E-16 ) ) ;
#4959 = ORIENTED_EDGE ( 'NONE', *, *, #6055, .F. ) ;
#4960 = CARTESIAN_POINT ( 'NONE',  ( -0.4046776695296637194, -0.6581268257145341805, -0.01682233047033635659 ) ) ;
#4961 = EDGE_LOOP ( 'NONE', ( #3616, #5392, #5569, #2185 ) ) ;
#4962 = ORIENTED_EDGE ( 'NONE', *, *, #3331, .F. ) ;
#4963 = VERTEX_POINT ( 'NONE', #2424 ) ;
#4964 = DIRECTION ( 'NONE',  ( -0.000000000000000000, -1.000000000000000000, -0.000000000000000000 ) ) ;
#4965 = EDGE_CURVE ( 'NONE', #311, #3272, #820, .T. ) ;
#4966 = EDGE_CURVE ( 'NONE', #1500, #2089, #5333, .T. ) ;
#4967 = DIRECTION ( 'NONE',  ( -0.000000000000000000, 1.000000000000000000, -0.000000000000000000 ) ) ;
#4968 = ORIENTED_EDGE ( 'NONE', *, *, #6013, .F. ) ;
#4969 = VERTEX_POINT ( 'NONE', #5911 ) ;
#4970 = CARTESIAN_POINT ( 'NONE',  ( -0.4823958806210053574, -0.08682730540034495903, -0.02499999999999999098 ) ) ;
#4971 = CARTESIAN_POINT ( 'NONE',  ( -0.4875059240680250094, 0.000000000000000000, 0.01999999999999987205 ) ) ;
#4972 = CARTESIAN_POINT ( 'NONE',  ( -0.5775000000000001243, 0.000000000000000000, -0.3259999999999999565 ) ) ;
#4973 = ADVANCED_FACE ( 'NONE', ( #1893 ), #1923, .F. ) ;
#4974 = CARTESIAN_POINT ( 'NONE',  ( -0.3870000000000000107, -0.6581268257145341805, 0.009499999999999895681 ) ) ;
#4975 = ORIENTED_EDGE ( 'NONE', *, *, #6430, .F. ) ;
#4976 = VERTEX_POINT ( 'NONE', #4347 ) ;
#4977 = CARTESIAN_POINT ( 'NONE',  ( 0.6075000000000000400, 0.000000000000000000, 0.1600000000000000588 ) ) ;
#4978 = CARTESIAN_POINT ( 'NONE',  ( -0.3870000000000000107, 0.000000000000000000, -0.009499999999999909558 ) ) ;
#4979 = CARTESIAN_POINT ( 'NONE',  ( -0.4514001219983384550, -0.05753732610467972297, 0.02499999999999999098 ) ) ;
#4980 = DIRECTION ( 'NONE',  ( -1.000000000000000000, -0.000000000000000000, -0.000000000000000000 ) ) ;
#4981 = EDGE_CURVE ( 'NONE', #3939, #3570, #6354, .T. ) ;
#4982 = ORIENTED_EDGE ( 'NONE', *, *, #2714, .F. ) ;
#4983 = CARTESIAN_POINT ( 'NONE',  ( -0.02617930508797800676, 0.02900000000000000147, 0.1129826345147889877 ) ) ;
#4984 = DIRECTION ( 'NONE',  ( 0.9918522089651693463, -0.1273938600204659599, 0.000000000000000000 ) ) ;
#4985 = PLANE ( 'NONE',  #4578 ) ;
#4986 = VERTEX_POINT ( 'NONE', #1329 ) ;
#4987 = VECTOR ( 'NONE', #4015, 39.37007874015748143 ) ;
#4988 = DIRECTION ( 'NONE',  ( -0.7071067811865490160, 0.000000000000000000, -0.7071067811865459074 ) ) ;
#4989 = ORIENTED_EDGE ( 'NONE', *, *, #5188, .T. ) ;
#4990 = VERTEX_POINT ( 'NONE', #2328 ) ;
#4991 = VECTOR ( 'NONE', #521, 39.37007874015748143 ) ;
#4992 = ORIENTED_EDGE ( 'NONE', *, *, #79, .F. ) ;
#4993 = DIRECTION ( 'NONE',  ( -0.000000000000000000, 1.000000000000000000, -0.000000000000000000 ) ) ;
#4994 = LINE ( 'NONE', #2508, #5752 ) ;
#4995 = ORIENTED_EDGE ( 'NONE', *, *, #6356, .F. ) ;
#4996 = ORIENTED_EDGE ( 'NONE', *, *, #452, .F. ) ;
#4997 = AXIS2_PLACEMENT_3D ( 'NONE', #4265, #3274, #6304 ) ;
#4998 = ORIENTED_EDGE ( 'NONE', *, *, #409, .T. ) ;
#4999 = ADVANCED_FACE ( 'NONE', ( #2828 ), #3388, .F. ) ;
#5000 = VECTOR ( 'NONE', #6081, 39.37007874015748854 ) ;
#5001 = DIRECTION ( 'NONE',  ( -1.000000000000000000, 0.000000000000000000, -0.000000000000000000 ) ) ;
#5002 = VECTOR ( 'NONE', #1969, 39.37007874015748143 ) ;
#5003 = VECTOR ( 'NONE', #2594, 39.37007874015748143 ) ;
#5004 = CARTESIAN_POINT ( 'NONE',  ( -0.4444498478962030652, -0.1068243285473877840, -0.02000000000000000736 ) ) ;
#5005 = AXIS2_PLACEMENT_3D ( 'NONE', #3488, #3461, #5505 ) ;
#5006 = EDGE_CURVE ( 'NONE', #4298, #701, #4854, .T. ) ;
#5007 = CARTESIAN_POINT ( 'NONE',  ( -0.6075000000000000400, 0.07299999999999999545, -0.2949999999999999289 ) ) ;
#5008 = DIRECTION ( 'NONE',  ( -1.000000000000000000, -0.000000000000000000, -0.000000000000000000 ) ) ;
#5009 = ORIENTED_EDGE ( 'NONE', *, *, #428, .T. ) ;
#5010 = VECTOR ( 'NONE', #2493, 39.37007874015748854 ) ;
#5011 = EDGE_CURVE ( 'NONE', #5309, #719, #3360, .T. ) ;
#5012 = ORIENTED_EDGE ( 'NONE', *, *, #2002, .T. ) ;
#5013 = CARTESIAN_POINT ( 'NONE',  ( -0.1995811308060771727, 0.02900000000000000147, 0.07968661587962798387 ) ) ;
#5014 = DIRECTION ( 'NONE',  ( 1.000000000000000000, 0.000000000000000000, 0.000000000000000000 ) ) ;
#5015 = CIRCLE ( 'NONE', #2157, 0.005500000000000324074 ) ;
#5016 = EDGE_CURVE ( 'NONE', #3611, #3400, #896, .T. ) ;
#5017 = VECTOR ( 'NONE', #6222, 39.37007874015748143 ) ;
#5018 = FACE_OUTER_BOUND ( 'NONE', #90, .T. ) ;
#5019 = CARTESIAN_POINT ( 'NONE',  ( -0.5679999999999998384, 0.02999999999999999889, -0.2255000000000000338 ) ) ;
#5020 = AXIS2_PLACEMENT_3D ( 'NONE', #2571, #1603, #5199 ) ;
#5021 = EDGE_LOOP ( 'NONE', ( #5377, #539, #197, #1952 ) ) ;
#5022 = LINE ( 'NONE', #2497, #3853 ) ;
#5023 = VECTOR ( 'NONE', #6325, 39.37007874015748143 ) ;
#5024 = CARTESIAN_POINT ( 'NONE',  ( -0.5799999999999998490, -0.06250000000000000000, -0.2225000000000000033 ) ) ;
#5025 = EDGE_CURVE ( 'NONE', #1164, #3832, #3870, .T. ) ;
#5026 = DIRECTION ( 'NONE',  ( 1.000000000000000000, 0.000000000000000000, 1.897116650798772461E-16 ) ) ;
#5027 = EDGE_LOOP ( 'NONE', ( #1672, #2490, #6421, #6000 ) ) ;
#5028 = CARTESIAN_POINT ( 'NONE',  ( 0.5800000000000000711, -0.06250000000000000000, 0.2224999999999999756 ) ) ;
#5029 = EDGE_LOOP ( 'NONE', ( #4232, #5087, #2434, #3585, #3635, #6090, #258, #3716 ) ) ;
#5030 = ORIENTED_EDGE ( 'NONE', *, *, #6202, .T. ) ;
#5031 = ORIENTED_EDGE ( 'NONE', *, *, #2013, .T. ) ;
#5032 = DIRECTION ( 'NONE',  ( -0.000000000000000000, 1.000000000000000000, -0.000000000000000000 ) ) ;
#5033 = DIRECTION ( 'NONE',  ( 0.000000000000000000, 0.000000000000000000, -1.000000000000000000 ) ) ;
#5034 = VERTEX_POINT ( 'NONE', #6572 ) ;
#5035 = ORIENTED_EDGE ( 'NONE', *, *, #155, .F. ) ;
#5036 = PLANE ( 'NONE',  #5435 ) ;
#5037 = DIRECTION ( 'NONE',  ( 1.000000000000000000, 0.000000000000000000, 0.000000000000000000 ) ) ;
#5038 = DIRECTION ( 'NONE',  ( -0.2870425557484566070, 0.9579178311261326018, 7.311061041115221568E-17 ) ) ;
#5039 = EDGE_CURVE ( 'NONE', #4762, #493, #6542, .T. ) ;
#5040 = FACE_OUTER_BOUND ( 'NONE', #5721, .T. ) ;
#5041 = DIRECTION ( 'NONE',  ( 0.000000000000000000, -1.000000000000000000, 0.000000000000000000 ) ) ;
#5042 = VERTEX_POINT ( 'NONE', #1451 ) ;
#5043 = ORIENTED_EDGE ( 'NONE', *, *, #3917, .T. ) ;
#5044 = LINE ( 'NONE', #4081, #656 ) ;
#5045 = CARTESIAN_POINT ( 'NONE',  ( -0.4046776695296637749, -0.6581268257145341805, -0.01682233047033630802 ) ) ;
#5046 = CARTESIAN_POINT ( 'NONE',  ( -0.5050982457491223210, -0.01699999999995092936, -0.01999999999999983041 ) ) ;
#5047 = EDGE_CURVE ( 'NONE', #186, #3789, #6036, .T. ) ;
#5048 = ADVANCED_FACE ( 'NONE', ( #2455 ), #6516, .T. ) ;
#5049 = LINE ( 'NONE', #485, #5213 ) ;
#5050 = ORIENTED_EDGE ( 'NONE', *, *, #4040, .F. ) ;
#5051 = PLANE ( 'NONE',  #4567 ) ;
#5052 = CARTESIAN_POINT ( 'NONE',  ( -0.02758112888381902134, 0.02900000000000000147, 0.1586384911471201420 ) ) ;
#5053 = LINE ( 'NONE', #6084, #2266 ) ;
#5054 = ORIENTED_EDGE ( 'NONE', *, *, #188, .T. ) ;
#5055 = FACE_OUTER_BOUND ( 'NONE', #1644, .T. ) ;
#5056 = VERTEX_POINT ( 'NONE', #2519 ) ;
#5057 = EDGE_CURVE ( 'NONE', #978, #4175, #5044, .T. ) ;
#5058 = ORIENTED_EDGE ( 'NONE', *, *, #4126, .T. ) ;
#5059 = CARTESIAN_POINT ( 'NONE',  ( -0.5829999999999997407, 0.02999999999999999889, 0.2104999999999999372 ) ) ;
#5060 = CARTESIAN_POINT ( 'NONE',  ( -0.4554940759319748844, -0.01799999999995276212, 0.02488995655296195875 ) ) ;
#5061 = PRODUCT ( 'PCP02L', 'PCP02L', '', ( #6131 ) ) ;
#5062 = DIRECTION ( 'NONE',  ( -0.000000000000000000, 1.000000000000000000, -0.000000000000000000 ) ) ;
#5063 = ORIENTED_EDGE ( 'NONE', *, *, #6223, .F. ) ;
#5064 = CARTESIAN_POINT ( 'NONE',  ( -0.1996425085298886015, 0.03000000000000000583, 0.05562798290298402032 ) ) ;
#5065 = ORIENTED_EDGE ( 'NONE', *, *, #1918, .F. ) ;
#5066 = ORIENTED_EDGE ( 'NONE', *, *, #6192, .T. ) ;
#5067 = CARTESIAN_POINT ( 'NONE',  ( -0.4825059240680250050, -0.6581268257145341805, 0.02499999999999986955 ) ) ;
#5068 = DIRECTION ( 'NONE',  ( -0.000000000000000000, -0.000000000000000000, -1.000000000000000000 ) ) ;
#5069 = CARTESIAN_POINT ( 'NONE',  ( -0.2455811305979759829, 0.02900000000000000147, 0.09364342865847601061 ) ) ;
#5070 = LINE ( 'NONE', #6134, #3433 ) ;
#5071 = EDGE_LOOP ( 'NONE', ( #1973, #5926, #5181, #6258 ) ) ;
#5072 = ORIENTED_EDGE ( 'NONE', *, *, #4369, .F. ) ;
#5073 = DIRECTION ( 'NONE',  ( -5.464970690590405400E-16, 7.019228317285238464E-17, -1.000000000000000000 ) ) ;
#5074 = DIRECTION ( 'NONE',  ( 0.000000000000000000, 0.000000000000000000, -1.000000000000000000 ) ) ;
#5075 = DIRECTION ( 'NONE',  ( 0.000000000000000000, 0.000000000000000000, 1.000000000000000000 ) ) ;
#5076 = LINE ( 'NONE', #3087, #3329 ) ;
#5077 = CARTESIAN_POINT ( 'NONE',  ( -1.365923996832131609E-16, -0.009999999999999991535, -0.2054999999999996829 ) ) ;
#5078 = ORIENTED_EDGE ( 'NONE', *, *, #428, .F. ) ;
#5079 = DIRECTION ( 'NONE',  ( -0.000000000000000000, -1.000000000000000000, -0.000000000000000000 ) ) ;
#5080 = PRODUCT_DEFINITION ( 'UNKNOWN', '', #1819, #244 ) ;
#5081 = DIRECTION ( 'NONE',  ( 0.000000000000000000, 0.000000000000000000, -1.000000000000000000 ) ) ;
#5082 = EDGE_CURVE ( 'NONE', #3652, #392, #3529, .T. ) ;
#5083 = LINE ( 'NONE', #4058, #5138 ) ;
#5084 = EDGE_LOOP ( 'NONE', ( #2382, #1214, #4325, #1891 ) ) ;
#5085 = PLANE ( 'NONE',  #6179 ) ;
#5086 = VERTEX_POINT ( 'NONE', #1479 ) ;
#5087 = ORIENTED_EDGE ( 'NONE', *, *, #2800, .T. ) ;
#5088 = ORIENTED_EDGE ( 'NONE', *, *, #2176, .T. ) ;
#5089 = ADVANCED_FACE ( 'NONE', ( #5570 ), #5540, .F. ) ;
#5090 = CARTESIAN_POINT ( 'NONE',  ( -0.4554940759319748844, -0.01799999999995276212, 0.007500000000001148977 ) ) ;
#5091 = PRODUCT_DEFINITION_CONTEXT ( 'detailed design', #3337, 'design' ) ;
#5092 = CARTESIAN_POINT ( 'NONE',  ( -0.4472988796684241875, -0.09731654553263814622, -0.02000000000000000736 ) ) ;
#5093 = EDGE_CURVE ( 'NONE', #203, #3480, #3221, .T. ) ;
#5094 = COLOUR_RGB ( '',0.7921568627450980005, 0.8196078431372548767, 0.9333333333333333481 ) ;
#5095 = CARTESIAN_POINT ( 'NONE',  ( -0.3825811296288838537, 0.02900000000000000147, 0.1586384922640279860 ) ) ;
#5096 = ORIENTED_EDGE ( 'NONE', *, *, #592, .F. ) ;
#5097 = EDGE_LOOP ( 'NONE', ( #5722, #4365, #3999, #4486, #3423, #1066, #5867, #3487 ) ) ;
#5098 = AXIS2_PLACEMENT_3D ( 'NONE', #4676, #5812, #3726 ) ;
#5099 = DIRECTION ( 'NONE',  ( 0.000000000000000000, 1.000000000000000000, 0.000000000000000000 ) ) ;
#5100 = DIRECTION ( 'NONE',  ( 0.000000000000000000, 0.000000000000000000, 1.000000000000000000 ) ) ;
#5101 = VECTOR ( 'NONE', #2087, 39.37007874015748143 ) ;
#5102 = EDGE_CURVE ( 'NONE', #1979, #527, #6108, .T. ) ;
#5103 = CARTESIAN_POINT ( 'NONE',  ( -0.4506041193790127908, -0.08299999999995276434, -0.01999999999999995878 ) ) ;
#5104 = STYLED_ITEM ( 'NONE', ( #3422 ), #1397 ) ;
#5105 = DIRECTION ( 'NONE',  ( -1.897116650798772461E-16, 0.000000000000000000, 1.000000000000000000 ) ) ;
#5106 = AXIS2_PLACEMENT_3D ( 'NONE', #6579, #4984, #5577 ) ;
#5107 = PLANE ( 'NONE',  #3737 ) ;
#5108 = CARTESIAN_POINT ( 'NONE',  ( 0.5737551037419055255, -0.02999999999999999542, 0.2243520190498689837 ) ) ;
#5109 = VECTOR ( 'NONE', #3, 39.37007874015748143 ) ;
#5110 = ORIENTED_EDGE ( 'NONE', *, *, #1408, .F. ) ;
#5111 =( REPRESENTATION_RELATIONSHIP ('NONE','NONE', #5918, #3420 ) REPRESENTATION_RELATIONSHIP_WITH_TRANSFORMATION ( #6345 )SHAPE_REPRESENTATION_RELATIONSHIP( ) );
#5112 = ORIENTED_EDGE ( 'NONE', *, *, #2750, .T. ) ;
#5113 = DIRECTION ( 'NONE',  ( -1.000000000000000000, 0.000000000000000000, 0.000000000000000000 ) ) ;
#5114 = PLANE ( 'NONE',  #654 ) ;
#5115 = VECTOR ( 'NONE', #84, 39.37007874015748854 ) ;
#5116 = PLANE ( 'NONE',  #2345 ) ;
#5117 = VECTOR ( 'NONE', #5113, 39.37007874015748143 ) ;
#5118 = DIRECTION ( 'NONE',  ( 0.000000000000000000, -0.000000000000000000, -1.000000000000000000 ) ) ;
#5119 = FACE_OUTER_BOUND ( 'NONE', #3625, .T. ) ;
#5120 = VECTOR ( 'NONE', #6525, 39.37007874015748143 ) ;
#5121 = VECTOR ( 'NONE', #669, 39.37007874015748143 ) ;
#5122 = ORIENTED_EDGE ( 'NONE', *, *, #4696, .F. ) ;
#5123 = AXIS2_PLACEMENT_3D ( 'NONE', #6442, #1373, #5437 ) ;
#5124 = CARTESIAN_POINT ( 'NONE',  ( 0.000000000000000000, 0.02900000000000000147, 0.000000000000000000 ) ) ;
#5125 = DIRECTION ( 'NONE',  ( -0.000000000000000000, 0.000000000000000000, 1.000000000000000000 ) ) ;
#5126 = VECTOR ( 'NONE', #2332, 39.37007874015748143 ) ;
#5127 = VECTOR ( 'NONE', #6068, 39.37007874015748143 ) ;
#5128 = CARTESIAN_POINT ( 'NONE',  ( -0.1525811296288791252, 0.02900000000000000147, 0.06869331760892578853 ) ) ;
#5129 = SURFACE_SIDE_STYLE ('',( #3535 ) ) ;
#5130 = VERTEX_POINT ( 'NONE', #1959 ) ;
#5131 = ADVANCED_FACE ( 'NONE', ( #1989 ), #456, .F. ) ;
#5132 = LINE ( 'NONE', #4159, #4049 ) ;
#5133 = ORIENTED_EDGE ( 'NONE', *, *, #2184, .T. ) ;
#5134 = DIMENSIONAL_EXPONENTS ( 1.000000000000000000, 0.000000000000000000, 0.000000000000000000, 0.000000000000000000, 0.000000000000000000, 0.000000000000000000, 0.000000000000000000 ) ;
#5135 = VECTOR ( 'NONE', #5745, 39.37007874015748143 ) ;
#5136 = ORIENTED_EDGE ( 'NONE', *, *, #700, .F. ) ;
#5137 = EDGE_LOOP ( 'NONE', ( #5548, #5428, #878, #6048 ) ) ;
#5138 = VECTOR ( 'NONE', #2664, 39.37007874015748143 ) ;
#5139 = CARTESIAN_POINT ( 'NONE',  ( -0.5949999999999997513, -0.06250000000000000000, 0.2224999999999999756 ) ) ;
#5140 = EDGE_CURVE ( 'NONE', #432, #3402, #231, .T. ) ;
#5141 = DIRECTION ( 'NONE',  ( -0.9701077100437918155, 0.000000000000000000, -0.2426747430483658097 ) ) ;
#5142 = DIRECTION ( 'NONE',  ( 1.000000000000000000, 0.000000000000000000, -7.588466649067208502E-16 ) ) ;
#5143 = EDGE_CURVE ( 'NONE', #5489, #2568, #1299, .T. ) ;
#5144 = DIRECTION ( 'NONE',  ( -0.000000000000000000, 1.000000000000000000, -0.000000000000000000 ) ) ;
#5145 = ORIENTED_EDGE ( 'NONE', *, *, #259, .F. ) ;
#5146 = VERTEX_POINT ( 'NONE', #4007 ) ;
#5147 = CARTESIAN_POINT ( 'NONE',  ( -0.2455811310141752246, 0.02999999999999999889, 0.06572980324970296995 ) ) ;
#5148 = CYLINDRICAL_SURFACE ( 'NONE', #5444, 0.01500000000000001159 ) ;
#5149 = DIRECTION ( 'NONE',  ( 0.000000000000000000, 0.000000000000000000, 1.000000000000000000 ) ) ;
#5150 = DIRECTION ( 'NONE',  ( 0.000000000000000000, 0.000000000000000000, -1.000000000000000000 ) ) ;
#5151 = ORIENTED_EDGE ( 'NONE', *, *, #202, .F. ) ;
#5152 = EDGE_CURVE ( 'NONE', #5189, #3845, #1505, .T. ) ;
#5153 = DIRECTION ( 'NONE',  ( 0.000000000000000000, 0.000000000000000000, -1.000000000000000000 ) ) ;
#5154 = LINE ( 'NONE', #1152, #5115 ) ;
#5155 = CARTESIAN_POINT ( 'NONE',  ( 0.000000000000000000, 0.02999999999999999889, 0.000000000000000000 ) ) ;
#5156 = PLANE ( 'NONE',  #5761 ) ;
#5157 = DIRECTION ( 'NONE',  ( -1.918432579820410317E-16, 0.000000000000000000, -1.000000000000000000 ) ) ;
#5158 = EDGE_CURVE ( 'NONE', #1666, #6526, #53, .T. ) ;
#5159 = ORIENTED_EDGE ( 'NONE', *, *, #5503, .F. ) ;
#5160 = LINE ( 'NONE', #3194, #4799 ) ;
#5161 = DIRECTION ( 'NONE',  ( 0.000000000000000000, 0.000000000000000000, 1.000000000000000000 ) ) ;
#5162 = DIRECTION ( 'NONE',  ( -0.6908835603800721481, 0.000000000000000000, -0.7229660476098136446 ) ) ;
#5163 = DIRECTION ( 'NONE',  ( 0.5000037368133710691, 0.000000000000000000, -0.8660232463234835976 ) ) ;
#5164 = VERTEX_POINT ( 'NONE', #1552 ) ;
#5165 = ORIENTED_EDGE ( 'NONE', *, *, #1608, .F. ) ;
#5166 = ORIENTED_EDGE ( 'NONE', *, *, #1286, .T. ) ;
#5167 = LINE ( 'NONE', #730, #6273 ) ;
#5168 = DIRECTION ( 'NONE',  ( -0.000000000000000000, 1.000000000000000000, -0.000000000000000000 ) ) ;
#5169 = CARTESIAN_POINT ( 'NONE',  ( -0.4444498478962030652, -0.1068243285473877840, 0.02000000000000000736 ) ) ;
#5170 = LINE ( 'NONE', #2044, #2569 ) ;
#5171 = VERTEX_POINT ( 'NONE', #4570 ) ;
#5172 = CARTESIAN_POINT ( 'NONE',  ( -0.5829999999999997407, -0.02999999999999999542, -0.2122025752354692596 ) ) ;
#5173 = ORIENTED_EDGE ( 'NONE', *, *, #1227, .T. ) ;
#5174 = VERTEX_POINT ( 'NONE', #3951 ) ;
#5175 = CARTESIAN_POINT ( 'NONE',  ( -0.1075811296288820829, 0.02900000000000000147, 0.1136659048247848636 ) ) ;
#5176 = EDGE_CURVE ( 'NONE', #4863, #5259, #6072, .T. ) ;
#5177 = CARTESIAN_POINT ( 'NONE',  ( 0.05000000000000048850, 0.1629999999999944549, 0.7220000000004425100 ) ) ;
#5178 = DIRECTION ( 'NONE',  ( -0.000000000000000000, -1.000000000000000000, 0.000000000000000000 ) ) ;
#5179 = CARTESIAN_POINT ( 'NONE',  ( -0.5050982457491224320, -0.01799999999995276212, -0.01999999999999995878 ) ) ;
#5180 = PLANE ( 'NONE',  #5632 ) ;
#5181 = ORIENTED_EDGE ( 'NONE', *, *, #979, .F. ) ;
#5182 = DIRECTION ( 'NONE',  ( 1.000000000000000000, 0.000000000000000000, -0.000000000000000000 ) ) ;
#5183 = DIRECTION ( 'NONE',  ( 0.000000000000000000, 0.000000000000000000, -1.000000000000000000 ) ) ;
#5184 = DIRECTION ( 'NONE',  ( 1.000000000000000000, 0.000000000000000000, 0.000000000000000000 ) ) ;
#5185 = CARTESIAN_POINT ( 'NONE',  ( -0.5829999999999997407, -0.02999999999999998154, 0.07016666666666666885 ) ) ;
#5186 = EDGE_CURVE ( 'NONE', #415, #937, #2683, .T. ) ;
#5187 = CARTESIAN_POINT ( 'NONE',  ( 0.2835409975721848164, -0.03000000000000000930, 0.2254999999999999227 ) ) ;
#5188 = EDGE_CURVE ( 'NONE', #6526, #3136, #1048, .T. ) ;
#5189 = VERTEX_POINT ( 'NONE', #720 ) ;
#5190 = FACE_OUTER_BOUND ( 'NONE', #2030, .T. ) ;
#5191 = PLANE ( 'NONE',  #2028 ) ;
#5192 = DIRECTION ( 'NONE',  ( -0.9862692402489717791, 0.000000000000000000, -0.1651453473117420467 ) ) ;
#5193 = ADVANCED_FACE ( 'NONE', ( #2756 ), #6171, .F. ) ;
#5194 = DIRECTION ( 'NONE',  ( -0.000000000000000000, 1.000000000000000000, -0.000000000000000000 ) ) ;
#5195 = CARTESIAN_POINT ( 'NONE',  ( -0.5949999999999997513, 0.06250000000000000000, -0.2374999999999999889 ) ) ;
#5196 = ORIENTED_EDGE ( 'NONE', *, *, #1039, .F. ) ;
#5197 = EDGE_LOOP ( 'NONE', ( #4665, #6095, #1559, #6553 ) ) ;
#5198 = DIRECTION ( 'NONE',  ( -1.000000000000000000, 0.000000000000000000, -0.000000000000000000 ) ) ;
#5199 = DIRECTION ( 'NONE',  ( 0.000000000000000000, 0.000000000000000000, -1.000000000000000000 ) ) ;
#5200 = CARTESIAN_POINT ( 'NONE',  ( -0.5775000000000001243, 0.07299999999999999545, -0.2949999999999998734 ) ) ;
#5201 = CARTESIAN_POINT ( 'NONE',  ( -0.4781918832403103670, -0.05409618250434181097, 0.007500000000000005794 ) ) ;
#5202 = CARTESIAN_POINT ( 'NONE',  ( -0.5602608159514088637, -0.01000000000000000368, 0.2026953117497706791 ) ) ;
#5203 = ORIENTED_EDGE ( 'NONE', *, *, #5016, .F. ) ;
#5204 = ORIENTED_EDGE ( 'NONE', *, *, #4294, .F. ) ;
#5205 = CARTESIAN_POINT ( 'NONE',  ( -0.4858938752007072037, -0.04956487266128539737, -0.02150200542027965595 ) ) ;
#5206 =( CONVERSION_BASED_UNIT ( 'INCH', #5277 ) LENGTH_UNIT ( ) NAMED_UNIT ( #3178 ) );
#5207 = DIRECTION ( 'NONE',  ( 0.7071067811865457964, 8.664703394756020945E-17, -0.7071067811865493491 ) ) ;
#5208 = DIRECTION ( 'NONE',  ( -1.000000000000000000, 0.000000000000000000, 0.000000000000000000 ) ) ;
#5209 = VECTOR ( 'NONE', #4782, 39.37007874015748143 ) ;
#5210 = ADVANCED_FACE ( 'NONE', ( #3156 ), #4139, .T. ) ;
#5211 = DIRECTION ( 'NONE',  ( 0.000000000000000000, 0.000000000000000000, -1.000000000000000000 ) ) ;
#5212 = ORIENTED_EDGE ( 'NONE', *, *, #2494, .F. ) ;
#5213 = VECTOR ( 'NONE', #58, 39.37007874015748854 ) ;
#5214 = PLANE ( 'NONE',  #6499 ) ;
#5215 = FACE_OUTER_BOUND ( 'NONE', #1712, .T. ) ;
#5216 = CARTESIAN_POINT ( 'NONE',  ( -0.4369999999999999996, -0.01799999999995276559, -0.05000000000000000278 ) ) ;
#5217 = AXIS2_PLACEMENT_3D ( 'NONE', #1545, #6003, #3015 ) ;
#5218 = VECTOR ( 'NONE', #1529, 39.37007874015748143 ) ;
#5219 = ADVANCED_FACE ( 'NONE', ( #617 ), #5214, .F. ) ;
#5220 = LINE ( 'NONE', #2202, #16 ) ;
#5221 = VECTOR ( 'NONE', #3407, 39.37007874015748854 ) ;
#5222 = CARTESIAN_POINT ( 'NONE',  ( -0.5630000000000006111, -0.01000000000000000021, 0.09812715302459167066 ) ) ;
#5223 = ADVANCED_FACE ( 'NONE', ( #83 ), #2198, .T. ) ;
#5224 = VECTOR ( 'NONE', #1522, 39.37007874015748143 ) ;
#5225 = VERTEX_POINT ( 'NONE', #3767 ) ;
#5226 = CARTESIAN_POINT ( 'NONE',  ( -0.5826832830972734634, -0.02999999999998908401, -0.2142848817570026376 ) ) ;
#5227 = DIRECTION ( 'NONE',  ( 0.7071067811865449082, 0.000000000000000000, 0.7071067811865501263 ) ) ;
#5228 = EDGE_CURVE ( 'NONE', #5924, #6493, #4751, .T. ) ;
#5229 = AXIS2_PLACEMENT_3D ( 'NONE', #1321, #3349, #1882 ) ;
#5230 = VECTOR ( 'NONE', #5026, 39.37007874015748143 ) ;
#5231 = LINE ( 'NONE', #6357, #2997 ) ;
#5232 = DIRECTION ( 'NONE',  ( 0.000000000000000000, -1.000000000000000000, 0.000000000000000000 ) ) ;
#5233 = AXIS2_PLACEMENT_3D ( 'NONE', #3694, #187, #1151 ) ;
#5234 = LINE ( 'NONE', #5195, #4163 ) ;
#5235 = ORIENTED_EDGE ( 'NONE', *, *, #1032, .T. ) ;
#5236 = VERTEX_POINT ( 'NONE', #4718 ) ;
#5237 = DIRECTION ( 'NONE',  ( 0.000000000000000000, 0.000000000000000000, -1.000000000000000000 ) ) ;
#5238 = EDGE_CURVE ( 'NONE', #41, #6562, #3261, .T. ) ;
#5239 = CARTESIAN_POINT ( 'NONE',  ( -0.3559279799269051692, 0.02900000000000000147, 0.1386506756738059287 ) ) ;
#5240 = DIRECTION ( 'NONE',  ( -0.000000000000000000, 1.000000000000000000, -0.000000000000000000 ) ) ;
#5241 = AXIS2_PLACEMENT_3D ( 'NONE', #583, #154, #4668 ) ;
#5242 = ORIENTED_EDGE ( 'NONE', *, *, #267, .T. ) ;
#5243 = CARTESIAN_POINT ( 'NONE',  ( -0.5829999999999997407, -0.02999999999999999542, -0.1751557465047202666 ) ) ;
#5244 = ORIENTED_EDGE ( 'NONE', *, *, #332, .F. ) ;
#5245 = VECTOR ( 'NONE', #1110, 39.37007874015748143 ) ;
#5246 = ORIENTED_EDGE ( 'NONE', *, *, #1022, .T. ) ;
#5247 = ORIENTED_EDGE ( 'NONE', *, *, #5545, .F. ) ;
#5248 = CARTESIAN_POINT ( 'NONE',  ( -0.2455811305979759829, 0.02999999999999999889, 0.09364342865847601061 ) ) ;
#5249 = SHAPE_DEFINITION_REPRESENTATION ( #2995, #696 ) ;
#5250 = LINE ( 'NONE', #684, #6511 ) ;
#5251 = CARTESIAN_POINT ( 'NONE',  ( -0.1075811296288820690, 0.02999999999999999889, 0.1586384920406471166 ) ) ;
#5252 = DIRECTION ( 'NONE',  ( -0.000000000000000000, 1.000000000000000000, -0.000000000000000000 ) ) ;
#5253 = ORIENTED_EDGE ( 'NONE', *, *, #1935, .T. ) ;
#5254 = DIRECTION ( 'NONE',  ( -1.000000000000000000, 0.000000000000000000, -0.000000000000000000 ) ) ;
#5255 = DIRECTION ( 'NONE',  ( -0.000000000000000000, -0.000000000000000000, 1.000000000000000000 ) ) ;
#5256 = EDGE_CURVE ( 'NONE', #4021, #6265, #3664, .T. ) ;
#5257 = FACE_BOUND ( 'NONE', #3994, .T. ) ;
#5258 = CARTESIAN_POINT ( 'NONE',  ( -0.5629999999999999449, -0.01000000000000000021, 0.1631652724842146684 ) ) ;
#5259 = VERTEX_POINT ( 'NONE', #3618 ) ;
#5260 = DIRECTION ( 'NONE',  ( 0.000000000000000000, -0.000000000000000000, -1.000000000000000000 ) ) ;
#5261 = LINE ( 'NONE', #2206, #2782 ) ;
#5262 = EDGE_CURVE ( 'NONE', #4087, #1790, #6214, .T. ) ;
#5263 = ADVANCED_FACE ( 'NONE', ( #1691 ), #587, .F. ) ;
#5264 = FACE_OUTER_BOUND ( 'NONE', #989, .T. ) ;
#5265 = ORIENTED_EDGE ( 'NONE', *, *, #811, .F. ) ;
#5266 = VERTEX_POINT ( 'NONE', #5676 ) ;
#5267 = CYLINDRICAL_SURFACE ( 'NONE', #3622, 0.01500000000000001159 ) ;
#5268 = DIRECTION ( 'NONE',  ( 0.000000000000000000, 0.000000000000000000, -1.000000000000000000 ) ) ;
#5269 = LINE ( 'NONE', #4445, #2361 ) ;
#5270 = ORIENTED_EDGE ( 'NONE', *, *, #407, .T. ) ;
#5271 = EDGE_CURVE ( 'NONE', #1165, #239, #2652, .T. ) ;
#5272 = CARTESIAN_POINT ( 'NONE',  ( 0.4730258587994413122, -0.02999999999999999889, 0.2254999999999999505 ) ) ;
#5273 = ORIENTED_EDGE ( 'NONE', *, *, #6102, .T. ) ;
#5274 = ORIENTED_EDGE ( 'NONE', *, *, #3683, .F. ) ;
#5275 = VERTEX_POINT ( 'NONE', #2162 ) ;
#5276 = CARTESIAN_POINT ( 'NONE',  ( -0.4991794919243109918, 0.009999999999741748455, 0.01999999999999987205 ) ) ;
#5277 = LENGTH_MEASURE_WITH_UNIT ( LENGTH_MEASURE( 0.02539999999999999897 ), #3757 );
#5278 = FACE_OUTER_BOUND ( 'NONE', #3065, .T. ) ;
#5279 = ADVANCED_FACE ( 'NONE', ( #2622 ), #1124, .T. ) ;
#5280 = CARTESIAN_POINT ( 'NONE',  ( -0.4463586213557717008, -0.04406736643085625710, 0.01999999999999995878 ) ) ;
#5281 = LINE ( 'NONE', #718, #4899 ) ;
#5282 = EDGE_LOOP ( 'NONE', ( #4450, #2439, #724, #1717, #1470, #579, #3004, #1224, #1409, #1994, #2780, #1873, #2548, #2115 ) ) ;
#5283 = FACE_OUTER_BOUND ( 'NONE', #6219, .T. ) ;
#5284 = DIRECTION ( 'NONE',  ( 0.000000000000000000, -1.000000000000000000, 0.000000000000000000 ) ) ;
#5285 = CARTESIAN_POINT ( 'NONE',  ( -0.5385692905699326349, 0.02999999999999999889, 0.1709264543384062252 ) ) ;
#5286 = CARTESIAN_POINT ( 'NONE',  ( 0.5630000000000001670, -0.01000000000000000021, -0.1631652724842145852 ) ) ;
#5287 = ORIENTED_EDGE ( 'NONE', *, *, #5492, .T. ) ;
#5288 = CARTESIAN_POINT ( 'NONE',  ( -0.02758112888381902134, 0.02900000000000000147, 0.1586384911471201420 ) ) ;
#5289 = DIRECTION ( 'NONE',  ( -0.000000000000000000, -1.000000000000000000, 0.000000000000000000 ) ) ;
#5290 = CARTESIAN_POINT ( 'NONE',  ( -0.5464999999999999858, 0.07299999999999999545, -0.3259999999999999565 ) ) ;
#5291 =( NAMED_UNIT ( * ) SI_UNIT ( $, .STERADIAN. ) SOLID_ANGLE_UNIT ( ) );
#5292 = VERTEX_POINT ( 'NONE', #4246 ) ;
#5293 = EDGE_CURVE ( 'NONE', #5325, #1651, #688, .T. ) ;
#5294 = ORIENTED_EDGE ( 'NONE', *, *, #2108, .F. ) ;
#5295 = PLANE ( 'NONE',  #3305 ) ;
#5296 = PLANE ( 'NONE',  #27 ) ;
#5297 = CARTESIAN_POINT ( 'NONE',  ( -0.4831511442851362248, -0.05345921320423948492, 0.02000000000000000042 ) ) ;
#5298 = VERTEX_POINT ( 'NONE', #1188 ) ;
#5299 = DIRECTION ( 'NONE',  ( 1.000000000000000000, 0.000000000000000000, 0.000000000000000000 ) ) ;
#5300 = ORIENTED_EDGE ( 'NONE', *, *, #3527, .F. ) ;
#5301 = EDGE_CURVE ( 'NONE', #140, #5730, #1729, .T. ) ;
#5302 = ORIENTED_EDGE ( 'NONE', *, *, #6296, .F. ) ;
#5303 = EDGE_LOOP ( 'NONE', ( #2248, #6023, #1173, #2953 ) ) ;
#5304 = LINE ( 'NONE', #3255, #237 ) ;
#5305 = EDGE_CURVE ( 'NONE', #493, #2605, #3231, .T. ) ;
#5306 = CARTESIAN_POINT ( 'NONE',  ( -0.4099999999999999756, -0.04499999999995278610, 0.01999999999999995878 ) ) ;
#5307 = CARTESIAN_POINT ( 'NONE',  ( -0.5949999999999997513, 0.06250000000000000000, -0.2225000000000000033 ) ) ;
#5308 = DIRECTION ( 'NONE',  ( 0.000000000000000000, 0.000000000000000000, 1.000000000000000000 ) ) ;
#5309 = VERTEX_POINT ( 'NONE', #1225 ) ;
#5310 = DIRECTION ( 'NONE',  ( -7.588466649067432933E-15, 0.000000000000000000, -1.000000000000000000 ) ) ;
#5311 = ADVANCED_FACE ( 'NONE', ( #5283 ), #3289, .F. ) ;
#5312 = CARTESIAN_POINT ( 'NONE',  ( -0.4875059240680252315, -0.6581268257145341805, -0.01999999999999983041 ) ) ;
#5313 = CARTESIAN_POINT ( 'NONE',  ( -0.4537721578432238889, -0.04999999999999293898, -0.02316803846421108121 ) ) ;
#5314 = CARTESIAN_POINT ( 'NONE',  ( 0.5623330160737451955, -0.01000000000000000715, 0.1996683113427914491 ) ) ;
#5315 = VECTOR ( 'NONE', #560, 39.37007874015748143 ) ;
#5316 = VERTEX_POINT ( 'NONE', #841 ) ;
#5317 = VECTOR ( 'NONE', #902, 39.37007874015748854 ) ;
#5318 = PLANE ( 'NONE',  #3755 ) ;
#5319 = CARTESIAN_POINT ( 'NONE',  ( 0.5830000000000000737, -0.02999999999999998154, 0.07016666666666664109 ) ) ;
#5320 = AXIS2_PLACEMENT_3D ( 'NONE', #2535, #4550, #1034 ) ;
#5321 = VECTOR ( 'NONE', #810, 39.37007874015748143 ) ;
#5322 = LINE ( 'NONE', #5290, #4585 ) ;
#5323 = LINE ( 'NONE', #4224, #2244 ) ;
#5324 = VECTOR ( 'NONE', #3833, 39.37007874015748143 ) ;
#5325 = VERTEX_POINT ( 'NONE', #4286 ) ;
#5326 = ORIENTED_EDGE ( 'NONE', *, *, #3719, .F. ) ;
#5327 = AXIS2_PLACEMENT_3D ( 'NONE', #2846, #378, #1909 ) ;
#5328 = CARTESIAN_POINT ( 'NONE',  ( -0.02617930508797800676, 0.02900000000000000147, 0.1129826345147889877 ) ) ;
#5329 = CARTESIAN_POINT ( 'NONE',  ( -0.5737379991955916525, -0.02999999999999999889, 0.2243591238515079689 ) ) ;
#5330 = VECTOR ( 'NONE', #1768, 39.37007874015748143 ) ;
#5331 = CARTESIAN_POINT ( 'NONE',  ( -0.4781918832403103670, -0.05409618250434181097, 0.007500000000000005794 ) ) ;
#5332 = EDGE_CURVE ( 'NONE', #2612, #5823, #4051, .T. ) ;
#5333 = CIRCLE ( 'NONE', #3418, 0.01500000000000001159 ) ;
#5334 = EDGE_LOOP ( 'NONE', ( #5994, #2187, #4297 ) ) ;
#5335 = CARTESIAN_POINT ( 'NONE',  ( 0.5829999999999989635, -0.03000000000000000583, -1.195183497228115035E-16 ) ) ;
#5336 = ORIENTED_EDGE ( 'NONE', *, *, #935, .F. ) ;
#5337 = AXIS2_PLACEMENT_3D ( 'NONE', #534, #3112, #71 ) ;
#5338 = VERTEX_POINT ( 'NONE', #2882 ) ;
#5339 = VERTEX_POINT ( 'NONE', #890 ) ;
#5340 = AXIS2_PLACEMENT_3D ( 'NONE', #1503, #5927, #2967 ) ;
#5341 = EDGE_CURVE ( 'NONE', #2404, #3950, #1323, .T. ) ;
#5342 = DIRECTION ( 'NONE',  ( -0.001278364738736343948, 0.000000000000000000, -0.9999991828914636116 ) ) ;
#5343 = CONTEXT_DEPENDENT_SHAPE_REPRESENTATION ( #2517, #1985 ) ;
#5344 = VECTOR ( 'NONE', #1391, 39.37007874015748143 ) ;
#5345 = EDGE_CURVE ( 'NONE', #2327, #2516, #6324, .T. ) ;
#5346 = DIRECTION ( 'NONE',  ( -1.000000000000000000, 0.000000000000000000, 0.000000000000000000 ) ) ;
#5347 = CARTESIAN_POINT ( 'NONE',  ( -0.3559279799269051692, 0.02900000000000000147, 0.1386506756738059287 ) ) ;
#5348 = VERTEX_POINT ( 'NONE', #6321 ) ;
#5349 = CIRCLE ( 'NONE', #6194, 0.01500000000000001159 ) ;
#5350 = LINE ( 'NONE', #2265, #4276 ) ;
#5351 = DIRECTION ( 'NONE',  ( -1.000000000000000000, 0.000000000000000000, 0.000000000000000000 ) ) ;
#5352 = CARTESIAN_POINT ( 'NONE',  ( -0.4873958806209868766, -0.04872286219708917704, -0.01999999999999995878 ) ) ;
#5353 = EDGE_CURVE ( 'NONE', #4263, #1781, #4341, .T. ) ;
#5354 = ORIENTED_EDGE ( 'NONE', *, *, #4513, .F. ) ;
#5355 = DIRECTION ( 'NONE',  ( 1.000000000000000000, 0.000000000000000000, 0.000000000000000000 ) ) ;
#5356 = DIRECTION ( 'NONE',  ( 1.000000000000000000, 0.000000000000000000, 8.537024980200821818E-14 ) ) ;
#5357 = FACE_OUTER_BOUND ( 'NONE', #2073, .T. ) ;
#5358 = CARTESIAN_POINT ( 'NONE',  ( 0.5680000000003079252, -0.03000000000000001277, 0.2254999999999999227 ) ) ;
#5359 = ADVANCED_FACE ( 'NONE', ( #749 ), #4848, .T. ) ;
#5360 = ORIENTED_EDGE ( 'NONE', *, *, #6102, .F. ) ;
#5361 = CARTESIAN_POINT ( 'NONE',  ( -0.4916413786442170308, -0.04406736643090528732, -0.05000000000000000278 ) ) ;
#5362 = DIRECTION ( 'NONE',  ( 1.782847001114579371E-16, -2.289895200564846283E-17, 1.000000000000000000 ) ) ;
#5363 = CARTESIAN_POINT ( 'NONE',  ( -0.1995811308060771727, 0.02900000000000000147, 0.1036892288826527508 ) ) ;
#5364 = ORIENTED_EDGE ( 'NONE', *, *, #3736, .T. ) ;
#5365 = DIRECTION ( 'NONE',  ( 0.000000000000000000, 1.000000000000000000, -0.000000000000000000 ) ) ;
#5366 = ORIENTED_EDGE ( 'NONE', *, *, #2201, .F. ) ;
#5367 = ORIENTED_EDGE ( 'NONE', *, *, #3554, .T. ) ;
#5368 = ORIENTED_EDGE ( 'NONE', *, *, #4599, .T. ) ;
#5369 = CARTESIAN_POINT ( 'NONE',  ( -0.4554940759319837662, -0.04000000000025272923, -0.01999999999999995878 ) ) ;
#5370 = FACE_OUTER_BOUND ( 'NONE', #3155, .T. ) ;
#5371 = ORIENTED_EDGE ( 'NONE', *, *, #2172, .F. ) ;
#5372 = ADVANCED_FACE ( 'NONE', ( #1762 ), #6375, .T. ) ;
#5373 = LINE ( 'NONE', #2849, #1914 ) ;
#5374 = FACE_OUTER_BOUND ( 'NONE', #2917, .T. ) ;
#5375 = DIRECTION ( 'NONE',  ( 0.000000000000000000, 0.000000000000000000, 1.000000000000000000 ) ) ;
#5376 = DIRECTION ( 'NONE',  ( -1.000000000000000000, 0.000000000000000000, -1.118754689867659589E-16 ) ) ;
#5377 = ORIENTED_EDGE ( 'NONE', *, *, #3883, .F. ) ;
#5378 = CARTESIAN_POINT ( 'NONE',  ( -0.4099999999999999756, -0.08299999999995276434, -0.01999999999999995878 ) ) ;
#5379 = LINE ( 'NONE', #230, #1182 ) ;
#5380 = EDGE_CURVE ( 'NONE', #1812, #830, #1773, .T. ) ;
#5381 = DIRECTION ( 'NONE',  ( 0.000000000000000000, -1.000000000000000000, 0.000000000000000000 ) ) ;
#5382 = CARTESIAN_POINT ( 'NONE',  ( 0.5680000000000000604, 0.02999999999999999889, -0.2105000000000000204 ) ) ;
#5383 = ORIENTED_EDGE ( 'NONE', *, *, #3806, .F. ) ;
#5384 = LINE ( 'NONE', #2373, #5527 ) ;
#5385 = CARTESIAN_POINT ( 'NONE',  ( -0.3825811296288838537, 0.02999999999999999889, 0.1586384922640279860 ) ) ;
#5386 = ADVANCED_FACE ( 'NONE', ( #2823 ), #1285, .F. ) ;
#5387 = CARTESIAN_POINT ( 'NONE',  ( -0.5067995786254709811, -0.1159557566465508199, -0.05000000000000000278 ) ) ;
#5388 = ORIENTED_EDGE ( 'NONE', *, *, #5467, .T. ) ;
#5389 = PLANE ( 'NONE',  #4691 ) ;
#5390 = VERTEX_POINT ( 'NONE', #4312 ) ;
#5391 = ORIENTED_EDGE ( 'NONE', *, *, #6067, .F. ) ;
#5392 = ORIENTED_EDGE ( 'NONE', *, *, #4981, .F. ) ;
#5393 = DIRECTION ( 'NONE',  ( 0.000000000000000000, -1.000000000000000000, 0.000000000000000000 ) ) ;
#5394 = ITEM_DEFINED_TRANSFORMATION ( 'NONE', 'NONE', #2350,  #6377 ) ;
#5395 = CARTESIAN_POINT ( 'NONE',  ( -0.4185174154918195333, 0.000000000000000000, 0.03066207643249200740 ) ) ;
#5396 = FACE_OUTER_BOUND ( 'NONE', #164, .T. ) ;
#5397 = ORIENTED_EDGE ( 'NONE', *, *, #5902, .F. ) ;
#5398 = DIRECTION ( 'NONE',  ( -1.225374105480419231E-16, 1.000000000000000000, -0.000000000000000000 ) ) ;
#5399 = CARTESIAN_POINT ( 'NONE',  ( -0.1075811293568539745, 0.02900000000000000147, 0.05695609404474907128 ) ) ;
#5400 = ADVANCED_FACE ( 'NONE', ( #2354 ), #1859, .F. ) ;
#5401 = CARTESIAN_POINT ( 'NONE',  ( -0.4506041193790127908, -0.01799999999995276212, -0.01999999999999995878 ) ) ;
#5402 = DIRECTION ( 'NONE',  ( 1.000000000000000000, 0.000000000000000000, -0.000000000000000000 ) ) ;
#5403 = ORIENTED_EDGE ( 'NONE', *, *, #6117, .F. ) ;
#5404 = PLANE ( 'NONE',  #5430 ) ;
#5405 = DIRECTION ( 'NONE',  ( 0.000000000000000000, 1.000000000000000000, -0.000000000000000000 ) ) ;
#5406 =( BOUNDED_CURVE ( )  B_SPLINE_CURVE ( 3, ( #4616, #56, #1096, #3129 ),
 .UNSPECIFIED., .F., .F. ) 
 B_SPLINE_CURVE_WITH_KNOTS ( ( 4, 4 ),
 ( 4.201450993042708859, 4.712388980383801496 ),
 .UNSPECIFIED. ) 
 CURVE ( )  GEOMETRIC_REPRESENTATION_ITEM ( )  RATIONAL_B_SPLINE_CURVE ( ( 1.000000000000000000, 0.9783632585144133031, 0.9783632585144133031, 1.000000000000000000 ) ) 
 REPRESENTATION_ITEM ( '' )  );
#5407 = DIRECTION ( 'NONE',  ( 0.000000000000000000, 0.000000000000000000, -1.000000000000000000 ) ) ;
#5408 = B_SPLINE_CURVE_WITH_KNOTS ( 'NONE', 1,
 ( #3995, #1005 ),
 .UNSPECIFIED., .F., .F.,
 ( 2, 2 ),
 ( 0.000000000000000000, 1.000000000000000000 ),
 .UNSPECIFIED. ) ;
#5409 = EDGE_CURVE ( 'NONE', #5861, #5924, #5350, .T. ) ;
#5410 = VECTOR ( 'NONE', #3166, 39.37007874015748143 ) ;
#5411 = CARTESIAN_POINT ( 'NONE',  ( -0.2575811305979760490, 0.02900000000000000147, 0.06572980324970299770 ) ) ;
#5412 = EDGE_CURVE ( 'NONE', #5655, #1364, #2369, .T. ) ;
#5413 = CLOSED_SHELL ( 'NONE', ( #944, #4999, #5219, #4973, #5263, #2784, #292, #3161, #3590, #419, #5602, #490, #5386, #6022, #3548, #6372, #1513, #4573, #4285, #2339, #3176, #2086, #4894, #6438, #1072, #4936, #57, #1569, #1879, #2746, #5131, #555, #3030, #4504, #5400, #6111, #3912, #817, #4520, #4880, #6391, #4932, #2209, #2538, #4324, #4143, #869, #2389, #354, #4909, #992, #4737, #6550, #2861, #542, #5089, #2838, #3444, #39, #2218, #5456, #1858, #658, #4320, #1965, #6268, #6529, #5948, #3831 ) ) ;
#5414 = VERTEX_POINT ( 'NONE', #4873 ) ;
#5415 = DIRECTION ( 'NONE',  ( 1.000000000000000000, 0.000000000000000000, 0.000000000000000000 ) ) ;
#5416 = VECTOR ( 'NONE', #5473, 39.37007874015748143 ) ;
#5417 = CYLINDRICAL_SURFACE ( 'NONE', #4029, 0.009999999999741732842 ) ;
#5418 = VECTOR ( 'NONE', #5041, 39.37007874015748143 ) ;
#5419 = CARTESIAN_POINT ( 'NONE',  ( -0.1075811296288820829, 0.02900000000000000147, 0.1136659048247848636 ) ) ;
#5420 = VECTOR ( 'NONE', #4354, 39.37007874015748143 ) ;
#5421 = ORIENTED_EDGE ( 'NONE', *, *, #3037, .F. ) ;
#5422 = VECTOR ( 'NONE', #1995, 39.37007874015748143 ) ;
#5423 = LINE ( 'NONE', #1313, #5960 ) ;
#5424 = ORIENTED_EDGE ( 'NONE', *, *, #3059, .T. ) ;
#5425 = EDGE_CURVE ( 'NONE', #1339, #1245, #2688, .T. ) ;
#5426 = ORIENTED_EDGE ( 'NONE', *, *, #93, .F. ) ;
#5428 = ORIENTED_EDGE ( 'NONE', *, *, #3602, .F. ) ;
#5427 = VECTOR ( 'NONE', #1866, 39.37007874015748143 ) ;
#5429 = LINE ( 'NONE', #6464, #1303 ) ;
#5430 = AXIS2_PLACEMENT_3D ( 'NONE', #1797, #3295, #852 ) ;
#5431 = PRODUCT_DEFINITION_SHAPE ( 'NONE', 'NONE',  #6594 ) ;
#5432 = AXIS2_PLACEMENT_3D ( 'NONE', #104, #5558, #3544 ) ;
#5433 = LINE ( 'NONE', #5395, #1098 ) ;
#5434 = CARTESIAN_POINT ( 'NONE',  ( -0.5674999999999998934, 0.02000000000000000042, 0.2104999999999999372 ) ) ;
#5435 = AXIS2_PLACEMENT_3D ( 'NONE', #4000, #4496, #475 ) ;
#5436 = ORIENTED_EDGE ( 'NONE', *, *, #6202, .F. ) ;
#5437 = DIRECTION ( 'NONE',  ( -1.000000000000000000, 8.537024980421305483E-16, 0.000000000000000000 ) ) ;
#5438 = AXIS2_PLACEMENT_3D ( 'NONE', #2858, #5381, #5942 ) ;
#5439 = CIRCLE ( 'NONE', #532, 0.009999999999741802231 ) ;
#5440 =( LENGTH_UNIT ( ) NAMED_UNIT ( * ) SI_UNIT ( $, .METRE. ) );
#5441 = VECTOR ( 'NONE', #705, 39.37007874015748143 ) ;
#5442 = CARTESIAN_POINT ( 'NONE',  ( -0.2165638865361896037, 0.03000000000000000236, 0.1206616394297427702 ) ) ;
#5443 = LINE ( 'NONE', #845, #4454 ) ;
#5444 = AXIS2_PLACEMENT_3D ( 'NONE', #4135, #77, #4209 ) ;
#5445 = SURFACE_SIDE_STYLE ('',( #6420 ) ) ;
#5446 = ORIENTED_EDGE ( 'NONE', *, *, #3271, .T. ) ;
#5447 = ORIENTED_EDGE ( 'NONE', *, *, #3379, .T. ) ;
#5448 = AXIS2_PLACEMENT_3D ( 'NONE', #4939, #1908, #4453 ) ;
#5449 = CARTESIAN_POINT ( 'NONE',  ( -0.4991794919243109918, 0.000000000000000000, -0.009499999999999909558 ) ) ;
#5450 = CARTESIAN_POINT ( 'NONE',  ( -0.4275811296288858365, 0.02999999999999999889, 0.1586384922640279860 ) ) ;
#5451 = EDGE_CURVE ( 'NONE', #4173, #4204, #880, .T. ) ;
#5452 =( REPRESENTATION_RELATIONSHIP ('NONE','NONE', #5918, #3420 ) REPRESENTATION_RELATIONSHIP_WITH_TRANSFORMATION ( #5871 )SHAPE_REPRESENTATION_RELATIONSHIP( ) );
#5453 = CARTESIAN_POINT ( 'NONE',  ( 0.01745051803667698256, 0.02900000000000000147, 0.1586384911471201420 ) ) ;
#5454 = CARTESIAN_POINT ( 'NONE',  ( -0.5999999999999998668, 0.04000000000000000083, 0.2950000000000000400 ) ) ;
#5455 = ORIENTED_EDGE ( 'NONE', *, *, #1111, .T. ) ;
#5456 = ADVANCED_FACE ( 'NONE', ( #2918, #218 ), #5036, .T. ) ;
#5457 = DIRECTION ( 'NONE',  ( -0.000000000000000000, 1.000000000000000000, -0.000000000000000000 ) ) ;
#5458 = EDGE_CURVE ( 'NONE', #1671, #510, #6098, .T. ) ;
#5459 = FACE_OUTER_BOUND ( 'NONE', #4549, .T. ) ;
#5460 = LINE ( 'NONE', #5387, #4153 ) ;
#5461 = ORIENTED_EDGE ( 'NONE', *, *, #5714, .F. ) ;
#5462 = DIRECTION ( 'NONE',  ( 0.000000000000000000, -1.000000000000000000, 0.000000000000000000 ) ) ;
#5463 = ORIENTED_EDGE ( 'NONE', *, *, #1460, .T. ) ;
#5464 = ORIENTED_EDGE ( 'NONE', *, *, #4091, .F. ) ;
#5465 = ORIENTED_EDGE ( 'NONE', *, *, #3071, .F. ) ;
#5466 = DIRECTION ( 'NONE',  ( 0.000000000000000000, 0.000000000000000000, -1.000000000000000000 ) ) ;
#5467 = EDGE_CURVE ( 'NONE', #5488, #4298, #2973, .T. ) ;
#5468 = DIRECTION ( 'NONE',  ( 0.000000000000000000, 0.000000000000000000, 1.000000000000000000 ) ) ;
#5469 = VERTEX_POINT ( 'NONE', #5470 ) ;
#5470 = CARTESIAN_POINT ( 'NONE',  ( -0.5824999999999999067, 0.06250000000000000000, 0.2104999999999999372 ) ) ;
#5471 =( LENGTH_UNIT ( ) NAMED_UNIT ( * ) SI_UNIT ( $, .METRE. ) );
#5472 = DIRECTION ( 'NONE',  ( 0.000000000000000000, -1.000000000000000000, 0.000000000000000000 ) ) ;
#5473 = DIRECTION ( 'NONE',  ( -0.000000000000000000, 1.000000000000000000, -0.000000000000000000 ) ) ;
#5474 = CARTESIAN_POINT ( 'NONE',  ( 0.5630000000000001670, -0.01000000000000000021, -0.1954999999990041093 ) ) ;
#5475 = ORIENTED_EDGE ( 'NONE', *, *, #1884, .T. ) ;
#5476 = ORIENTED_EDGE ( 'NONE', *, *, #5332, .T. ) ;
#5477 = DIRECTION ( 'NONE',  ( 0.000000000000000000, 0.000000000000000000, -1.000000000000000000 ) ) ;
#5478 = FACE_OUTER_BOUND ( 'NONE', #5585, .T. ) ;
#5479 = LINE ( 'NONE', #4440, #3649 ) ;
#5480 = DIRECTION ( 'NONE',  ( -0.001278364738736343948, 0.000000000000000000, -0.9999991828914636116 ) ) ;
#5481 = VERTEX_POINT ( 'NONE', #1911 ) ;
#5482 = CARTESIAN_POINT ( 'NONE',  ( -0.05258112888381796801, 0.02900000000000000147, 0.1586384915194230527 ) ) ;
#5483 = APPLICATION_CONTEXT ( 'automotive_design' ) ;
#5484 = DIRECTION ( 'NONE',  ( 0.000000000000000000, -1.000000000000000000, 0.000000000000000000 ) ) ;
#5485 = ORIENTED_EDGE ( 'NONE', *, *, #5670, .F. ) ;
#5486 = EDGE_CURVE ( 'NONE', #1964, #6049, #2051, .T. ) ;
#5487 = DIRECTION ( 'NONE',  ( -0.000000000000000000, 0.000000000000000000, 1.000000000000000000 ) ) ;
#5488 = VERTEX_POINT ( 'NONE', #4524 ) ;
#5489 = VERTEX_POINT ( 'NONE', #6564 ) ;
#5490 = LINE ( 'NONE', #5059, #5516 ) ;
#5491 = DIRECTION ( 'NONE',  ( 0.000000000000000000, 0.000000000000000000, 1.000000000000000000 ) ) ;
#5492 = EDGE_CURVE ( 'NONE', #2607, #289, #662, .T. ) ;
#5493 = ADVANCED_FACE ( 'NONE', ( #3481 ), #1472, .F. ) ;
#5494 = CARTESIAN_POINT ( 'NONE',  ( -0.4382739386006512250, -0.1076175645932271746, -0.05000000000000000278 ) ) ;
#5495 = EDGE_LOOP ( 'NONE', ( #5058, #913, #4710, #6374 ) ) ;
#5496 = VERTEX_POINT ( 'NONE', #2484 ) ;
#5497 = EDGE_CURVE ( 'NONE', #569, #5489, #1041, .T. ) ;
#5498 = CARTESIAN_POINT ( 'NONE',  ( -0.1075811293568539745, 0.02900000000000000147, 0.05695609404474907128 ) ) ;
#5499 = LINE ( 'NONE', #3613, #4819 ) ;
#5500 = PLANE ( 'NONE',  #3841 ) ;
#5501 = CARTESIAN_POINT ( 'NONE',  ( -0.5775000000000001243, 0.07299999999999999545, -0.2949999999999999289 ) ) ;
#5502 = EDGE_LOOP ( 'NONE', ( #4589, #3907, #1422, #270 ) ) ;
#5503 = EDGE_CURVE ( 'NONE', #5481, #119, #3577, .T. ) ;
#5504 = EDGE_LOOP ( 'NONE', ( #3518, #3310, #4992, #3452 ) ) ;
#5505 = DIRECTION ( 'NONE',  ( 0.000000000000000000, 0.000000000000000000, -1.000000000000000000 ) ) ;
#5506 = DIRECTION ( 'NONE',  ( 0.000000000000000000, 0.000000000000000000, -1.000000000000000000 ) ) ;
#5507 = CYLINDRICAL_SURFACE ( 'NONE', #2366, 0.01500000000000001159 ) ;
#5508 = CARTESIAN_POINT ( 'NONE',  ( 0.5464999999999999858, 0.07299999999999999545, -0.3349999999999999090 ) ) ;
#5509 = EDGE_CURVE ( 'NONE', #4990, #6490, #8, .T. ) ;
#5510 = EDGE_LOOP ( 'NONE', ( #4901, #2783, #5853, #3387 ) ) ;
#5511 = LINE ( 'NONE', #6523, #6491 ) ;
#5512 = DIRECTION ( 'NONE',  ( 0.7013454228941242707, -0.09008106230200135789, 0.7071067811865509034 ) ) ;
#5513 = DIRECTION ( 'NONE',  ( -2.674270501671869180E-16, 3.434842800847269579E-17, 1.000000000000000000 ) ) ;
#5514 = VECTOR ( 'NONE', #5255, 39.37007874015748143 ) ;
#5515 = ORIENTED_EDGE ( 'NONE', *, *, #3954, .F. ) ;
#5516 = VECTOR ( 'NONE', #498, 39.37007874015748143 ) ;
#5517 = DIRECTION ( 'NONE',  ( -0.9918522089651690132, 0.1273938600204683469, 0.000000000000000000 ) ) ;
#5518 = EDGE_LOOP ( 'NONE', ( #4650, #607, #5366, #1567 ) ) ;
#5519 = VERTEX_POINT ( 'NONE', #5498 ) ;
#5520 = VECTOR ( 'NONE', #952, 39.37007874015748143 ) ;
#5521 = ORIENTED_EDGE ( 'NONE', *, *, #1274, .T. ) ;
#5522 = CARTESIAN_POINT ( 'NONE',  ( 0.5550000000000000488, -0.06250000000000000000, 0.1825000000000000233 ) ) ;
#5523 = EDGE_CURVE ( 'NONE', #4954, #2583, #1086, .T. ) ;
#5524 = VECTOR ( 'NONE', #3514, 39.37007874015748143 ) ;
#5525 = LINE ( 'NONE', #1037, #964 ) ;
#5526 = VERTEX_POINT ( 'NONE', #2511 ) ;
#5527 = VECTOR ( 'NONE', #5457, 39.37007874015748143 ) ;
#5528 = ORIENTED_EDGE ( 'NONE', *, *, #451, .T. ) ;
#5529 = CARTESIAN_POINT ( 'NONE',  ( 0.5775000000000001243, 0.000000000000000000, -0.3259999999999999565 ) ) ;
#5530 = EDGE_CURVE ( 'NONE', #4079, #1803, #940, .T. ) ;
#5531 = AXIS2_PLACEMENT_3D ( 'NONE', #5201, #575, #1140 ) ;
#5532 = AXIS2_PLACEMENT_3D ( 'NONE', #2000, #5487, #3003 ) ;
#5533 = DIRECTION ( 'NONE',  ( -0.000000000000000000, 1.000000000000000000, -0.000000000000000000 ) ) ;
#5534 = AXIS2_PLACEMENT_3D ( 'NONE', #290, #3919, #2304 ) ;
#5535 = LINE ( 'NONE', #4077, #1284 ) ;
#5536 = DIRECTION ( 'NONE',  ( 1.295966617172950744E-15, 1.000000000000000000, 0.000000000000000000 ) ) ;
#5537 = EDGE_LOOP ( 'NONE', ( #2606, #3098, #6461, #4947 ) ) ;
#5538 = VECTOR ( 'NONE', #1331, 39.37007874015748854 ) ;
#5539 = VERTEX_POINT ( 'NONE', #4970 ) ;
#5540 = PLANE ( 'NONE',  #540 ) ;
#5541 = LINE ( 'NONE', #5045, #5224 ) ;
#5542 = CIRCLE ( 'NONE', #6504, 0.01600000000000011482 ) ;
#5543 = VECTOR ( 'NONE', #2760, 39.37007874015748143 ) ;
#5544 = DIRECTION ( 'NONE',  ( 0.000000000000000000, -1.000000000000000000, 0.000000000000000000 ) ) ;
#5545 = EDGE_CURVE ( 'NONE', #2362, #1520, #1511, .T. ) ;
#5546 = CARTESIAN_POINT ( 'NONE',  ( 0.01670141910365396942, 0.02900000000000000147, 0.03871178164914301084 ) ) ;
#5547 = AXIS2_PLACEMENT_3D ( 'NONE', #2771, #4357, #828 ) ;
#5548 = ORIENTED_EDGE ( 'NONE', *, *, #3862, .T. ) ;
#5549 = DIRECTION ( 'NONE',  ( -0.1273938600204659322, -0.9918522089651692353, -0.000000000000000000 ) ) ;
#5550 = FACE_OUTER_BOUND ( 'NONE', #3815, .T. ) ;
#5551 = LINE ( 'NONE', #3031, #121 ) ;
#5552 = VERTEX_POINT ( 'NONE', #4432 ) ;
#5553 = DIRECTION ( 'NONE',  ( -0.9918522089651694573, 0.1273938600204643223, 0.000000000000000000 ) ) ;
#5554 = ORIENTED_EDGE ( 'NONE', *, *, #1802, .T. ) ;
#5555 = VERTEX_POINT ( 'NONE', #3941 ) ;
#5556 = VERTEX_POINT ( 'NONE', #1010 ) ;
#5557 = CARTESIAN_POINT ( 'NONE',  ( -0.02758112888381902134, 0.02999999999999999889, 0.1586384911471201420 ) ) ;
#5558 = DIRECTION ( 'NONE',  ( 0.000000000000000000, -1.000000000000000000, 0.000000000000000000 ) ) ;
#5559 = FACE_OUTER_BOUND ( 'NONE', #5027, .T. ) ;
#5560 = ORIENTED_EDGE ( 'NONE', *, *, #633, .F. ) ;
#5561 = ORIENTED_EDGE ( 'NONE', *, *, #4119, .T. ) ;
#5562 = DIRECTION ( 'NONE',  ( 1.000000000000000000, 0.000000000000000000, 0.000000000000000000 ) ) ;
#5563 = FACE_OUTER_BOUND ( 'NONE', #364, .T. ) ;
#5564 = DIRECTION ( 'NONE',  ( 1.000000000000000000, 0.000000000000000000, 0.000000000000000000 ) ) ;
#5565 = ADVANCED_FACE ( 'NONE', ( #5971 ), #408, .T. ) ;
#5566 = EDGE_CURVE ( 'NONE', #5042, #2435, #1417, .T. ) ;
#5567 = PLANE ( 'NONE',  #3937 ) ;
#5568 = VERTEX_POINT ( 'NONE', #6506 ) ;
#5569 = ORIENTED_EDGE ( 'NONE', *, *, #2453, .F. ) ;
#5570 = FACE_OUTER_BOUND ( 'NONE', #5625, .T. ) ;
#5571 = CARTESIAN_POINT ( 'NONE',  ( -0.5165000000000000702, -0.01749999999995177635, 0.01999999999999986511 ) ) ;
#5572 = PLANE ( 'NONE',  #4557 ) ;
#5573 = DIRECTION ( 'NONE',  ( -0.000000000000000000, 1.000000000000000000, -0.000000000000000000 ) ) ;
#5574 = CARTESIAN_POINT ( 'NONE',  ( 0.5824248225339595519, -0.02999999999999998848, -0.2159528994949474201 ) ) ;
#5575 = ORIENTED_EDGE ( 'NONE', *, *, #2090, .F. ) ;
#5576 = CYLINDRICAL_SURFACE ( 'NONE', #1927, 0.03100000000000009345 ) ;
#5577 = DIRECTION ( 'NONE',  ( 0.1273938600204659322, 0.9918522089651692353, 0.000000000000000000 ) ) ;
#5578 = EDGE_CURVE ( 'NONE', #3392, #4523, #4558, .T. ) ;
#5579 = CARTESIAN_POINT ( 'NONE',  ( -0.1925811321904752071, 0.02900000000000000147, -0.06122748901002793287 ) ) ;
#5580 = DIRECTION ( 'NONE',  ( -1.000000000000000000, 0.000000000000000000, 0.000000000000000000 ) ) ;
#5581 = ORIENTED_EDGE ( 'NONE', *, *, #487, .F. ) ;
#5582 = CARTESIAN_POINT ( 'NONE',  ( -0.5674999999999998934, 0.06250000000000000000, 0.2104999999999999372 ) ) ;
#5583 = VERTEX_POINT ( 'NONE', #2684 ) ;
#5584 = VERTEX_POINT ( 'NONE', #3687 ) ;
#5585 = EDGE_LOOP ( 'NONE', ( #1533, #4995, #3788, #1537 ) ) ;
#5586 = EDGE_CURVE ( 'NONE', #4016, #4272, #4712, .T. ) ;
#5587 = CARTESIAN_POINT ( 'NONE',  ( -0.5050982457491224320, -0.01799999999995276212, -0.05000000000000000278 ) ) ;
#5588 = PRODUCT ( 'PHM31', 'PHM31', '', ( #3852 ) ) ;
#5589 = CARTESIAN_POINT ( 'NONE',  ( 0.5550000000000000488, -0.06250000000000000000, 0.1975000000000000366 ) ) ;
#5590 = LINE ( 'NONE', #3072, #535 ) ;
#5591 = ORIENTED_EDGE ( 'NONE', *, *, #3944, .T. ) ;
#5592 = EDGE_LOOP ( 'NONE', ( #2352, #2316, #1988, #2540, #2907, #339, #5461, #5204 ) ) ;
#5593 = DIRECTION ( 'NONE',  ( -0.000000000000000000, 1.000000000000000000, -0.000000000000000000 ) ) ;
#5594 = PLANE ( 'NONE',  #2900 ) ;
#5595 = DIRECTION ( 'NONE',  ( 0.000000000000000000, 0.000000000000000000, 1.000000000000000000 ) ) ;
#5596 = LINE ( 'NONE', #3123, #4795 ) ;
#5597 = ORIENTED_EDGE ( 'NONE', *, *, #2564, .F. ) ;
#5598 = ORIENTED_EDGE ( 'NONE', *, *, #5738, .F. ) ;
#5599 = CARTESIAN_POINT ( 'NONE',  ( -0.4825059240680248940, -0.6581268257145341805, -0.02500000000000014364 ) ) ;
#5600 = LINE ( 'NONE', #1626, #3942 ) ;
#5601 = CARTESIAN_POINT ( 'NONE',  ( 0.5811667109353545468, -0.03000000000000000583, 0.2177998541087230178 ) ) ;
#5602 = ADVANCED_FACE ( 'NONE', ( #4604 ), #3756, .F. ) ;
#5603 = DIRECTION ( 'NONE',  ( -0.000000000000000000, 1.000000000000000000, -0.000000000000000000 ) ) ;
#5604 = CARTESIAN_POINT ( 'NONE',  ( 0.5825000000000001288, 0.02000000000000000042, -0.2105000000000000204 ) ) ;
#5605 = ORIENTED_EDGE ( 'NONE', *, *, #1918, .T. ) ;
#5606 = ADVANCED_FACE ( 'NONE', ( #2153 ), #6130, .T. ) ;
#5607 = FACE_OUTER_BOUND ( 'NONE', #6300, .T. ) ;
#5608 = CARTESIAN_POINT ( 'NONE',  ( -0.5999999999999998668, 0.04000000000000000083, 0.2950000000000000400 ) ) ;
#5609 = EDGE_CURVE ( 'NONE', #2628, #1703, #5708, .T. ) ;
#5610 = DIRECTION ( 'NONE',  ( 0.000000000000000000, 0.000000000000000000, -1.000000000000000000 ) ) ;
#5611 = CARTESIAN_POINT ( 'NONE',  ( 0.5675000000000001155, 0.02000000000000000042, 0.2254999999999999505 ) ) ;
#5612 = EDGE_LOOP ( 'NONE', ( #4543, #1264, #3002, #2643 ) ) ;
#5613 = DIRECTION ( 'NONE',  ( 0.000000000000000000, -0.000000000000000000, -1.000000000000000000 ) ) ;
#5614 = ORIENTED_EDGE ( 'NONE', *, *, #1642, .F. ) ;
#5615 = VERTEX_POINT ( 'NONE', #5175 ) ;
#5616 = ORIENTED_EDGE ( 'NONE', *, *, #633, .T. ) ;
#5617 = LINE ( 'NONE', #4165, #4709 ) ;
#5618 = UNCERTAINTY_MEASURE_WITH_UNIT (LENGTH_MEASURE( 1.000000000000000082E-05 ), #1912, 'distance_accuracy_value', 'NONE');
#5619 = CARTESIAN_POINT ( 'NONE',  ( -0.3675811309645719560, 0.02999999999999999889, 0.06905657162336102661 ) ) ;
#5620 = CARTESIAN_POINT ( 'NONE',  ( -0.4864724841416406820, -0.1185665760870778240, 0.007500000000000005794 ) ) ;
#5621 = ADVANCED_FACE ( 'NONE', ( #580 ), #4238, .T. ) ;
#5622 = VECTOR ( 'NONE', #1801, 39.37007874015748143 ) ;
#5623 = DIRECTION ( 'NONE',  ( -0.000000000000000000, -1.000000000000000000, -0.000000000000000000 ) ) ;
#5624 = ORIENTED_EDGE ( 'NONE', *, *, #5803, .T. ) ;
#5625 = EDGE_LOOP ( 'NONE', ( #825, #1038, #66, #840 ) ) ;
#5626 = CIRCLE ( 'NONE', #6162, 0.01500000000000001159 ) ;
#5627 = VECTOR ( 'NONE', #4659, 39.37007874015748854 ) ;
#5628 = CARTESIAN_POINT ( 'NONE',  ( -0.4099999999999999756, -0.09769904250363242726, -0.05000000000000000278 ) ) ;
#5629 = DIMENSIONAL_EXPONENTS ( 1.000000000000000000, 0.000000000000000000, 0.000000000000000000, 0.000000000000000000, 0.000000000000000000, 0.000000000000000000, 0.000000000000000000 ) ;
#5630 = DIRECTION ( 'NONE',  ( -1.000000000000000444, 5.551115123125782702E-17, 9.860761315262647568E-32 ) ) ;
#5631 = AXIS2_PLACEMENT_3D ( 'NONE', #4850, #3419, #4875 ) ;
#5632 = AXIS2_PLACEMENT_3D ( 'NONE', #2590, #2120, #2057 ) ;
#5633 = DIRECTION ( 'NONE',  ( -1.501015381134210579E-16, 0.000000000000000000, 1.000000000000000000 ) ) ;
#5634 = CIRCLE ( 'NONE', #1825, 0.01500000000000001159 ) ;
#5635 = DIRECTION ( 'NONE',  ( 1.000000000000000000, 0.000000000000000000, 0.000000000000000000 ) ) ;
#5636 = LINE ( 'NONE', #4108, #5418 ) ;
#5637 = AXIS2_PLACEMENT_3D ( 'NONE', #2959, #4052, #2994 ) ;
#5638 = ORIENTED_EDGE ( 'NONE', *, *, #148, .F. ) ;
#5639 = CARTESIAN_POINT ( 'NONE',  ( -0.1975811296288818852, 0.02999999999999999889, 0.1586384920406471166 ) ) ;
#5640 = DIRECTION ( 'NONE',  ( 0.000000000000000000, 0.000000000000000000, -1.000000000000000000 ) ) ;
#5641 = VECTOR ( 'NONE', #5405, 39.37007874015748143 ) ;
#5642 = DIRECTION ( 'NONE',  ( 0.000000000000000000, 0.000000000000000000, -1.000000000000000000 ) ) ;
#5643 = VECTOR ( 'NONE', #3981, 39.37007874015748854 ) ;
#5644 = CARTESIAN_POINT ( 'NONE',  ( -0.4508155337437958488, -0.09223424829297546812, 0.02000000000000000042 ) ) ;
#5645 = LINE ( 'NONE', #3026, #2020 ) ;
#5646 = VECTOR ( 'NONE', #1938, 39.37007874015748143 ) ;
#5647 = VECTOR ( 'NONE', #2635, 39.37007874015748854 ) ;
#5648 = VERTEX_POINT ( 'NONE', #110 ) ;
#5649 =( GEOMETRIC_REPRESENTATION_CONTEXT ( 3 ) GLOBAL_UNCERTAINTY_ASSIGNED_CONTEXT ( ( #573 ) ) GLOBAL_UNIT_ASSIGNED_CONTEXT ( ( #4335, #1317, #1785 ) ) REPRESENTATION_CONTEXT ( 'NONE', 'WORKASPACE' ) );
#5650 = CARTESIAN_POINT ( 'NONE',  ( -0.4514001219983384550, -0.05753732610467972297, -0.02499999999999999098 ) ) ;
#5651 = FACE_OUTER_BOUND ( 'NONE', #3724, .T. ) ;
#5652 = VECTOR ( 'NONE', #5573, 39.37007874015748143 ) ;
#5653 = FACE_OUTER_BOUND ( 'NONE', #1957, .T. ) ;
#5654 = CARTESIAN_POINT ( 'NONE',  ( -0.3525811296288829944, 0.02900000000000000147, 0.1586384921643468338 ) ) ;
#5655 = VERTEX_POINT ( 'NONE', #3222 ) ;
#5656 = ORIENTED_EDGE ( 'NONE', *, *, #5989, .F. ) ;
#5657 = AXIS2_PLACEMENT_3D ( 'NONE', #3512, #2447, #49 ) ;
#5658 = PRODUCT_RELATED_PRODUCT_CATEGORY ( 'part', '', ( #5965 ) ) ;
#5659 = EDGE_CURVE ( 'NONE', #6014, #6159, #4057, .T. ) ;
#5660 = ORIENTED_EDGE ( 'NONE', *, *, #5530, .T. ) ;
#5661 = CARTESIAN_POINT ( 'NONE',  ( -0.1075811296288820690, 0.02900000000000000147, 0.1586384920406471166 ) ) ;
#5662 = AXIS2_PLACEMENT_3D ( 'NONE', #2293, #4815, #4337 ) ;
#5663 = DIRECTION ( 'NONE',  ( 0.1651453767217541113, 0.000000000000000000, 0.9862692353244268961 ) ) ;
#5664 = DIRECTION ( 'NONE',  ( -0.000000000000000000, -1.000000000000000000, -0.000000000000000000 ) ) ;
#5665 = DIRECTION ( 'NONE',  ( 0.000000000000000000, 0.000000000000000000, -1.000000000000000000 ) ) ;
#5666 = CARTESIAN_POINT ( 'NONE',  ( -0.5824294046348631460, -0.03000000000000000583, -0.2159540468112389200 ) ) ;
#5667 = ORIENTED_EDGE ( 'NONE', *, *, #2830, .T. ) ;
#5668 = ORIENTED_EDGE ( 'NONE', *, *, #6410, .F. ) ;
#5669 = CARTESIAN_POINT ( 'NONE',  ( 0.5818105022493471612, -0.02999999999999999542, 0.2163608864830244560 ) ) ;
#5670 = EDGE_CURVE ( 'NONE', #4969, #2841, #1575, .T. ) ;
#5671 = DIRECTION ( 'NONE',  ( 1.997281400660895172E-17, 9.810210403992647147E-18, 1.000000000000000000 ) ) ;
#5672 = DIRECTION ( 'NONE',  ( -0.1651453759206837624, 0.000000000000000000, -0.9862692354585618215 ) ) ;
#5673 = DIRECTION ( 'NONE',  ( -0.000000000000000000, -1.000000000000000000, 0.000000000000000000 ) ) ;
#5674 = CARTESIAN_POINT ( 'NONE',  ( -0.4508155337437958488, -0.09223424829297546812, -0.02000000000000000736 ) ) ;
#5675 = ORIENTED_EDGE ( 'NONE', *, *, #5186, .T. ) ;
#5676 = CARTESIAN_POINT ( 'NONE',  ( -0.4873958806209868766, -0.01799999999995276212, 0.01999999999999995878 ) ) ;
#5677 = DIRECTION ( 'NONE',  ( 0.8660232463234835976, 0.000000000000000000, 0.5000037368133710691 ) ) ;
#5678 = ADVANCED_FACE ( 'NONE', ( #5732 ), #609, .T. ) ;
#5679 = DIRECTION ( 'NONE',  ( 1.000000000000000000, 0.000000000000000000, 7.588466649067277528E-16 ) ) ;
#5680 = DIRECTION ( 'NONE',  ( 2.674270501671869180E-16, -3.434842800847269579E-17, -1.000000000000000000 ) ) ;
#5681 = CARTESIAN_POINT ( 'NONE',  ( -0.4611262963504618173, -0.01000000000000000194, -0.2054999999999999882 ) ) ;
#5682 = VERTEX_POINT ( 'NONE', #3717 ) ;
#5683 = CARTESIAN_POINT ( 'NONE',  ( -0.4554940759319748844, -0.01799999999995276212, -0.02488995655296195875 ) ) ;
#5684 = DIRECTION ( 'NONE',  ( 0.000000000000000000, -1.000000000000000000, -0.000000000000000000 ) ) ;
#5685 = PLANE ( 'NONE',  #1081 ) ;
#5686 =( CONVERSION_BASED_UNIT ( 'INCH', #6045 ) LENGTH_UNIT ( ) NAMED_UNIT ( #2255 ) );
#5687 = FACE_OUTER_BOUND ( 'NONE', #3571, .T. ) ;
#5688 = ORIENTED_EDGE ( 'NONE', *, *, #2056, .T. ) ;
#5689 = ORIENTED_EDGE ( 'NONE', *, *, #2759, .F. ) ;
#5690 = CARTESIAN_POINT ( 'NONE',  ( -0.4464408609535127082, -0.05817429540478204208, -0.02000000000000000736 ) ) ;
#5691 = CARTESIAN_POINT ( 'NONE',  ( -0.09399999999999998634, 0.07299999999999999545, -0.5469999999999998197 ) ) ;
#5692 = UNCERTAINTY_MEASURE_WITH_UNIT (LENGTH_MEASURE( 1.000000000000000082E-05 ), #446, 'distance_accuracy_value', 'NONE');
#5693 = LINE ( 'NONE', #2110, #118 ) ;
#5694 = CARTESIAN_POINT ( 'NONE',  ( -0.5949999999999997513, -0.06250000000000000000, 0.2374999999999999889 ) ) ;
#5695 = EDGE_CURVE ( 'NONE', #5958, #311, #682, .T. ) ;
#5696 = CARTESIAN_POINT ( 'NONE',  ( -0.5629999999999999449, -0.01000000000000000021, 0.1631652724842146684 ) ) ;
#5697 = ORIENTED_EDGE ( 'NONE', *, *, #979, .T. ) ;
#5698 = ORIENTED_EDGE ( 'NONE', *, *, #3119, .F. ) ;
#5699 = EDGE_CURVE ( 'NONE', #5488, #5496, #4666, .T. ) ;
#5700 = DIRECTION ( 'NONE',  ( -1.000000000000000000, 0.000000000000000000, 2.845674993400330639E-16 ) ) ;
#5701 = DIRECTION ( 'NONE',  ( -1.000000000000000444, 5.551115123125782702E-17, 9.860761315262647568E-32 ) ) ;
#5702 = EDGE_CURVE ( 'NONE', #3506, #2509, #1683, .T. ) ;
#5703 = DIRECTION ( 'NONE',  ( -1.000000000000000000, -0.000000000000000000, -0.000000000000000000 ) ) ;
#5704 = DIRECTION ( 'NONE',  ( 0.9135454576448008845, -0.4067366430708591052, 0.000000000000000000 ) ) ;
#5705 = EDGE_CURVE ( 'NONE', #3845, #2929, #1854, .T. ) ;
#5706 = DIRECTION ( 'NONE',  ( 1.223348791879684818E-15, 0.000000000000000000, 1.000000000000000000 ) ) ;
#5707 = EDGE_LOOP ( 'NONE', ( #6556, #4731, #2872, #6342 ) ) ;
#5708 =( BOUNDED_CURVE ( )  B_SPLINE_CURVE ( 3, ( #5248, #2190, #1653, #5147 ),
 .UNSPECIFIED., .F., .F. ) 
 B_SPLINE_CURVE_WITH_KNOTS ( ( 4, 4 ),
 ( 1.570796341696094389, 4.712388995285833104 ),
 .UNSPECIFIED. ) 
 CURVE ( )  GEOMETRIC_REPRESENTATION_ITEM ( )  RATIONAL_B_SPLINE_CURVE ( ( 1.000000000000000000, 0.3333333333333514670, 0.3333333333333514670, 1.000000000000000000 ) ) 
 REPRESENTATION_ITEM ( '' )  );
#5709 = CARTESIAN_POINT ( 'NONE',  ( -0.1525811296288801244, 0.02900000000000000147, 0.1136659048247848636 ) ) ;
#5710 = CARTESIAN_POINT ( 'NONE',  ( 0.5630000000000001670, -0.01000000000000000021, -0.1954999999903309638 ) ) ;
#5711 = DIRECTION ( 'NONE',  ( -0.000000000000000000, -1.000000000000000000, -0.000000000000000000 ) ) ;
#5712 = DIRECTION ( 'NONE',  ( 1.118754689867659589E-16, 0.000000000000000000, -1.000000000000000000 ) ) ;
#5713 = CARTESIAN_POINT ( 'NONE',  ( 0.5602608159514093078, -0.009999999999999991535, 0.2026953117497710954 ) ) ;
#5714 = EDGE_CURVE ( 'NONE', #3599, #82, #5986, .T. ) ;
#5715 = ORIENTED_EDGE ( 'NONE', *, *, #334, .F. ) ;
#5716 = CARTESIAN_POINT ( 'NONE',  ( 0.5775000000000001243, 0.07299999999999999545, -0.2949999999999999289 ) ) ;
#5717 = CARTESIAN_POINT ( 'NONE',  ( -0.1995812646486070097, 0.02900000000000000147, 0.07958191773172107464 ) ) ;
#5718 = DIRECTION ( 'NONE',  ( 1.000000000000000000, 0.000000000000000000, 0.000000000000000000 ) ) ;
#5719 = DIRECTION ( 'NONE',  ( -0.000000000000000000, 1.000000000000000000, 0.000000000000000000 ) ) ;
#5720 = DIRECTION ( 'NONE',  ( 1.000000000000000000, 8.537024980421305483E-16, 0.000000000000000000 ) ) ;
#5721 = EDGE_LOOP ( 'NONE', ( #773, #1970, #5760, #1942 ) ) ;
#5722 = ORIENTED_EDGE ( 'NONE', *, *, #3037, .T. ) ;
#5723 = CARTESIAN_POINT ( 'NONE',  ( -0.4973719679048782538, -0.1000269921222307068, -0.02000000000000000389 ) ) ;
#5724 = DIRECTION ( 'NONE',  ( -1.295966617172950744E-15, -1.000000000000000000, 0.000000000000000000 ) ) ;
#5725 = LINE ( 'NONE', #5331, #439 ) ;
#5726 = VERTEX_POINT ( 'NONE', #1118 ) ;
#5727 = CARTESIAN_POINT ( 'NONE',  ( -0.5788662513398857845, -0.03000000000000001277, -0.2215505732488522173 ) ) ;
#5728 = VERTEX_POINT ( 'NONE', #180 ) ;
#5729 = EDGE_LOOP ( 'NONE', ( #4717, #3294, #3137, #44 ) ) ;
#5730 = VERTEX_POINT ( 'NONE', #3148 ) ;
#5731 = EDGE_CURVE ( 'NONE', #945, #3808, #5542, .T. ) ;
#5732 = FACE_OUTER_BOUND ( 'NONE', #6190, .T. ) ;
#5733 = DIRECTION ( 'NONE',  ( -1.000000000000000444, 5.551115123125782702E-17, 9.860761315262647568E-32 ) ) ;
#5734 = PLANE ( 'NONE',  #1740 ) ;
#5735 = CARTESIAN_POINT ( 'NONE',  ( 0.5771071647537919791, -0.03000000000000000583, 0.2224206860142338427 ) ) ;
#5736 = DIRECTION ( 'NONE',  ( -0.000000000000000000, 1.000000000000000000, -0.000000000000000000 ) ) ;
#5737 = ORIENTED_EDGE ( 'NONE', *, *, #1082, .T. ) ;
#5738 = EDGE_CURVE ( 'NONE', #4779, #3400, #4381, .T. ) ;
#5739 = EDGE_CURVE ( 'NONE', #2516, #5266, #4902, .T. ) ;
#5740 = AXIS2_PLACEMENT_3D ( 'NONE', #412, #5375, #791 ) ;
#5741 = CARTESIAN_POINT ( 'NONE',  ( -0.5829999999999997407, 0.02999999999999999889, -0.2255000000000000338 ) ) ;
#5742 = LINE ( 'NONE', #124, #4788 ) ;
#5743 = EDGE_CURVE ( 'NONE', #6257, #3392, #5373, .T. ) ;
#5744 = VECTOR ( 'NONE', #5684, 39.37007874015748143 ) ;
#5745 = DIRECTION ( 'NONE',  ( 0.000000000000000000, 0.000000000000000000, -1.000000000000000000 ) ) ;
#5746 = AXIS2_PLACEMENT_3D ( 'NONE', #1916, #6006, #4408 ) ;
#5747 = CARTESIAN_POINT ( 'NONE',  ( -0.5602608159514087527, -0.009999999999999988065, -0.2026953117497710122 ) ) ;
#5748 = VECTOR ( 'NONE', #1798, 39.37007874015748143 ) ;
#5749 = ORIENTED_EDGE ( 'NONE', *, *, #487, .T. ) ;
#5750 = DIRECTION ( 'NONE',  ( -1.000000000000000000, 0.000000000000000000, 0.000000000000000000 ) ) ;
#5751 = DIRECTION ( 'NONE',  ( -0.000000000000000000, -1.000000000000000000, -0.000000000000000000 ) ) ;
#5752 = VECTOR ( 'NONE', #5999, 39.37007874015748854 ) ;
#5753 = EDGE_CURVE ( 'NONE', #2128, #4245, #5304, .T. ) ;
#5754 = AXIS2_PLACEMENT_3D ( 'NONE', #2865, #903, #4958 ) ;
#5755 = CARTESIAN_POINT ( 'NONE',  ( -0.5550000000000000488, -0.06250000000000000000, 0.1975000000000000366 ) ) ;
#5756 = AXIS2_PLACEMENT_3D ( 'NONE', #5582, #4544, #4018 ) ;
#5757 = PRESENTATION_STYLE_ASSIGNMENT (( #3738 ) ) ;
#5758 = AXIS2_PLACEMENT_3D ( 'NONE', #1660, #3125, #1625 ) ;
#5759 = ORIENTED_EDGE ( 'NONE', *, *, #2056, .F. ) ;
#5760 = ORIENTED_EDGE ( 'NONE', *, *, #679, .F. ) ;
#5761 = AXIS2_PLACEMENT_3D ( 'NONE', #690, #4187, #1694 ) ;
#5763 = CARTESIAN_POINT ( 'NONE',  ( -0.2575811314170221022, 0.02900000000000000147, 0.1586384912141360903 ) ) ;
#5762 = CIRCLE ( 'NONE', #1384, 0.01500000000000001159 ) ;
#5764 = LINE ( 'NONE', #3247, #1844 ) ;
#5765 = ADVANCED_FACE ( 'NONE', ( #1247 ), #740, .F. ) ;
#5766 = PRESENTATION_LAYER_ASSIGNMENT (  '', '', ( #3953 ) ) ;
#5767 = CARTESIAN_POINT ( 'NONE',  ( -0.1075811296288820829, 0.02900000000000000147, 0.08368418001421282226 ) ) ;
#5768 = VECTOR ( 'NONE', #1012, 39.37007874015748854 ) ;
#5769 = ORIENTED_EDGE ( 'NONE', *, *, #5904, .T. ) ;
#5770 = CARTESIAN_POINT ( 'NONE',  ( -0.2835409975721848719, -0.03000000000000000930, 0.2254999999999998950 ) ) ;
#5771 = ORIENTED_EDGE ( 'NONE', *, *, #1227, .F. ) ;
#5772 = VERTEX_POINT ( 'NONE', #4366 ) ;
#5773 = ORIENTED_EDGE ( 'NONE', *, *, #369, .T. ) ;
#5774 = DIRECTION ( 'NONE',  ( 0.000000000000000000, 0.000000000000000000, -1.000000000000000000 ) ) ;
#5775 = APPLICATION_PROTOCOL_DEFINITION ( 'draft international standard', 'automotive_design', 1998, #2192 ) ;
#5776 = FACE_OUTER_BOUND ( 'NONE', #205, .T. ) ;
#5777 = DIRECTION ( 'NONE',  ( 4.231146122107003390E-06, 0.000000000000000000, -0.9999999999910487158 ) ) ;
#5778 = CARTESIAN_POINT ( 'NONE',  ( -0.4554940759319748844, -0.04999999999999447942, -0.05000000000000000278 ) ) ;
#5779 = ORIENTED_EDGE ( 'NONE', *, *, #4030, .F. ) ;
#5780 = DIRECTION ( 'NONE',  ( -0.000000000000000000, 1.000000000000000000, -0.000000000000000000 ) ) ;
#5781 = FACE_OUTER_BOUND ( 'NONE', #1208, .T. ) ;
#5782 = CARTESIAN_POINT ( 'NONE',  ( -0.1212728463428409675, 0.02900000000000000147, 0.03871159279835702238 ) ) ;
#5783 = EDGE_CURVE ( 'NONE', #1150, #171, #2383, .T. ) ;
#5784 = CARTESIAN_POINT ( 'NONE',  ( 0.5630000000000002780, -0.009999999999999993269, 0.09812715302459157352 ) ) ;
#5785 = ORIENTED_EDGE ( 'NONE', *, *, #1146, .T. ) ;
#5786 = CARTESIAN_POINT ( 'NONE',  ( -0.4556041193790334454, -0.09026844900068288491, -0.007500000000000005794 ) ) ;
#5787 = CARTESIAN_POINT ( 'NONE',  ( -0.5400000000000000355, -0.06250000000000000000, -0.1974999999999999811 ) ) ;
#5788 = MANIFOLD_SOLID_BREP ( 'Boss-Extrude1', #4791 ) ;
#5789 = LINE ( 'NONE', #2279, #3224 ) ;
#5790 = EDGE_CURVE ( 'NONE', #2011, #4635, #253, .T. ) ;
#5791 = LINE ( 'NONE', #4830, #4553 ) ;
#5792 = ORIENTED_EDGE ( 'NONE', *, *, #6141, .T. ) ;
#5793 = ADVANCED_FACE ( 'NONE', ( #3908 ), #2749, .T. ) ;
#5794 = ORIENTED_EDGE ( 'NONE', *, *, #2564, .T. ) ;
#5795 = APPLICATION_CONTEXT ( 'automotive_design' ) ;
#5796 = DIRECTION ( 'NONE',  ( 0.000000000000000000, 0.000000000000000000, -1.000000000000000000 ) ) ;
#5797 = B_SPLINE_CURVE_WITH_KNOTS ( 'NONE', 3,
 ( #3801, #5319, #3361, #2396 ),
 .UNSPECIFIED., .F., .F.,
 ( 4, 4 ),
 ( 0.000000000000000000, 1.000000000000000000 ),
 .UNSPECIFIED. ) ;
#5798 = CARTESIAN_POINT ( 'NONE',  ( 0.5530000000000000471, -0.01000000000000000021, 0.2054999999999999882 ) ) ;
#5799 = DIRECTION ( 'NONE',  ( 0.000000000000000000, 1.000000000000000000, 0.000000000000000000 ) ) ;
#5800 = VERTEX_POINT ( 'NONE', #1853 ) ;
#5801 = CARTESIAN_POINT ( 'NONE',  ( 0.5733034176296096796, -0.02999999999999997113, 0.2249603342803178641 ) ) ;
#5802 = ORIENTED_EDGE ( 'NONE', *, *, #2007, .T. ) ;
#5803 = EDGE_CURVE ( 'NONE', #2605, #1372, #1219, .T. ) ;
#5804 = VERTEX_POINT ( 'NONE', #5806 ) ;
#5805 = ORIENTED_EDGE ( 'NONE', *, *, #4152, .T. ) ;
#5806 = CARTESIAN_POINT ( 'NONE',  ( 0.5795221919484762063, -0.03000000000000000583, 0.2201045598133845038 ) ) ;
#5807 = DIRECTION ( 'NONE',  ( -0.1273938600204659322, -0.9918522089651692353, -0.000000000000000000 ) ) ;
#5808 = DIRECTION ( 'NONE',  ( 1.000000000000000000, 0.000000000000000000, 0.000000000000000000 ) ) ;
#5809 = CARTESIAN_POINT ( 'NONE',  ( 0.5680000000000000604, 0.02999999999999999889, 0.2254999999999999505 ) ) ;
#5810 = ORIENTED_EDGE ( 'NONE', *, *, #303, .T. ) ;
#5811 = CARTESIAN_POINT ( 'NONE',  ( -0.4506041193790127908, -0.08299999999995276434, 0.01999999999999995878 ) ) ;
#5812 = DIRECTION ( 'NONE',  ( 0.000000000000000000, -1.000000000000000000, 0.000000000000000000 ) ) ;
#5813 = DIRECTION ( 'NONE',  ( 0.000000000000000000, 0.000000000000000000, -1.000000000000000000 ) ) ;
#5814 = CARTESIAN_POINT ( 'NONE',  ( 0.000000000000000000, -0.01699999999995084610, -0.05000000000000000278 ) ) ;
#5815 = EDGE_LOOP ( 'NONE', ( #228, #2406, #6275, #433 ) ) ;
#5816 = DIRECTION ( 'NONE',  ( -0.000000000000000000, -1.000000000000000000, -0.000000000000000000 ) ) ;
#5817 = LINE ( 'NONE', #5450, #2680 ) ;
#5818 = EDGE_CURVE ( 'NONE', #3570, #919, #808, .T. ) ;
#5819 = FACE_OUTER_BOUND ( 'NONE', #3931, .T. ) ;
#5820 = CARTESIAN_POINT ( 'NONE',  ( -0.3792342799269071141, 0.02900000000000000147, 0.1386506756738059287 ) ) ;
#5821 = ADVANCED_FACE ( 'NONE', ( #2844 ), #4869, .T. ) ;
#5822 = ORIENTED_EDGE ( 'NONE', *, *, #3490, .F. ) ;
#5823 = VERTEX_POINT ( 'NONE', #714 ) ;
#5824 = CARTESIAN_POINT ( 'NONE',  ( -0.4463586213557717008, -0.04406736643085625710, -0.01999999999999995878 ) ) ;
#5825 = ADVANCED_FACE ( 'NONE', ( #209 ), #1976, .T. ) ;
#5826 = LINE ( 'NONE', #2245, #5441 ) ;
#5827 = PLANE ( 'NONE',  #4370 ) ;
#5828 = ORIENTED_EDGE ( 'NONE', *, *, #2714, .T. ) ;
#5829 = CARTESIAN_POINT ( 'NONE',  ( 0.5788662513398867837, -0.03000000000000003011, 0.2215505732488519952 ) ) ;
#5830 = VERTEX_POINT ( 'NONE', #4492 ) ;
#5831 = APPLICATION_CONTEXT ( 'automotive_design' ) ;
#5832 = VERTEX_POINT ( 'NONE', #4426 ) ;
#5833 = ORIENTED_EDGE ( 'NONE', *, *, #1326, .T. ) ;
#5834 = CARTESIAN_POINT ( 'NONE',  ( -0.2787529620340115644, -0.01699999999995088079, 0.2287529620340125192 ) ) ;
#5835 = CONTEXT_DEPENDENT_SHAPE_REPRESENTATION ( #3889, #1933 ) ;
#5836 = EDGE_CURVE ( 'NONE', #3501, #5556, #3935, .T. ) ;
#5837 = CARTESIAN_POINT ( 'NONE',  ( -0.4873958806209868766, -0.08299999999995276434, -0.01999999999999995878 ) ) ;
#5838 = CARTESIAN_POINT ( 'NONE',  ( 0.000000000000000000, 0.02899999999999999453, 0.000000000000000000 ) ) ;
#5839 = ORIENTED_EDGE ( 'NONE', *, *, #3351, .T. ) ;
#5840 = DIRECTION ( 'NONE',  ( -1.000000000000000000, 0.000000000000000000, -5.464970690590405400E-16 ) ) ;
#5841 = EDGE_CURVE ( 'NONE', #5292, #5519, #5429, .T. ) ;
#5842 = DIRECTION ( 'NONE',  ( 0.9918522089651700124, -0.1273938600204611304, 2.696238892749979479E-16 ) ) ;
#5843 = CARTESIAN_POINT ( 'NONE',  ( -0.5629999999999999449, -0.01000000000000000021, -0.1631652724842145574 ) ) ;
#5844 =( NAMED_UNIT ( * ) PLANE_ANGLE_UNIT ( ) SI_UNIT ( $, .RADIAN. ) );
#5845 = MECHANICAL_DESIGN_GEOMETRIC_PRESENTATION_REPRESENTATION (  '', ( #6580 ), #842 ) ;
#5846 = ORIENTED_EDGE ( 'NONE', *, *, #4067, .T. ) ;
#5847 = DIRECTION ( 'NONE',  ( 0.000000000000000000, 0.000000000000000000, -1.000000000000000000 ) ) ;
#5848 = CARTESIAN_POINT ( 'NONE',  ( -0.4825059240680250050, -0.6581268257145341805, 0.02499999999999986955 ) ) ;
#5849 = VECTOR ( 'NONE', #3451, 39.37007874015748143 ) ;
#5850 = DIRECTION ( 'NONE',  ( -1.000000000000000000, 0.000000000000000000, 0.000000000000000000 ) ) ;
#5851 = PLANE ( 'NONE',  #2976 ) ;
#5852 = CIRCLE ( 'NONE', #1486, 0.01500000000000001159 ) ;
#5853 = ORIENTED_EDGE ( 'NONE', *, *, #4644, .F. ) ;
#5854 = VECTOR ( 'NONE', #594, 39.37007874015748143 ) ;
#5855 = DIRECTION ( 'NONE',  ( -1.000000000000000000, 0.000000000000000000, 0.000000000000000000 ) ) ;
#5856 = DIRECTION ( 'NONE',  ( 1.000000000000000000, -1.219205179148354469E-15, 0.000000000000000000 ) ) ;
#5857 = VECTOR ( 'NONE', #2906, 39.37007874015748143 ) ;
#5858 = VECTOR ( 'NONE', #5365, 39.37007874015748143 ) ;
#5859 = CARTESIAN_POINT ( 'NONE',  ( -0.5124542162334920770, -0.01377419354836796443, 0.01999999999999986511 ) ) ;
#5860 = AXIS2_PLACEMENT_3D ( 'NONE', #813, #1254, #5310 ) ;
#5861 = VERTEX_POINT ( 'NONE', #2437 ) ;
#5862 = EDGE_CURVE ( 'NONE', #4204, #4664, #5015, .T. ) ;
#5863 = CARTESIAN_POINT ( 'NONE',  ( 0.5630000000000001670, -0.01000000000000000021, 0.1631652724842146962 ) ) ;
#5864 = ORIENTED_EDGE ( 'NONE', *, *, #135, .T. ) ;
#5865 = VECTOR ( 'NONE', #1357, 39.37007874015748143 ) ;
#5866 = VECTOR ( 'NONE', #2502, 39.37007874015748143 ) ;
#5867 = ORIENTED_EDGE ( 'NONE', *, *, #908, .T. ) ;
#5868 = ORIENTED_EDGE ( 'NONE', *, *, #592, .T. ) ;
#5869 = VECTOR ( 'NONE', #2443, 39.37007874015748143 ) ;
#5870 = DIRECTION ( 'NONE',  ( -0.6906958818292161517, 0.000000000000000000, -0.7231453511045765614 ) ) ;
#5871 = ITEM_DEFINED_TRANSFORMATION ( 'NONE', 'NONE', #220,  #6377 ) ;
#5872 = CARTESIAN_POINT ( 'NONE',  ( 0.5680000000002097815, -0.03000000000000001277, -0.2255000000000001170 ) ) ;
#5873 = FACE_OUTER_BOUND ( 'NONE', #2134, .T. ) ;
#5874 = ORIENTED_EDGE ( 'NONE', *, *, #4240, .T. ) ;
#5875 = VECTOR ( 'NONE', #5906, 39.37007874015748143 ) ;
#5876 = EDGE_CURVE ( 'NONE', #5130, #2399, #132, .T. ) ;
#5877 = DIRECTION ( 'NONE',  ( -0.000000000000000000, -1.000000000000000000, -0.000000000000000000 ) ) ;
#5878 = FACE_OUTER_BOUND ( 'NONE', #832, .T. ) ;
#5879 = FACE_OUTER_BOUND ( 'NONE', #4695, .T. ) ;
#5880 = DIRECTION ( 'NONE',  ( -3.315730916883898424E-16, 0.000000000000000000, 1.000000000000000000 ) ) ;
#5881 = PLANE ( 'NONE',  #1715 ) ;
#5882 = ADVANCED_FACE ( 'NONE', ( #3476 ), #2912, .F. ) ;
#5883 = ORIENTED_EDGE ( 'NONE', *, *, #3718, .F. ) ;
#5884 = LINE ( 'NONE', #5378, #4693 ) ;
#5885 = CARTESIAN_POINT ( 'NONE',  ( -0.5824999999999999067, 0.02000000000000000042, 0.2254999999999999505 ) ) ;
#5886 = CARTESIAN_POINT ( 'NONE',  ( -0.4275811296288858365, 0.02900000000000000147, 0.1586384922640279860 ) ) ;
#5887 = DIRECTION ( 'NONE',  ( -0.8542863291797714309, 0.5198027200549755200, 0.000000000000000000 ) ) ;
#5888 = ORIENTED_EDGE ( 'NONE', *, *, #1466, .T. ) ;
#5889 = CARTESIAN_POINT ( 'NONE',  ( -0.3025811314170228083, 0.02900000000000000147, 0.1586384912141360626 ) ) ;
#5890 = DIRECTION ( 'NONE',  ( 0.1651453767217541113, 0.000000000000000000, 0.9862692353244268961 ) ) ;
#5891 = CARTESIAN_POINT ( 'NONE',  ( -0.4514001219983384550, -0.05753732610467972297, 0.007500000000000005794 ) ) ;
#5892 = ORIENTED_EDGE ( 'NONE', *, *, #5790, .F. ) ;
#5893 = DIRECTION ( 'NONE',  ( 0.7099933039027157555, 0.000000000000000000, -0.7042084268263949509 ) ) ;
#5894 = ORIENTED_EDGE ( 'NONE', *, *, #6013, .T. ) ;
#5895 = EDGE_LOOP ( 'NONE', ( #6251, #5688, #371, #3359 ) ) ;
#5896 = ORIENTED_EDGE ( 'NONE', *, *, #3503, .F. ) ;
#5897 = ADVANCED_FACE ( 'NONE', ( #4022 ), #881, .F. ) ;
#5898 = ITEM_DEFINED_TRANSFORMATION ( 'NONE', 'NONE', #1288,  #6377 ) ;
#5899 = CARTESIAN_POINT ( 'NONE',  ( -0.4836698192214117786, -0.09674582748971033430, -0.01999999999999999695 ) ) ;
#5900 = DIRECTION ( 'NONE',  ( -1.000000000000000000, 0.000000000000000000, 1.223348791879684818E-15 ) ) ;
#5901 = ORIENTED_EDGE ( 'NONE', *, *, #1356, .T. ) ;
#5902 = EDGE_CURVE ( 'NONE', #4672, #3048, #1515, .T. ) ;
#5903 = CARTESIAN_POINT ( 'NONE',  ( -0.1995812646486070097, 0.02900000000000000147, 0.07958191773172107464 ) ) ;
#5904 = EDGE_CURVE ( 'NONE', #3370, #400, #911, .T. ) ;
#5905 =( NAMED_UNIT ( * ) PLANE_ANGLE_UNIT ( ) SI_UNIT ( $, .RADIAN. ) );
#5906 = DIRECTION ( 'NONE',  ( 0.7071067811865487940, -0.000000000000000000, 0.7071067811865462405 ) ) ;
#5907 = EDGE_CURVE ( 'NONE', #1527, #5348, #2042, .T. ) ;
#5908 = LINE ( 'NONE', #6471, #318 ) ;
#5909 = DIRECTION ( 'NONE',  ( -0.8914944346718483015, 0.000000000000000000, -0.4530316467412862091 ) ) ;
#5910 = EDGE_LOOP ( 'NONE', ( #1064, #6243, #2651, #1783 ) ) ;
#5911 = CARTESIAN_POINT ( 'NONE',  ( -0.5465000000000000968, 0.000000000000000000, -0.3349999999999999090 ) ) ;
#5912 = CARTESIAN_POINT ( 'NONE',  ( -0.4046776695296636639, 0.000000000000000000, 0.01682233047033616577 ) ) ;
#5913 = APPLICATION_CONTEXT ( 'automotive_design' ) ;
#5914 = CARTESIAN_POINT ( 'NONE',  ( 0.5830000000000000737, 0.02999999999999999889, -0.2104999999999999927 ) ) ;
#5915 = EDGE_CURVE ( 'NONE', #2004, #3506, #886, .T. ) ;
#5916 = CARTESIAN_POINT ( 'NONE',  ( -0.1975811296288818852, 0.02900000000000000147, 0.03871159279835701544 ) ) ;
#5917 = ORIENTED_EDGE ( 'NONE', *, *, #1608, .T. ) ;
#5918 = SHAPE_REPRESENTATION ( 'DQ', ( #2027, #4456, #3408, #4889, #1288, #531, #1714, #1485, #220, #2350, #3312, #6383, #960 ), #1174 ) ;
#5919 = CARTESIAN_POINT ( 'NONE',  ( 0.09400000000000001410, 0.000000000000000000, -0.5469999999999998197 ) ) ;
#5920 = CARTESIAN_POINT ( 'NONE',  ( 0.5771071647537919791, -0.03000000000000000583, 0.2224206860142338427 ) ) ;
#5921 = CARTESIAN_POINT ( 'NONE',  ( -0.5799999999999998490, 0.06250000000000000000, 0.2374999999999999889 ) ) ;
#5922 = EDGE_LOOP ( 'NONE', ( #2691, #3306, #5078, #3998 ) ) ;
#5923 = DIRECTION ( 'NONE',  ( 0.000000000000000000, 0.000000000000000000, 1.000000000000000000 ) ) ;
#5924 = VERTEX_POINT ( 'NONE', #402 ) ;
#5925 = VERTEX_POINT ( 'NONE', #5557 ) ;
#5926 = ORIENTED_EDGE ( 'NONE', *, *, #236, .F. ) ;
#5927 = DIRECTION ( 'NONE',  ( -0.7071067811865517916, 0.000000000000000000, 0.7071067811865433539 ) ) ;
#5928 = DIRECTION ( 'NONE',  ( 1.000000000000000000, 0.000000000000000000, 0.000000000000000000 ) ) ;
#5929 = CARTESIAN_POINT ( 'NONE',  ( -0.4864724841416406820, -0.1185665760870778240, 0.02499999999999999098 ) ) ;
#5930 = EDGE_CURVE ( 'NONE', #1877, #894, #5408, .T. ) ;
#5931 = EDGE_LOOP ( 'NONE', ( #3073, #1104, #970, #5805, #4933, #5455, #2463, #1315 ) ) ;
#5932 = DIRECTION ( 'NONE',  ( -0.000000000000000000, 0.000000000000000000, -1.000000000000000000 ) ) ;
#5933 = DIRECTION ( 'NONE',  ( 0.000000000000000000, 0.000000000000000000, 1.000000000000000000 ) ) ;
#5934 = DIRECTION ( 'NONE',  ( -0.000000000000000000, 1.000000000000000000, -0.000000000000000000 ) ) ;
#5935 = ADVANCED_FACE ( 'NONE', ( #1369 ), #6052, .T. ) ;
#5936 = EDGE_CURVE ( 'NONE', #1520, #5275, #1436, .T. ) ;
#5937 = DIRECTION ( 'NONE',  ( -0.000000000000000000, -1.000000000000000000, -0.000000000000000000 ) ) ;
#5938 = ORIENTED_EDGE ( 'NONE', *, *, #2302, .F. ) ;
#5939 = ORIENTED_EDGE ( 'NONE', *, *, #3403, .F. ) ;
#5940 = DIRECTION ( 'NONE',  ( 0.000000000000000000, 1.000000000000000000, -0.000000000000000000 ) ) ;
#5941 = DIRECTION ( 'NONE',  ( -0.000000000000000000, 1.000000000000000000, -0.000000000000000000 ) ) ;
#5942 = DIRECTION ( 'NONE',  ( 0.000000000000000000, -0.000000000000000000, -1.000000000000000000 ) ) ;
#5943 =( GEOMETRIC_REPRESENTATION_CONTEXT ( 3 ) GLOBAL_UNCERTAINTY_ASSIGNED_CONTEXT ( ( #2109 ) ) GLOBAL_UNIT_ASSIGNED_CONTEXT ( ( #1163, #1207, #5291 ) ) REPRESENTATION_CONTEXT ( 'NONE', 'WORKASPACE' ) );
#5944 = DIRECTION ( 'NONE',  ( -0.1273938600204659322, -0.9918522089651692353, -0.000000000000000000 ) ) ;
#5945 =( GEOMETRIC_REPRESENTATION_CONTEXT ( 3 ) GLOBAL_UNCERTAINTY_ASSIGNED_CONTEXT ( ( #3710 ) ) GLOBAL_UNIT_ASSIGNED_CONTEXT ( ( #2444, #3578, #4462 ) ) REPRESENTATION_CONTEXT ( 'NONE', 'WORKASPACE' ) );
#5946 = ORIENTED_EDGE ( 'NONE', *, *, #4315, .F. ) ;
#5947 = DIRECTION ( 'NONE',  ( 0.000000000000000000, 0.000000000000000000, 1.000000000000000000 ) ) ;
#5948 = ADVANCED_FACE ( 'NONE', ( #2478 ), #6532, .F. ) ;
#5949 = CIRCLE ( 'NONE', #2875, 0.03100000000000009345 ) ;
#5950 = CARTESIAN_POINT ( 'NONE',  ( 0.5775000000000001243, 0.07299999999999999545, -0.3259999999999999565 ) ) ;
#5951 = ORIENTED_EDGE ( 'NONE', *, *, #1250, .T. ) ;
#5952 = VECTOR ( 'NONE', #5536, 39.37007874015748143 ) ;
#5953 = CARTESIAN_POINT ( 'NONE',  ( -0.1925811321904752071, 0.02900000000000000147, -0.06122748901002793287 ) ) ;
#5954 = VECTOR ( 'NONE', #1166, 39.37007874015748143 ) ;
#5955 = VERTEX_POINT ( 'NONE', #5522 ) ;
#5956 = AXIS2_PLACEMENT_3D ( 'NONE', #42, #2079, #1950 ) ;
#5957 = CARTESIAN_POINT ( 'NONE',  ( 0.5630000000000003890, -0.009999999999999989800, -0.09812715302459157352 ) ) ;
#5958 = VERTEX_POINT ( 'NONE', #5060 ) ;
#5959 = EDGE_LOOP ( 'NONE', ( #3373, #529, #1659, #2303 ) ) ;
#5961 = ORIENTED_EDGE ( 'NONE', *, *, #5492, .F. ) ;
#5960 = VECTOR ( 'NONE', #6432, 39.37007874015748143 ) ;
#5962 = EDGE_CURVE ( 'NONE', #2399, #630, #971, .T. ) ;
#5963 = DIRECTION ( 'NONE',  ( 1.000000000000000000, 8.537024980200821325E-17, 0.000000000000000000 ) ) ;
#5964 = AXIS2_PLACEMENT_3D ( 'NONE', #794, #4318, #388 ) ;
#5965 = PRODUCT ( 'DQ', 'DQ', '', ( #610 ) ) ;
#5966 = AXIS2_PLACEMENT_3D ( 'NONE', #2376, #1336, #2961 ) ;
#5967 = AXIS2_PLACEMENT_3D ( 'NONE', #523, #139, #4624 ) ;
#5968 = LINE ( 'NONE', #783, #5849 ) ;
#5969 = VECTOR ( 'NONE', #5593, 39.37007874015748143 ) ;
#5970 = ORIENTED_EDGE ( 'NONE', *, *, #2703, .F. ) ;
#5971 = FACE_OUTER_BOUND ( 'NONE', #2677, .T. ) ;
#5972 = VECTOR ( 'NONE', #1928, 39.37007874015748854 ) ;
#5973 = LINE ( 'NONE', #1418, #3539 ) ;
#5974 = CARTESIAN_POINT ( 'NONE',  ( -0.5465000000000000968, 0.07299999999999999545, -0.3349999999999999090 ) ) ;
#5975 = CIRCLE ( 'NONE', #2692, 0.01000000000000365007 ) ;
#5976 = CARTESIAN_POINT ( 'NONE',  ( -0.5775000000000001243, 0.07299999999999999545, -0.3259999999999999565 ) ) ;
#5977 = ORIENTED_EDGE ( 'NONE', *, *, #4030, .T. ) ;
#5978 = ORIENTED_EDGE ( 'NONE', *, *, #5862, .T. ) ;
#5979 = VECTOR ( 'NONE', #5194, 39.37007874015748143 ) ;
#5980 = DIRECTION ( 'NONE',  ( -0.000000000000000000, 1.000000000000000000, -0.000000000000000000 ) ) ;
#5981 = FACE_OUTER_BOUND ( 'NONE', #249, .T. ) ;
#5982 = PRODUCT_DEFINITION ( 'UNKNOWN', '', #3200, #2312 ) ;
#5983 = EDGE_CURVE ( 'NONE', #4986, #5174, #471, .T. ) ;
#5984 = LINE ( 'NONE', #924, #3113 ) ;
#5985 = CARTESIAN_POINT ( 'NONE',  ( -0.4554940759319748844, -0.01799999999995276212, 0.007500000000001148977 ) ) ;
#5986 = B_SPLINE_CURVE_WITH_KNOTS ( 'NONE', 3,
 ( #3655, #1178, #2719, #5669, #4743 ),
 .UNSPECIFIED., .F., .F.,
 ( 4, 1, 4 ),
 ( 0.000000000000000000, 0.2499999994358153843, 0.2775319586920904635 ),
 .UNSPECIFIED. ) ;
#5987 = EDGE_LOOP ( 'NONE', ( #966, #2981, #3042, #4059, #2716, #879, #264, #909 ) ) ;
#5988 = CARTESIAN_POINT ( 'NONE',  ( -0.02758112888381902134, 0.02900000000000000147, 0.1586384911471201420 ) ) ;
#5989 = EDGE_CURVE ( 'NONE', #171, #3021, #2141, .T. ) ;
#5990 = DIRECTION ( 'NONE',  ( 0.000000000000000000, -0.000000000000000000, 1.000000000000000000 ) ) ;
#5991 = ORIENTED_EDGE ( 'NONE', *, *, #1123, .T. ) ;
#5992 = EDGE_CURVE ( 'NONE', #510, #432, #6228, .T. ) ;
#5993 = CARTESIAN_POINT ( 'NONE',  ( 0.5674999999999998934, 0.02000000000000000042, 0.2254999999999999505 ) ) ;
#5994 = ORIENTED_EDGE ( 'NONE', *, *, #2023, .F. ) ;
#5995 = ORIENTED_EDGE ( 'NONE', *, *, #1233, .T. ) ;
#5996 = VERTEX_POINT ( 'NONE', #5139 ) ;
#5997 = DIRECTION ( 'NONE',  ( 1.000000000000000000, 0.000000000000000000, 0.000000000000000000 ) ) ;
#5998 = EDGE_CURVE ( 'NONE', #4272, #5832, #1167, .T. ) ;
#5999 = DIRECTION ( 'NONE',  ( 0.9918522089651692353, -0.1273938600204662097, 5.509863910362391701E-16 ) ) ;
#6000 = ORIENTED_EDGE ( 'NONE', *, *, #3812, .F. ) ;
#6001 = VERTEX_POINT ( 'NONE', #4098 ) ;
#6002 = DIRECTION ( 'NONE',  ( 0.000000000000000000, 0.000000000000000000, 1.000000000000000000 ) ) ;
#6003 = DIRECTION ( 'NONE',  ( 0.000000000000000000, 0.000000000000000000, 1.000000000000000000 ) ) ;
#6004 = DIRECTION ( 'NONE',  ( 0.7099933039027200854, 0.000000000000000000, 0.7042084268263902880 ) ) ;
#6005 = EDGE_CURVE ( 'NONE', #2138, #4886, #4735, .T. ) ;
#6006 = DIRECTION ( 'NONE',  ( -0.000000000000000000, -1.000000000000000000, -0.000000000000000000 ) ) ;
#6007 = ORIENTED_EDGE ( 'NONE', *, *, #4966, .T. ) ;
#6008 = ORIENTED_EDGE ( 'NONE', *, *, #1347, .T. ) ;
#6009 = DIRECTION ( 'NONE',  ( -0.7071067811865493491, 0.000000000000000000, -0.7071067811865457964 ) ) ;
#6010 = CARTESIAN_POINT ( 'NONE',  ( 0.5680000000000000604, 0.02999999999999999889, -0.2255000000000000338 ) ) ;
#6011 = CARTESIAN_POINT ( 'NONE',  ( -0.3675811309645719560, 0.02900000000000000147, 0.06905657162336102661 ) ) ;
#6012 = LINE ( 'NONE', #4086, #5315 ) ;
#6013 = EDGE_CURVE ( 'NONE', #2435, #4471, #572, .T. ) ;
#6014 = VERTEX_POINT ( 'NONE', #3140 ) ;
#6015 = CARTESIAN_POINT ( 'NONE',  ( -0.4825059240680248940, -0.08299999999995276434, -0.02488995655296195875 ) ) ;
#6016 = PRODUCT_DEFINITION_SHAPE ( 'NONE', 'NONE',  #6595 ) ;
#6017 = LINE ( 'NONE', #5608, #3848 ) ;
#6018 = PLANE ( 'NONE',  #3424 ) ;
#6019 = ORIENTED_EDGE ( 'NONE', *, *, #5341, .F. ) ;
#6020 = DIRECTION ( 'NONE',  ( 1.000000000000000000, 8.021152995380341438E-16, 0.000000000000000000 ) ) ;
#6021 = ORIENTED_EDGE ( 'NONE', *, *, #502, .F. ) ;
#6022 = ADVANCED_FACE ( 'NONE', ( #2076 ), #173, .F. ) ;
#6023 = ORIENTED_EDGE ( 'NONE', *, *, #2757, .T. ) ;
#6024 = EDGE_LOOP ( 'NONE', ( #2314, #5715, #192, #3243 ) ) ;
#6025 = CARTESIAN_POINT ( 'NONE',  ( 0.5530000000000000471, -0.01000000000000000021, 0.1955000000000000071 ) ) ;
#6026 = LINE ( 'NONE', #440, #2881 ) ;
#6027 = ORIENTED_EDGE ( 'NONE', *, *, #4275, .T. ) ;
#6028 = ORIENTED_EDGE ( 'NONE', *, *, #1326, .F. ) ;
#6029 = DIRECTION ( 'NONE',  ( -0.000000000000000000, -1.000000000000000000, 0.000000000000000000 ) ) ;
#6030 = EDGE_CURVE ( 'NONE', #5861, #4976, #2181, .T. ) ;
#6031 = CARTESIAN_POINT ( 'NONE',  ( -0.5829999999999997407, 0.02999999999999999889, -0.2255000000000000338 ) ) ;
#6032 = CARTESIAN_POINT ( 'NONE',  ( -0.3525811296288829944, 0.02999999999999999889, 0.1586384921643468338 ) ) ;
#6033 = LINE ( 'NONE', #478, #1407 ) ;
#6034 = ORIENTED_EDGE ( 'NONE', *, *, #5293, .T. ) ;
#6035 = ORIENTED_EDGE ( 'NONE', *, *, #2697, .F. ) ;
#6036 = LINE ( 'NONE', #4977, #2993 ) ;
#6037 = LINE ( 'NONE', #1480, #1294 ) ;
#6038 = ADVANCED_FACE ( 'NONE', ( #2608 ), #602, .T. ) ;
#6039 = DIRECTION ( 'NONE',  ( 0.000000000000000000, 1.000000000000000000, 0.000000000000000000 ) ) ;
#6040 = DIRECTION ( 'NONE',  ( -0.000000000000000000, -1.000000000000000000, 0.000000000000000000 ) ) ;
#6041 = VERTEX_POINT ( 'NONE', #3643 ) ;
#6042 = CARTESIAN_POINT ( 'NONE',  ( 0.5550000000000000488, -0.06250000000000000000, -0.1824999999999999956 ) ) ;
#6043 = DIRECTION ( 'NONE',  ( 0.000000000000000000, 0.000000000000000000, -1.000000000000000000 ) ) ;
#6044 = DIRECTION ( 'NONE',  ( 1.000000000000000000, 0.000000000000000000, 0.000000000000000000 ) ) ;
#6045 = LENGTH_MEASURE_WITH_UNIT ( LENGTH_MEASURE( 0.02539999999999999897 ), #3135 );
#6046 = ORIENTED_EDGE ( 'NONE', *, *, #2528, .T. ) ;
#6047 = LINE ( 'NONE', #6087, #4908 ) ;
#6048 = ORIENTED_EDGE ( 'NONE', *, *, #2723, .T. ) ;
#6049 = VERTEX_POINT ( 'NONE', #3572 ) ;
#6050 = VECTOR ( 'NONE', #6177, 39.37007874015748143 ) ;
#6051 = ORIENTED_EDGE ( 'NONE', *, *, #2428, .T. ) ;
#6052 = CYLINDRICAL_SURFACE ( 'NONE', #3116, 0.009999999999741732842 ) ;
#6053 = CIRCLE ( 'NONE', #3410, 0.01500000000000001159 ) ;
#6054 = LINE ( 'NONE', #6092, #4906 ) ;
#6055 = EDGE_CURVE ( 'NONE', #1359, #3570, #5617, .T. ) ;
#6056 = AXIS2_PLACEMENT_3D ( 'NONE', #6272, #1222, #4748 ) ;
#6057 = CARTESIAN_POINT ( 'NONE',  ( -0.2405811301951271963, 0.02999999999999999889, 0.1206616397874109847 ) ) ;
#6058 = ORIENTED_EDGE ( 'NONE', *, *, #5936, .T. ) ;
#6059 = VECTOR ( 'NONE', #3965, 39.37007874015748143 ) ;
#6060 = ORIENTED_EDGE ( 'NONE', *, *, #2299, .F. ) ;
#6061 = VECTOR ( 'NONE', #1604, 39.37007874015748143 ) ;
#6062 = CARTESIAN_POINT ( 'NONE',  ( -0.2575811314170221022, 0.02900000000000000147, 0.1206616397874109708 ) ) ;
#6063 = AXIS2_PLACEMENT_3D ( 'NONE', #1530, #2601, #4541 ) ;
#6064 = LINE ( 'NONE', #2978, #246 ) ;
#6065 = VECTOR ( 'NONE', #6245, 39.37007874015748143 ) ;
#6066 = CARTESIAN_POINT ( 'NONE',  ( -0.07799999999999999989, 0.07299999999999999545, -0.4579999999999998517 ) ) ;
#6067 = EDGE_CURVE ( 'NONE', #4173, #4400, #1068, .T. ) ;
#6068 = DIRECTION ( 'NONE',  ( 0.000000000000000000, 0.000000000000000000, -1.000000000000000000 ) ) ;
#6069 = ORIENTED_EDGE ( 'NONE', *, *, #4653, .F. ) ;
#6070 = VECTOR ( 'NONE', #5718, 39.37007874015748143 ) ;
#6071 = ORIENTED_EDGE ( 'NONE', *, *, #5143, .F. ) ;
#6072 = LINE ( 'NONE', #3556, #5643 ) ;
#6073 = CARTESIAN_POINT ( 'NONE',  ( -0.4556041193790334454, -0.09026844900068288491, -0.02499999999999999098 ) ) ;
#6074 = FACE_OUTER_BOUND ( 'NONE', #216, .T. ) ;
#6075 = VECTOR ( 'NONE', #4031, 39.37007874015748143 ) ;
#6076 = VECTOR ( 'NONE', #1721, 39.37007874015748143 ) ;
#6077 = CARTESIAN_POINT ( 'NONE',  ( -0.5771067224483807934, -0.03000000000000000583, -0.2224201178205567897 ) ) ;
#6078 = CARTESIAN_POINT ( 'NONE',  ( 0.5696560208638264955, -0.03000000000000000583, -0.2255000000000000615 ) ) ;
#6079 = EDGE_CURVE ( 'NONE', #6433, #2136, #2587, .T. ) ;
#6080 = EDGE_LOOP ( 'NONE', ( #2777, #1945, #3032, #3627 ) ) ;
#6081 = DIRECTION ( 'NONE',  ( -0.9918522089651692353, 0.1273938600204662097, 5.509863910362391701E-16 ) ) ;
#6082 = VECTOR ( 'NONE', #1998, 39.37007874015748143 ) ;
#6083 = DIRECTION ( 'NONE',  ( 0.000000000000000000, -1.000000000000000000, 0.000000000000000000 ) ) ;
#6084 = CARTESIAN_POINT ( 'NONE',  ( 0.01745051803667698256, 0.02999999999999999889, 0.1586384911471201420 ) ) ;
#6085 = CARTESIAN_POINT ( 'NONE',  ( -0.5679999999999998384, 0.02999999999999999889, -0.2255000000000000338 ) ) ;
#6086 = EDGE_LOOP ( 'NONE', ( #2709, #4989, #2342, #4273 ) ) ;
#6087 = CARTESIAN_POINT ( 'NONE',  ( 0.5999999999999999778, 0.000000000000000000, 0.2950000000000000400 ) ) ;
#6088 = EDGE_LOOP ( 'NONE', ( #2387, #4362, #1987, #4125, #2289, #501, #3849, #4331, #729, #3754, #4611, #5946, #3007, #2965, #622, #5970 ) ) ;
#6089 = ORIENTED_EDGE ( 'NONE', *, *, #348, .F. ) ;
#6090 = ORIENTED_EDGE ( 'NONE', *, *, #2662, .T. ) ;
#6091 = CARTESIAN_POINT ( 'NONE',  ( -0.4270000000004424701, -0.04500000000000078243, -0.05000000000000000278 ) ) ;
#6092 = CARTESIAN_POINT ( 'NONE',  ( -0.4991794919243109918, 0.000000000000000000, -0.02500000000000014710 ) ) ;
#6093 = ORIENTED_EDGE ( 'NONE', *, *, #616, .T. ) ;
#6094 = CARTESIAN_POINT ( 'NONE',  ( -0.4956784302794605690, -0.03499999999999713757, -0.01999999999999995878 ) ) ;
#6095 = ORIENTED_EDGE ( 'NONE', *, *, #6474, .F. ) ;
#6096 = ORIENTED_EDGE ( 'NONE', *, *, #181, .F. ) ;
#6097 = EDGE_CURVE ( 'NONE', #358, #5925, #1138, .T. ) ;
#6098 = LINE ( 'NONE', #6536, #1402 ) ;
#6099 = DIMENSIONAL_EXPONENTS ( 1.000000000000000000, 0.000000000000000000, 0.000000000000000000, 0.000000000000000000, 0.000000000000000000, 0.000000000000000000, 0.000000000000000000 ) ;
#6100 = SHAPE_REPRESENTATION_RELATIONSHIP ( 'NONE' , 'NONE' ,  #9, #4519 ) ;
#6101 = CARTESIAN_POINT ( 'NONE',  ( -0.4781918832403103670, -0.05409618250434181097, 0.02499999999999999098 ) ) ;
#6102 = EDGE_CURVE ( 'NONE', #400, #3022, #4660, .T. ) ;
#6103 = LINE ( 'NONE', #1547, #4256 ) ;
#6104 = CYLINDRICAL_SURFACE ( 'NONE', #644, 0.02500000000000003608 ) ;
#6105 = VERTEX_POINT ( 'NONE', #4198 ) ;
#6106 = EDGE_CURVE ( 'NONE', #5800, #3650, #4127, .T. ) ;
#6107 = EDGE_LOOP ( 'NONE', ( #2505, #895, #4386, #3168 ) ) ;
#6108 = LINE ( 'NONE', #2021, #5117 ) ;
#6109 = DIRECTION ( 'NONE',  ( 0.000000000000000000, -1.000000000000000000, 0.000000000000000000 ) ) ;
#6110 = DIRECTION ( 'NONE',  ( 1.000000000000000000, 0.000000000000000000, 0.000000000000000000 ) ) ;
#6111 = ADVANCED_FACE ( 'NONE', ( #3170 ), #530, .F. ) ;
#6112 = DIRECTION ( 'NONE',  ( 0.000000000000000000, 0.000000000000000000, -1.000000000000000000 ) ) ;
#6113 = CARTESIAN_POINT ( 'NONE',  ( -0.5385692905699326349, 0.02999999999999999889, 0.1709264543384062252 ) ) ;
#6114 = EDGE_LOOP ( 'NONE', ( #2668, #2909, #4522, #537 ) ) ;
#6115 = CARTESIAN_POINT ( 'NONE',  ( -0.4864724841416406820, -0.1185665760870778240, -0.02499999999999999098 ) ) ;
#6116 = CARTESIAN_POINT ( 'NONE',  ( -0.5679999999999998384, -0.02999999999999999889, 0.2104999999999999372 ) ) ;
#6117 = EDGE_CURVE ( 'NONE', #2509, #5772, #2165, .T. ) ;
#6118 = LINE ( 'NONE', #5611, #4991 ) ;
#6119 = ORIENTED_EDGE ( 'NONE', *, *, #1770, .F. ) ;
#6120 = LINE ( 'NONE', #1941, #868 ) ;
#6121 = ORIENTED_EDGE ( 'NONE', *, *, #5353, .F. ) ;
#6122 = ORIENTED_EDGE ( 'NONE', *, *, #5530, .F. ) ;
#6123 = VERTEX_POINT ( 'NONE', #1674 ) ;
#6124 = CARTESIAN_POINT ( 'NONE',  ( -0.5949999999999997513, -0.06250000000000000000, -0.2374999999999999889 ) ) ;
#6125 = CARTESIAN_POINT ( 'NONE',  ( -0.1995812646486070097, 0.02900000000000000147, 0.07958191773172107464 ) ) ;
#6126 = ORIENTED_EDGE ( 'NONE', *, *, #5509, .F. ) ;
#6127 = FACE_OUTER_BOUND ( 'NONE', #6114, .T. ) ;
#6128 = ORIENTED_EDGE ( 'NONE', *, *, #5188, .F. ) ;
#6129 = ORIENTED_EDGE ( 'NONE', *, *, #1429, .T. ) ;
#6130 = CYLINDRICAL_SURFACE ( 'NONE', #1939, 0.009999999999741732842 ) ;
#6131 = PRODUCT_CONTEXT ( 'NONE', #5831, 'mechanical' ) ;
#6132 = CARTESIAN_POINT ( 'NONE',  ( 0.5737379991955587899, -0.02999999999999999889, -0.2243591238515215691 ) ) ;
#6133 = CARTESIAN_POINT ( 'NONE',  ( -0.4823958806210053574, -0.08682730540034495903, 0.02499999999999999098 ) ) ;
#6134 = CARTESIAN_POINT ( 'NONE',  ( -0.3975811314170227817, 0.02900000000000000147, 0.03871159257497404360 ) ) ;
#6135 = ORIENTED_EDGE ( 'NONE', *, *, #5345, .T. ) ;
#6136 = CARTESIAN_POINT ( 'NONE',  ( -0.5550000000000000488, -0.06250000000000000000, 0.1975000000000000366 ) ) ;
#6137 = CARTESIAN_POINT ( 'NONE',  ( 0.5825000000000001288, 0.02000000000000000042, 0.2254999999999999505 ) ) ;
#6138 = CARTESIAN_POINT ( 'NONE',  ( -0.4991794919243109918, 0.009999999999741748455, -0.05000000000000000278 ) ) ;
#6139 = LINE ( 'NONE', #3491, #2161 ) ;
#6140 = EDGE_CURVE ( 'NONE', #6123, #239, #3709, .T. ) ;
#6141 = EDGE_CURVE ( 'NONE', #4425, #1703, #5764, .T. ) ;
#6142 = CARTESIAN_POINT ( 'NONE',  ( 0.5830000000000001847, -0.03000000000000000930, -0.2104999999894311136 ) ) ;
#6143 = ORIENTED_EDGE ( 'NONE', *, *, #273, .F. ) ;
#6144 = DIRECTION ( 'NONE',  ( 1.000000000000000000, 0.000000000000000000, 0.000000000000000000 ) ) ;
#6145 = DIRECTION ( 'NONE',  ( 1.000000000000000000, 0.000000000000000000, 0.000000000000000000 ) ) ;
#6146 = DIRECTION ( 'NONE',  ( 0.6002339999662865688, 0.000000000000000000, 0.7998244465409093396 ) ) ;
#6147 = ORIENTED_EDGE ( 'NONE', *, *, #1242, .F. ) ;
#6148 = LENGTH_MEASURE_WITH_UNIT ( LENGTH_MEASURE( 0.02539999999999999897 ), #3167 );
#6149 = ORIENTED_EDGE ( 'NONE', *, *, #6405, .F. ) ;
#6150 = EDGE_CURVE ( 'NONE', #5390, #4449, #2311, .T. ) ;
#6151 = ORIENTED_EDGE ( 'NONE', *, *, #3197, .T. ) ;
#6152 = ORIENTED_EDGE ( 'NONE', *, *, #5841, .T. ) ;
#6153 = DIRECTION ( 'NONE',  ( 1.000000000000000000, -0.000000000000000000, -0.000000000000000000 ) ) ;
#6154 = PRODUCT_DEFINITION_CONTEXT ( 'detailed design', #1492, 'design' ) ;
#6155 = CARTESIAN_POINT ( 'NONE',  ( -0.5550000000000000488, 0.02000000000000000042, 0.1825000000000000233 ) ) ;
#6156 = PLANE ( 'NONE',  #5337 ) ;
#6157 = VECTOR ( 'NONE', #1744, 39.37007874015748143 ) ;
#6158 = CARTESIAN_POINT ( 'NONE',  ( 0.5572380199816721058, -0.01000000000000000888, 0.2048020693620697663 ) ) ;
#6159 = VERTEX_POINT ( 'NONE', #2835 ) ;
#6160 = EDGE_CURVE ( 'NONE', #2327, #833, #5826, .T. ) ;
#6161 = VERTEX_POINT ( 'NONE', #3341 ) ;
#6162 = AXIS2_PLACEMENT_3D ( 'NONE', #3158, #5284, #2164 ) ;
#6163 = AXIS2_PLACEMENT_3D ( 'NONE', #601, #4228, #5796 ) ;
#6164 = CARTESIAN_POINT ( 'NONE',  ( -0.4825059240680267814, -0.04999999999999446554, -0.05000000000000000278 ) ) ;
#6165 = CYLINDRICAL_SURFACE ( 'NONE', #5241, 0.009999999999741732842 ) ;
#6166 = VECTOR ( 'NONE', #5855, 39.37007874015748143 ) ;
#6167 = LINE ( 'NONE', #5280, #3405 ) ;
#6168 = DIRECTION ( 'NONE',  ( -0.000000000000000000, 1.000000000000000000, -0.000000000000000000 ) ) ;
#6169 = AXIS2_PLACEMENT_3D ( 'NONE', #4190, #1738, #3776 ) ;
#6170 = ORIENTED_EDGE ( 'NONE', *, *, #2230, .T. ) ;
#6171 = CYLINDRICAL_SURFACE ( 'NONE', #871, 0.01500000000000001159 ) ;
#6172 = DIRECTION ( 'NONE',  ( -0.000000000000000000, -0.000000000000000000, -1.000000000000000000 ) ) ;
#6173 = VECTOR ( 'NONE', #6385, 39.37007874015748143 ) ;
#6174 = CARTESIAN_POINT ( 'NONE',  ( -0.09399999999999998634, 0.07299999999999999545, -0.5629999999999999449 ) ) ;
#6175 = VECTOR ( 'NONE', #2122, 39.37007874015748143 ) ;
#6176 = DIRECTION ( 'NONE',  ( -1.000000000000000000, 0.000000000000000000, -0.000000000000000000 ) ) ;
#6177 = DIRECTION ( 'NONE',  ( 1.000000000000000000, 0.000000000000000000, -7.325937605025347201E-16 ) ) ;
#6178 = VECTOR ( 'NONE', #3837, 39.37007874015748143 ) ;
#6179 = AXIS2_PLACEMENT_3D ( 'NONE', #1534, #6527, #6020 ) ;
#6180 = ORIENTED_EDGE ( 'NONE', *, *, #4680, .T. ) ;
#6181 = VECTOR ( 'NONE', #5491, 39.37007874015748143 ) ;
#6182 = CARTESIAN_POINT ( 'NONE',  ( -0.5045088790244278698, 0.001538461538448647080, 0.01999999999999987205 ) ) ;
#6183 = EDGE_CURVE ( 'NONE', #1779, #1476, #6306, .T. ) ;
#6184 = CARTESIAN_POINT ( 'NONE',  ( -0.1995812646486070097, 0.02999999999999999889, 0.07958191773172107464 ) ) ;
#6185 = ADVANCED_FACE ( 'NONE', ( #1268 ), #3875, .T. ) ;
#6186 = AXIS2_PLACEMENT_3D ( 'NONE', #898, #6388, #4350 ) ;
#6187 = CARTESIAN_POINT ( 'NONE',  ( -0.1012485063478606589, 0.07299999999999999545, -0.5612639109547495897 ) ) ;
#6188 = VECTOR ( 'NONE', #4964, 39.37007874015748143 ) ;
#6189 = DIRECTION ( 'NONE',  ( 1.782847001114579371E-16, -2.289895200564846283E-17, 1.000000000000000000 ) ) ;
#6190 = EDGE_LOOP ( 'NONE', ( #1031, #3346, #3145, #3979 ) ) ;
#6191 = CARTESIAN_POINT ( 'NONE',  ( 0.6075000000000000400, 0.07299999999999999545, -0.2949999999999999289 ) ) ;
#6192 = EDGE_CURVE ( 'NONE', #4016, #5339, #2214, .T. ) ;
#6193 = ORIENTED_EDGE ( 'NONE', *, *, #857, .T. ) ;
#6194 = AXIS2_PLACEMENT_3D ( 'NONE', #3257, #1758, #716 ) ;
#6195 = ORIENTED_EDGE ( 'NONE', *, *, #3554, .F. ) ;
#6196 = DIRECTION ( 'NONE',  ( 0.9918522089651692353, -0.1273938600204657656, -0.000000000000000000 ) ) ;
#6197 = EDGE_CURVE ( 'NONE', #4097, #2731, #4888, .T. ) ;
#6198 = VECTOR ( 'NONE', #3818, 39.37007874015748143 ) ;
#6199 = CARTESIAN_POINT ( 'NONE',  ( -0.3075811296288818442, 0.02900000000000000147, 0.1586384921643468338 ) ) ;
#6200 = DIRECTION ( 'NONE',  ( -0.000000000000000000, 1.000000000000000000, -0.000000000000000000 ) ) ;
#6201 = CARTESIAN_POINT ( 'NONE',  ( -0.3375811314170239497, 0.02999999999999999889, 0.03871159257497402972 ) ) ;
#6202 = EDGE_CURVE ( 'NONE', #4866, #1599, #4861, .T. ) ;
#6203 = ORIENTED_EDGE ( 'NONE', *, *, #6106, .F. ) ;
#6204 = CARTESIAN_POINT ( 'NONE',  ( -0.5623330160737448624, -0.01000000000000000715, -0.1996683113427916156 ) ) ;
#6205 = EDGE_LOOP ( 'NONE', ( #2747, #3859, #586, #1433 ) ) ;
#6206 = ORIENTED_EDGE ( 'NONE', *, *, #1250, .F. ) ;
#6207 = CARTESIAN_POINT ( 'NONE',  ( -0.09399999999999998634, 0.000000000000000000, -0.5469999999999998197 ) ) ;
#6208 = APPLICATION_PROTOCOL_DEFINITION ( 'draft international standard', 'automotive_design', 1998, #5831 ) ;
#6209 = EDGE_CURVE ( 'NONE', #5583, #5552, #3435, .T. ) ;
#6210 = CARTESIAN_POINT ( 'NONE',  ( -0.3601115427994350249, 0.02900000000000000147, 0.1136659042658821062 ) ) ;
#6211 = PLANE ( 'NONE',  #748 ) ;
#6212 = FACE_OUTER_BOUND ( 'NONE', #5071, .T. ) ;
#6213 = ORIENTED_EDGE ( 'NONE', *, *, #1688, .F. ) ;
#6214 = LINE ( 'NONE', #5709, #2464 ) ;
#6215 = FACE_OUTER_BOUND ( 'NONE', #35, .T. ) ;
#6216 = CARTESIAN_POINT ( 'NONE',  ( -0.1525811296288801244, 0.02999999999999999889, 0.1286567672300730492 ) ) ;
#6217 = LINE ( 'NONE', #5782, #3431 ) ;
#6218 = CARTESIAN_POINT ( 'NONE',  ( -0.5629999999999999449, -0.01000000000000000021, 0.1970576027464089608 ) ) ;
#6219 = EDGE_LOOP ( 'NONE', ( #6426, #4625, #3131, #6382 ) ) ;
#6220 = CARTESIAN_POINT ( 'NONE',  ( -0.4128553390593275307, -0.6581268257145341805, -0.02500000000000012629 ) ) ;
#6221 = DIRECTION ( 'NONE',  ( 0.1651453767217541113, 0.000000000000000000, 0.9862692353244268961 ) ) ;
#6222 = DIRECTION ( 'NONE',  ( -0.000000000000000000, -1.000000000000000000, -0.000000000000000000 ) ) ;
#6223 = EDGE_CURVE ( 'NONE', #1273, #2435, #4327, .T. ) ;
#6224 = CARTESIAN_POINT ( 'NONE',  ( -0.5550000000000000488, -0.06253937007874015019, 0.1975000000000000366 ) ) ;
#6225 = ORIENTED_EDGE ( 'NONE', *, *, #208, .F. ) ;
#6226 = ORIENTED_EDGE ( 'NONE', *, *, #1514, .F. ) ;
#6227 = FACE_OUTER_BOUND ( 'NONE', #4201, .T. ) ;
#6228 = LINE ( 'NONE', #3108, #5245 ) ;
#6229 = CARTESIAN_POINT ( 'NONE',  ( 0.5680000000000001714, 0.02999999999999999889, 0.2104999999999999372 ) ) ;
#6230 = LINE ( 'NONE', #2774, #2148 ) ;
#6231 = ORIENTED_EDGE ( 'NONE', *, *, #1467, .T. ) ;
#6232 = ADVANCED_FACE ( 'NONE', ( #6395 ), #4833, .F. ) ;
#6233 = EDGE_CURVE ( 'NONE', #3370, #4072, #2740, .T. ) ;
#6234 = CARTESIAN_POINT ( 'NONE',  ( -0.2769415185117804490, -0.009999999999999988065, 0.2055000000000000437 ) ) ;
#6235 = VERTEX_POINT ( 'NONE', #1843 ) ;
#6236 = ORIENTED_EDGE ( 'NONE', *, *, #923, .T. ) ;
#6237 = ORIENTED_EDGE ( 'NONE', *, *, #4846, .T. ) ;
#6238 = DIRECTION ( 'NONE',  ( 0.000000000000000000, -1.000000000000000000, 0.000000000000000000 ) ) ;
#6239 = APPLICATION_PROTOCOL_DEFINITION ( 'draft international standard', 'automotive_design', 1998, #3773 ) ;
#6240 = PLANE ( 'NONE',  #2372 ) ;
#6241 = CARTESIAN_POINT ( 'NONE',  ( -0.5679999999999998384, 0.02999999999999999889, 0.2254999999999999505 ) ) ;
#6242 = DIRECTION ( 'NONE',  ( -0.000000000000000000, 0.000000000000000000, 1.000000000000000000 ) ) ;
#6243 = ORIENTED_EDGE ( 'NONE', *, *, #6141, .F. ) ;
#6244 = EDGE_CURVE ( 'NONE', #4263, #3370, #4764, .T. ) ;
#6245 = DIRECTION ( 'NONE',  ( 1.000000000000000000, -0.000000000000000000, 5.515619489212686812E-16 ) ) ;
#6246 = CARTESIAN_POINT ( 'NONE',  ( -0.5400000000000000355, 0.02000000000000000042, 0.1825000000000000233 ) ) ;
#6247 = DIRECTION ( 'NONE',  ( -0.000000000000000000, -1.000000000000000000, -0.000000000000000000 ) ) ;
#6248 = LINE ( 'NONE', #3159, #5135 ) ;
#6249 = CARTESIAN_POINT ( 'NONE',  ( -0.1525811296288791252, 0.02999999999999999889, 0.06869331760892578853 ) ) ;
#6250 = EDGE_CURVE ( 'NONE', #4825, #6535, #1442, .T. ) ;
#6251 = ORIENTED_EDGE ( 'NONE', *, *, #1437, .F. ) ;
#6252 = DIRECTION ( 'NONE',  ( -0.000000000000000000, -1.000000000000000000, -0.000000000000000000 ) ) ;
#6253 = FACE_OUTER_BOUND ( 'NONE', #4102, .T. ) ;
#6254 = CARTESIAN_POINT ( 'NONE',  ( -0.6075000000000000400, 0.000000000000000000, -0.2949999999999999289 ) ) ;
#6255 = CYLINDRICAL_SURFACE ( 'NONE', #3198, 0.01500000000000001159 ) ;
#6256 = CARTESIAN_POINT ( 'NONE',  ( -0.09399999999999998634, 0.000000000000000000, -0.5469999999999998197 ) ) ;
#6257 = VERTEX_POINT ( 'NONE', #3784 ) ;
#6258 = ORIENTED_EDGE ( 'NONE', *, *, #3465, .T. ) ;
#6259 = CARTESIAN_POINT ( 'NONE',  ( -0.5124542162334920770, -0.01377419354836796617, -0.05000000000000000278 ) ) ;
#6260 = DIRECTION ( 'NONE',  ( -0.000000000000000000, 1.000000000000000000, -0.000000000000000000 ) ) ;
#6261 = CARTESIAN_POINT ( 'NONE',  ( -0.5045088790244278698, 0.001538461538448647080, -0.01999999999999983041 ) ) ;
#6262 = EDGE_LOOP ( 'NONE', ( #593, #1000, #6402, #2151, #3519, #5265, #2318, #5759 ) ) ;
#6263 = CARTESIAN_POINT ( 'NONE',  ( -0.5546019599457007176, -0.01000000000000000021, -0.2055000000000000437 ) ) ;
#6264 = ORIENTED_EDGE ( 'NONE', *, *, #2319, .T. ) ;
#6265 = VERTEX_POINT ( 'NONE', #242 ) ;
#6266 = VERTEX_POINT ( 'NONE', #5798 ) ;
#6267 = DIRECTION ( 'NONE',  ( 1.000000000000000000, 0.000000000000000000, 0.000000000000000000 ) ) ;
#6268 = ADVANCED_FACE ( 'NONE', ( #1239 ), #5296, .F. ) ;
#6269 =( NAMED_UNIT ( * ) PLANE_ANGLE_UNIT ( ) SI_UNIT ( $, .RADIAN. ) );
#6270 = VECTOR ( 'NONE', #4323, 39.37007874015748143 ) ;
#6271 = CARTESIAN_POINT ( 'NONE',  ( -0.1240000000000000269, 0.000000000000000000, -0.05000000000000000278 ) ) ;
#6272 = CARTESIAN_POINT ( 'NONE',  ( -0.5949999999999997513, 0.06250000000000000000, 0.2374999999999999889 ) ) ;
#6273 = VECTOR ( 'NONE', #6196, 39.37007874015748854 ) ;
#6274 = DIRECTION ( 'NONE',  ( -0.1273938600204659322, -0.9918522089651692353, -0.000000000000000000 ) ) ;
#6275 = ORIENTED_EDGE ( 'NONE', *, *, #857, .F. ) ;
#6276 = EDGE_CURVE ( 'NONE', #1907, #4779, #2810, .T. ) ;
#6277 = VECTOR ( 'NONE', #5673, 39.37007874015748143 ) ;
#6278 = DIRECTION ( 'NONE',  ( 0.000000000000000000, -1.000000000000000000, 0.000000000000000000 ) ) ;
#6279 = ADVANCED_FACE ( 'NONE', ( #2374 ), #22, .F. ) ;
#6280 = CARTESIAN_POINT ( 'NONE',  ( -0.2405811314170252235, 0.02900000000000000147, 0.03871159197184501771 ) ) ;
#6281 = PRODUCT_DEFINITION_FORMATION_WITH_SPECIFIED_SOURCE ( 'ANY', '', #4955, .NOT_KNOWN. ) ;
#6282 = VECTOR ( 'NONE', #5376, 39.37007874015748143 ) ;
#6283 = AXIS2_PLACEMENT_3D ( 'NONE', #424, #2996, #3531 ) ;
#6284 = CARTESIAN_POINT ( 'NONE',  ( -0.5046338830051229074, -0.09909426909414337237, 0.02000000000000000736 ) ) ;
#6285 = ADVANCED_FACE ( 'NONE', ( #5459 ), #2551, .F. ) ;
#6286 = AXIS2_PLACEMENT_3D ( 'NONE', #5434, #3857, #2386 ) ;
#6287 = CARTESIAN_POINT ( 'NONE',  ( 0.5630000000000001670, -0.01000000000000000021, 0.1631652724842146962 ) ) ;
#6288 = VECTOR ( 'NONE', #1658, 39.37007874015748143 ) ;
#6289 = CIRCLE ( 'NONE', #6496, 0.01500000000000001159 ) ;
#6290 = VERTEX_POINT ( 'NONE', #394 ) ;
#6291 = LINE ( 'NONE', #6220, #1606 ) ;
#6292 = CARTESIAN_POINT ( 'NONE',  ( -0.1075811293568539745, 0.02900000000000000147, 0.06869331760892578853 ) ) ;
#6293 = AXIS2_PLACEMENT_3D ( 'NONE', #758, #4438, #3334 ) ;
#6294 = VECTOR ( 'NONE', #4230, 39.37007874015748854 ) ;
#6295 = LINE ( 'NONE', #3199, #2273 ) ;
#6296 = EDGE_CURVE ( 'NONE', #778, #6320, #954, .T. ) ;
#6297 = SURFACE_SIDE_STYLE ('',( #2832 ) ) ;
#6298 = AXIS2_PLACEMENT_3D ( 'NONE', #4637, #6238, #2645 ) ;
#6299 = EDGE_CURVE ( 'NONE', #4131, #3843, #3395, .T. ) ;
#6300 = EDGE_LOOP ( 'NONE', ( #319, #6264, #4658, #2937, #3472, #6129, #6119, #4998 ) ) ;
#6301 = ORIENTED_EDGE ( 'NONE', *, *, #6067, .T. ) ;
#6302 = VECTOR ( 'NONE', #2233, 39.37007874015748854 ) ;
#6304 = DIRECTION ( 'NONE',  ( 0.000000000000000000, 0.000000000000000000, -1.000000000000000000 ) ) ;
#6303 = VECTOR ( 'NONE', #453, 39.37007874015748143 ) ;
#6305 = CARTESIAN_POINT ( 'NONE',  ( -0.5735982718586623008, -0.02999999999999999889, 0.2244175288779032551 ) ) ;
#6306 = CIRCLE ( 'NONE', #3869, 0.009999999999741732842 ) ;
#6307 = CARTESIAN_POINT ( 'NONE',  ( -0.2455811310141752246, 0.02900000000000000147, 0.06572980324970299770 ) ) ;
#6308 = AXIS2_PLACEMENT_3D ( 'NONE', #315, #4945, #1324 ) ;
#6309 = ORIENTED_EDGE ( 'NONE', *, *, #2003, .F. ) ;
#6310 = CARTESIAN_POINT ( 'NONE',  ( 0.5696560208638264955, -0.03000000000000000583, 0.2254999999999999227 ) ) ;
#6311 = EDGE_LOOP ( 'NONE', ( #6313, #3985, #1236, #3374 ) ) ;
#6312 = CIRCLE ( 'NONE', #5662, 0.01500000000000001159 ) ;
#6313 = ORIENTED_EDGE ( 'NONE', *, *, #704, .T. ) ;
#6314 = VERTEX_POINT ( 'NONE', #335 ) ;
#6315 = CONTEXT_DEPENDENT_SHAPE_REPRESENTATION ( #5111, #4583 ) ;
#6316 = CARTESIAN_POINT ( 'NONE',  ( -0.1239999999999999991, -0.01699999999995086344, -0.009499999999999909558 ) ) ;
#6317 = CARTESIAN_POINT ( 'NONE',  ( -0.1525811296288801244, 0.02999999999999999889, 0.1136659048247848636 ) ) ;
#6318 = EDGE_CURVE ( 'NONE', #6490, #5555, #2521, .T. ) ;
#6319 = CARTESIAN_POINT ( 'NONE',  ( -0.3601115427994350249, 0.02999999999999999889, 0.1136659042658821062 ) ) ;
#6320 = VERTEX_POINT ( 'NONE', #2595 ) ;
#6321 = CARTESIAN_POINT ( 'NONE',  ( 0.09400000000000001410, 0.000000000000000000, -0.5629999999999999449 ) ) ;
#6322 = LINE ( 'NONE', #1191, #5209 ) ;
#6323 = EDGE_CURVE ( 'NONE', #82, #5804, #974, .T. ) ;
#6324 =( BOUNDED_CURVE ( )  B_SPLINE_CURVE ( 3, ( #3913, #3352, #284, #312 ),
 .UNSPECIFIED., .F., .F. ) 
 B_SPLINE_CURVE_WITH_KNOTS ( ( 4, 4 ),
 ( 1.570796326794705600, 2.081734314135626374 ),
 .UNSPECIFIED. ) 
 CURVE ( )  GEOMETRIC_REPRESENTATION_ITEM ( )  RATIONAL_B_SPLINE_CURVE ( ( 1.000000000000000000, 0.9783632585144277360, 0.9783632585144277360, 1.000000000000000000 ) ) 
 REPRESENTATION_ITEM ( '' )  );
#6325 = DIRECTION ( 'NONE',  ( 0.000000000000000000, 0.000000000000000000, -1.000000000000000000 ) ) ;
#6326 = CARTESIAN_POINT ( 'NONE',  ( 0.4730258587994413122, -0.02999999999999999889, 0.2254999999999999505 ) ) ;
#6327 = EDGE_CURVE ( 'NONE', #5266, #833, #1361, .T. ) ;
#6328 = EDGE_LOOP ( 'NONE', ( #4064, #1600, #3162, #4346, #4872, #4841, #517, #6570, #6226, #3929, #3505, #738, #4234 ) ) ;
#6329 = CYLINDRICAL_SURFACE ( 'NONE', #649, 0.02700000000000001357 ) ;
#6330 = CARTESIAN_POINT ( 'NONE',  ( -0.4991794919243109918, 0.000000000000000000, 0.009499999999999892211 ) ) ;
#6331 = DIRECTION ( 'NONE',  ( 0.000000000000000000, 0.000000000000000000, -1.000000000000000000 ) ) ;
#6332 = DIRECTION ( 'NONE',  ( -0.000000000000000000, -1.000000000000000000, -0.000000000000000000 ) ) ;
#6333 = ORIENTED_EDGE ( 'NONE', *, *, #915, .F. ) ;
#6334 = ORIENTED_EDGE ( 'NONE', *, *, #2988, .T. ) ;
#6335 = CARTESIAN_POINT ( 'NONE',  ( 0.5817188641684677419, -0.02999999999999999542, 0.2165664059911340811 ) ) ;
#6336 = ADVANCED_FACE ( 'NONE', ( #6074 ), #5417, .T. ) ;
#6337 = CARTESIAN_POINT ( 'NONE',  ( -0.4991794919244595397, -0.03499999999999713063, -0.01999999999999995878 ) ) ;
#6338 = CARTESIAN_POINT ( 'NONE',  ( -0.2455811310141752246, 0.02999999999999999889, 0.06572980324970299770 ) ) ;
#6339 = VERTEX_POINT ( 'NONE', #3901 ) ;
#6340 = CARTESIAN_POINT ( 'NONE',  ( 0.5464999999999999858, 0.07299999999999999545, -0.3349999999999999090 ) ) ;
#6341 = ORIENTED_EDGE ( 'NONE', *, *, #5523, .F. ) ;
#6342 = ORIENTED_EDGE ( 'NONE', *, *, #3490, .T. ) ;
#6343 = VERTEX_POINT ( 'NONE', #4393 ) ;
#6344 = FILL_AREA_STYLE ('',( #6409 ) ) ;
#6345 = ITEM_DEFINED_TRANSFORMATION ( 'NONE', 'NONE', #1485,  #6377 ) ;
#6346 = CARTESIAN_POINT ( 'NONE',  ( 0.5716239388475058414, -0.02999999999999998848, 0.2252088285298098624 ) ) ;
#6347 = DIRECTION ( 'NONE',  ( 1.223348791879684818E-15, 0.000000000000000000, 1.000000000000000000 ) ) ;
#6348 = VERTEX_POINT ( 'NONE', #4534 ) ;
#6349 = CARTESIAN_POINT ( 'NONE',  ( -0.1075811296288820829, 0.02900000000000000147, 0.08368418001421282226 ) ) ;
#6350 = DIRECTION ( 'NONE',  ( -0.000000000000000000, 1.000000000000000000, -0.000000000000000000 ) ) ;
#6351 = CARTESIAN_POINT ( 'NONE',  ( -0.1995811308060771727, 0.02900000000000000147, 0.1036892288826527508 ) ) ;
#6352 = CARTESIAN_POINT ( 'NONE',  ( -0.5829999999999997407, -0.03000000000000000583, 0.1751557465047203221 ) ) ;
#6353 = EDGE_LOOP ( 'NONE', ( #5287, #3575, #5302, #460 ) ) ;
#6354 = LINE ( 'NONE', #1354, #1614 ) ;
#6355 = DIRECTION ( 'NONE',  ( 1.000000000000000000, 0.000000000000000000, 0.000000000000000000 ) ) ;
#6356 = EDGE_CURVE ( 'NONE', #3448, #2814, #4083, .T. ) ;
#6357 = CARTESIAN_POINT ( 'NONE',  ( -0.1689276695296622888, -0.01699999999995087038, -0.2189276695296635267 ) ) ;
#6358 = LINE ( 'NONE', #2281, #1279 ) ;
#6359 = ORIENTED_EDGE ( 'NONE', *, *, #5039, .F. ) ;
#6360 = CARTESIAN_POINT ( 'NONE',  ( 0.5680000000002097815, -0.03000000000000001277, -0.2255000000000001170 ) ) ;
#6361 = DIRECTION ( 'NONE',  ( 0.000000000000000000, 0.000000000000000000, 1.000000000000000000 ) ) ;
#6362 = DIRECTION ( 'NONE',  ( 0.000000000000000000, -0.000000000000000000, 1.000000000000000000 ) ) ;
#6363 = ORIENTED_EDGE ( 'NONE', *, *, #1504, .T. ) ;
#6364 = EDGE_CURVE ( 'NONE', #3400, #3021, #4930, .T. ) ;
#6365 = CARTESIAN_POINT ( 'NONE',  ( 0.6075000000000000400, 0.07299999999999999545, -0.2949999999999999289 ) ) ;
#6366 = EDGE_LOOP ( 'NONE', ( #2471, #6126, #36, #151 ) ) ;
#6367 = VERTEX_POINT ( 'NONE', #3439 ) ;
#6368 = ORIENTED_EDGE ( 'NONE', *, *, #1718, .T. ) ;
#6369 = CARTESIAN_POINT ( 'NONE',  ( -0.4873958806209868766, -0.08299999999995276434, 0.01999999999999995878 ) ) ;
#6370 = CONTEXT_DEPENDENT_SHAPE_REPRESENTATION ( #1, #4905 ) ;
#6371 = LINE ( 'NONE', #809, #2806 ) ;
#6372 = ADVANCED_FACE ( 'NONE', ( #2093 ), #3085, .F. ) ;
#6373 = FACE_OUTER_BOUND ( 'NONE', #2745, .T. ) ;
#6374 = ORIENTED_EDGE ( 'NONE', *, *, #6097, .T. ) ;
#6375 = PLANE ( 'NONE',  #2043 ) ;
#6376 =( CONVERSION_BASED_UNIT ( 'INCH', #3890 ) LENGTH_UNIT ( ) NAMED_UNIT ( #1555 ) );
#6377 = AXIS2_PLACEMENT_3D ( 'NONE', #382, #1792, #750 ) ;
#6378 = FACE_OUTER_BOUND ( 'NONE', #3576, .T. ) ;
#6379 = FACE_OUTER_BOUND ( 'NONE', #2911, .T. ) ;
#6380 = LINE ( 'NONE', #4974, #853 ) ;
#6381 = VECTOR ( 'NONE', #1052, 39.37007874015748143 ) ;
#6382 = ORIENTED_EDGE ( 'NONE', *, *, #2380, .T. ) ;
#6383 = AXIS2_PLACEMENT_3D ( 'NONE', #2191, #5630, #1576 ) ;
#6384 = CARTESIAN_POINT ( 'NONE',  ( -0.4554940759319837107, -0.04999999999999447942, -0.05000000000000000278 ) ) ;
#6385 = DIRECTION ( 'NONE',  ( -0.000000000000000000, 1.000000000000000000, -0.000000000000000000 ) ) ;
#6386 = VECTOR ( 'NONE', #2960, 39.37007874015748143 ) ;
#6387 =( REPRESENTATION_RELATIONSHIP ('NONE','NONE', #5918, #3420 ) REPRESENTATION_RELATIONSHIP_WITH_TRANSFORMATION ( #837 )SHAPE_REPRESENTATION_RELATIONSHIP( ) );
#6388 = DIRECTION ( 'NONE',  ( -0.000000000000000000, 0.000000000000000000, 1.000000000000000000 ) ) ;
#6389 = CARTESIAN_POINT ( 'NONE',  ( 0.5830000000000000737, -0.02999999999999999889, 0.2104999999999999372 ) ) ;
#6390 = VECTOR ( 'NONE', #199, 39.37007874015748143 ) ;
#6391 = ADVANCED_FACE ( 'NONE', ( #1399 ), #5116, .F. ) ;
#6392 = VERTEX_POINT ( 'NONE', #5920 ) ;
#6393 = VECTOR ( 'NONE', #6252, 39.37007874015748143 ) ;
#6394 = FACE_OUTER_BOUND ( 'NONE', #473, .T. ) ;
#6395 = FACE_OUTER_BOUND ( 'NONE', #597, .T. ) ;
#6396 = AXIS2_PLACEMENT_3D ( 'NONE', #1006, #3647, #5665 ) ;
#6397 = AXIS2_PLACEMENT_3D ( 'NONE', #3462, #5014, #3521 ) ;
#6398 = LINE ( 'NONE', #829, #5002 ) ;
#6399 = ADVANCED_FACE ( 'NONE', ( #4045 ), #5572, .T. ) ;
#6400 = ORIENTED_EDGE ( 'NONE', *, *, #89, .F. ) ;
#6401 = LINE ( 'NONE', #3879, #4572 ) ;
#6402 = ORIENTED_EDGE ( 'NONE', *, *, #386, .F. ) ;
#6403 = VECTOR ( 'NONE', #464, 39.37007874015748143 ) ;
#6404 = AXIS2_PLACEMENT_3D ( 'NONE', #6224, #65, #628 ) ;
#6405 = EDGE_CURVE ( 'NONE', #3402, #4672, #4112, .T. ) ;
#6406 = VERTEX_POINT ( 'NONE', #1583 ) ;
#6407 = VERTEX_POINT ( 'NONE', #4720 ) ;
#6408 = VECTOR ( 'NONE', #3974, 39.37007874015748143 ) ;
#6409 = FILL_AREA_STYLE_COLOUR ( '', #4166 ) ;
#6410 = EDGE_CURVE ( 'NONE', #368, #692, #5626, .T. ) ;
#6411 = VECTOR ( 'NONE', #6470, 39.37007874015748143 ) ;
#6412 = DIRECTION ( 'NONE',  ( -0.7071067811865432429, 0.000000000000000000, 0.7071067811865516806 ) ) ;
#6413 = VECTOR ( 'NONE', #3810, 39.37007874015748143 ) ;
#6414 = PLANE ( 'NONE',  #4895 ) ;
#6415 = ORIENTED_EDGE ( 'NONE', *, *, #4981, .T. ) ;
#6416 = DIRECTION ( 'NONE',  ( 5.464970690590405400E-16, -7.019228317285238464E-17, -1.000000000000000000 ) ) ;
#6417 = EDGE_CURVE ( 'NONE', #305, #1634, #589, .T. ) ;
#6418 = PLANE ( 'NONE',  #3656 ) ;
#6419 = CARTESIAN_POINT ( 'NONE',  ( -0.1075811296288820829, 0.02900000000000000147, 0.08368418001421282226 ) ) ;
#6420 = SURFACE_STYLE_FILL_AREA ( #1919 ) ;
#6421 = ORIENTED_EDGE ( 'NONE', *, *, #1429, .F. ) ;
#6422 = DIRECTION ( 'NONE',  ( 0.000000000000000000, 0.000000000000000000, -1.000000000000000000 ) ) ;
#6423 = PLANE ( 'NONE',  #435 ) ;
#6424 = DIRECTION ( 'NONE',  ( -0.000000000000000000, 1.000000000000000000, -0.000000000000000000 ) ) ;
#6425 = DIRECTION ( 'NONE',  ( -0.000000000000000000, 1.000000000000000000, -0.000000000000000000 ) ) ;
#6426 = ORIENTED_EDGE ( 'NONE', *, *, #5670, .T. ) ;
#6427 = LINE ( 'NONE', #5361, #2985 ) ;
#6428 = CARTESIAN_POINT ( 'NONE',  ( -0.3825811296288838537, 0.02900000000000000147, 0.1586384922640279860 ) ) ;
#6429 = DIRECTION ( 'NONE',  ( 0.7071067811865487940, 0.000000000000000000, 0.7071067811865462405 ) ) ;
#6430 = EDGE_CURVE ( 'NONE', #6433, #945, #3768, .T. ) ;
#6431 = ORIENTED_EDGE ( 'NONE', *, *, #4548, .F. ) ;
#6432 = DIRECTION ( 'NONE',  ( -0.000000000000000000, 1.000000000000000000, -0.000000000000000000 ) ) ;
#6433 = VERTEX_POINT ( 'NONE', #6174 ) ;
#6434 = ORIENTED_EDGE ( 'NONE', *, *, #5301, .F. ) ;
#6435 = ORIENTED_EDGE ( 'NONE', *, *, #3291, .F. ) ;
#6436 = DIRECTION ( 'NONE',  ( 0.000000000000000000, 0.000000000000000000, 1.000000000000000000 ) ) ;
#6437 = EDGE_CURVE ( 'NONE', #894, #5146, #1627, .T. ) ;
#6438 = ADVANCED_FACE ( 'NONE', ( #5781 ), #219, .F. ) ;
#6439 = CARTESIAN_POINT ( 'NONE',  ( -0.2575811305979760490, 0.02999999999999999889, 0.06572980324970299770 ) ) ;
#6440 = PLANE ( 'NONE',  #2353 ) ;
#6441 = ORIENTED_EDGE ( 'NONE', *, *, #704, .F. ) ;
#6442 = CARTESIAN_POINT ( 'NONE',  ( -0.5050982457491224320, -0.02799999999969451231, -0.01999999999999995878 ) ) ;
#6443 = CARTESIAN_POINT ( 'NONE',  ( -0.1012485063478607145, 0.07299999999999999545, -0.5612639109547495897 ) ) ;
#6444 = DIRECTION ( 'NONE',  ( 0.000000000000000000, 0.000000000000000000, -1.000000000000000000 ) ) ;
#6445 = PRODUCT ( 'PCP02F', 'PCP02F', '', ( #1684 ) ) ;
#6446 = EDGE_CURVE ( 'NONE', #6339, #2283, #3666, .T. ) ;
#6447 = CARTESIAN_POINT ( 'NONE',  ( -0.5674999999999998934, 0.02000000000000000042, -0.2104999999999999927 ) ) ;
#6448 = ORIENTED_EDGE ( 'NONE', *, *, #5011, .T. ) ;
#6449 = EDGE_LOOP ( 'NONE', ( #2105, #2992, #4306, #443 ) ) ;
#6450 = CARTESIAN_POINT ( 'NONE',  ( -0.4556041193790334454, -0.09026844900068287103, 0.02499999999999999098 ) ) ;
#6451 = CARTESIAN_POINT ( 'NONE',  ( 0.5825000000000001288, 0.06250000000000000000, -0.2104999999999999927 ) ) ;
#6452 = LINE ( 'NONE', #5914, #5126 ) ;
#6453 = DIRECTION ( 'NONE',  ( 0.9579178311261327128, 0.2870425557484566625, -0.000000000000000000 ) ) ;
#6454 = EDGE_CURVE ( 'NONE', #2404, #3272, #1693, .T. ) ;
#6455 = ORIENTED_EDGE ( 'NONE', *, *, #4404, .T. ) ;
#6456 = CYLINDRICAL_SURFACE ( 'NONE', #2457, 0.009999999999741732842 ) ;
#6457 = DIRECTION ( 'NONE',  ( 0.000000000000000000, 0.000000000000000000, 1.000000000000000000 ) ) ;
#6458 = PLANE ( 'NONE',  #544 ) ;
#6459 = ORIENTED_EDGE ( 'NONE', *, *, #4332, .F. ) ;
#6460 = FACE_OUTER_BOUND ( 'NONE', #2440, .T. ) ;
#6461 = ORIENTED_EDGE ( 'NONE', *, *, #2750, .F. ) ;
#6462 = ORIENTED_EDGE ( 'NONE', *, *, #822, .F. ) ;
#6463 = EDGE_LOOP ( 'NONE', ( #6051, #929, #4697, #1652 ) ) ;
#6464 = CARTESIAN_POINT ( 'NONE',  ( -0.1075811293568539745, 0.02900000000000000147, 0.06869331760892578853 ) ) ;
#6465 = DIRECTION ( 'NONE',  ( -0.5002285139595029628, 0.000000000000000000, 0.8658934309843604460 ) ) ;
#6466 = ORIENTED_EDGE ( 'NONE', *, *, #780, .T. ) ;
#6467 = EDGE_CURVE ( 'NONE', #5146, #397, #6582, .T. ) ;
#6468 = EDGE_CURVE ( 'NONE', #2235, #4473, #2654, .T. ) ;
#6469 = DIRECTION ( 'NONE',  ( -0.5002285139595259444, 0.000000000000000000, 0.8658934309843472343 ) ) ;
#6470 = DIRECTION ( 'NONE',  ( -0.000000000000000000, 1.000000000000000000, -0.000000000000000000 ) ) ;
#6471 = CARTESIAN_POINT ( 'NONE',  ( -0.5550000000000000488, 0.02000000000000000042, 0.1975000000000000366 ) ) ;
#6472 = CARTESIAN_POINT ( 'NONE',  ( -0.4046776695296637749, -0.01699999999995094671, -0.01682233047033630802 ) ) ;
#6473 = ORIENTED_EDGE ( 'NONE', *, *, #2271, .T. ) ;
#6474 = EDGE_CURVE ( 'NONE', #830, #5042, #2200, .T. ) ;
#6475 = ORIENTED_EDGE ( 'NONE', *, *, #5714, .T. ) ;
#6476 = DIRECTION ( 'NONE',  ( -0.000000000000000000, 1.000000000000000000, -0.000000000000000000 ) ) ;
#6477 = CARTESIAN_POINT ( 'NONE',  ( 0.5775000000000001243, 0.07299999999999999545, -0.2949999999999999289 ) ) ;
#6478 = ADVANCED_FACE ( 'NONE', ( #1153 ), #655, .T. ) ;
#6479 = DIRECTION ( 'NONE',  ( -0.4999999999999895084, 0.000000000000000000, 0.8660254037844445918 ) ) ;
#6480 = AXIS2_PLACEMENT_3D ( 'NONE', #4259, #6332, #1771 ) ;
#6481 = CARTESIAN_POINT ( 'NONE',  ( -0.1995811308060771727, 0.02900000000000000147, 0.07968661587962798387 ) ) ;
#6482 = AXIS2_PLACEMENT_3D ( 'NONE', #5690, #2710, #2638 ) ;
#6483 = ORIENTED_EDGE ( 'NONE', *, *, #4965, .T. ) ;
#6484 = DIRECTION ( 'NONE',  ( 0.000000000000000000, 0.000000000000000000, -1.000000000000000000 ) ) ;
#6485 = AXIS2_PLACEMENT_3D ( 'NONE', #2055, #3581, #5635 ) ;
#6486 = EDGE_CURVE ( 'NONE', #1634, #4990, #5742, .T. ) ;
#6487 = VECTOR ( 'NONE', #2088, 39.37007874015748143 ) ;
#6488 = DIRECTION ( 'NONE',  ( -0.000000000000000000, -1.000000000000000000, -0.000000000000000000 ) ) ;
#6489 = AXIS2_PLACEMENT_3D ( 'NONE', #4621, #4652, #1699 ) ;
#6490 = VERTEX_POINT ( 'NONE', #4186 ) ;
#6491 = VECTOR ( 'NONE', #1966, 39.37007874015748143 ) ;
#6492 = PLANE ( 'NONE',  #969 ) ;
#6493 = VERTEX_POINT ( 'NONE', #6216 ) ;
#6494 = ORIENTED_EDGE ( 'NONE', *, *, #2494, .T. ) ;
#6495 = VECTOR ( 'NONE', #648, 39.37007874015748143 ) ;
#6497 = VERTEX_POINT ( 'NONE', #2758 ) ;
#6496 = AXIS2_PLACEMENT_3D ( 'NONE', #482, #948, #6573 ) ;
#6498 = CARTESIAN_POINT ( 'NONE',  ( -0.3870000000000000107, -0.01699999999995080793, 0.03449999999999993350 ) ) ;
#6499 = AXIS2_PLACEMENT_3D ( 'NONE', #5741, #120, #5182 ) ;
#6500 = VECTOR ( 'NONE', #2077, 39.37007874015748143 ) ;
#6501 = AXIS2_PLACEMENT_3D ( 'NONE', #3825, #5613, #5720 ) ;
#6502 = FACE_BOUND ( 'NONE', #5931, .T. ) ;
#6503 = ORIENTED_EDGE ( 'NONE', *, *, #1039, .T. ) ;
#6504 = AXIS2_PLACEMENT_3D ( 'NONE', #6207, #642, #6436 ) ;
#6505 = ORIENTED_EDGE ( 'NONE', *, *, #2919, .F. ) ;
#6506 = CARTESIAN_POINT ( 'NONE',  ( -0.3792342799269071141, 0.02900000000000000147, 0.1386506756738059287 ) ) ;
#6507 = AXIS2_PLACEMENT_3D ( 'NONE', #620, #5712, #4248 ) ;
#6508 = CARTESIAN_POINT ( 'NONE',  ( -0.06713361345827008331, 0.02900000000000000147, 0.1059339717628571126 ) ) ;
#6509 = EDGE_CURVE ( 'NONE', #4976, #6493, #6322, .T. ) ;
#6510 = FACE_OUTER_BOUND ( 'NONE', #2801, .T. ) ;
#6511 = VECTOR ( 'NONE', #2722, 39.37007874015748143 ) ;
#6512 = CARTESIAN_POINT ( 'NONE',  ( -0.4556041193790334454, -0.09026844900068288491, 0.007500000000000005794 ) ) ;
#6513 = EDGE_LOOP ( 'NONE', ( #2220, #1464, #1766, #3790 ) ) ;
#6514 = VERTEX_POINT ( 'NONE', #2728 ) ;
#6515 = CIRCLE ( 'NONE', #1633, 0.01500000000000001159 ) ;
#6516 = PLANE ( 'NONE',  #4575 ) ;
#6517 = FACE_OUTER_BOUND ( 'NONE', #3365, .T. ) ;
#6518 = ADVANCED_FACE ( 'NONE', ( #1663 ), #2695, .F. ) ;
#6519 = LINE ( 'NONE', #362, #5344 ) ;
#6520 = EDGE_CURVE ( 'NONE', #203, #5469, #2124, .T. ) ;
#6521 = CARTESIAN_POINT ( 'NONE',  ( 0.01670141910365396942, 0.02900000000000000147, 0.03871178164914301084 ) ) ;
#6522 = ORIENTED_EDGE ( 'NONE', *, *, #2972, .F. ) ;
#6523 = CARTESIAN_POINT ( 'NONE',  ( -0.3975811314170227817, 0.02900000000000000147, 0.03871159257497404360 ) ) ;
#6524 = DIRECTION ( 'NONE',  ( 0.000000000000000000, -1.000000000000000000, 0.000000000000000000 ) ) ;
#6525 = DIRECTION ( 'NONE',  ( 0.000000000000000000, 0.000000000000000000, 1.000000000000000000 ) ) ;
#6526 = VERTEX_POINT ( 'NONE', #3188 ) ;
#6527 = DIRECTION ( 'NONE',  ( 8.021152995380341438E-16, -1.000000000000000000, 0.000000000000000000 ) ) ;
#6528 = ORIENTED_EDGE ( 'NONE', *, *, #2579, .T. ) ;
#6529 = ADVANCED_FACE ( 'NONE', ( #4752 ), #1731, .F. ) ;
#6530 = ORIENTED_EDGE ( 'NONE', *, *, #3369, .T. ) ;
#6531 = EDGE_LOOP ( 'NONE', ( #3993, #3055, #441, #712 ) ) ;
#6532 = PLANE ( 'NONE',  #4922 ) ;
#6533 = CARTESIAN_POINT ( 'NONE',  ( -0.3025811314170228083, 0.02999999999999999889, 0.1586384912141360626 ) ) ;
#6534 = VERTEX_POINT ( 'NONE', #4141 ) ;
#6535 = VERTEX_POINT ( 'NONE', #3354 ) ;
#6536 = CARTESIAN_POINT ( 'NONE',  ( -0.5949999999999997513, -0.06250000000000000000, 0.2374999999999999889 ) ) ;
#6537 = LINE ( 'NONE', #6031, #450 ) ;
#6538 = CARTESIAN_POINT ( 'NONE',  ( -0.2176504910141767168, 0.02900000000000000147, 0.06572980283375809418 ) ) ;
#6539 = CARTESIAN_POINT ( 'NONE',  ( 0.6075000000000000400, 0.07299999999999999545, 0.1600000000000000588 ) ) ;
#6540 = ORIENTED_EDGE ( 'NONE', *, *, #5228, .F. ) ;
#6541 = VERTEX_POINT ( 'NONE', #4944 ) ;
#6542 = LINE ( 'NONE', #3023, #126 ) ;
#6543 = DIRECTION ( 'NONE',  ( -1.000000000000000000, 0.000000000000000000, -2.451386439650087465E-16 ) ) ;
#6544 = CARTESIAN_POINT ( 'NONE',  ( -0.05423922368174999981, 0.02999999999999999889, 0.08361383787912797516 ) ) ;
#6545 = LINE ( 'NONE', #5546, #3834 ) ;
#6546 = EDGE_LOOP ( 'NONE', ( #5624, #5575, #6505, #3288 ) ) ;
#6547 = CARTESIAN_POINT ( 'NONE',  ( -0.2575811305979759935, 0.02900000000000000147, 0.09364342865847498365 ) ) ;
#6548 = PRODUCT_DEFINITION_SHAPE ( 'NONE', 'NONE',  #5080 ) ;
#6549 = CARTESIAN_POINT ( 'NONE',  ( 0.5825000000000001288, 0.02000000000000000042, -0.2104999999999999927 ) ) ;
#6550 = ADVANCED_FACE ( 'NONE', ( #5878 ), #1287, .F. ) ;
#6551 = PLANE ( 'NONE',  #6063 ) ;
#6552 = PLANE ( 'NONE',  #1204 ) ;
#6553 = ORIENTED_EDGE ( 'NONE', *, *, #584, .T. ) ;
#6554 = CARTESIAN_POINT ( 'NONE',  ( -0.4556041193792663146, -0.09026844900065292276, -0.007500000000000005794 ) ) ;
#6555 = ORIENTED_EDGE ( 'NONE', *, *, #5915, .T. ) ;
#6556 = ORIENTED_EDGE ( 'NONE', *, *, #1764, .F. ) ;
#6557 = ORIENTED_EDGE ( 'NONE', *, *, #5486, .F. ) ;
#6558 = DIRECTION ( 'NONE',  ( -0.000000000000000000, 1.000000000000000000, -0.000000000000000000 ) ) ;
#6559 = EDGE_CURVE ( 'NONE', #5830, #1075, #261, .T. ) ;
#6560 = B_SPLINE_CURVE_WITH_KNOTS ( 'NONE', 3,
 ( #1787, #1320, #6346, #281, #1344 ),
 .UNSPECIFIED., .F., .F.,
 ( 4, 1, 4 ),
 ( 0.7302297908198800425, 0.7500000001097751889, 1.000000000000000000 ),
 .UNSPECIFIED. ) ;
#6561 = CARTESIAN_POINT ( 'NONE',  ( -0.2165638865361896037, 0.02999999999999999889, 0.1206616394297427841 ) ) ;
#6562 = VERTEX_POINT ( 'NONE', #3325 ) ;
#6563 = EDGE_LOOP ( 'NONE', ( #5426, #4968, #3894, #5072, #5892, #1726, #178, #3280 ) ) ;
#6564 = CARTESIAN_POINT ( 'NONE',  ( -0.4922126825129888861, -0.09154780028929483671, 0.02000000000000000042 ) ) ;
#6565 = DIRECTION ( 'NONE',  ( 1.000000000000000000, 0.000000000000000000, 0.000000000000000000 ) ) ;
#6566 = EDGE_CURVE ( 'NONE', #4591, #2501, #4379, .T. ) ;
#6567 = CARTESIAN_POINT ( 'NONE',  ( -0.04170701623183504375, 0.02900000000000000147, 0.1398154487492210551 ) ) ;
#6568 = DIRECTION ( 'NONE',  ( 1.000000000000000000, 0.000000000000000000, -1.501015381134210579E-16 ) ) ;
#6569 = CARTESIAN_POINT ( 'NONE',  ( -0.6075000000000000400, 0.000000000000000000, 0.1600000000000000588 ) ) ;
#6570 = ORIENTED_EDGE ( 'NONE', *, *, #2428, .F. ) ;
#6571 = ORIENTED_EDGE ( 'NONE', *, *, #5503, .T. ) ;
#6572 = CARTESIAN_POINT ( 'NONE',  ( -0.07799999999999999989, 0.000000000000000000, -0.4579999999999998517 ) ) ;
#6573 = DIRECTION ( 'NONE',  ( 0.000000000000000000, 0.000000000000000000, -1.000000000000000000 ) ) ;
#6574 = DIRECTION ( 'NONE',  ( 1.000000000000000000, -0.000000000000000000, 3.315730916883898424E-16 ) ) ;
#6575 = LINE ( 'NONE', #514, #240 ) ;
#6576 = CARTESIAN_POINT ( 'NONE',  ( 0.5623330160737444183, -0.009999999999999995004, -0.1996683113427913936 ) ) ;
#6577 = ORIENTED_EDGE ( 'NONE', *, *, #1310, .F. ) ;
#6578 = FACE_OUTER_BOUND ( 'NONE', #6353, .T. ) ;
#6579 = CARTESIAN_POINT ( 'NONE',  ( -0.4781918832403103670, -0.05409618250434181097, -0.007500000000000005794 ) ) ;
#6580 = STYLED_ITEM ( 'NONE', ( #2070 ), #3454 ) ;
#6581 = DIRECTION ( 'NONE',  ( -0.000000000000000000, 1.000000000000000000, -0.000000000000000000 ) ) ;
#6582 = CIRCLE ( 'NONE', #1595, 0.01000000000000002970 ) ;
#6583 = SURFACE_STYLE_USAGE ( .BOTH. , #5129 ) ;
#6584 = AXIS2_PLACEMENT_3D ( 'NONE', #3114, #3545, #4554 ) ;
#6585 = NEXT_ASSEMBLY_USAGE_OCCURRENCE ( 'NAUO1', ' ', ' ', #3018, #1145, $ ) ;
#6586 = NEXT_ASSEMBLY_USAGE_OCCURRENCE ( 'NAUO2', ' ', ' ', #3018, #5080, $ ) ;
#6587 = NEXT_ASSEMBLY_USAGE_OCCURRENCE ( 'NAUO3', ' ', ' ', #3018, #4679, $ ) ;
#6588 = NEXT_ASSEMBLY_USAGE_OCCURRENCE ( 'NAUO4', ' ', ' ', #3018, #5982, $ ) ;
#6589 = NEXT_ASSEMBLY_USAGE_OCCURRENCE ( 'NAUO5', ' ', ' ', #3018, #4468, $ ) ;
#6590 = NEXT_ASSEMBLY_USAGE_OCCURRENCE ( 'NAUO6', ' ', ' ', #3018, #4468, $ ) ;
#6591 = NEXT_ASSEMBLY_USAGE_OCCURRENCE ( 'NAUO7', ' ', ' ', #3018, #4468, $ ) ;
#6592 = NEXT_ASSEMBLY_USAGE_OCCURRENCE ( 'NAUO8', ' ', ' ', #3018, #4468, $ ) ;
#6593 = NEXT_ASSEMBLY_USAGE_OCCURRENCE ( 'NAUO9', ' ', ' ', #3018, #4468, $ ) ;
#6594 = NEXT_ASSEMBLY_USAGE_OCCURRENCE ( 'NAUO10', ' ', ' ', #3018, #4468, $ ) ;
#6595 = NEXT_ASSEMBLY_USAGE_OCCURRENCE ( 'NAUO11', ' ', ' ', #3018, #4468, $ ) ;
#6596 = NEXT_ASSEMBLY_USAGE_OCCURRENCE ( 'NAUO12', ' ', ' ', #3018, #4468, $ ) ;
ENDSEC;
END-ISO-10303-21;
