ISO-10303-21;
HEADER;
FILE_DESCRIPTION(('FreeCAD Model'),'2;1');
FILE_NAME('Open CASCADE Shape Model','2026-03-21T13:26:07',(''),(''),
  'Open CASCADE STEP processor 7.8','FreeCAD','Unknown');
FILE_SCHEMA(('AUTOMOTIVE_DESIGN { 1 0 10303 214 1 1 1 1 }'));
ENDSEC;
DATA;
#1 = APPLICATION_PROTOCOL_DEFINITION('international standard',
  'automotive_design',2000,#2);
#2 = APPLICATION_CONTEXT(
  'core data for automotive mechanical design processes');
#3 = SHAPE_DEFINITION_REPRESENTATION(#4,#10);
#4 = PRODUCT_DEFINITION_SHAPE('','',#5);
#5 = PRODUCT_DEFINITION('design','',#6,#9);
#6 = PRODUCT_DEFINITION_FORMATION('','',#7);
#7 = PRODUCT('PreAmp Shield','PreAmp Shield','',(#8));
#8 = PRODUCT_CONTEXT('',#2,'mechanical');
#9 = PRODUCT_DEFINITION_CONTEXT('part definition',#2,'design');
#10 = ADVANCED_BREP_SHAPE_REPRESENTATION('',(#11,#15),#2761);
#11 = AXIS2_PLACEMENT_3D('',#12,#13,#14);
#12 = CARTESIAN_POINT('',(0.,0.,0.));
#13 = DIRECTION('',(0.,0.,1.));
#14 = DIRECTION('',(1.,0.,-0.));
#15 = MANIFOLD_SOLID_BREP('',#16);
#16 = CLOSED_SHELL('',(#17,#89,#292,#317,#342,#609,#668,#693,#718,#977,
    #1022,#1039,#1064,#1081,#1105,#1122,#1181,#1198,#1222,#1239,#1298,
    #1315,#1339,#1356,#1415,#1432,#1456,#1473,#1522,#1534,#1546,#1563,
    #1575,#1597,#1614,#1631,#1648,#1665,#1682,#1699,#1711,#1733,#1750,
    #1767,#1784,#1801,#1818,#1835,#1847,#1880,#1904,#1922,#1947,#2003,
    #2028,#2084,#2109,#2165,#2190,#2215,#2248,#2277,#2302,#2336,#2361,
    #2395,#2420,#2454,#2479,#2513,#2538,#2572,#2597,#2631,#2656,#2677,
    #2689,#2701,#2713,#2725,#2737,#2749));
#17 = ADVANCED_FACE('',(#18),#84,.T.);
#18 = FACE_BOUND('',#19,.T.);
#19 = EDGE_LOOP('',(#20,#30,#38,#46,#54,#62,#70,#78));
#20 = ORIENTED_EDGE('',*,*,#21,.T.);
#21 = EDGE_CURVE('',#22,#24,#26,.T.);
#22 = VERTEX_POINT('',#23);
#23 = CARTESIAN_POINT('',(2.72,-9.97,5.18));
#24 = VERTEX_POINT('',#25);
#25 = CARTESIAN_POINT('',(2.72,-9.17,5.18));
#26 = LINE('',#27,#28);
#27 = CARTESIAN_POINT('',(2.72,-4.619296078999,5.18));
#28 = VECTOR('',#29,1.);
#29 = DIRECTION('',(0.,1.,-1.224646799147E-16));
#30 = ORIENTED_EDGE('',*,*,#31,.T.);
#31 = EDGE_CURVE('',#24,#32,#34,.T.);
#32 = VERTEX_POINT('',#33);
#33 = CARTESIAN_POINT('',(2.72,-9.17,2.));
#34 = LINE('',#35,#36);
#35 = CARTESIAN_POINT('',(2.72,-9.17,5.18));
#36 = VECTOR('',#37,1.);
#37 = DIRECTION('',(0.,-1.224646799147E-16,-1.));
#38 = ORIENTED_EDGE('',*,*,#39,.T.);
#39 = EDGE_CURVE('',#32,#40,#42,.T.);
#40 = VERTEX_POINT('',#41);
#41 = CARTESIAN_POINT('',(2.72,-9.97,2.));
#42 = LINE('',#43,#44);
#43 = CARTESIAN_POINT('',(2.72,-8.5,2.));
#44 = VECTOR('',#45,1.);
#45 = DIRECTION('',(0.,-1.,1.224646799147E-16));
#46 = ORIENTED_EDGE('',*,*,#47,.T.);
#47 = EDGE_CURVE('',#40,#48,#50,.T.);
#48 = VERTEX_POINT('',#49);
#49 = CARTESIAN_POINT('',(2.72,-9.97,8.881784197001E-16));
#50 = LINE('',#51,#52);
#51 = CARTESIAN_POINT('',(2.72,-9.97,7.7));
#52 = VECTOR('',#53,1.);
#53 = DIRECTION('',(0.,-1.224646799147E-16,-1.));
#54 = ORIENTED_EDGE('',*,*,#55,.T.);
#55 = EDGE_CURVE('',#48,#56,#58,.T.);
#56 = VERTEX_POINT('',#57);
#57 = CARTESIAN_POINT('',(2.72,-10.17,8.881784197001E-16));
#58 = LINE('',#59,#60);
#59 = CARTESIAN_POINT('',(2.72,-5.585,8.881784197001E-16));
#60 = VECTOR('',#61,1.);
#61 = DIRECTION('',(0.,-1.,1.224646799147E-16));
#62 = ORIENTED_EDGE('',*,*,#63,.F.);
#63 = EDGE_CURVE('',#64,#56,#66,.T.);
#64 = VERTEX_POINT('',#65);
#65 = CARTESIAN_POINT('',(2.72,-10.17,7.7));
#66 = LINE('',#67,#68);
#67 = CARTESIAN_POINT('',(2.72,-10.17,7.7));
#68 = VECTOR('',#69,1.);
#69 = DIRECTION('',(0.,-1.224646799147E-16,-1.));
#70 = ORIENTED_EDGE('',*,*,#71,.T.);
#71 = EDGE_CURVE('',#64,#72,#74,.T.);
#72 = VERTEX_POINT('',#73);
#73 = CARTESIAN_POINT('',(2.72,-9.97,7.7));
#74 = LINE('',#75,#76);
#75 = CARTESIAN_POINT('',(2.72,-11.17,7.7));
#76 = VECTOR('',#77,1.);
#77 = DIRECTION('',(0.,1.,-1.224646799147E-16));
#78 = ORIENTED_EDGE('',*,*,#79,.T.);
#79 = EDGE_CURVE('',#72,#22,#80,.T.);
#80 = LINE('',#81,#82);
#81 = CARTESIAN_POINT('',(2.72,-9.97,7.7));
#82 = VECTOR('',#83,1.);
#83 = DIRECTION('',(0.,-1.224646799147E-16,-1.));
#84 = PLANE('',#85);
#85 = AXIS2_PLACEMENT_3D('',#86,#87,#88);
#86 = CARTESIAN_POINT('',(2.72,-10.20803921568,3.816862745098));
#87 = DIRECTION('',(-1.,6.6E-16,-8.082668874373E-32));
#88 = DIRECTION('',(6.6E-16,1.,-1.224646799147E-16));
#89 = ADVANCED_FACE('',(#90),#287,.F.);
#90 = FACE_BOUND('',#91,.F.);
#91 = EDGE_LOOP('',(#92,#102,#111,#119,#128,#136,#145,#153,#162,#170,
    #179,#187,#194,#195,#204,#212,#221,#229,#238,#246,#255,#263,#272,
    #280));
#92 = ORIENTED_EDGE('',*,*,#93,.T.);
#93 = EDGE_CURVE('',#94,#96,#98,.T.);
#94 = VERTEX_POINT('',#95);
#95 = CARTESIAN_POINT('',(-2.72,-9.17,5.18));
#96 = VERTEX_POINT('',#97);
#97 = CARTESIAN_POINT('',(-2.72,-9.97,5.18));
#98 = LINE('',#99,#100);
#99 = CARTESIAN_POINT('',(-2.72,-5.954296078999,5.18));
#100 = VECTOR('',#101,1.);
#101 = DIRECTION('',(0.,-1.,1.224646799147E-16));
#102 = ORIENTED_EDGE('',*,*,#103,.F.);
#103 = EDGE_CURVE('',#104,#96,#106,.T.);
#104 = VERTEX_POINT('',#105);
#105 = CARTESIAN_POINT('',(-3.47,-9.22,5.18));
#106 = CIRCLE('',#107,0.75);
#107 = AXIS2_PLACEMENT_3D('',#108,#109,#110);
#108 = CARTESIAN_POINT('',(-3.47,-9.97,5.18));
#109 = DIRECTION('',(0.,-1.224646799147E-16,-1.));
#110 = DIRECTION('',(1.,0.,0.));
#111 = ORIENTED_EDGE('',*,*,#112,.F.);
#112 = EDGE_CURVE('',#113,#104,#115,.T.);
#113 = VERTEX_POINT('',#114);
#114 = CARTESIAN_POINT('',(-3.69,-9.22,5.18));
#115 = LINE('',#116,#117);
#116 = CARTESIAN_POINT('',(-3.69,-9.22,5.18));
#117 = VECTOR('',#118,1.);
#118 = DIRECTION('',(1.,0.,0.));
#119 = ORIENTED_EDGE('',*,*,#120,.T.);
#120 = EDGE_CURVE('',#113,#121,#123,.T.);
#121 = VERTEX_POINT('',#122);
#122 = CARTESIAN_POINT('',(-5.99,-6.92,5.18));
#123 = CIRCLE('',#124,2.3);
#124 = AXIS2_PLACEMENT_3D('',#125,#126,#127);
#125 = CARTESIAN_POINT('',(-3.69,-6.92,5.18));
#126 = DIRECTION('',(0.,-1.224646799147E-16,-1.));
#127 = DIRECTION('',(1.,0.,0.));
#128 = ORIENTED_EDGE('',*,*,#129,.F.);
#129 = EDGE_CURVE('',#130,#121,#132,.T.);
#130 = VERTEX_POINT('',#131);
#131 = CARTESIAN_POINT('',(-5.99,6.92,5.18));
#132 = LINE('',#133,#134);
#133 = CARTESIAN_POINT('',(-5.99,6.92,5.18));
#134 = VECTOR('',#135,1.);
#135 = DIRECTION('',(0.,-1.,1.224646799147E-16));
#136 = ORIENTED_EDGE('',*,*,#137,.T.);
#137 = EDGE_CURVE('',#130,#138,#140,.T.);
#138 = VERTEX_POINT('',#139);
#139 = CARTESIAN_POINT('',(-3.69,9.22,5.18));
#140 = CIRCLE('',#141,2.3);
#141 = AXIS2_PLACEMENT_3D('',#142,#143,#144);
#142 = CARTESIAN_POINT('',(-3.69,6.92,5.18));
#143 = DIRECTION('',(0.,-1.224646799147E-16,-1.));
#144 = DIRECTION('',(1.,0.,0.));
#145 = ORIENTED_EDGE('',*,*,#146,.F.);
#146 = EDGE_CURVE('',#147,#138,#149,.T.);
#147 = VERTEX_POINT('',#148);
#148 = CARTESIAN_POINT('',(3.69,9.22,5.18));
#149 = LINE('',#150,#151);
#150 = CARTESIAN_POINT('',(3.69,9.22,5.18));
#151 = VECTOR('',#152,1.);
#152 = DIRECTION('',(-1.,0.,0.));
#153 = ORIENTED_EDGE('',*,*,#154,.T.);
#154 = EDGE_CURVE('',#147,#155,#157,.T.);
#155 = VERTEX_POINT('',#156);
#156 = CARTESIAN_POINT('',(5.99,6.92,5.18));
#157 = CIRCLE('',#158,2.3);
#158 = AXIS2_PLACEMENT_3D('',#159,#160,#161);
#159 = CARTESIAN_POINT('',(3.69,6.92,5.18));
#160 = DIRECTION('',(0.,-1.224646799147E-16,-1.));
#161 = DIRECTION('',(1.,0.,0.));
#162 = ORIENTED_EDGE('',*,*,#163,.F.);
#163 = EDGE_CURVE('',#164,#155,#166,.T.);
#164 = VERTEX_POINT('',#165);
#165 = CARTESIAN_POINT('',(5.99,-6.92,5.18));
#166 = LINE('',#167,#168);
#167 = CARTESIAN_POINT('',(5.99,-6.92,5.18));
#168 = VECTOR('',#169,1.);
#169 = DIRECTION('',(0.,1.,-1.224646799147E-16));
#170 = ORIENTED_EDGE('',*,*,#171,.T.);
#171 = EDGE_CURVE('',#164,#172,#174,.T.);
#172 = VERTEX_POINT('',#173);
#173 = CARTESIAN_POINT('',(3.69,-9.22,5.18));
#174 = CIRCLE('',#175,2.3);
#175 = AXIS2_PLACEMENT_3D('',#176,#177,#178);
#176 = CARTESIAN_POINT('',(3.69,-6.92,5.18));
#177 = DIRECTION('',(0.,-1.224646799147E-16,-1.));
#178 = DIRECTION('',(1.,0.,0.));
#179 = ORIENTED_EDGE('',*,*,#180,.T.);
#180 = EDGE_CURVE('',#172,#181,#183,.T.);
#181 = VERTEX_POINT('',#182);
#182 = CARTESIAN_POINT('',(3.47,-9.22,5.18));
#183 = LINE('',#184,#185);
#184 = CARTESIAN_POINT('',(3.69,-9.22,5.18));
#185 = VECTOR('',#186,1.);
#186 = DIRECTION('',(-1.,0.,0.));
#187 = ORIENTED_EDGE('',*,*,#188,.F.);
#188 = EDGE_CURVE('',#22,#181,#189,.T.);
#189 = CIRCLE('',#190,0.75);
#190 = AXIS2_PLACEMENT_3D('',#191,#192,#193);
#191 = CARTESIAN_POINT('',(3.47,-9.97,5.18));
#192 = DIRECTION('',(0.,-1.224646799147E-16,-1.));
#193 = DIRECTION('',(1.,0.,0.));
#194 = ORIENTED_EDGE('',*,*,#21,.T.);
#195 = ORIENTED_EDGE('',*,*,#196,.T.);
#196 = EDGE_CURVE('',#24,#197,#199,.T.);
#197 = VERTEX_POINT('',#198);
#198 = CARTESIAN_POINT('',(3.22,-8.67,5.18));
#199 = CIRCLE('',#200,0.5);
#200 = AXIS2_PLACEMENT_3D('',#201,#202,#203);
#201 = CARTESIAN_POINT('',(3.22,-9.17,5.18));
#202 = DIRECTION('',(0.,-1.224646799147E-16,-1.));
#203 = DIRECTION('',(0.,1.,-1.224646799147E-16));
#204 = ORIENTED_EDGE('',*,*,#205,.T.);
#205 = EDGE_CURVE('',#197,#206,#208,.T.);
#206 = VERTEX_POINT('',#207);
#207 = CARTESIAN_POINT('',(3.69,-8.67,5.18));
#208 = LINE('',#209,#210);
#209 = CARTESIAN_POINT('',(-1.845,-8.67,5.18));
#210 = VECTOR('',#211,1.);
#211 = DIRECTION('',(1.,0.,0.));
#212 = ORIENTED_EDGE('',*,*,#213,.T.);
#213 = EDGE_CURVE('',#206,#214,#216,.T.);
#214 = VERTEX_POINT('',#215);
#215 = CARTESIAN_POINT('',(5.44,-6.92,5.18));
#216 = CIRCLE('',#217,1.75);
#217 = AXIS2_PLACEMENT_3D('',#218,#219,#220);
#218 = CARTESIAN_POINT('',(3.69,-6.92,5.18));
#219 = DIRECTION('',(-0.,1.224646799147E-16,1.));
#220 = DIRECTION('',(1.,0.,0.));
#221 = ORIENTED_EDGE('',*,*,#222,.T.);
#222 = EDGE_CURVE('',#214,#223,#225,.T.);
#223 = VERTEX_POINT('',#224);
#224 = CARTESIAN_POINT('',(5.44,6.92,5.18));
#225 = LINE('',#226,#227);
#226 = CARTESIAN_POINT('',(5.44,-3.829296078999,5.18));
#227 = VECTOR('',#228,1.);
#228 = DIRECTION('',(0.,1.,-1.224646799147E-16));
#229 = ORIENTED_EDGE('',*,*,#230,.T.);
#230 = EDGE_CURVE('',#223,#231,#233,.T.);
#231 = VERTEX_POINT('',#232);
#232 = CARTESIAN_POINT('',(3.69,8.67,5.18));
#233 = CIRCLE('',#234,1.75);
#234 = AXIS2_PLACEMENT_3D('',#235,#236,#237);
#235 = CARTESIAN_POINT('',(3.69,6.92,5.18));
#236 = DIRECTION('',(-0.,1.224646799147E-16,1.));
#237 = DIRECTION('',(1.,0.,0.));
#238 = ORIENTED_EDGE('',*,*,#239,.T.);
#239 = EDGE_CURVE('',#231,#240,#242,.T.);
#240 = VERTEX_POINT('',#241);
#241 = CARTESIAN_POINT('',(-3.69,8.67,5.18));
#242 = LINE('',#243,#244);
#243 = CARTESIAN_POINT('',(1.845,8.67,5.18));
#244 = VECTOR('',#245,1.);
#245 = DIRECTION('',(-1.,0.,0.));
#246 = ORIENTED_EDGE('',*,*,#247,.T.);
#247 = EDGE_CURVE('',#240,#248,#250,.T.);
#248 = VERTEX_POINT('',#249);
#249 = CARTESIAN_POINT('',(-5.44,6.92,5.18));
#250 = CIRCLE('',#251,1.75);
#251 = AXIS2_PLACEMENT_3D('',#252,#253,#254);
#252 = CARTESIAN_POINT('',(-3.69,6.92,5.18));
#253 = DIRECTION('',(-0.,1.224646799147E-16,1.));
#254 = DIRECTION('',(1.,0.,0.));
#255 = ORIENTED_EDGE('',*,*,#256,.T.);
#256 = EDGE_CURVE('',#248,#257,#259,.T.);
#257 = VERTEX_POINT('',#258);
#258 = CARTESIAN_POINT('',(-5.44,-6.92,5.18));
#259 = LINE('',#260,#261);
#260 = CARTESIAN_POINT('',(-5.44,3.090703921001,5.18));
#261 = VECTOR('',#262,1.);
#262 = DIRECTION('',(0.,-1.,1.224646799147E-16));
#263 = ORIENTED_EDGE('',*,*,#264,.T.);
#264 = EDGE_CURVE('',#257,#265,#267,.T.);
#265 = VERTEX_POINT('',#266);
#266 = CARTESIAN_POINT('',(-3.69,-8.67,5.18));
#267 = CIRCLE('',#268,1.75);
#268 = AXIS2_PLACEMENT_3D('',#269,#270,#271);
#269 = CARTESIAN_POINT('',(-3.69,-6.92,5.18));
#270 = DIRECTION('',(-0.,1.224646799147E-16,1.));
#271 = DIRECTION('',(1.,0.,0.));
#272 = ORIENTED_EDGE('',*,*,#273,.T.);
#273 = EDGE_CURVE('',#265,#274,#276,.T.);
#274 = VERTEX_POINT('',#275);
#275 = CARTESIAN_POINT('',(-3.22,-8.67,5.18));
#276 = LINE('',#277,#278);
#277 = CARTESIAN_POINT('',(-1.845,-8.67,5.18));
#278 = VECTOR('',#279,1.);
#279 = DIRECTION('',(1.,0.,0.));
#280 = ORIENTED_EDGE('',*,*,#281,.F.);
#281 = EDGE_CURVE('',#94,#274,#282,.T.);
#282 = CIRCLE('',#283,0.5);
#283 = AXIS2_PLACEMENT_3D('',#284,#285,#286);
#284 = CARTESIAN_POINT('',(-3.22,-9.17,5.18));
#285 = DIRECTION('',(-0.,1.224646799147E-16,1.));
#286 = DIRECTION('',(0.,-1.,1.224646799147E-16));
#287 = PLANE('',#288);
#288 = AXIS2_PLACEMENT_3D('',#289,#290,#291);
#289 = CARTESIAN_POINT('',(9.3E-16,-0.738592157998,5.18));
#290 = DIRECTION('',(0.,-1.224646799147E-16,-1.));
#291 = DIRECTION('',(1.,0.,0.));
#292 = ADVANCED_FACE('',(#293),#312,.T.);
#293 = FACE_BOUND('',#294,.T.);
#294 = EDGE_LOOP('',(#295,#296,#304,#311));
#295 = ORIENTED_EDGE('',*,*,#196,.T.);
#296 = ORIENTED_EDGE('',*,*,#297,.T.);
#297 = EDGE_CURVE('',#197,#298,#300,.T.);
#298 = VERTEX_POINT('',#299);
#299 = CARTESIAN_POINT('',(3.22,-8.67,2.));
#300 = LINE('',#301,#302);
#301 = CARTESIAN_POINT('',(3.22,-8.67,5.18));
#302 = VECTOR('',#303,1.);
#303 = DIRECTION('',(0.,-1.224646799147E-16,-1.));
#304 = ORIENTED_EDGE('',*,*,#305,.F.);
#305 = EDGE_CURVE('',#32,#298,#306,.T.);
#306 = CIRCLE('',#307,0.5);
#307 = AXIS2_PLACEMENT_3D('',#308,#309,#310);
#308 = CARTESIAN_POINT('',(3.22,-9.17,2.));
#309 = DIRECTION('',(0.,-1.224646799147E-16,-1.));
#310 = DIRECTION('',(0.,1.,-1.224646799147E-16));
#311 = ORIENTED_EDGE('',*,*,#31,.F.);
#312 = CYLINDRICAL_SURFACE('',#313,0.5);
#313 = AXIS2_PLACEMENT_3D('',#314,#315,#316);
#314 = CARTESIAN_POINT('',(3.22,-9.17,5.18));
#315 = DIRECTION('',(0.,-1.224646799147E-16,-1.));
#316 = DIRECTION('',(-1.,6.6E-16,-8.082668874373E-32));
#317 = ADVANCED_FACE('',(#318),#337,.T.);
#318 = FACE_BOUND('',#319,.F.);
#319 = EDGE_LOOP('',(#320,#321,#322,#330));
#320 = ORIENTED_EDGE('',*,*,#79,.T.);
#321 = ORIENTED_EDGE('',*,*,#188,.T.);
#322 = ORIENTED_EDGE('',*,*,#323,.F.);
#323 = EDGE_CURVE('',#324,#181,#326,.T.);
#324 = VERTEX_POINT('',#325);
#325 = CARTESIAN_POINT('',(3.47,-9.22,7.7));
#326 = LINE('',#327,#328);
#327 = CARTESIAN_POINT('',(3.47,-9.22,7.7));
#328 = VECTOR('',#329,1.);
#329 = DIRECTION('',(0.,-1.224646799147E-16,-1.));
#330 = ORIENTED_EDGE('',*,*,#331,.F.);
#331 = EDGE_CURVE('',#72,#324,#332,.T.);
#332 = CIRCLE('',#333,0.75);
#333 = AXIS2_PLACEMENT_3D('',#334,#335,#336);
#334 = CARTESIAN_POINT('',(3.47,-9.97,7.7));
#335 = DIRECTION('',(0.,-1.224646799147E-16,-1.));
#336 = DIRECTION('',(1.,0.,0.));
#337 = CYLINDRICAL_SURFACE('',#338,0.75);
#338 = AXIS2_PLACEMENT_3D('',#339,#340,#341);
#339 = CARTESIAN_POINT('',(3.47,-9.97,7.7));
#340 = DIRECTION('',(0.,1.224646799147E-16,1.));
#341 = DIRECTION('',(1.,0.,0.));
#342 = ADVANCED_FACE('',(#343,#464,#534),#604,.T.);
#343 = FACE_BOUND('',#344,.T.);
#344 = EDGE_LOOP('',(#345,#346,#347,#355,#364,#372,#381,#389,#398,#406,
    #415,#423,#432,#440,#449,#457));
#345 = ORIENTED_EDGE('',*,*,#39,.F.);
#346 = ORIENTED_EDGE('',*,*,#305,.T.);
#347 = ORIENTED_EDGE('',*,*,#348,.T.);
#348 = EDGE_CURVE('',#298,#349,#351,.T.);
#349 = VERTEX_POINT('',#350);
#350 = CARTESIAN_POINT('',(3.69,-8.67,2.));
#351 = LINE('',#352,#353);
#352 = CARTESIAN_POINT('',(-3.69,-8.67,2.));
#353 = VECTOR('',#354,1.);
#354 = DIRECTION('',(1.,0.,0.));
#355 = ORIENTED_EDGE('',*,*,#356,.F.);
#356 = EDGE_CURVE('',#357,#349,#359,.T.);
#357 = VERTEX_POINT('',#358);
#358 = CARTESIAN_POINT('',(5.44,-6.92,2.));
#359 = CIRCLE('',#360,1.75);
#360 = AXIS2_PLACEMENT_3D('',#361,#362,#363);
#361 = CARTESIAN_POINT('',(3.69,-6.92,2.));
#362 = DIRECTION('',(0.,-1.224646799147E-16,-1.));
#363 = DIRECTION('',(1.,0.,0.));
#364 = ORIENTED_EDGE('',*,*,#365,.T.);
#365 = EDGE_CURVE('',#357,#366,#368,.T.);
#366 = VERTEX_POINT('',#367);
#367 = CARTESIAN_POINT('',(5.44,6.92,2.));
#368 = LINE('',#369,#370);
#369 = CARTESIAN_POINT('',(5.44,-6.92,2.));
#370 = VECTOR('',#371,1.);
#371 = DIRECTION('',(0.,1.,-1.224646799147E-16));
#372 = ORIENTED_EDGE('',*,*,#373,.F.);
#373 = EDGE_CURVE('',#374,#366,#376,.T.);
#374 = VERTEX_POINT('',#375);
#375 = CARTESIAN_POINT('',(3.69,8.67,2.));
#376 = CIRCLE('',#377,1.75);
#377 = AXIS2_PLACEMENT_3D('',#378,#379,#380);
#378 = CARTESIAN_POINT('',(3.69,6.92,2.));
#379 = DIRECTION('',(0.,-1.224646799147E-16,-1.));
#380 = DIRECTION('',(1.,0.,0.));
#381 = ORIENTED_EDGE('',*,*,#382,.T.);
#382 = EDGE_CURVE('',#374,#383,#385,.T.);
#383 = VERTEX_POINT('',#384);
#384 = CARTESIAN_POINT('',(-3.69,8.67,2.));
#385 = LINE('',#386,#387);
#386 = CARTESIAN_POINT('',(3.69,8.67,2.));
#387 = VECTOR('',#388,1.);
#388 = DIRECTION('',(-1.,0.,0.));
#389 = ORIENTED_EDGE('',*,*,#390,.F.);
#390 = EDGE_CURVE('',#391,#383,#393,.T.);
#391 = VERTEX_POINT('',#392);
#392 = CARTESIAN_POINT('',(-5.44,6.92,2.));
#393 = CIRCLE('',#394,1.75);
#394 = AXIS2_PLACEMENT_3D('',#395,#396,#397);
#395 = CARTESIAN_POINT('',(-3.69,6.92,2.));
#396 = DIRECTION('',(0.,-1.224646799147E-16,-1.));
#397 = DIRECTION('',(1.,0.,0.));
#398 = ORIENTED_EDGE('',*,*,#399,.T.);
#399 = EDGE_CURVE('',#391,#400,#402,.T.);
#400 = VERTEX_POINT('',#401);
#401 = CARTESIAN_POINT('',(-5.44,-6.92,2.));
#402 = LINE('',#403,#404);
#403 = CARTESIAN_POINT('',(-5.44,6.92,2.));
#404 = VECTOR('',#405,1.);
#405 = DIRECTION('',(0.,-1.,1.224646799147E-16));
#406 = ORIENTED_EDGE('',*,*,#407,.F.);
#407 = EDGE_CURVE('',#408,#400,#410,.T.);
#408 = VERTEX_POINT('',#409);
#409 = CARTESIAN_POINT('',(-3.69,-8.67,2.));
#410 = CIRCLE('',#411,1.75);
#411 = AXIS2_PLACEMENT_3D('',#412,#413,#414);
#412 = CARTESIAN_POINT('',(-3.69,-6.92,2.));
#413 = DIRECTION('',(0.,-1.224646799147E-16,-1.));
#414 = DIRECTION('',(1.,0.,0.));
#415 = ORIENTED_EDGE('',*,*,#416,.T.);
#416 = EDGE_CURVE('',#408,#417,#419,.T.);
#417 = VERTEX_POINT('',#418);
#418 = CARTESIAN_POINT('',(-3.22,-8.67,2.));
#419 = LINE('',#420,#421);
#420 = CARTESIAN_POINT('',(-3.69,-8.67,2.));
#421 = VECTOR('',#422,1.);
#422 = DIRECTION('',(1.,0.,0.));
#423 = ORIENTED_EDGE('',*,*,#424,.F.);
#424 = EDGE_CURVE('',#425,#417,#427,.T.);
#425 = VERTEX_POINT('',#426);
#426 = CARTESIAN_POINT('',(-2.72,-9.17,2.));
#427 = CIRCLE('',#428,0.5);
#428 = AXIS2_PLACEMENT_3D('',#429,#430,#431);
#429 = CARTESIAN_POINT('',(-3.22,-9.17,2.));
#430 = DIRECTION('',(-0.,1.224646799147E-16,1.));
#431 = DIRECTION('',(0.,-1.,1.224646799147E-16));
#432 = ORIENTED_EDGE('',*,*,#433,.F.);
#433 = EDGE_CURVE('',#434,#425,#436,.T.);
#434 = VERTEX_POINT('',#435);
#435 = CARTESIAN_POINT('',(-2.72,-9.97,2.));
#436 = LINE('',#437,#438);
#437 = CARTESIAN_POINT('',(-2.72,-11.17,2.));
#438 = VECTOR('',#439,1.);
#439 = DIRECTION('',(0.,1.,-1.224646799147E-16));
#440 = ORIENTED_EDGE('',*,*,#441,.F.);
#441 = EDGE_CURVE('',#442,#434,#444,.T.);
#442 = VERTEX_POINT('',#443);
#443 = CARTESIAN_POINT('',(-1.97,-9.22,2.));
#444 = CIRCLE('',#445,0.75);
#445 = AXIS2_PLACEMENT_3D('',#446,#447,#448);
#446 = CARTESIAN_POINT('',(-1.97,-9.97,2.));
#447 = DIRECTION('',(-0.,1.224646799147E-16,1.));
#448 = DIRECTION('',(1.,0.,0.));
#449 = ORIENTED_EDGE('',*,*,#450,.F.);
#450 = EDGE_CURVE('',#451,#442,#453,.T.);
#451 = VERTEX_POINT('',#452);
#452 = CARTESIAN_POINT('',(1.97,-9.22,2.));
#453 = LINE('',#454,#455);
#454 = CARTESIAN_POINT('',(0.985,-9.22,2.));
#455 = VECTOR('',#456,1.);
#456 = DIRECTION('',(-1.,0.,0.));
#457 = ORIENTED_EDGE('',*,*,#458,.F.);
#458 = EDGE_CURVE('',#40,#451,#459,.T.);
#459 = CIRCLE('',#460,0.75);
#460 = AXIS2_PLACEMENT_3D('',#461,#462,#463);
#461 = CARTESIAN_POINT('',(1.97,-9.97,2.));
#462 = DIRECTION('',(-0.,1.224646799147E-16,1.));
#463 = DIRECTION('',(1.,0.,0.));
#464 = FACE_BOUND('',#465,.T.);
#465 = EDGE_LOOP('',(#466,#476,#485,#493,#502,#510,#519,#527));
#466 = ORIENTED_EDGE('',*,*,#467,.F.);
#467 = EDGE_CURVE('',#468,#470,#472,.T.);
#468 = VERTEX_POINT('',#469);
#469 = CARTESIAN_POINT('',(-3.56,-0.17,2.));
#470 = VERTEX_POINT('',#471);
#471 = CARTESIAN_POINT('',(-1.52,-0.17,2.));
#472 = LINE('',#473,#474);
#473 = CARTESIAN_POINT('',(-3.56,-0.17,2.));
#474 = VECTOR('',#475,1.);
#475 = DIRECTION('',(1.,0.,0.));
#476 = ORIENTED_EDGE('',*,*,#477,.T.);
#477 = EDGE_CURVE('',#468,#478,#480,.T.);
#478 = VERTEX_POINT('',#479);
#479 = CARTESIAN_POINT('',(-4.31,0.579999754904,2.));
#480 = CIRCLE('',#481,0.75);
#481 = AXIS2_PLACEMENT_3D('',#482,#483,#484);
#482 = CARTESIAN_POINT('',(-3.56,0.58,2.));
#483 = DIRECTION('',(0.,-1.224646799147E-16,-1.));
#484 = DIRECTION('',(1.,0.,0.));
#485 = ORIENTED_EDGE('',*,*,#486,.F.);
#486 = EDGE_CURVE('',#487,#478,#489,.T.);
#487 = VERTEX_POINT('',#488);
#488 = CARTESIAN_POINT('',(-4.31,7.699999999998,2.));
#489 = LINE('',#490,#491);
#490 = CARTESIAN_POINT('',(-4.31,7.699999999998,2.));
#491 = VECTOR('',#492,1.);
#492 = DIRECTION('',(0.,-1.,1.224646799147E-16));
#493 = ORIENTED_EDGE('',*,*,#494,.T.);
#494 = EDGE_CURVE('',#487,#495,#497,.T.);
#495 = VERTEX_POINT('',#496);
#496 = CARTESIAN_POINT('',(-3.560000051921,8.450000051919,2.));
#497 = CIRCLE('',#498,0.75);
#498 = AXIS2_PLACEMENT_3D('',#499,#500,#501);
#499 = CARTESIAN_POINT('',(-3.56,7.700000051919,2.));
#500 = DIRECTION('',(0.,-1.224646799147E-16,-1.));
#501 = DIRECTION('',(1.,0.,0.));
#502 = ORIENTED_EDGE('',*,*,#503,.T.);
#503 = EDGE_CURVE('',#495,#504,#506,.T.);
#504 = VERTEX_POINT('',#505);
#505 = CARTESIAN_POINT('',(-1.520000051921,8.450000193175,2.));
#506 = LINE('',#507,#508);
#507 = CARTESIAN_POINT('',(-3.560000051921,8.450000051919,2.));
#508 = VECTOR('',#509,1.);
#509 = DIRECTION('',(1.,6.924341623E-08,-8.47987280481E-24));
#510 = ORIENTED_EDGE('',*,*,#511,.T.);
#511 = EDGE_CURVE('',#504,#512,#514,.T.);
#512 = VERTEX_POINT('',#513);
#513 = CARTESIAN_POINT('',(-0.77,7.700000245096,2.));
#514 = CIRCLE('',#515,0.75);
#515 = AXIS2_PLACEMENT_3D('',#516,#517,#518);
#516 = CARTESIAN_POINT('',(-1.52,7.700000193175,2.));
#517 = DIRECTION('',(0.,-1.224646799147E-16,-1.));
#518 = DIRECTION('',(1.,0.,0.));
#519 = ORIENTED_EDGE('',*,*,#520,.F.);
#520 = EDGE_CURVE('',#521,#512,#523,.T.);
#521 = VERTEX_POINT('',#522);
#522 = CARTESIAN_POINT('',(-0.77,0.58,2.));
#523 = LINE('',#524,#525);
#524 = CARTESIAN_POINT('',(-0.77,0.58,2.));
#525 = VECTOR('',#526,1.);
#526 = DIRECTION('',(4.44E-15,1.,-1.224646799147E-16));
#527 = ORIENTED_EDGE('',*,*,#528,.T.);
#528 = EDGE_CURVE('',#521,#470,#529,.T.);
#529 = CIRCLE('',#530,0.75);
#530 = AXIS2_PLACEMENT_3D('',#531,#532,#533);
#531 = CARTESIAN_POINT('',(-1.52,0.58,2.));
#532 = DIRECTION('',(0.,-1.224646799147E-16,-1.));
#533 = DIRECTION('',(1.,0.,0.));
#534 = FACE_BOUND('',#535,.T.);
#535 = EDGE_LOOP('',(#536,#546,#555,#563,#572,#580,#589,#597));
#536 = ORIENTED_EDGE('',*,*,#537,.F.);
#537 = EDGE_CURVE('',#538,#540,#542,.T.);
#538 = VERTEX_POINT('',#539);
#539 = CARTESIAN_POINT('',(1.52,-0.170000122549,2.));
#540 = VERTEX_POINT('',#541);
#541 = CARTESIAN_POINT('',(3.56,-0.170000122549,2.));
#542 = LINE('',#543,#544);
#543 = CARTESIAN_POINT('',(1.52,-0.170000122549,2.));
#544 = VECTOR('',#545,1.);
#545 = DIRECTION('',(1.,0.,0.));
#546 = ORIENTED_EDGE('',*,*,#547,.T.);
#547 = EDGE_CURVE('',#538,#548,#550,.T.);
#548 = VERTEX_POINT('',#549);
#549 = CARTESIAN_POINT('',(0.77,0.579999877451,2.));
#550 = CIRCLE('',#551,0.75);
#551 = AXIS2_PLACEMENT_3D('',#552,#553,#554);
#552 = CARTESIAN_POINT('',(1.52,0.579999877451,2.));
#553 = DIRECTION('',(0.,-1.224646799147E-16,-1.));
#554 = DIRECTION('',(1.,0.,0.));
#555 = ORIENTED_EDGE('',*,*,#556,.T.);
#556 = EDGE_CURVE('',#548,#557,#559,.T.);
#557 = VERTEX_POINT('',#558);
#558 = CARTESIAN_POINT('',(0.77,7.700000122549,2.));
#559 = LINE('',#560,#561);
#560 = CARTESIAN_POINT('',(0.77,0.579999877451,2.));
#561 = VECTOR('',#562,1.);
#562 = DIRECTION('',(0.,1.,-1.224646799147E-16));
#563 = ORIENTED_EDGE('',*,*,#564,.T.);
#564 = EDGE_CURVE('',#557,#565,#567,.T.);
#565 = VERTEX_POINT('',#566);
#566 = CARTESIAN_POINT('',(1.52,8.450000122549,2.));
#567 = CIRCLE('',#568,0.75);
#568 = AXIS2_PLACEMENT_3D('',#569,#570,#571);
#569 = CARTESIAN_POINT('',(1.52,7.700000122549,2.));
#570 = DIRECTION('',(0.,-1.224646799147E-16,-1.));
#571 = DIRECTION('',(1.,0.,0.));
#572 = ORIENTED_EDGE('',*,*,#573,.T.);
#573 = EDGE_CURVE('',#565,#574,#576,.T.);
#574 = VERTEX_POINT('',#575);
#575 = CARTESIAN_POINT('',(3.56,8.450000122549,2.));
#576 = LINE('',#577,#578);
#577 = CARTESIAN_POINT('',(1.52,8.450000122549,2.));
#578 = VECTOR('',#579,1.);
#579 = DIRECTION('',(1.,0.,0.));
#580 = ORIENTED_EDGE('',*,*,#581,.T.);
#581 = EDGE_CURVE('',#574,#582,#584,.T.);
#582 = VERTEX_POINT('',#583);
#583 = CARTESIAN_POINT('',(4.31,7.700000122549,2.));
#584 = CIRCLE('',#585,0.75);
#585 = AXIS2_PLACEMENT_3D('',#586,#587,#588);
#586 = CARTESIAN_POINT('',(3.56,7.700000122549,2.));
#587 = DIRECTION('',(0.,-1.224646799147E-16,-1.));
#588 = DIRECTION('',(1.,0.,0.));
#589 = ORIENTED_EDGE('',*,*,#590,.T.);
#590 = EDGE_CURVE('',#582,#591,#593,.T.);
#591 = VERTEX_POINT('',#592);
#592 = CARTESIAN_POINT('',(4.31,0.579999877451,2.));
#593 = LINE('',#594,#595);
#594 = CARTESIAN_POINT('',(4.31,7.700000122549,2.));
#595 = VECTOR('',#596,1.);
#596 = DIRECTION('',(0.,-1.,1.224646799147E-16));
#597 = ORIENTED_EDGE('',*,*,#598,.T.);
#598 = EDGE_CURVE('',#591,#540,#599,.T.);
#599 = CIRCLE('',#600,0.75);
#600 = AXIS2_PLACEMENT_3D('',#601,#602,#603);
#601 = CARTESIAN_POINT('',(3.56,0.579999877451,2.));
#602 = DIRECTION('',(0.,-1.224646799147E-16,-1.));
#603 = DIRECTION('',(1.,0.,0.));
#604 = PLANE('',#605);
#605 = AXIS2_PLACEMENT_3D('',#606,#607,#608);
#606 = CARTESIAN_POINT('',(-5.3E-16,-1.083854683119,2.));
#607 = DIRECTION('',(0.,1.224646799147E-16,1.));
#608 = DIRECTION('',(-1.,0.,0.));
#609 = ADVANCED_FACE('',(#610),#663,.F.);
#610 = FACE_BOUND('',#611,.F.);
#611 = EDGE_LOOP('',(#612,#613,#614,#622,#631,#640,#648,#656));
#612 = ORIENTED_EDGE('',*,*,#71,.T.);
#613 = ORIENTED_EDGE('',*,*,#331,.T.);
#614 = ORIENTED_EDGE('',*,*,#615,.F.);
#615 = EDGE_CURVE('',#616,#324,#618,.T.);
#616 = VERTEX_POINT('',#617);
#617 = CARTESIAN_POINT('',(3.69,-9.22,7.7));
#618 = LINE('',#619,#620);
#619 = CARTESIAN_POINT('',(3.69,-9.22,7.7));
#620 = VECTOR('',#621,1.);
#621 = DIRECTION('',(-1.,0.,0.));
#622 = ORIENTED_EDGE('',*,*,#623,.F.);
#623 = EDGE_CURVE('',#624,#616,#626,.T.);
#624 = VERTEX_POINT('',#625);
#625 = CARTESIAN_POINT('',(4.05481610347,-9.190882914342,7.7));
#626 = CIRCLE('',#627,2.3);
#627 = AXIS2_PLACEMENT_3D('',#628,#629,#630);
#628 = CARTESIAN_POINT('',(3.69,-6.92,7.7));
#629 = DIRECTION('',(0.,-1.224646799147E-16,-1.));
#630 = DIRECTION('',(1.,0.,0.));
#631 = ORIENTED_EDGE('',*,*,#632,.F.);
#632 = EDGE_CURVE('',#633,#624,#635,.T.);
#633 = VERTEX_POINT('',#634);
#634 = CARTESIAN_POINT('',(5.23,-9.83,7.7));
#635 = CIRCLE('',#636,1.4);
#636 = AXIS2_PLACEMENT_3D('',#637,#638,#639);
#637 = CARTESIAN_POINT('',(5.23,-8.43,7.7));
#638 = DIRECTION('',(0.,-1.224646799147E-16,-1.));
#639 = DIRECTION('',(1.,0.,0.));
#640 = ORIENTED_EDGE('',*,*,#641,.T.);
#641 = EDGE_CURVE('',#633,#642,#644,.T.);
#642 = VERTEX_POINT('',#643);
#643 = CARTESIAN_POINT('',(5.23,-11.17,7.7));
#644 = LINE('',#645,#646);
#645 = CARTESIAN_POINT('',(5.23,-9.83,7.7));
#646 = VECTOR('',#647,1.);
#647 = DIRECTION('',(-2.5E-16,-1.,1.224646799147E-16));
#648 = ORIENTED_EDGE('',*,*,#649,.T.);
#649 = EDGE_CURVE('',#642,#650,#652,.T.);
#650 = VERTEX_POINT('',#651);
#651 = CARTESIAN_POINT('',(3.72,-11.17,7.7));
#652 = LINE('',#653,#654);
#653 = CARTESIAN_POINT('',(7.94,-11.17,7.7));
#654 = VECTOR('',#655,1.);
#655 = DIRECTION('',(-1.,0.,0.));
#656 = ORIENTED_EDGE('',*,*,#657,.T.);
#657 = EDGE_CURVE('',#650,#64,#658,.T.);
#658 = CIRCLE('',#659,1.);
#659 = AXIS2_PLACEMENT_3D('',#660,#661,#662);
#660 = CARTESIAN_POINT('',(3.72,-10.17,7.7));
#661 = DIRECTION('',(0.,-1.224646799147E-16,-1.));
#662 = DIRECTION('',(0.,1.,-1.224646799147E-16));
#663 = PLANE('',#664);
#664 = AXIS2_PLACEMENT_3D('',#665,#666,#667);
#665 = CARTESIAN_POINT('',(0.,0.,7.7));
#666 = DIRECTION('',(0.,-1.224646799147E-16,-1.));
#667 = DIRECTION('',(1.,0.,0.));
#668 = ADVANCED_FACE('',(#669),#688,.F.);
#669 = FACE_BOUND('',#670,.T.);
#670 = EDGE_LOOP('',(#671,#672,#680,#687));
#671 = ORIENTED_EDGE('',*,*,#458,.T.);
#672 = ORIENTED_EDGE('',*,*,#673,.T.);
#673 = EDGE_CURVE('',#451,#674,#676,.T.);
#674 = VERTEX_POINT('',#675);
#675 = CARTESIAN_POINT('',(1.97,-9.22,8.881784197001E-16));
#676 = LINE('',#677,#678);
#677 = CARTESIAN_POINT('',(1.97,-9.22,7.7));
#678 = VECTOR('',#679,1.);
#679 = DIRECTION('',(0.,-1.224646799147E-16,-1.));
#680 = ORIENTED_EDGE('',*,*,#681,.F.);
#681 = EDGE_CURVE('',#48,#674,#682,.T.);
#682 = CIRCLE('',#683,0.75);
#683 = AXIS2_PLACEMENT_3D('',#684,#685,#686);
#684 = CARTESIAN_POINT('',(1.97,-9.97,8.881784197001E-16));
#685 = DIRECTION('',(-0.,1.224646799147E-16,1.));
#686 = DIRECTION('',(1.,0.,0.));
#687 = ORIENTED_EDGE('',*,*,#47,.F.);
#688 = CYLINDRICAL_SURFACE('',#689,0.75);
#689 = AXIS2_PLACEMENT_3D('',#690,#691,#692);
#690 = CARTESIAN_POINT('',(1.97,-9.97,7.7));
#691 = DIRECTION('',(0.,1.224646799147E-16,1.));
#692 = DIRECTION('',(1.,0.,0.));
#693 = ADVANCED_FACE('',(#694),#713,.T.);
#694 = FACE_BOUND('',#695,.T.);
#695 = EDGE_LOOP('',(#696,#697,#698,#707));
#696 = ORIENTED_EDGE('',*,*,#657,.T.);
#697 = ORIENTED_EDGE('',*,*,#63,.T.);
#698 = ORIENTED_EDGE('',*,*,#699,.F.);
#699 = EDGE_CURVE('',#700,#56,#702,.T.);
#700 = VERTEX_POINT('',#701);
#701 = CARTESIAN_POINT('',(3.72,-11.17,1.7763568394E-15));
#702 = CIRCLE('',#703,1.);
#703 = AXIS2_PLACEMENT_3D('',#704,#705,#706);
#704 = CARTESIAN_POINT('',(3.72,-10.17,8.881784197001E-16));
#705 = DIRECTION('',(0.,-1.224646799147E-16,-1.));
#706 = DIRECTION('',(0.,1.,-1.224646799147E-16));
#707 = ORIENTED_EDGE('',*,*,#708,.F.);
#708 = EDGE_CURVE('',#650,#700,#709,.T.);
#709 = LINE('',#710,#711);
#710 = CARTESIAN_POINT('',(3.72,-11.17,7.7));
#711 = VECTOR('',#712,1.);
#712 = DIRECTION('',(0.,-1.224646799147E-16,-1.));
#713 = CYLINDRICAL_SURFACE('',#714,1.);
#714 = AXIS2_PLACEMENT_3D('',#715,#716,#717);
#715 = CARTESIAN_POINT('',(3.72,-10.17,7.7));
#716 = DIRECTION('',(0.,-1.224646799147E-16,-1.));
#717 = DIRECTION('',(0.,-1.,1.224646799147E-16));
#718 = ADVANCED_FACE('',(#719,#832,#902),#972,.T.);
#719 = FACE_BOUND('',#720,.T.);
#720 = EDGE_LOOP('',(#721,#729,#730,#731,#732,#740,#749,#757,#766,#774,
    #783,#791,#800,#808,#817,#825));
#721 = ORIENTED_EDGE('',*,*,#722,.T.);
#722 = EDGE_CURVE('',#723,#700,#725,.T.);
#723 = VERTEX_POINT('',#724);
#724 = CARTESIAN_POINT('',(5.94,-11.17,2.6645352591E-15));
#725 = LINE('',#726,#727);
#726 = CARTESIAN_POINT('',(7.94,-11.17,1.7763568394E-15));
#727 = VECTOR('',#728,1.);
#728 = DIRECTION('',(-1.,0.,0.));
#729 = ORIENTED_EDGE('',*,*,#699,.T.);
#730 = ORIENTED_EDGE('',*,*,#55,.F.);
#731 = ORIENTED_EDGE('',*,*,#681,.T.);
#732 = ORIENTED_EDGE('',*,*,#733,.F.);
#733 = EDGE_CURVE('',#734,#674,#736,.T.);
#734 = VERTEX_POINT('',#735);
#735 = CARTESIAN_POINT('',(-1.97,-9.22,8.881784197001E-16));
#736 = LINE('',#737,#738);
#737 = CARTESIAN_POINT('',(0.985,-9.22,8.881784197001E-16));
#738 = VECTOR('',#739,1.);
#739 = DIRECTION('',(1.,0.,0.));
#740 = ORIENTED_EDGE('',*,*,#741,.T.);
#741 = EDGE_CURVE('',#734,#742,#744,.T.);
#742 = VERTEX_POINT('',#743);
#743 = CARTESIAN_POINT('',(-2.72,-9.97,8.881784197001E-16));
#744 = CIRCLE('',#745,0.75);
#745 = AXIS2_PLACEMENT_3D('',#746,#747,#748);
#746 = CARTESIAN_POINT('',(-1.97,-9.97,8.881784197001E-16));
#747 = DIRECTION('',(-0.,1.224646799147E-16,1.));
#748 = DIRECTION('',(1.,0.,0.));
#749 = ORIENTED_EDGE('',*,*,#750,.T.);
#750 = EDGE_CURVE('',#742,#751,#753,.T.);
#751 = VERTEX_POINT('',#752);
#752 = CARTESIAN_POINT('',(-2.72,-10.17,8.881784197001E-16));
#753 = LINE('',#754,#755);
#754 = CARTESIAN_POINT('',(-2.72,-5.585,8.881784197001E-16));
#755 = VECTOR('',#756,1.);
#756 = DIRECTION('',(0.,-1.,1.224646799147E-16));
#757 = ORIENTED_EDGE('',*,*,#758,.F.);
#758 = EDGE_CURVE('',#759,#751,#761,.T.);
#759 = VERTEX_POINT('',#760);
#760 = CARTESIAN_POINT('',(-3.72,-11.17,1.7763568394E-15));
#761 = CIRCLE('',#762,1.);
#762 = AXIS2_PLACEMENT_3D('',#763,#764,#765);
#763 = CARTESIAN_POINT('',(-3.72,-10.17,8.881784197001E-16));
#764 = DIRECTION('',(0.,1.224646799147E-16,1.));
#765 = DIRECTION('',(0.,1.,-1.224646799147E-16));
#766 = ORIENTED_EDGE('',*,*,#767,.T.);
#767 = EDGE_CURVE('',#759,#768,#770,.T.);
#768 = VERTEX_POINT('',#769);
#769 = CARTESIAN_POINT('',(-5.94,-11.17,2.6645352591E-15));
#770 = LINE('',#771,#772);
#771 = CARTESIAN_POINT('',(7.94,-11.17,1.7763568394E-15));
#772 = VECTOR('',#773,1.);
#773 = DIRECTION('',(-1.,0.,0.));
#774 = ORIENTED_EDGE('',*,*,#775,.F.);
#775 = EDGE_CURVE('',#776,#768,#778,.T.);
#776 = VERTEX_POINT('',#777);
#777 = CARTESIAN_POINT('',(-7.94,-9.17,1.7763568394E-15));
#778 = CIRCLE('',#779,2.);
#779 = AXIS2_PLACEMENT_3D('',#780,#781,#782);
#780 = CARTESIAN_POINT('',(-5.94,-9.17,1.7763568394E-15));
#781 = DIRECTION('',(0.,1.224646799147E-16,1.));
#782 = DIRECTION('',(0.,1.,-1.224646799147E-16));
#783 = ORIENTED_EDGE('',*,*,#784,.T.);
#784 = EDGE_CURVE('',#776,#785,#787,.T.);
#785 = VERTEX_POINT('',#786);
#786 = CARTESIAN_POINT('',(-7.94,9.17,0.));
#787 = LINE('',#788,#789);
#788 = CARTESIAN_POINT('',(-7.94,-11.17,1.7763568394E-15));
#789 = VECTOR('',#790,1.);
#790 = DIRECTION('',(0.,1.,-1.224646799147E-16));
#791 = ORIENTED_EDGE('',*,*,#792,.F.);
#792 = EDGE_CURVE('',#793,#785,#795,.T.);
#793 = VERTEX_POINT('',#794);
#794 = CARTESIAN_POINT('',(-5.94,11.17,-8.881784197001E-16));
#795 = CIRCLE('',#796,2.);
#796 = AXIS2_PLACEMENT_3D('',#797,#798,#799);
#797 = CARTESIAN_POINT('',(-5.94,9.17,0.));
#798 = DIRECTION('',(0.,1.224646799147E-16,1.));
#799 = DIRECTION('',(0.,1.,-1.224646799147E-16));
#800 = ORIENTED_EDGE('',*,*,#801,.T.);
#801 = EDGE_CURVE('',#793,#802,#804,.T.);
#802 = VERTEX_POINT('',#803);
#803 = CARTESIAN_POINT('',(5.94,11.17,-8.881784197001E-16));
#804 = LINE('',#805,#806);
#805 = CARTESIAN_POINT('',(-7.94,11.17,-1.7763568394E-15));
#806 = VECTOR('',#807,1.);
#807 = DIRECTION('',(1.,0.,0.));
#808 = ORIENTED_EDGE('',*,*,#809,.F.);
#809 = EDGE_CURVE('',#810,#802,#812,.T.);
#810 = VERTEX_POINT('',#811);
#811 = CARTESIAN_POINT('',(7.94,9.17,0.));
#812 = CIRCLE('',#813,2.);
#813 = AXIS2_PLACEMENT_3D('',#814,#815,#816);
#814 = CARTESIAN_POINT('',(5.94,9.17,0.));
#815 = DIRECTION('',(0.,1.224646799147E-16,1.));
#816 = DIRECTION('',(0.,1.,-1.224646799147E-16));
#817 = ORIENTED_EDGE('',*,*,#818,.T.);
#818 = EDGE_CURVE('',#810,#819,#821,.T.);
#819 = VERTEX_POINT('',#820);
#820 = CARTESIAN_POINT('',(7.94,-9.17,1.7763568394E-15));
#821 = LINE('',#822,#823);
#822 = CARTESIAN_POINT('',(7.94,11.17,-1.7763568394E-15));
#823 = VECTOR('',#824,1.);
#824 = DIRECTION('',(0.,-1.,1.224646799147E-16));
#825 = ORIENTED_EDGE('',*,*,#826,.F.);
#826 = EDGE_CURVE('',#723,#819,#827,.T.);
#827 = CIRCLE('',#828,2.);
#828 = AXIS2_PLACEMENT_3D('',#829,#830,#831);
#829 = CARTESIAN_POINT('',(5.94,-9.17,1.7763568394E-15));
#830 = DIRECTION('',(0.,1.224646799147E-16,1.));
#831 = DIRECTION('',(0.,1.,-1.224646799147E-16));
#832 = FACE_BOUND('',#833,.T.);
#833 = EDGE_LOOP('',(#834,#845,#853,#862,#870,#879,#887,#896));
#834 = ORIENTED_EDGE('',*,*,#835,.F.);
#835 = EDGE_CURVE('',#836,#838,#840,.T.);
#836 = VERTEX_POINT('',#837);
#837 = CARTESIAN_POINT('',(-3.56,-0.17,0.));
#838 = VERTEX_POINT('',#839);
#839 = CARTESIAN_POINT('',(-4.31,0.579999754904,0.));
#840 = CIRCLE('',#841,0.75);
#841 = AXIS2_PLACEMENT_3D('',#842,#843,#844);
#842 = CARTESIAN_POINT('',(-3.56,0.58,0.));
#843 = DIRECTION('',(0.,-1.224646799147E-16,-1.));
#844 = DIRECTION('',(1.,0.,0.));
#845 = ORIENTED_EDGE('',*,*,#846,.T.);
#846 = EDGE_CURVE('',#836,#847,#849,.T.);
#847 = VERTEX_POINT('',#848);
#848 = CARTESIAN_POINT('',(-1.52,-0.17,0.));
#849 = LINE('',#850,#851);
#850 = CARTESIAN_POINT('',(-3.56,-0.17,0.));
#851 = VECTOR('',#852,1.);
#852 = DIRECTION('',(1.,0.,0.));
#853 = ORIENTED_EDGE('',*,*,#854,.F.);
#854 = EDGE_CURVE('',#855,#847,#857,.T.);
#855 = VERTEX_POINT('',#856);
#856 = CARTESIAN_POINT('',(-0.77,0.58,0.));
#857 = CIRCLE('',#858,0.75);
#858 = AXIS2_PLACEMENT_3D('',#859,#860,#861);
#859 = CARTESIAN_POINT('',(-1.52,0.58,0.));
#860 = DIRECTION('',(0.,-1.224646799147E-16,-1.));
#861 = DIRECTION('',(1.,0.,0.));
#862 = ORIENTED_EDGE('',*,*,#863,.T.);
#863 = EDGE_CURVE('',#855,#864,#866,.T.);
#864 = VERTEX_POINT('',#865);
#865 = CARTESIAN_POINT('',(-0.77,7.700000245096,-8.881784197001E-16));
#866 = LINE('',#867,#868);
#867 = CARTESIAN_POINT('',(-0.77,0.58,0.));
#868 = VECTOR('',#869,1.);
#869 = DIRECTION('',(4.44E-15,1.,-1.224646799147E-16));
#870 = ORIENTED_EDGE('',*,*,#871,.F.);
#871 = EDGE_CURVE('',#872,#864,#874,.T.);
#872 = VERTEX_POINT('',#873);
#873 = CARTESIAN_POINT('',(-1.520000051921,8.450000193175,
    -8.881784197001E-16));
#874 = CIRCLE('',#875,0.75);
#875 = AXIS2_PLACEMENT_3D('',#876,#877,#878);
#876 = CARTESIAN_POINT('',(-1.52,7.700000193175,-8.881784197001E-16));
#877 = DIRECTION('',(0.,-1.224646799147E-16,-1.));
#878 = DIRECTION('',(1.,0.,0.));
#879 = ORIENTED_EDGE('',*,*,#880,.F.);
#880 = EDGE_CURVE('',#881,#872,#883,.T.);
#881 = VERTEX_POINT('',#882);
#882 = CARTESIAN_POINT('',(-3.560000051921,8.450000051919,
    -8.881784197001E-16));
#883 = LINE('',#884,#885);
#884 = CARTESIAN_POINT('',(-3.560000051921,8.450000051919,
    -8.881784197001E-16));
#885 = VECTOR('',#886,1.);
#886 = DIRECTION('',(1.,6.924341623E-08,-8.47987280481E-24));
#887 = ORIENTED_EDGE('',*,*,#888,.F.);
#888 = EDGE_CURVE('',#889,#881,#891,.T.);
#889 = VERTEX_POINT('',#890);
#890 = CARTESIAN_POINT('',(-4.31,7.699999999998,-8.881784197001E-16));
#891 = CIRCLE('',#892,0.75);
#892 = AXIS2_PLACEMENT_3D('',#893,#894,#895);
#893 = CARTESIAN_POINT('',(-3.56,7.700000051919,-8.881784197001E-16));
#894 = DIRECTION('',(0.,-1.224646799147E-16,-1.));
#895 = DIRECTION('',(1.,0.,0.));
#896 = ORIENTED_EDGE('',*,*,#897,.T.);
#897 = EDGE_CURVE('',#889,#838,#898,.T.);
#898 = LINE('',#899,#900);
#899 = CARTESIAN_POINT('',(-4.31,7.699999999998,-8.881784197001E-16));
#900 = VECTOR('',#901,1.);
#901 = DIRECTION('',(0.,-1.,1.224646799147E-16));
#902 = FACE_BOUND('',#903,.T.);
#903 = EDGE_LOOP('',(#904,#915,#923,#932,#940,#949,#957,#966));
#904 = ORIENTED_EDGE('',*,*,#905,.F.);
#905 = EDGE_CURVE('',#906,#908,#910,.T.);
#906 = VERTEX_POINT('',#907);
#907 = CARTESIAN_POINT('',(1.52,-0.170000122549,0.));
#908 = VERTEX_POINT('',#909);
#909 = CARTESIAN_POINT('',(0.77,0.579999877451,0.));
#910 = CIRCLE('',#911,0.75);
#911 = AXIS2_PLACEMENT_3D('',#912,#913,#914);
#912 = CARTESIAN_POINT('',(1.52,0.579999877451,0.));
#913 = DIRECTION('',(0.,-1.224646799147E-16,-1.));
#914 = DIRECTION('',(1.,0.,0.));
#915 = ORIENTED_EDGE('',*,*,#916,.T.);
#916 = EDGE_CURVE('',#906,#917,#919,.T.);
#917 = VERTEX_POINT('',#918);
#918 = CARTESIAN_POINT('',(3.56,-0.170000122549,0.));
#919 = LINE('',#920,#921);
#920 = CARTESIAN_POINT('',(1.52,-0.170000122549,0.));
#921 = VECTOR('',#922,1.);
#922 = DIRECTION('',(1.,0.,0.));
#923 = ORIENTED_EDGE('',*,*,#924,.F.);
#924 = EDGE_CURVE('',#925,#917,#927,.T.);
#925 = VERTEX_POINT('',#926);
#926 = CARTESIAN_POINT('',(4.31,0.579999877451,0.));
#927 = CIRCLE('',#928,0.75);
#928 = AXIS2_PLACEMENT_3D('',#929,#930,#931);
#929 = CARTESIAN_POINT('',(3.56,0.579999877451,0.));
#930 = DIRECTION('',(0.,-1.224646799147E-16,-1.));
#931 = DIRECTION('',(1.,0.,0.));
#932 = ORIENTED_EDGE('',*,*,#933,.F.);
#933 = EDGE_CURVE('',#934,#925,#936,.T.);
#934 = VERTEX_POINT('',#935);
#935 = CARTESIAN_POINT('',(4.31,7.700000122549,-8.881784197001E-16));
#936 = LINE('',#937,#938);
#937 = CARTESIAN_POINT('',(4.31,7.700000122549,-8.881784197001E-16));
#938 = VECTOR('',#939,1.);
#939 = DIRECTION('',(0.,-1.,1.224646799147E-16));
#940 = ORIENTED_EDGE('',*,*,#941,.F.);
#941 = EDGE_CURVE('',#942,#934,#944,.T.);
#942 = VERTEX_POINT('',#943);
#943 = CARTESIAN_POINT('',(3.56,8.450000122549,-8.881784197001E-16));
#944 = CIRCLE('',#945,0.75);
#945 = AXIS2_PLACEMENT_3D('',#946,#947,#948);
#946 = CARTESIAN_POINT('',(3.56,7.700000122549,-8.881784197001E-16));
#947 = DIRECTION('',(0.,-1.224646799147E-16,-1.));
#948 = DIRECTION('',(1.,0.,0.));
#949 = ORIENTED_EDGE('',*,*,#950,.F.);
#950 = EDGE_CURVE('',#951,#942,#953,.T.);
#951 = VERTEX_POINT('',#952);
#952 = CARTESIAN_POINT('',(1.52,8.450000122549,-8.881784197001E-16));
#953 = LINE('',#954,#955);
#954 = CARTESIAN_POINT('',(1.52,8.450000122549,-8.881784197001E-16));
#955 = VECTOR('',#956,1.);
#956 = DIRECTION('',(1.,0.,0.));
#957 = ORIENTED_EDGE('',*,*,#958,.F.);
#958 = EDGE_CURVE('',#959,#951,#961,.T.);
#959 = VERTEX_POINT('',#960);
#960 = CARTESIAN_POINT('',(0.77,7.700000122549,-8.881784197001E-16));
#961 = CIRCLE('',#962,0.75);
#962 = AXIS2_PLACEMENT_3D('',#963,#964,#965);
#963 = CARTESIAN_POINT('',(1.52,7.700000122549,-8.881784197001E-16));
#964 = DIRECTION('',(0.,-1.224646799147E-16,-1.));
#965 = DIRECTION('',(1.,0.,0.));
#966 = ORIENTED_EDGE('',*,*,#967,.F.);
#967 = EDGE_CURVE('',#908,#959,#968,.T.);
#968 = LINE('',#969,#970);
#969 = CARTESIAN_POINT('',(0.77,0.579999877451,0.));
#970 = VECTOR('',#971,1.);
#971 = DIRECTION('',(0.,1.,-1.224646799147E-16));
#972 = PLANE('',#973);
#973 = AXIS2_PLACEMENT_3D('',#974,#975,#976);
#974 = CARTESIAN_POINT('',(0.,-9.429780353435E-16,0.));
#975 = DIRECTION('',(0.,-1.224646799147E-16,-1.));
#976 = DIRECTION('',(1.,0.,0.));
#977 = ADVANCED_FACE('',(#978),#1017,.T.);
#978 = FACE_BOUND('',#979,.T.);
#979 = EDGE_LOOP('',(#980,#981,#987,#988,#996,#1004,#1010,#1011));
#980 = ORIENTED_EDGE('',*,*,#433,.T.);
#981 = ORIENTED_EDGE('',*,*,#982,.T.);
#982 = EDGE_CURVE('',#425,#94,#983,.T.);
#983 = LINE('',#984,#985);
#984 = CARTESIAN_POINT('',(-2.72,-9.17,2.));
#985 = VECTOR('',#986,1.);
#986 = DIRECTION('',(0.,1.224646799147E-16,1.));
#987 = ORIENTED_EDGE('',*,*,#93,.T.);
#988 = ORIENTED_EDGE('',*,*,#989,.F.);
#989 = EDGE_CURVE('',#990,#96,#992,.T.);
#990 = VERTEX_POINT('',#991);
#991 = CARTESIAN_POINT('',(-2.72,-9.97,7.7));
#992 = LINE('',#993,#994);
#993 = CARTESIAN_POINT('',(-2.72,-9.97,7.7));
#994 = VECTOR('',#995,1.);
#995 = DIRECTION('',(0.,-1.224646799147E-16,-1.));
#996 = ORIENTED_EDGE('',*,*,#997,.F.);
#997 = EDGE_CURVE('',#998,#990,#1000,.T.);
#998 = VERTEX_POINT('',#999);
#999 = CARTESIAN_POINT('',(-2.72,-10.17,7.7));
#1000 = LINE('',#1001,#1002);
#1001 = CARTESIAN_POINT('',(-2.72,-11.17,7.7));
#1002 = VECTOR('',#1003,1.);
#1003 = DIRECTION('',(0.,1.,-1.224646799147E-16));
#1004 = ORIENTED_EDGE('',*,*,#1005,.T.);
#1005 = EDGE_CURVE('',#998,#751,#1006,.T.);
#1006 = LINE('',#1007,#1008);
#1007 = CARTESIAN_POINT('',(-2.72,-10.17,7.7));
#1008 = VECTOR('',#1009,1.);
#1009 = DIRECTION('',(0.,-1.224646799147E-16,-1.));
#1010 = ORIENTED_EDGE('',*,*,#750,.F.);
#1011 = ORIENTED_EDGE('',*,*,#1012,.F.);
#1012 = EDGE_CURVE('',#434,#742,#1013,.T.);
#1013 = LINE('',#1014,#1015);
#1014 = CARTESIAN_POINT('',(-2.72,-9.97,7.7));
#1015 = VECTOR('',#1016,1.);
#1016 = DIRECTION('',(0.,-1.224646799147E-16,-1.));
#1017 = PLANE('',#1018);
#1018 = AXIS2_PLACEMENT_3D('',#1019,#1020,#1021);
#1019 = CARTESIAN_POINT('',(-2.72,-10.20803921568,3.816862745098));
#1020 = DIRECTION('',(1.,0.,0.));
#1021 = DIRECTION('',(0.,-1.224646799147E-16,-1.));
#1022 = ADVANCED_FACE('',(#1023),#1034,.T.);
#1023 = FACE_BOUND('',#1024,.T.);
#1024 = EDGE_LOOP('',(#1025,#1026,#1032,#1033));
#1025 = ORIENTED_EDGE('',*,*,#424,.T.);
#1026 = ORIENTED_EDGE('',*,*,#1027,.T.);
#1027 = EDGE_CURVE('',#417,#274,#1028,.T.);
#1028 = LINE('',#1029,#1030);
#1029 = CARTESIAN_POINT('',(-3.22,-8.67,2.));
#1030 = VECTOR('',#1031,1.);
#1031 = DIRECTION('',(0.,1.224646799147E-16,1.));
#1032 = ORIENTED_EDGE('',*,*,#281,.F.);
#1033 = ORIENTED_EDGE('',*,*,#982,.F.);
#1034 = CYLINDRICAL_SURFACE('',#1035,0.5);
#1035 = AXIS2_PLACEMENT_3D('',#1036,#1037,#1038);
#1036 = CARTESIAN_POINT('',(-3.22,-9.17,2.));
#1037 = DIRECTION('',(0.,1.224646799147E-16,1.));
#1038 = DIRECTION('',(1.,0.,0.));
#1039 = ADVANCED_FACE('',(#1040),#1059,.T.);
#1040 = FACE_BOUND('',#1041,.F.);
#1041 = EDGE_LOOP('',(#1042,#1050,#1051,#1052));
#1042 = ORIENTED_EDGE('',*,*,#1043,.T.);
#1043 = EDGE_CURVE('',#1044,#104,#1046,.T.);
#1044 = VERTEX_POINT('',#1045);
#1045 = CARTESIAN_POINT('',(-3.47,-9.22,7.7));
#1046 = LINE('',#1047,#1048);
#1047 = CARTESIAN_POINT('',(-3.47,-9.22,7.7));
#1048 = VECTOR('',#1049,1.);
#1049 = DIRECTION('',(0.,-1.224646799147E-16,-1.));
#1050 = ORIENTED_EDGE('',*,*,#103,.T.);
#1051 = ORIENTED_EDGE('',*,*,#989,.F.);
#1052 = ORIENTED_EDGE('',*,*,#1053,.F.);
#1053 = EDGE_CURVE('',#1044,#990,#1054,.T.);
#1054 = CIRCLE('',#1055,0.75);
#1055 = AXIS2_PLACEMENT_3D('',#1056,#1057,#1058);
#1056 = CARTESIAN_POINT('',(-3.47,-9.97,7.7));
#1057 = DIRECTION('',(0.,-1.224646799147E-16,-1.));
#1058 = DIRECTION('',(1.,0.,0.));
#1059 = CYLINDRICAL_SURFACE('',#1060,0.75);
#1060 = AXIS2_PLACEMENT_3D('',#1061,#1062,#1063);
#1061 = CARTESIAN_POINT('',(-3.47,-9.97,7.7));
#1062 = DIRECTION('',(0.,1.224646799147E-16,1.));
#1063 = DIRECTION('',(1.,0.,0.));
#1064 = ADVANCED_FACE('',(#1065),#1076,.F.);
#1065 = FACE_BOUND('',#1066,.F.);
#1066 = EDGE_LOOP('',(#1067,#1068,#1074,#1075));
#1067 = ORIENTED_EDGE('',*,*,#273,.F.);
#1068 = ORIENTED_EDGE('',*,*,#1069,.T.);
#1069 = EDGE_CURVE('',#265,#408,#1070,.T.);
#1070 = LINE('',#1071,#1072);
#1071 = CARTESIAN_POINT('',(-3.69,-8.67,7.7));
#1072 = VECTOR('',#1073,1.);
#1073 = DIRECTION('',(0.,-1.224646799147E-16,-1.));
#1074 = ORIENTED_EDGE('',*,*,#416,.T.);
#1075 = ORIENTED_EDGE('',*,*,#1027,.T.);
#1076 = PLANE('',#1077);
#1077 = AXIS2_PLACEMENT_3D('',#1078,#1079,#1080);
#1078 = CARTESIAN_POINT('',(-3.69,-8.67,7.7));
#1079 = DIRECTION('',(0.,-1.,1.224646799147E-16));
#1080 = DIRECTION('',(1.,0.,0.));
#1081 = ADVANCED_FACE('',(#1082),#1100,.F.);
#1082 = FACE_BOUND('',#1083,.F.);
#1083 = EDGE_LOOP('',(#1084,#1092,#1093,#1094));
#1084 = ORIENTED_EDGE('',*,*,#1085,.T.);
#1085 = EDGE_CURVE('',#1086,#113,#1088,.T.);
#1086 = VERTEX_POINT('',#1087);
#1087 = CARTESIAN_POINT('',(-3.69,-9.22,7.7));
#1088 = LINE('',#1089,#1090);
#1089 = CARTESIAN_POINT('',(-3.69,-9.22,7.7));
#1090 = VECTOR('',#1091,1.);
#1091 = DIRECTION('',(0.,-1.224646799147E-16,-1.));
#1092 = ORIENTED_EDGE('',*,*,#112,.T.);
#1093 = ORIENTED_EDGE('',*,*,#1043,.F.);
#1094 = ORIENTED_EDGE('',*,*,#1095,.F.);
#1095 = EDGE_CURVE('',#1086,#1044,#1096,.T.);
#1096 = LINE('',#1097,#1098);
#1097 = CARTESIAN_POINT('',(-3.69,-9.22,7.7));
#1098 = VECTOR('',#1099,1.);
#1099 = DIRECTION('',(1.,0.,0.));
#1100 = PLANE('',#1101);
#1101 = AXIS2_PLACEMENT_3D('',#1102,#1103,#1104);
#1102 = CARTESIAN_POINT('',(-3.69,-9.22,7.7));
#1103 = DIRECTION('',(0.,-1.,1.224646799147E-16));
#1104 = DIRECTION('',(1.,0.,0.));
#1105 = ADVANCED_FACE('',(#1106),#1117,.F.);
#1106 = FACE_BOUND('',#1107,.T.);
#1107 = EDGE_LOOP('',(#1108,#1109,#1110,#1111));
#1108 = ORIENTED_EDGE('',*,*,#264,.T.);
#1109 = ORIENTED_EDGE('',*,*,#1069,.T.);
#1110 = ORIENTED_EDGE('',*,*,#407,.T.);
#1111 = ORIENTED_EDGE('',*,*,#1112,.F.);
#1112 = EDGE_CURVE('',#257,#400,#1113,.T.);
#1113 = LINE('',#1114,#1115);
#1114 = CARTESIAN_POINT('',(-5.44,-6.92,7.7));
#1115 = VECTOR('',#1116,1.);
#1116 = DIRECTION('',(0.,-1.224646799147E-16,-1.));
#1117 = CYLINDRICAL_SURFACE('',#1118,1.75);
#1118 = AXIS2_PLACEMENT_3D('',#1119,#1120,#1121);
#1119 = CARTESIAN_POINT('',(-3.69,-6.92,7.7));
#1120 = DIRECTION('',(0.,1.224646799147E-16,1.));
#1121 = DIRECTION('',(1.,0.,0.));
#1122 = ADVANCED_FACE('',(#1123),#1176,.F.);
#1123 = FACE_BOUND('',#1124,.T.);
#1124 = EDGE_LOOP('',(#1125,#1134,#1135,#1136,#1144,#1153,#1161,#1170));
#1125 = ORIENTED_EDGE('',*,*,#1126,.F.);
#1126 = EDGE_CURVE('',#1086,#1127,#1129,.T.);
#1127 = VERTEX_POINT('',#1128);
#1128 = CARTESIAN_POINT('',(-4.05481610347,-9.190882914342,7.7));
#1129 = CIRCLE('',#1130,2.3);
#1130 = AXIS2_PLACEMENT_3D('',#1131,#1132,#1133);
#1131 = CARTESIAN_POINT('',(-3.69,-6.92,7.7));
#1132 = DIRECTION('',(0.,-1.224646799147E-16,-1.));
#1133 = DIRECTION('',(1.,0.,0.));
#1134 = ORIENTED_EDGE('',*,*,#1085,.T.);
#1135 = ORIENTED_EDGE('',*,*,#120,.T.);
#1136 = ORIENTED_EDGE('',*,*,#1137,.F.);
#1137 = EDGE_CURVE('',#1138,#121,#1140,.T.);
#1138 = VERTEX_POINT('',#1139);
#1139 = CARTESIAN_POINT('',(-5.99,-6.92,7.7));
#1140 = LINE('',#1141,#1142);
#1141 = CARTESIAN_POINT('',(-5.99,-6.92,7.7));
#1142 = VECTOR('',#1143,1.);
#1143 = DIRECTION('',(0.,-1.224646799147E-16,-1.));
#1144 = ORIENTED_EDGE('',*,*,#1145,.F.);
#1145 = EDGE_CURVE('',#1146,#1138,#1148,.T.);
#1146 = VERTEX_POINT('',#1147);
#1147 = CARTESIAN_POINT('',(-5.96761956521,-7.240076734819,7.7));
#1148 = CIRCLE('',#1149,2.3);
#1149 = AXIS2_PLACEMENT_3D('',#1150,#1151,#1152);
#1150 = CARTESIAN_POINT('',(-3.69,-6.92,7.7));
#1151 = DIRECTION('',(0.,-1.224646799147E-16,-1.));
#1152 = DIRECTION('',(1.,0.,0.));
#1153 = ORIENTED_EDGE('',*,*,#1154,.F.);
#1154 = EDGE_CURVE('',#1155,#1146,#1157,.T.);
#1155 = VERTEX_POINT('',#1156);
#1156 = CARTESIAN_POINT('',(-5.96761956521,-7.240076734819,6.6));
#1157 = LINE('',#1158,#1159);
#1158 = CARTESIAN_POINT('',(-5.96761956521,-7.240076734819,7.7));
#1159 = VECTOR('',#1160,1.);
#1160 = DIRECTION('',(0.,1.224646799147E-16,1.));
#1161 = ORIENTED_EDGE('',*,*,#1162,.T.);
#1162 = EDGE_CURVE('',#1155,#1163,#1165,.T.);
#1163 = VERTEX_POINT('',#1164);
#1164 = CARTESIAN_POINT('',(-4.05481610347,-9.190882914342,6.6));
#1165 = CIRCLE('',#1166,2.3);
#1166 = AXIS2_PLACEMENT_3D('',#1167,#1168,#1169);
#1167 = CARTESIAN_POINT('',(-3.69,-6.92,6.6));
#1168 = DIRECTION('',(-0.,1.224646799147E-16,1.));
#1169 = DIRECTION('',(1.,0.,0.));
#1170 = ORIENTED_EDGE('',*,*,#1171,.T.);
#1171 = EDGE_CURVE('',#1163,#1127,#1172,.T.);
#1172 = LINE('',#1173,#1174);
#1173 = CARTESIAN_POINT('',(-4.05481610347,-9.190882914342,7.7));
#1174 = VECTOR('',#1175,1.);
#1175 = DIRECTION('',(0.,1.224646799147E-16,1.));
#1176 = CYLINDRICAL_SURFACE('',#1177,2.3);
#1177 = AXIS2_PLACEMENT_3D('',#1178,#1179,#1180);
#1178 = CARTESIAN_POINT('',(-3.69,-6.92,7.7));
#1179 = DIRECTION('',(0.,1.224646799147E-16,1.));
#1180 = DIRECTION('',(1.,0.,0.));
#1181 = ADVANCED_FACE('',(#1182),#1193,.F.);
#1182 = FACE_BOUND('',#1183,.F.);
#1183 = EDGE_LOOP('',(#1184,#1185,#1191,#1192));
#1184 = ORIENTED_EDGE('',*,*,#256,.F.);
#1185 = ORIENTED_EDGE('',*,*,#1186,.T.);
#1186 = EDGE_CURVE('',#248,#391,#1187,.T.);
#1187 = LINE('',#1188,#1189);
#1188 = CARTESIAN_POINT('',(-5.44,6.92,7.7));
#1189 = VECTOR('',#1190,1.);
#1190 = DIRECTION('',(0.,-1.224646799147E-16,-1.));
#1191 = ORIENTED_EDGE('',*,*,#399,.T.);
#1192 = ORIENTED_EDGE('',*,*,#1112,.F.);
#1193 = PLANE('',#1194);
#1194 = AXIS2_PLACEMENT_3D('',#1195,#1196,#1197);
#1195 = CARTESIAN_POINT('',(-5.44,6.92,7.7));
#1196 = DIRECTION('',(-1.,0.,0.));
#1197 = DIRECTION('',(0.,-1.,1.224646799147E-16));
#1198 = ADVANCED_FACE('',(#1199),#1217,.F.);
#1199 = FACE_BOUND('',#1200,.F.);
#1200 = EDGE_LOOP('',(#1201,#1209,#1210,#1211));
#1201 = ORIENTED_EDGE('',*,*,#1202,.T.);
#1202 = EDGE_CURVE('',#1203,#130,#1205,.T.);
#1203 = VERTEX_POINT('',#1204);
#1204 = CARTESIAN_POINT('',(-5.99,6.92,7.7));
#1205 = LINE('',#1206,#1207);
#1206 = CARTESIAN_POINT('',(-5.99,6.92,7.7));
#1207 = VECTOR('',#1208,1.);
#1208 = DIRECTION('',(0.,-1.224646799147E-16,-1.));
#1209 = ORIENTED_EDGE('',*,*,#129,.T.);
#1210 = ORIENTED_EDGE('',*,*,#1137,.F.);
#1211 = ORIENTED_EDGE('',*,*,#1212,.F.);
#1212 = EDGE_CURVE('',#1203,#1138,#1213,.T.);
#1213 = LINE('',#1214,#1215);
#1214 = CARTESIAN_POINT('',(-5.99,6.92,7.7));
#1215 = VECTOR('',#1216,1.);
#1216 = DIRECTION('',(0.,-1.,1.224646799147E-16));
#1217 = PLANE('',#1218);
#1218 = AXIS2_PLACEMENT_3D('',#1219,#1220,#1221);
#1219 = CARTESIAN_POINT('',(-5.99,6.92,7.7));
#1220 = DIRECTION('',(-1.,0.,0.));
#1221 = DIRECTION('',(0.,-1.,1.224646799147E-16));
#1222 = ADVANCED_FACE('',(#1223),#1234,.F.);
#1223 = FACE_BOUND('',#1224,.T.);
#1224 = EDGE_LOOP('',(#1225,#1226,#1227,#1228));
#1225 = ORIENTED_EDGE('',*,*,#247,.T.);
#1226 = ORIENTED_EDGE('',*,*,#1186,.T.);
#1227 = ORIENTED_EDGE('',*,*,#390,.T.);
#1228 = ORIENTED_EDGE('',*,*,#1229,.F.);
#1229 = EDGE_CURVE('',#240,#383,#1230,.T.);
#1230 = LINE('',#1231,#1232);
#1231 = CARTESIAN_POINT('',(-3.69,8.67,7.7));
#1232 = VECTOR('',#1233,1.);
#1233 = DIRECTION('',(0.,-1.224646799147E-16,-1.));
#1234 = CYLINDRICAL_SURFACE('',#1235,1.75);
#1235 = AXIS2_PLACEMENT_3D('',#1236,#1237,#1238);
#1236 = CARTESIAN_POINT('',(-3.69,6.92,7.7));
#1237 = DIRECTION('',(0.,1.224646799147E-16,1.));
#1238 = DIRECTION('',(1.,0.,0.));
#1239 = ADVANCED_FACE('',(#1240),#1293,.F.);
#1240 = FACE_BOUND('',#1241,.T.);
#1241 = EDGE_LOOP('',(#1242,#1251,#1252,#1253,#1261,#1270,#1278,#1287));
#1242 = ORIENTED_EDGE('',*,*,#1243,.F.);
#1243 = EDGE_CURVE('',#1203,#1244,#1246,.T.);
#1244 = VERTEX_POINT('',#1245);
#1245 = CARTESIAN_POINT('',(-5.96761956521,7.24007673482,7.7));
#1246 = CIRCLE('',#1247,2.3);
#1247 = AXIS2_PLACEMENT_3D('',#1248,#1249,#1250);
#1248 = CARTESIAN_POINT('',(-3.69,6.92,7.7));
#1249 = DIRECTION('',(0.,-1.224646799147E-16,-1.));
#1250 = DIRECTION('',(1.,0.,0.));
#1251 = ORIENTED_EDGE('',*,*,#1202,.T.);
#1252 = ORIENTED_EDGE('',*,*,#137,.T.);
#1253 = ORIENTED_EDGE('',*,*,#1254,.F.);
#1254 = EDGE_CURVE('',#1255,#138,#1257,.T.);
#1255 = VERTEX_POINT('',#1256);
#1256 = CARTESIAN_POINT('',(-3.69,9.22,7.7));
#1257 = LINE('',#1258,#1259);
#1258 = CARTESIAN_POINT('',(-3.69,9.22,7.7));
#1259 = VECTOR('',#1260,1.);
#1260 = DIRECTION('',(0.,-1.224646799147E-16,-1.));
#1261 = ORIENTED_EDGE('',*,*,#1262,.F.);
#1262 = EDGE_CURVE('',#1263,#1255,#1265,.T.);
#1263 = VERTEX_POINT('',#1264);
#1264 = CARTESIAN_POINT('',(-4.054816103469,9.190882914342,7.7));
#1265 = CIRCLE('',#1266,2.3);
#1266 = AXIS2_PLACEMENT_3D('',#1267,#1268,#1269);
#1267 = CARTESIAN_POINT('',(-3.69,6.92,7.7));
#1268 = DIRECTION('',(0.,-1.224646799147E-16,-1.));
#1269 = DIRECTION('',(1.,0.,0.));
#1270 = ORIENTED_EDGE('',*,*,#1271,.F.);
#1271 = EDGE_CURVE('',#1272,#1263,#1274,.T.);
#1272 = VERTEX_POINT('',#1273);
#1273 = CARTESIAN_POINT('',(-4.054816103469,9.190882914342,6.6));
#1274 = LINE('',#1275,#1276);
#1275 = CARTESIAN_POINT('',(-4.054816103469,9.190882914342,7.7));
#1276 = VECTOR('',#1277,1.);
#1277 = DIRECTION('',(0.,1.224646799147E-16,1.));
#1278 = ORIENTED_EDGE('',*,*,#1279,.T.);
#1279 = EDGE_CURVE('',#1272,#1280,#1282,.T.);
#1280 = VERTEX_POINT('',#1281);
#1281 = CARTESIAN_POINT('',(-5.96761956521,7.24007673482,6.6));
#1282 = CIRCLE('',#1283,2.3);
#1283 = AXIS2_PLACEMENT_3D('',#1284,#1285,#1286);
#1284 = CARTESIAN_POINT('',(-3.69,6.92,6.6));
#1285 = DIRECTION('',(-0.,1.224646799147E-16,1.));
#1286 = DIRECTION('',(1.,0.,0.));
#1287 = ORIENTED_EDGE('',*,*,#1288,.T.);
#1288 = EDGE_CURVE('',#1280,#1244,#1289,.T.);
#1289 = LINE('',#1290,#1291);
#1290 = CARTESIAN_POINT('',(-5.96761956521,7.24007673482,7.7));
#1291 = VECTOR('',#1292,1.);
#1292 = DIRECTION('',(0.,1.224646799147E-16,1.));
#1293 = CYLINDRICAL_SURFACE('',#1294,2.3);
#1294 = AXIS2_PLACEMENT_3D('',#1295,#1296,#1297);
#1295 = CARTESIAN_POINT('',(-3.69,6.92,7.7));
#1296 = DIRECTION('',(0.,1.224646799147E-16,1.));
#1297 = DIRECTION('',(1.,0.,0.));
#1298 = ADVANCED_FACE('',(#1299),#1310,.F.);
#1299 = FACE_BOUND('',#1300,.F.);
#1300 = EDGE_LOOP('',(#1301,#1302,#1308,#1309));
#1301 = ORIENTED_EDGE('',*,*,#239,.F.);
#1302 = ORIENTED_EDGE('',*,*,#1303,.T.);
#1303 = EDGE_CURVE('',#231,#374,#1304,.T.);
#1304 = LINE('',#1305,#1306);
#1305 = CARTESIAN_POINT('',(3.69,8.67,7.7));
#1306 = VECTOR('',#1307,1.);
#1307 = DIRECTION('',(0.,-1.224646799147E-16,-1.));
#1308 = ORIENTED_EDGE('',*,*,#382,.T.);
#1309 = ORIENTED_EDGE('',*,*,#1229,.F.);
#1310 = PLANE('',#1311);
#1311 = AXIS2_PLACEMENT_3D('',#1312,#1313,#1314);
#1312 = CARTESIAN_POINT('',(3.69,8.67,7.7));
#1313 = DIRECTION('',(0.,1.,-1.224646799147E-16));
#1314 = DIRECTION('',(-1.,0.,0.));
#1315 = ADVANCED_FACE('',(#1316),#1334,.F.);
#1316 = FACE_BOUND('',#1317,.F.);
#1317 = EDGE_LOOP('',(#1318,#1326,#1327,#1328));
#1318 = ORIENTED_EDGE('',*,*,#1319,.T.);
#1319 = EDGE_CURVE('',#1320,#147,#1322,.T.);
#1320 = VERTEX_POINT('',#1321);
#1321 = CARTESIAN_POINT('',(3.69,9.22,7.7));
#1322 = LINE('',#1323,#1324);
#1323 = CARTESIAN_POINT('',(3.69,9.22,7.7));
#1324 = VECTOR('',#1325,1.);
#1325 = DIRECTION('',(0.,-1.224646799147E-16,-1.));
#1326 = ORIENTED_EDGE('',*,*,#146,.T.);
#1327 = ORIENTED_EDGE('',*,*,#1254,.F.);
#1328 = ORIENTED_EDGE('',*,*,#1329,.F.);
#1329 = EDGE_CURVE('',#1320,#1255,#1330,.T.);
#1330 = LINE('',#1331,#1332);
#1331 = CARTESIAN_POINT('',(3.69,9.22,7.7));
#1332 = VECTOR('',#1333,1.);
#1333 = DIRECTION('',(-1.,0.,0.));
#1334 = PLANE('',#1335);
#1335 = AXIS2_PLACEMENT_3D('',#1336,#1337,#1338);
#1336 = CARTESIAN_POINT('',(3.69,9.22,7.7));
#1337 = DIRECTION('',(0.,1.,-1.224646799147E-16));
#1338 = DIRECTION('',(-1.,0.,0.));
#1339 = ADVANCED_FACE('',(#1340),#1351,.F.);
#1340 = FACE_BOUND('',#1341,.T.);
#1341 = EDGE_LOOP('',(#1342,#1343,#1344,#1345));
#1342 = ORIENTED_EDGE('',*,*,#230,.T.);
#1343 = ORIENTED_EDGE('',*,*,#1303,.T.);
#1344 = ORIENTED_EDGE('',*,*,#373,.T.);
#1345 = ORIENTED_EDGE('',*,*,#1346,.F.);
#1346 = EDGE_CURVE('',#223,#366,#1347,.T.);
#1347 = LINE('',#1348,#1349);
#1348 = CARTESIAN_POINT('',(5.44,6.92,7.7));
#1349 = VECTOR('',#1350,1.);
#1350 = DIRECTION('',(0.,-1.224646799147E-16,-1.));
#1351 = CYLINDRICAL_SURFACE('',#1352,1.75);
#1352 = AXIS2_PLACEMENT_3D('',#1353,#1354,#1355);
#1353 = CARTESIAN_POINT('',(3.69,6.92,7.7));
#1354 = DIRECTION('',(0.,1.224646799147E-16,1.));
#1355 = DIRECTION('',(1.,0.,0.));
#1356 = ADVANCED_FACE('',(#1357),#1410,.F.);
#1357 = FACE_BOUND('',#1358,.T.);
#1358 = EDGE_LOOP('',(#1359,#1368,#1369,#1370,#1378,#1387,#1395,#1404));
#1359 = ORIENTED_EDGE('',*,*,#1360,.F.);
#1360 = EDGE_CURVE('',#1320,#1361,#1363,.T.);
#1361 = VERTEX_POINT('',#1362);
#1362 = CARTESIAN_POINT('',(4.05481610347,9.190882914342,7.7));
#1363 = CIRCLE('',#1364,2.3);
#1364 = AXIS2_PLACEMENT_3D('',#1365,#1366,#1367);
#1365 = CARTESIAN_POINT('',(3.69,6.92,7.7));
#1366 = DIRECTION('',(0.,-1.224646799147E-16,-1.));
#1367 = DIRECTION('',(1.,0.,0.));
#1368 = ORIENTED_EDGE('',*,*,#1319,.T.);
#1369 = ORIENTED_EDGE('',*,*,#154,.T.);
#1370 = ORIENTED_EDGE('',*,*,#1371,.F.);
#1371 = EDGE_CURVE('',#1372,#155,#1374,.T.);
#1372 = VERTEX_POINT('',#1373);
#1373 = CARTESIAN_POINT('',(5.99,6.92,7.7));
#1374 = LINE('',#1375,#1376);
#1375 = CARTESIAN_POINT('',(5.99,6.92,7.7));
#1376 = VECTOR('',#1377,1.);
#1377 = DIRECTION('',(0.,-1.224646799147E-16,-1.));
#1378 = ORIENTED_EDGE('',*,*,#1379,.F.);
#1379 = EDGE_CURVE('',#1380,#1372,#1382,.T.);
#1380 = VERTEX_POINT('',#1381);
#1381 = CARTESIAN_POINT('',(5.96761956521,7.240076734819,7.7));
#1382 = CIRCLE('',#1383,2.3);
#1383 = AXIS2_PLACEMENT_3D('',#1384,#1385,#1386);
#1384 = CARTESIAN_POINT('',(3.69,6.92,7.7));
#1385 = DIRECTION('',(0.,-1.224646799147E-16,-1.));
#1386 = DIRECTION('',(1.,0.,0.));
#1387 = ORIENTED_EDGE('',*,*,#1388,.F.);
#1388 = EDGE_CURVE('',#1389,#1380,#1391,.T.);
#1389 = VERTEX_POINT('',#1390);
#1390 = CARTESIAN_POINT('',(5.96761956521,7.240076734819,6.6));
#1391 = LINE('',#1392,#1393);
#1392 = CARTESIAN_POINT('',(5.96761956521,7.240076734819,7.7));
#1393 = VECTOR('',#1394,1.);
#1394 = DIRECTION('',(0.,1.224646799147E-16,1.));
#1395 = ORIENTED_EDGE('',*,*,#1396,.T.);
#1396 = EDGE_CURVE('',#1389,#1397,#1399,.T.);
#1397 = VERTEX_POINT('',#1398);
#1398 = CARTESIAN_POINT('',(4.05481610347,9.190882914342,6.6));
#1399 = CIRCLE('',#1400,2.3);
#1400 = AXIS2_PLACEMENT_3D('',#1401,#1402,#1403);
#1401 = CARTESIAN_POINT('',(3.69,6.92,6.6));
#1402 = DIRECTION('',(-0.,1.224646799147E-16,1.));
#1403 = DIRECTION('',(1.,0.,0.));
#1404 = ORIENTED_EDGE('',*,*,#1405,.T.);
#1405 = EDGE_CURVE('',#1397,#1361,#1406,.T.);
#1406 = LINE('',#1407,#1408);
#1407 = CARTESIAN_POINT('',(4.05481610347,9.190882914342,7.7));
#1408 = VECTOR('',#1409,1.);
#1409 = DIRECTION('',(0.,1.224646799147E-16,1.));
#1410 = CYLINDRICAL_SURFACE('',#1411,2.3);
#1411 = AXIS2_PLACEMENT_3D('',#1412,#1413,#1414);
#1412 = CARTESIAN_POINT('',(3.69,6.92,7.7));
#1413 = DIRECTION('',(0.,1.224646799147E-16,1.));
#1414 = DIRECTION('',(1.,0.,0.));
#1415 = ADVANCED_FACE('',(#1416),#1427,.F.);
#1416 = FACE_BOUND('',#1417,.F.);
#1417 = EDGE_LOOP('',(#1418,#1419,#1425,#1426));
#1418 = ORIENTED_EDGE('',*,*,#222,.F.);
#1419 = ORIENTED_EDGE('',*,*,#1420,.T.);
#1420 = EDGE_CURVE('',#214,#357,#1421,.T.);
#1421 = LINE('',#1422,#1423);
#1422 = CARTESIAN_POINT('',(5.44,-6.92,7.7));
#1423 = VECTOR('',#1424,1.);
#1424 = DIRECTION('',(0.,-1.224646799147E-16,-1.));
#1425 = ORIENTED_EDGE('',*,*,#365,.T.);
#1426 = ORIENTED_EDGE('',*,*,#1346,.F.);
#1427 = PLANE('',#1428);
#1428 = AXIS2_PLACEMENT_3D('',#1429,#1430,#1431);
#1429 = CARTESIAN_POINT('',(5.44,-6.92,7.7));
#1430 = DIRECTION('',(1.,0.,0.));
#1431 = DIRECTION('',(0.,1.,-1.224646799147E-16));
#1432 = ADVANCED_FACE('',(#1433),#1451,.F.);
#1433 = FACE_BOUND('',#1434,.F.);
#1434 = EDGE_LOOP('',(#1435,#1443,#1444,#1445));
#1435 = ORIENTED_EDGE('',*,*,#1436,.T.);
#1436 = EDGE_CURVE('',#1437,#164,#1439,.T.);
#1437 = VERTEX_POINT('',#1438);
#1438 = CARTESIAN_POINT('',(5.99,-6.92,7.7));
#1439 = LINE('',#1440,#1441);
#1440 = CARTESIAN_POINT('',(5.99,-6.92,7.7));
#1441 = VECTOR('',#1442,1.);
#1442 = DIRECTION('',(0.,-1.224646799147E-16,-1.));
#1443 = ORIENTED_EDGE('',*,*,#163,.T.);
#1444 = ORIENTED_EDGE('',*,*,#1371,.F.);
#1445 = ORIENTED_EDGE('',*,*,#1446,.F.);
#1446 = EDGE_CURVE('',#1437,#1372,#1447,.T.);
#1447 = LINE('',#1448,#1449);
#1448 = CARTESIAN_POINT('',(5.99,-6.92,7.7));
#1449 = VECTOR('',#1450,1.);
#1450 = DIRECTION('',(0.,1.,-1.224646799147E-16));
#1451 = PLANE('',#1452);
#1452 = AXIS2_PLACEMENT_3D('',#1453,#1454,#1455);
#1453 = CARTESIAN_POINT('',(5.99,-6.92,7.7));
#1454 = DIRECTION('',(1.,0.,0.));
#1455 = DIRECTION('',(0.,1.,-1.224646799147E-16));
#1456 = ADVANCED_FACE('',(#1457),#1468,.F.);
#1457 = FACE_BOUND('',#1458,.T.);
#1458 = EDGE_LOOP('',(#1459,#1460,#1461,#1462));
#1459 = ORIENTED_EDGE('',*,*,#213,.T.);
#1460 = ORIENTED_EDGE('',*,*,#1420,.T.);
#1461 = ORIENTED_EDGE('',*,*,#356,.T.);
#1462 = ORIENTED_EDGE('',*,*,#1463,.F.);
#1463 = EDGE_CURVE('',#206,#349,#1464,.T.);
#1464 = LINE('',#1465,#1466);
#1465 = CARTESIAN_POINT('',(3.69,-8.67,7.7));
#1466 = VECTOR('',#1467,1.);
#1467 = DIRECTION('',(0.,-1.224646799147E-16,-1.));
#1468 = CYLINDRICAL_SURFACE('',#1469,1.75);
#1469 = AXIS2_PLACEMENT_3D('',#1470,#1471,#1472);
#1470 = CARTESIAN_POINT('',(3.69,-6.92,7.7));
#1471 = DIRECTION('',(0.,1.224646799147E-16,1.));
#1472 = DIRECTION('',(1.,0.,0.));
#1473 = ADVANCED_FACE('',(#1474),#1517,.F.);
#1474 = FACE_BOUND('',#1475,.T.);
#1475 = EDGE_LOOP('',(#1476,#1485,#1486,#1487,#1493,#1494,#1502,#1511));
#1476 = ORIENTED_EDGE('',*,*,#1477,.F.);
#1477 = EDGE_CURVE('',#1437,#1478,#1480,.T.);
#1478 = VERTEX_POINT('',#1479);
#1479 = CARTESIAN_POINT('',(5.96761956521,-7.240076734819,7.7));
#1480 = CIRCLE('',#1481,2.3);
#1481 = AXIS2_PLACEMENT_3D('',#1482,#1483,#1484);
#1482 = CARTESIAN_POINT('',(3.69,-6.92,7.7));
#1483 = DIRECTION('',(0.,-1.224646799147E-16,-1.));
#1484 = DIRECTION('',(1.,0.,0.));
#1485 = ORIENTED_EDGE('',*,*,#1436,.T.);
#1486 = ORIENTED_EDGE('',*,*,#171,.T.);
#1487 = ORIENTED_EDGE('',*,*,#1488,.F.);
#1488 = EDGE_CURVE('',#616,#172,#1489,.T.);
#1489 = LINE('',#1490,#1491);
#1490 = CARTESIAN_POINT('',(3.69,-9.22,7.7));
#1491 = VECTOR('',#1492,1.);
#1492 = DIRECTION('',(0.,-1.224646799147E-16,-1.));
#1493 = ORIENTED_EDGE('',*,*,#623,.F.);
#1494 = ORIENTED_EDGE('',*,*,#1495,.F.);
#1495 = EDGE_CURVE('',#1496,#624,#1498,.T.);
#1496 = VERTEX_POINT('',#1497);
#1497 = CARTESIAN_POINT('',(4.05481610347,-9.190882914342,6.6));
#1498 = LINE('',#1499,#1500);
#1499 = CARTESIAN_POINT('',(4.05481610347,-9.190882914342,7.7));
#1500 = VECTOR('',#1501,1.);
#1501 = DIRECTION('',(0.,1.224646799147E-16,1.));
#1502 = ORIENTED_EDGE('',*,*,#1503,.T.);
#1503 = EDGE_CURVE('',#1496,#1504,#1506,.T.);
#1504 = VERTEX_POINT('',#1505);
#1505 = CARTESIAN_POINT('',(5.96761956521,-7.240076734819,6.6));
#1506 = CIRCLE('',#1507,2.3);
#1507 = AXIS2_PLACEMENT_3D('',#1508,#1509,#1510);
#1508 = CARTESIAN_POINT('',(3.69,-6.92,6.6));
#1509 = DIRECTION('',(-0.,1.224646799147E-16,1.));
#1510 = DIRECTION('',(1.,0.,0.));
#1511 = ORIENTED_EDGE('',*,*,#1512,.T.);
#1512 = EDGE_CURVE('',#1504,#1478,#1513,.T.);
#1513 = LINE('',#1514,#1515);
#1514 = CARTESIAN_POINT('',(5.96761956521,-7.240076734819,7.7));
#1515 = VECTOR('',#1516,1.);
#1516 = DIRECTION('',(0.,1.224646799147E-16,1.));
#1517 = CYLINDRICAL_SURFACE('',#1518,2.3);
#1518 = AXIS2_PLACEMENT_3D('',#1519,#1520,#1521);
#1519 = CARTESIAN_POINT('',(3.69,-6.92,7.7));
#1520 = DIRECTION('',(0.,1.224646799147E-16,1.));
#1521 = DIRECTION('',(1.,0.,0.));
#1522 = ADVANCED_FACE('',(#1523),#1529,.F.);
#1523 = FACE_BOUND('',#1524,.F.);
#1524 = EDGE_LOOP('',(#1525,#1526,#1527,#1528));
#1525 = ORIENTED_EDGE('',*,*,#205,.F.);
#1526 = ORIENTED_EDGE('',*,*,#297,.T.);
#1527 = ORIENTED_EDGE('',*,*,#348,.T.);
#1528 = ORIENTED_EDGE('',*,*,#1463,.F.);
#1529 = PLANE('',#1530);
#1530 = AXIS2_PLACEMENT_3D('',#1531,#1532,#1533);
#1531 = CARTESIAN_POINT('',(-3.69,-8.67,7.7));
#1532 = DIRECTION('',(0.,-1.,1.224646799147E-16));
#1533 = DIRECTION('',(1.,0.,0.));
#1534 = ADVANCED_FACE('',(#1535),#1541,.T.);
#1535 = FACE_BOUND('',#1536,.T.);
#1536 = EDGE_LOOP('',(#1537,#1538,#1539,#1540));
#1537 = ORIENTED_EDGE('',*,*,#1488,.T.);
#1538 = ORIENTED_EDGE('',*,*,#180,.T.);
#1539 = ORIENTED_EDGE('',*,*,#323,.F.);
#1540 = ORIENTED_EDGE('',*,*,#615,.F.);
#1541 = PLANE('',#1542);
#1542 = AXIS2_PLACEMENT_3D('',#1543,#1544,#1545);
#1543 = CARTESIAN_POINT('',(3.69,-9.22,7.7));
#1544 = DIRECTION('',(0.,1.,-1.224646799147E-16));
#1545 = DIRECTION('',(-1.,0.,0.));
#1546 = ADVANCED_FACE('',(#1547),#1558,.F.);
#1547 = FACE_BOUND('',#1548,.F.);
#1548 = EDGE_LOOP('',(#1549,#1550,#1551,#1552));
#1549 = ORIENTED_EDGE('',*,*,#450,.F.);
#1550 = ORIENTED_EDGE('',*,*,#673,.T.);
#1551 = ORIENTED_EDGE('',*,*,#733,.F.);
#1552 = ORIENTED_EDGE('',*,*,#1553,.F.);
#1553 = EDGE_CURVE('',#442,#734,#1554,.T.);
#1554 = LINE('',#1555,#1556);
#1555 = CARTESIAN_POINT('',(-1.97,-9.22,7.7));
#1556 = VECTOR('',#1557,1.);
#1557 = DIRECTION('',(0.,-1.224646799147E-16,-1.));
#1558 = PLANE('',#1559);
#1559 = AXIS2_PLACEMENT_3D('',#1560,#1561,#1562);
#1560 = CARTESIAN_POINT('',(1.97,-9.22,7.7));
#1561 = DIRECTION('',(0.,1.,-1.224646799147E-16));
#1562 = DIRECTION('',(-1.,0.,0.));
#1563 = ADVANCED_FACE('',(#1564),#1570,.F.);
#1564 = FACE_BOUND('',#1565,.T.);
#1565 = EDGE_LOOP('',(#1566,#1567,#1568,#1569));
#1566 = ORIENTED_EDGE('',*,*,#441,.T.);
#1567 = ORIENTED_EDGE('',*,*,#1012,.T.);
#1568 = ORIENTED_EDGE('',*,*,#741,.F.);
#1569 = ORIENTED_EDGE('',*,*,#1553,.F.);
#1570 = CYLINDRICAL_SURFACE('',#1571,0.75);
#1571 = AXIS2_PLACEMENT_3D('',#1572,#1573,#1574);
#1572 = CARTESIAN_POINT('',(-1.97,-9.97,7.7));
#1573 = DIRECTION('',(0.,1.224646799147E-16,1.));
#1574 = DIRECTION('',(1.,0.,0.));
#1575 = ADVANCED_FACE('',(#1576),#1592,.T.);
#1576 = FACE_BOUND('',#1577,.T.);
#1577 = EDGE_LOOP('',(#1578,#1584,#1585,#1591));
#1578 = ORIENTED_EDGE('',*,*,#1579,.T.);
#1579 = EDGE_CURVE('',#836,#468,#1580,.T.);
#1580 = LINE('',#1581,#1582);
#1581 = CARTESIAN_POINT('',(-3.56,-0.17,0.));
#1582 = VECTOR('',#1583,1.);
#1583 = DIRECTION('',(0.,1.224646799147E-16,1.));
#1584 = ORIENTED_EDGE('',*,*,#467,.T.);
#1585 = ORIENTED_EDGE('',*,*,#1586,.F.);
#1586 = EDGE_CURVE('',#847,#470,#1587,.T.);
#1587 = LINE('',#1588,#1589);
#1588 = CARTESIAN_POINT('',(-1.52,-0.17,0.));
#1589 = VECTOR('',#1590,1.);
#1590 = DIRECTION('',(0.,1.224646799147E-16,1.));
#1591 = ORIENTED_EDGE('',*,*,#846,.F.);
#1592 = PLANE('',#1593);
#1593 = AXIS2_PLACEMENT_3D('',#1594,#1595,#1596);
#1594 = CARTESIAN_POINT('',(-3.56,-0.17,0.));
#1595 = DIRECTION('',(0.,1.,-1.224646799147E-16));
#1596 = DIRECTION('',(1.,0.,0.));
#1597 = ADVANCED_FACE('',(#1598),#1609,.F.);
#1598 = FACE_BOUND('',#1599,.F.);
#1599 = EDGE_LOOP('',(#1600,#1606,#1607,#1608));
#1600 = ORIENTED_EDGE('',*,*,#1601,.T.);
#1601 = EDGE_CURVE('',#855,#521,#1602,.T.);
#1602 = LINE('',#1603,#1604);
#1603 = CARTESIAN_POINT('',(-0.77,0.58,0.));
#1604 = VECTOR('',#1605,1.);
#1605 = DIRECTION('',(0.,1.224646799147E-16,1.));
#1606 = ORIENTED_EDGE('',*,*,#528,.T.);
#1607 = ORIENTED_EDGE('',*,*,#1586,.F.);
#1608 = ORIENTED_EDGE('',*,*,#854,.F.);
#1609 = CYLINDRICAL_SURFACE('',#1610,0.75);
#1610 = AXIS2_PLACEMENT_3D('',#1611,#1612,#1613);
#1611 = CARTESIAN_POINT('',(-1.52,0.58,0.));
#1612 = DIRECTION('',(0.,-1.224646799147E-16,-1.));
#1613 = DIRECTION('',(1.,0.,0.));
#1614 = ADVANCED_FACE('',(#1615),#1626,.T.);
#1615 = FACE_BOUND('',#1616,.T.);
#1616 = EDGE_LOOP('',(#1617,#1618,#1619,#1625));
#1617 = ORIENTED_EDGE('',*,*,#1601,.T.);
#1618 = ORIENTED_EDGE('',*,*,#520,.T.);
#1619 = ORIENTED_EDGE('',*,*,#1620,.F.);
#1620 = EDGE_CURVE('',#864,#512,#1621,.T.);
#1621 = LINE('',#1622,#1623);
#1622 = CARTESIAN_POINT('',(-0.77,7.700000245096,-8.881784197001E-16));
#1623 = VECTOR('',#1624,1.);
#1624 = DIRECTION('',(0.,1.224646799147E-16,1.));
#1625 = ORIENTED_EDGE('',*,*,#863,.F.);
#1626 = PLANE('',#1627);
#1627 = AXIS2_PLACEMENT_3D('',#1628,#1629,#1630);
#1628 = CARTESIAN_POINT('',(-0.77,0.58,0.));
#1629 = DIRECTION('',(-1.,4.44E-15,-5.437431788214E-31));
#1630 = DIRECTION('',(4.44E-15,1.,-1.224646799147E-16));
#1631 = ADVANCED_FACE('',(#1632),#1643,.F.);
#1632 = FACE_BOUND('',#1633,.F.);
#1633 = EDGE_LOOP('',(#1634,#1640,#1641,#1642));
#1634 = ORIENTED_EDGE('',*,*,#1635,.T.);
#1635 = EDGE_CURVE('',#872,#504,#1636,.T.);
#1636 = LINE('',#1637,#1638);
#1637 = CARTESIAN_POINT('',(-1.520000051921,8.450000193175,
    -8.881784197001E-16));
#1638 = VECTOR('',#1639,1.);
#1639 = DIRECTION('',(0.,1.224646799147E-16,1.));
#1640 = ORIENTED_EDGE('',*,*,#511,.T.);
#1641 = ORIENTED_EDGE('',*,*,#1620,.F.);
#1642 = ORIENTED_EDGE('',*,*,#871,.F.);
#1643 = CYLINDRICAL_SURFACE('',#1644,0.75);
#1644 = AXIS2_PLACEMENT_3D('',#1645,#1646,#1647);
#1645 = CARTESIAN_POINT('',(-1.52,7.700000193175,-8.881784197001E-16));
#1646 = DIRECTION('',(0.,-1.224646799147E-16,-1.));
#1647 = DIRECTION('',(1.,0.,0.));
#1648 = ADVANCED_FACE('',(#1649),#1660,.F.);
#1649 = FACE_BOUND('',#1650,.F.);
#1650 = EDGE_LOOP('',(#1651,#1657,#1658,#1659));
#1651 = ORIENTED_EDGE('',*,*,#1652,.T.);
#1652 = EDGE_CURVE('',#881,#495,#1653,.T.);
#1653 = LINE('',#1654,#1655);
#1654 = CARTESIAN_POINT('',(-3.560000051921,8.450000051919,
    -8.881784197001E-16));
#1655 = VECTOR('',#1656,1.);
#1656 = DIRECTION('',(0.,1.224646799147E-16,1.));
#1657 = ORIENTED_EDGE('',*,*,#503,.T.);
#1658 = ORIENTED_EDGE('',*,*,#1635,.F.);
#1659 = ORIENTED_EDGE('',*,*,#880,.F.);
#1660 = PLANE('',#1661);
#1661 = AXIS2_PLACEMENT_3D('',#1662,#1663,#1664);
#1662 = CARTESIAN_POINT('',(-3.560000051921,8.450000051919,
    -8.881784197001E-16));
#1663 = DIRECTION('',(-6.924341623E-08,1.,-1.224646799147E-16));
#1664 = DIRECTION('',(1.,6.924341623E-08,-8.47987280481E-24));
#1665 = ADVANCED_FACE('',(#1666),#1677,.F.);
#1666 = FACE_BOUND('',#1667,.F.);
#1667 = EDGE_LOOP('',(#1668,#1674,#1675,#1676));
#1668 = ORIENTED_EDGE('',*,*,#1669,.T.);
#1669 = EDGE_CURVE('',#889,#487,#1670,.T.);
#1670 = LINE('',#1671,#1672);
#1671 = CARTESIAN_POINT('',(-4.31,7.699999999998,-8.881784197001E-16));
#1672 = VECTOR('',#1673,1.);
#1673 = DIRECTION('',(0.,1.224646799147E-16,1.));
#1674 = ORIENTED_EDGE('',*,*,#494,.T.);
#1675 = ORIENTED_EDGE('',*,*,#1652,.F.);
#1676 = ORIENTED_EDGE('',*,*,#888,.F.);
#1677 = CYLINDRICAL_SURFACE('',#1678,0.75);
#1678 = AXIS2_PLACEMENT_3D('',#1679,#1680,#1681);
#1679 = CARTESIAN_POINT('',(-3.56,7.700000051919,-8.881784197001E-16));
#1680 = DIRECTION('',(0.,-1.224646799147E-16,-1.));
#1681 = DIRECTION('',(1.,0.,0.));
#1682 = ADVANCED_FACE('',(#1683),#1694,.T.);
#1683 = FACE_BOUND('',#1684,.T.);
#1684 = EDGE_LOOP('',(#1685,#1686,#1687,#1693));
#1685 = ORIENTED_EDGE('',*,*,#1669,.T.);
#1686 = ORIENTED_EDGE('',*,*,#486,.T.);
#1687 = ORIENTED_EDGE('',*,*,#1688,.F.);
#1688 = EDGE_CURVE('',#838,#478,#1689,.T.);
#1689 = LINE('',#1690,#1691);
#1690 = CARTESIAN_POINT('',(-4.31,0.579999754904,0.));
#1691 = VECTOR('',#1692,1.);
#1692 = DIRECTION('',(0.,1.224646799147E-16,1.));
#1693 = ORIENTED_EDGE('',*,*,#897,.F.);
#1694 = PLANE('',#1695);
#1695 = AXIS2_PLACEMENT_3D('',#1696,#1697,#1698);
#1696 = CARTESIAN_POINT('',(-4.31,7.699999999998,-8.881784197001E-16));
#1697 = DIRECTION('',(1.,0.,0.));
#1698 = DIRECTION('',(0.,-1.,1.224646799147E-16));
#1699 = ADVANCED_FACE('',(#1700),#1706,.F.);
#1700 = FACE_BOUND('',#1701,.F.);
#1701 = EDGE_LOOP('',(#1702,#1703,#1704,#1705));
#1702 = ORIENTED_EDGE('',*,*,#1579,.T.);
#1703 = ORIENTED_EDGE('',*,*,#477,.T.);
#1704 = ORIENTED_EDGE('',*,*,#1688,.F.);
#1705 = ORIENTED_EDGE('',*,*,#835,.F.);
#1706 = CYLINDRICAL_SURFACE('',#1707,0.75);
#1707 = AXIS2_PLACEMENT_3D('',#1708,#1709,#1710);
#1708 = CARTESIAN_POINT('',(-3.56,0.58,0.));
#1709 = DIRECTION('',(0.,-1.224646799147E-16,-1.));
#1710 = DIRECTION('',(1.,0.,0.));
#1711 = ADVANCED_FACE('',(#1712),#1728,.T.);
#1712 = FACE_BOUND('',#1713,.T.);
#1713 = EDGE_LOOP('',(#1714,#1720,#1721,#1727));
#1714 = ORIENTED_EDGE('',*,*,#1715,.T.);
#1715 = EDGE_CURVE('',#906,#538,#1716,.T.);
#1716 = LINE('',#1717,#1718);
#1717 = CARTESIAN_POINT('',(1.52,-0.170000122549,0.));
#1718 = VECTOR('',#1719,1.);
#1719 = DIRECTION('',(0.,1.224646799147E-16,1.));
#1720 = ORIENTED_EDGE('',*,*,#537,.T.);
#1721 = ORIENTED_EDGE('',*,*,#1722,.F.);
#1722 = EDGE_CURVE('',#917,#540,#1723,.T.);
#1723 = LINE('',#1724,#1725);
#1724 = CARTESIAN_POINT('',(3.56,-0.170000122549,0.));
#1725 = VECTOR('',#1726,1.);
#1726 = DIRECTION('',(0.,1.224646799147E-16,1.));
#1727 = ORIENTED_EDGE('',*,*,#916,.F.);
#1728 = PLANE('',#1729);
#1729 = AXIS2_PLACEMENT_3D('',#1730,#1731,#1732);
#1730 = CARTESIAN_POINT('',(1.52,-0.170000122549,0.));
#1731 = DIRECTION('',(0.,1.,-1.224646799147E-16));
#1732 = DIRECTION('',(1.,0.,0.));
#1733 = ADVANCED_FACE('',(#1734),#1745,.F.);
#1734 = FACE_BOUND('',#1735,.F.);
#1735 = EDGE_LOOP('',(#1736,#1742,#1743,#1744));
#1736 = ORIENTED_EDGE('',*,*,#1737,.T.);
#1737 = EDGE_CURVE('',#925,#591,#1738,.T.);
#1738 = LINE('',#1739,#1740);
#1739 = CARTESIAN_POINT('',(4.31,0.579999877451,0.));
#1740 = VECTOR('',#1741,1.);
#1741 = DIRECTION('',(0.,1.224646799147E-16,1.));
#1742 = ORIENTED_EDGE('',*,*,#598,.T.);
#1743 = ORIENTED_EDGE('',*,*,#1722,.F.);
#1744 = ORIENTED_EDGE('',*,*,#924,.F.);
#1745 = CYLINDRICAL_SURFACE('',#1746,0.75);
#1746 = AXIS2_PLACEMENT_3D('',#1747,#1748,#1749);
#1747 = CARTESIAN_POINT('',(3.56,0.579999877451,0.));
#1748 = DIRECTION('',(0.,-1.224646799147E-16,-1.));
#1749 = DIRECTION('',(1.,0.,0.));
#1750 = ADVANCED_FACE('',(#1751),#1762,.F.);
#1751 = FACE_BOUND('',#1752,.F.);
#1752 = EDGE_LOOP('',(#1753,#1759,#1760,#1761));
#1753 = ORIENTED_EDGE('',*,*,#1754,.T.);
#1754 = EDGE_CURVE('',#934,#582,#1755,.T.);
#1755 = LINE('',#1756,#1757);
#1756 = CARTESIAN_POINT('',(4.31,7.700000122549,-8.881784197001E-16));
#1757 = VECTOR('',#1758,1.);
#1758 = DIRECTION('',(0.,1.224646799147E-16,1.));
#1759 = ORIENTED_EDGE('',*,*,#590,.T.);
#1760 = ORIENTED_EDGE('',*,*,#1737,.F.);
#1761 = ORIENTED_EDGE('',*,*,#933,.F.);
#1762 = PLANE('',#1763);
#1763 = AXIS2_PLACEMENT_3D('',#1764,#1765,#1766);
#1764 = CARTESIAN_POINT('',(4.31,7.700000122549,-8.881784197001E-16));
#1765 = DIRECTION('',(1.,0.,0.));
#1766 = DIRECTION('',(0.,-1.,1.224646799147E-16));
#1767 = ADVANCED_FACE('',(#1768),#1779,.F.);
#1768 = FACE_BOUND('',#1769,.F.);
#1769 = EDGE_LOOP('',(#1770,#1776,#1777,#1778));
#1770 = ORIENTED_EDGE('',*,*,#1771,.T.);
#1771 = EDGE_CURVE('',#942,#574,#1772,.T.);
#1772 = LINE('',#1773,#1774);
#1773 = CARTESIAN_POINT('',(3.56,8.450000122549,-8.881784197001E-16));
#1774 = VECTOR('',#1775,1.);
#1775 = DIRECTION('',(0.,1.224646799147E-16,1.));
#1776 = ORIENTED_EDGE('',*,*,#581,.T.);
#1777 = ORIENTED_EDGE('',*,*,#1754,.F.);
#1778 = ORIENTED_EDGE('',*,*,#941,.F.);
#1779 = CYLINDRICAL_SURFACE('',#1780,0.75);
#1780 = AXIS2_PLACEMENT_3D('',#1781,#1782,#1783);
#1781 = CARTESIAN_POINT('',(3.56,7.700000122549,-8.881784197001E-16));
#1782 = DIRECTION('',(0.,-1.224646799147E-16,-1.));
#1783 = DIRECTION('',(1.,0.,0.));
#1784 = ADVANCED_FACE('',(#1785),#1796,.F.);
#1785 = FACE_BOUND('',#1786,.F.);
#1786 = EDGE_LOOP('',(#1787,#1793,#1794,#1795));
#1787 = ORIENTED_EDGE('',*,*,#1788,.T.);
#1788 = EDGE_CURVE('',#951,#565,#1789,.T.);
#1789 = LINE('',#1790,#1791);
#1790 = CARTESIAN_POINT('',(1.52,8.450000122549,-8.881784197001E-16));
#1791 = VECTOR('',#1792,1.);
#1792 = DIRECTION('',(0.,1.224646799147E-16,1.));
#1793 = ORIENTED_EDGE('',*,*,#573,.T.);
#1794 = ORIENTED_EDGE('',*,*,#1771,.F.);
#1795 = ORIENTED_EDGE('',*,*,#950,.F.);
#1796 = PLANE('',#1797);
#1797 = AXIS2_PLACEMENT_3D('',#1798,#1799,#1800);
#1798 = CARTESIAN_POINT('',(1.52,8.450000122549,-8.881784197001E-16));
#1799 = DIRECTION('',(0.,1.,-1.224646799147E-16));
#1800 = DIRECTION('',(1.,0.,0.));
#1801 = ADVANCED_FACE('',(#1802),#1813,.F.);
#1802 = FACE_BOUND('',#1803,.F.);
#1803 = EDGE_LOOP('',(#1804,#1810,#1811,#1812));
#1804 = ORIENTED_EDGE('',*,*,#1805,.T.);
#1805 = EDGE_CURVE('',#959,#557,#1806,.T.);
#1806 = LINE('',#1807,#1808);
#1807 = CARTESIAN_POINT('',(0.77,7.700000122549,-8.881784197001E-16));
#1808 = VECTOR('',#1809,1.);
#1809 = DIRECTION('',(0.,1.224646799147E-16,1.));
#1810 = ORIENTED_EDGE('',*,*,#564,.T.);
#1811 = ORIENTED_EDGE('',*,*,#1788,.F.);
#1812 = ORIENTED_EDGE('',*,*,#958,.F.);
#1813 = CYLINDRICAL_SURFACE('',#1814,0.75);
#1814 = AXIS2_PLACEMENT_3D('',#1815,#1816,#1817);
#1815 = CARTESIAN_POINT('',(1.52,7.700000122549,-8.881784197001E-16));
#1816 = DIRECTION('',(0.,-1.224646799147E-16,-1.));
#1817 = DIRECTION('',(1.,0.,0.));
#1818 = ADVANCED_FACE('',(#1819),#1830,.F.);
#1819 = FACE_BOUND('',#1820,.F.);
#1820 = EDGE_LOOP('',(#1821,#1827,#1828,#1829));
#1821 = ORIENTED_EDGE('',*,*,#1822,.T.);
#1822 = EDGE_CURVE('',#908,#548,#1823,.T.);
#1823 = LINE('',#1824,#1825);
#1824 = CARTESIAN_POINT('',(0.77,0.579999877451,0.));
#1825 = VECTOR('',#1826,1.);
#1826 = DIRECTION('',(0.,1.224646799147E-16,1.));
#1827 = ORIENTED_EDGE('',*,*,#556,.T.);
#1828 = ORIENTED_EDGE('',*,*,#1805,.F.);
#1829 = ORIENTED_EDGE('',*,*,#967,.F.);
#1830 = PLANE('',#1831);
#1831 = AXIS2_PLACEMENT_3D('',#1832,#1833,#1834);
#1832 = CARTESIAN_POINT('',(0.77,0.579999877451,0.));
#1833 = DIRECTION('',(-1.,0.,0.));
#1834 = DIRECTION('',(0.,1.,-1.224646799147E-16));
#1835 = ADVANCED_FACE('',(#1836),#1842,.F.);
#1836 = FACE_BOUND('',#1837,.F.);
#1837 = EDGE_LOOP('',(#1838,#1839,#1840,#1841));
#1838 = ORIENTED_EDGE('',*,*,#1715,.T.);
#1839 = ORIENTED_EDGE('',*,*,#547,.T.);
#1840 = ORIENTED_EDGE('',*,*,#1822,.F.);
#1841 = ORIENTED_EDGE('',*,*,#905,.F.);
#1842 = CYLINDRICAL_SURFACE('',#1843,0.75);
#1843 = AXIS2_PLACEMENT_3D('',#1844,#1845,#1846);
#1844 = CARTESIAN_POINT('',(1.52,0.579999877451,0.));
#1845 = DIRECTION('',(0.,-1.224646799147E-16,-1.));
#1846 = DIRECTION('',(1.,0.,0.));
#1847 = ADVANCED_FACE('',(#1848),#1875,.F.);
#1848 = FACE_BOUND('',#1849,.F.);
#1849 = EDGE_LOOP('',(#1850,#1851,#1852,#1853,#1861,#1869));
#1850 = ORIENTED_EDGE('',*,*,#722,.T.);
#1851 = ORIENTED_EDGE('',*,*,#708,.F.);
#1852 = ORIENTED_EDGE('',*,*,#649,.F.);
#1853 = ORIENTED_EDGE('',*,*,#1854,.F.);
#1854 = EDGE_CURVE('',#1855,#642,#1857,.T.);
#1855 = VERTEX_POINT('',#1856);
#1856 = CARTESIAN_POINT('',(5.23,-11.17,6.6));
#1857 = LINE('',#1858,#1859);
#1858 = CARTESIAN_POINT('',(5.23,-11.17,7.7));
#1859 = VECTOR('',#1860,1.);
#1860 = DIRECTION('',(0.,1.224646799147E-16,1.));
#1861 = ORIENTED_EDGE('',*,*,#1862,.F.);
#1862 = EDGE_CURVE('',#1863,#1855,#1865,.T.);
#1863 = VERTEX_POINT('',#1864);
#1864 = CARTESIAN_POINT('',(5.94,-11.17,6.6));
#1865 = LINE('',#1866,#1867);
#1866 = CARTESIAN_POINT('',(3.97,-11.17,6.6));
#1867 = VECTOR('',#1868,1.);
#1868 = DIRECTION('',(-1.,0.,0.));
#1869 = ORIENTED_EDGE('',*,*,#1870,.T.);
#1870 = EDGE_CURVE('',#1863,#723,#1871,.T.);
#1871 = LINE('',#1872,#1873);
#1872 = CARTESIAN_POINT('',(5.94,-11.17,6.6));
#1873 = VECTOR('',#1874,1.);
#1874 = DIRECTION('',(0.,-1.224646799147E-16,-1.));
#1875 = PLANE('',#1876);
#1876 = AXIS2_PLACEMENT_3D('',#1877,#1878,#1879);
#1877 = CARTESIAN_POINT('',(7.94,-11.17,7.7));
#1878 = DIRECTION('',(0.,1.,-1.224646799147E-16));
#1879 = DIRECTION('',(-1.,0.,0.));
#1880 = ADVANCED_FACE('',(#1881),#1899,.F.);
#1881 = FACE_BOUND('',#1882,.F.);
#1882 = EDGE_LOOP('',(#1883,#1884,#1892,#1898));
#1883 = ORIENTED_EDGE('',*,*,#641,.F.);
#1884 = ORIENTED_EDGE('',*,*,#1885,.T.);
#1885 = EDGE_CURVE('',#633,#1886,#1888,.T.);
#1886 = VERTEX_POINT('',#1887);
#1887 = CARTESIAN_POINT('',(5.23,-9.83,6.6));
#1888 = LINE('',#1889,#1890);
#1889 = CARTESIAN_POINT('',(5.23,-9.83,7.7));
#1890 = VECTOR('',#1891,1.);
#1891 = DIRECTION('',(0.,-1.224646799147E-16,-1.));
#1892 = ORIENTED_EDGE('',*,*,#1893,.T.);
#1893 = EDGE_CURVE('',#1886,#1855,#1894,.T.);
#1894 = LINE('',#1895,#1896);
#1895 = CARTESIAN_POINT('',(5.23,-9.83,6.6));
#1896 = VECTOR('',#1897,1.);
#1897 = DIRECTION('',(-2.5E-16,-1.,1.224646799147E-16));
#1898 = ORIENTED_EDGE('',*,*,#1854,.T.);
#1899 = PLANE('',#1900);
#1900 = AXIS2_PLACEMENT_3D('',#1901,#1902,#1903);
#1901 = CARTESIAN_POINT('',(5.23,-9.83,7.7));
#1902 = DIRECTION('',(-1.,2.5E-16,-3.061616997868E-32));
#1903 = DIRECTION('',(-2.5E-16,-1.,1.224646799147E-16));
#1904 = ADVANCED_FACE('',(#1905),#1917,.F.);
#1905 = FACE_BOUND('',#1906,.T.);
#1906 = EDGE_LOOP('',(#1907,#1908,#1909,#1916));
#1907 = ORIENTED_EDGE('',*,*,#632,.F.);
#1908 = ORIENTED_EDGE('',*,*,#1885,.T.);
#1909 = ORIENTED_EDGE('',*,*,#1910,.T.);
#1910 = EDGE_CURVE('',#1886,#1496,#1911,.T.);
#1911 = CIRCLE('',#1912,1.4);
#1912 = AXIS2_PLACEMENT_3D('',#1913,#1914,#1915);
#1913 = CARTESIAN_POINT('',(5.23,-8.43,6.6));
#1914 = DIRECTION('',(0.,-1.224646799147E-16,-1.));
#1915 = DIRECTION('',(1.,0.,0.));
#1916 = ORIENTED_EDGE('',*,*,#1495,.T.);
#1917 = CYLINDRICAL_SURFACE('',#1918,1.4);
#1918 = AXIS2_PLACEMENT_3D('',#1919,#1920,#1921);
#1919 = CARTESIAN_POINT('',(5.23,-8.43,7.7));
#1920 = DIRECTION('',(0.,1.224646799147E-16,1.));
#1921 = DIRECTION('',(1.,0.,0.));
#1922 = ADVANCED_FACE('',(#1923),#1942,.T.);
#1923 = FACE_BOUND('',#1924,.F.);
#1924 = EDGE_LOOP('',(#1925,#1934,#1940,#1941));
#1925 = ORIENTED_EDGE('',*,*,#1926,.T.);
#1926 = EDGE_CURVE('',#1863,#1927,#1929,.T.);
#1927 = VERTEX_POINT('',#1928);
#1928 = CARTESIAN_POINT('',(7.94,-9.17,6.6));
#1929 = CIRCLE('',#1930,2.);
#1930 = AXIS2_PLACEMENT_3D('',#1931,#1932,#1933);
#1931 = CARTESIAN_POINT('',(5.94,-9.17,6.6));
#1932 = DIRECTION('',(0.,1.224646799147E-16,1.));
#1933 = DIRECTION('',(0.,1.,-1.224646799147E-16));
#1934 = ORIENTED_EDGE('',*,*,#1935,.T.);
#1935 = EDGE_CURVE('',#1927,#819,#1936,.T.);
#1936 = LINE('',#1937,#1938);
#1937 = CARTESIAN_POINT('',(7.94,-9.17,6.6));
#1938 = VECTOR('',#1939,1.);
#1939 = DIRECTION('',(0.,-1.224646799147E-16,-1.));
#1940 = ORIENTED_EDGE('',*,*,#826,.F.);
#1941 = ORIENTED_EDGE('',*,*,#1870,.F.);
#1942 = CYLINDRICAL_SURFACE('',#1943,2.);
#1943 = AXIS2_PLACEMENT_3D('',#1944,#1945,#1946);
#1944 = CARTESIAN_POINT('',(5.94,-9.17,6.6));
#1945 = DIRECTION('',(0.,-1.224646799147E-16,-1.));
#1946 = DIRECTION('',(0.,-1.,1.224646799147E-16));
#1947 = ADVANCED_FACE('',(#1948),#1998,.F.);
#1948 = FACE_BOUND('',#1949,.F.);
#1949 = EDGE_LOOP('',(#1950,#1960,#1966,#1967,#1968,#1976,#1984,#1992));
#1950 = ORIENTED_EDGE('',*,*,#1951,.F.);
#1951 = EDGE_CURVE('',#1952,#1954,#1956,.T.);
#1952 = VERTEX_POINT('',#1953);
#1953 = CARTESIAN_POINT('',(7.94,9.17,6.6));
#1954 = VERTEX_POINT('',#1955);
#1955 = CARTESIAN_POINT('',(7.94,8.43,6.6));
#1956 = LINE('',#1957,#1958);
#1957 = CARTESIAN_POINT('',(7.94,5.585,6.6));
#1958 = VECTOR('',#1959,1.);
#1959 = DIRECTION('',(0.,-1.,1.224646799147E-16));
#1960 = ORIENTED_EDGE('',*,*,#1961,.T.);
#1961 = EDGE_CURVE('',#1952,#810,#1962,.T.);
#1962 = LINE('',#1963,#1964);
#1963 = CARTESIAN_POINT('',(7.94,9.17,6.6));
#1964 = VECTOR('',#1965,1.);
#1965 = DIRECTION('',(0.,-1.224646799147E-16,-1.));
#1966 = ORIENTED_EDGE('',*,*,#818,.T.);
#1967 = ORIENTED_EDGE('',*,*,#1935,.F.);
#1968 = ORIENTED_EDGE('',*,*,#1969,.F.);
#1969 = EDGE_CURVE('',#1970,#1927,#1972,.T.);
#1970 = VERTEX_POINT('',#1971);
#1971 = CARTESIAN_POINT('',(7.94,-8.43,6.6));
#1972 = LINE('',#1973,#1974);
#1973 = CARTESIAN_POINT('',(7.94,5.585,6.6));
#1974 = VECTOR('',#1975,1.);
#1975 = DIRECTION('',(0.,-1.,1.224646799147E-16));
#1976 = ORIENTED_EDGE('',*,*,#1977,.T.);
#1977 = EDGE_CURVE('',#1970,#1978,#1980,.T.);
#1978 = VERTEX_POINT('',#1979);
#1979 = CARTESIAN_POINT('',(7.94,-8.43,7.7));
#1980 = LINE('',#1981,#1982);
#1981 = CARTESIAN_POINT('',(7.94,-8.43,7.7));
#1982 = VECTOR('',#1983,1.);
#1983 = DIRECTION('',(0.,1.224646799147E-16,1.));
#1984 = ORIENTED_EDGE('',*,*,#1985,.F.);
#1985 = EDGE_CURVE('',#1986,#1978,#1988,.T.);
#1986 = VERTEX_POINT('',#1987);
#1987 = CARTESIAN_POINT('',(7.94,8.43,7.7));
#1988 = LINE('',#1989,#1990);
#1989 = CARTESIAN_POINT('',(7.94,11.17,7.7));
#1990 = VECTOR('',#1991,1.);
#1991 = DIRECTION('',(0.,-1.,1.224646799147E-16));
#1992 = ORIENTED_EDGE('',*,*,#1993,.F.);
#1993 = EDGE_CURVE('',#1954,#1986,#1994,.T.);
#1994 = LINE('',#1995,#1996);
#1995 = CARTESIAN_POINT('',(7.94,8.43,7.7));
#1996 = VECTOR('',#1997,1.);
#1997 = DIRECTION('',(0.,1.224646799147E-16,1.));
#1998 = PLANE('',#1999);
#1999 = AXIS2_PLACEMENT_3D('',#2000,#2001,#2002);
#2000 = CARTESIAN_POINT('',(7.94,11.17,7.7));
#2001 = DIRECTION('',(-1.,0.,0.));
#2002 = DIRECTION('',(0.,-1.,1.224646799147E-16));
#2003 = ADVANCED_FACE('',(#2004),#2023,.T.);
#2004 = FACE_BOUND('',#2005,.F.);
#2005 = EDGE_LOOP('',(#2006,#2015,#2021,#2022));
#2006 = ORIENTED_EDGE('',*,*,#2007,.T.);
#2007 = EDGE_CURVE('',#1952,#2008,#2010,.T.);
#2008 = VERTEX_POINT('',#2009);
#2009 = CARTESIAN_POINT('',(5.94,11.17,6.6));
#2010 = CIRCLE('',#2011,2.);
#2011 = AXIS2_PLACEMENT_3D('',#2012,#2013,#2014);
#2012 = CARTESIAN_POINT('',(5.94,9.17,6.6));
#2013 = DIRECTION('',(0.,1.224646799147E-16,1.));
#2014 = DIRECTION('',(0.,1.,-1.224646799147E-16));
#2015 = ORIENTED_EDGE('',*,*,#2016,.T.);
#2016 = EDGE_CURVE('',#2008,#802,#2017,.T.);
#2017 = LINE('',#2018,#2019);
#2018 = CARTESIAN_POINT('',(5.94,11.17,6.6));
#2019 = VECTOR('',#2020,1.);
#2020 = DIRECTION('',(0.,-1.224646799147E-16,-1.));
#2021 = ORIENTED_EDGE('',*,*,#809,.F.);
#2022 = ORIENTED_EDGE('',*,*,#1961,.F.);
#2023 = CYLINDRICAL_SURFACE('',#2024,2.);
#2024 = AXIS2_PLACEMENT_3D('',#2025,#2026,#2027);
#2025 = CARTESIAN_POINT('',(5.94,9.17,6.6));
#2026 = DIRECTION('',(0.,-1.224646799147E-16,-1.));
#2027 = DIRECTION('',(1.,0.,0.));
#2028 = ADVANCED_FACE('',(#2029),#2079,.F.);
#2029 = FACE_BOUND('',#2030,.F.);
#2030 = EDGE_LOOP('',(#2031,#2041,#2047,#2048,#2049,#2057,#2065,#2073));
#2031 = ORIENTED_EDGE('',*,*,#2032,.F.);
#2032 = EDGE_CURVE('',#2033,#2035,#2037,.T.);
#2033 = VERTEX_POINT('',#2034);
#2034 = CARTESIAN_POINT('',(-5.94,11.17,6.6));
#2035 = VERTEX_POINT('',#2036);
#2036 = CARTESIAN_POINT('',(-5.23,11.17,6.6));
#2037 = LINE('',#2038,#2039);
#2038 = CARTESIAN_POINT('',(-3.97,11.17,6.6));
#2039 = VECTOR('',#2040,1.);
#2040 = DIRECTION('',(1.,0.,0.));
#2041 = ORIENTED_EDGE('',*,*,#2042,.T.);
#2042 = EDGE_CURVE('',#2033,#793,#2043,.T.);
#2043 = LINE('',#2044,#2045);
#2044 = CARTESIAN_POINT('',(-5.94,11.17,6.6));
#2045 = VECTOR('',#2046,1.);
#2046 = DIRECTION('',(0.,-1.224646799147E-16,-1.));
#2047 = ORIENTED_EDGE('',*,*,#801,.T.);
#2048 = ORIENTED_EDGE('',*,*,#2016,.F.);
#2049 = ORIENTED_EDGE('',*,*,#2050,.F.);
#2050 = EDGE_CURVE('',#2051,#2008,#2053,.T.);
#2051 = VERTEX_POINT('',#2052);
#2052 = CARTESIAN_POINT('',(5.23,11.17,6.6));
#2053 = LINE('',#2054,#2055);
#2054 = CARTESIAN_POINT('',(-3.97,11.17,6.6));
#2055 = VECTOR('',#2056,1.);
#2056 = DIRECTION('',(1.,0.,0.));
#2057 = ORIENTED_EDGE('',*,*,#2058,.F.);
#2058 = EDGE_CURVE('',#2059,#2051,#2061,.T.);
#2059 = VERTEX_POINT('',#2060);
#2060 = CARTESIAN_POINT('',(5.23,11.17,7.7));
#2061 = LINE('',#2062,#2063);
#2062 = CARTESIAN_POINT('',(5.23,11.17,7.7));
#2063 = VECTOR('',#2064,1.);
#2064 = DIRECTION('',(0.,-1.224646799147E-16,-1.));
#2065 = ORIENTED_EDGE('',*,*,#2066,.F.);
#2066 = EDGE_CURVE('',#2067,#2059,#2069,.T.);
#2067 = VERTEX_POINT('',#2068);
#2068 = CARTESIAN_POINT('',(-5.23,11.17,7.7));
#2069 = LINE('',#2070,#2071);
#2070 = CARTESIAN_POINT('',(-7.94,11.17,7.7));
#2071 = VECTOR('',#2072,1.);
#2072 = DIRECTION('',(1.,0.,0.));
#2073 = ORIENTED_EDGE('',*,*,#2074,.T.);
#2074 = EDGE_CURVE('',#2067,#2035,#2075,.T.);
#2075 = LINE('',#2076,#2077);
#2076 = CARTESIAN_POINT('',(-5.23,11.17,7.7));
#2077 = VECTOR('',#2078,1.);
#2078 = DIRECTION('',(0.,-1.224646799147E-16,-1.));
#2079 = PLANE('',#2080);
#2080 = AXIS2_PLACEMENT_3D('',#2081,#2082,#2083);
#2081 = CARTESIAN_POINT('',(-7.94,11.17,7.7));
#2082 = DIRECTION('',(0.,-1.,1.224646799147E-16));
#2083 = DIRECTION('',(1.,0.,0.));
#2084 = ADVANCED_FACE('',(#2085),#2104,.T.);
#2085 = FACE_BOUND('',#2086,.F.);
#2086 = EDGE_LOOP('',(#2087,#2096,#2102,#2103));
#2087 = ORIENTED_EDGE('',*,*,#2088,.T.);
#2088 = EDGE_CURVE('',#2033,#2089,#2091,.T.);
#2089 = VERTEX_POINT('',#2090);
#2090 = CARTESIAN_POINT('',(-7.94,9.17,6.6));
#2091 = CIRCLE('',#2092,2.);
#2092 = AXIS2_PLACEMENT_3D('',#2093,#2094,#2095);
#2093 = CARTESIAN_POINT('',(-5.94,9.17,6.6));
#2094 = DIRECTION('',(0.,1.224646799147E-16,1.));
#2095 = DIRECTION('',(0.,1.,-1.224646799147E-16));
#2096 = ORIENTED_EDGE('',*,*,#2097,.T.);
#2097 = EDGE_CURVE('',#2089,#785,#2098,.T.);
#2098 = LINE('',#2099,#2100);
#2099 = CARTESIAN_POINT('',(-7.94,9.17,6.6));
#2100 = VECTOR('',#2101,1.);
#2101 = DIRECTION('',(0.,-1.224646799147E-16,-1.));
#2102 = ORIENTED_EDGE('',*,*,#792,.F.);
#2103 = ORIENTED_EDGE('',*,*,#2042,.F.);
#2104 = CYLINDRICAL_SURFACE('',#2105,2.);
#2105 = AXIS2_PLACEMENT_3D('',#2106,#2107,#2108);
#2106 = CARTESIAN_POINT('',(-5.94,9.17,6.6));
#2107 = DIRECTION('',(0.,-1.224646799147E-16,-1.));
#2108 = DIRECTION('',(0.,1.,-1.224646799147E-16));
#2109 = ADVANCED_FACE('',(#2110),#2160,.F.);
#2110 = FACE_BOUND('',#2111,.F.);
#2111 = EDGE_LOOP('',(#2112,#2122,#2128,#2129,#2130,#2138,#2146,#2154));
#2112 = ORIENTED_EDGE('',*,*,#2113,.F.);
#2113 = EDGE_CURVE('',#2114,#2116,#2118,.T.);
#2114 = VERTEX_POINT('',#2115);
#2115 = CARTESIAN_POINT('',(-7.94,-9.17,6.6));
#2116 = VERTEX_POINT('',#2117);
#2117 = CARTESIAN_POINT('',(-7.94,-8.43,6.6));
#2118 = LINE('',#2119,#2120);
#2119 = CARTESIAN_POINT('',(-7.94,-5.585,6.6));
#2120 = VECTOR('',#2121,1.);
#2121 = DIRECTION('',(0.,1.,-1.224646799147E-16));
#2122 = ORIENTED_EDGE('',*,*,#2123,.T.);
#2123 = EDGE_CURVE('',#2114,#776,#2124,.T.);
#2124 = LINE('',#2125,#2126);
#2125 = CARTESIAN_POINT('',(-7.94,-9.17,6.6));
#2126 = VECTOR('',#2127,1.);
#2127 = DIRECTION('',(0.,-1.224646799147E-16,-1.));
#2128 = ORIENTED_EDGE('',*,*,#784,.T.);
#2129 = ORIENTED_EDGE('',*,*,#2097,.F.);
#2130 = ORIENTED_EDGE('',*,*,#2131,.F.);
#2131 = EDGE_CURVE('',#2132,#2089,#2134,.T.);
#2132 = VERTEX_POINT('',#2133);
#2133 = CARTESIAN_POINT('',(-7.94,8.430000000001,6.6));
#2134 = LINE('',#2135,#2136);
#2135 = CARTESIAN_POINT('',(-7.94,-5.585,6.6));
#2136 = VECTOR('',#2137,1.);
#2137 = DIRECTION('',(0.,1.,-1.224646799147E-16));
#2138 = ORIENTED_EDGE('',*,*,#2139,.F.);
#2139 = EDGE_CURVE('',#2140,#2132,#2142,.T.);
#2140 = VERTEX_POINT('',#2141);
#2141 = CARTESIAN_POINT('',(-7.94,8.430000000001,7.7));
#2142 = LINE('',#2143,#2144);
#2143 = CARTESIAN_POINT('',(-7.94,8.430000000001,7.7));
#2144 = VECTOR('',#2145,1.);
#2145 = DIRECTION('',(0.,-1.224646799147E-16,-1.));
#2146 = ORIENTED_EDGE('',*,*,#2147,.F.);
#2147 = EDGE_CURVE('',#2148,#2140,#2150,.T.);
#2148 = VERTEX_POINT('',#2149);
#2149 = CARTESIAN_POINT('',(-7.94,-8.43,7.7));
#2150 = LINE('',#2151,#2152);
#2151 = CARTESIAN_POINT('',(-7.94,-11.17,7.7));
#2152 = VECTOR('',#2153,1.);
#2153 = DIRECTION('',(0.,1.,-1.224646799147E-16));
#2154 = ORIENTED_EDGE('',*,*,#2155,.T.);
#2155 = EDGE_CURVE('',#2148,#2116,#2156,.T.);
#2156 = LINE('',#2157,#2158);
#2157 = CARTESIAN_POINT('',(-7.94,-8.43,7.7));
#2158 = VECTOR('',#2159,1.);
#2159 = DIRECTION('',(0.,-1.224646799147E-16,-1.));
#2160 = PLANE('',#2161);
#2161 = AXIS2_PLACEMENT_3D('',#2162,#2163,#2164);
#2162 = CARTESIAN_POINT('',(-7.94,-11.17,7.7));
#2163 = DIRECTION('',(1.,0.,0.));
#2164 = DIRECTION('',(0.,1.,-1.224646799147E-16));
#2165 = ADVANCED_FACE('',(#2166),#2185,.T.);
#2166 = FACE_BOUND('',#2167,.F.);
#2167 = EDGE_LOOP('',(#2168,#2177,#2183,#2184));
#2168 = ORIENTED_EDGE('',*,*,#2169,.T.);
#2169 = EDGE_CURVE('',#2114,#2170,#2172,.T.);
#2170 = VERTEX_POINT('',#2171);
#2171 = CARTESIAN_POINT('',(-5.94,-11.17,6.6));
#2172 = CIRCLE('',#2173,2.);
#2173 = AXIS2_PLACEMENT_3D('',#2174,#2175,#2176);
#2174 = CARTESIAN_POINT('',(-5.94,-9.17,6.6));
#2175 = DIRECTION('',(0.,1.224646799147E-16,1.));
#2176 = DIRECTION('',(0.,1.,-1.224646799147E-16));
#2177 = ORIENTED_EDGE('',*,*,#2178,.T.);
#2178 = EDGE_CURVE('',#2170,#768,#2179,.T.);
#2179 = LINE('',#2180,#2181);
#2180 = CARTESIAN_POINT('',(-5.94,-11.17,6.6));
#2181 = VECTOR('',#2182,1.);
#2182 = DIRECTION('',(0.,-1.224646799147E-16,-1.));
#2183 = ORIENTED_EDGE('',*,*,#775,.F.);
#2184 = ORIENTED_EDGE('',*,*,#2123,.F.);
#2185 = CYLINDRICAL_SURFACE('',#2186,2.);
#2186 = AXIS2_PLACEMENT_3D('',#2187,#2188,#2189);
#2187 = CARTESIAN_POINT('',(-5.94,-9.17,6.6));
#2188 = DIRECTION('',(0.,-1.224646799147E-16,-1.));
#2189 = DIRECTION('',(-1.,0.,0.));
#2190 = ADVANCED_FACE('',(#2191),#2210,.T.);
#2191 = FACE_BOUND('',#2192,.F.);
#2192 = EDGE_LOOP('',(#2193,#2202,#2203,#2204));
#2193 = ORIENTED_EDGE('',*,*,#2194,.T.);
#2194 = EDGE_CURVE('',#2195,#998,#2197,.T.);
#2195 = VERTEX_POINT('',#2196);
#2196 = CARTESIAN_POINT('',(-3.72,-11.17,7.7));
#2197 = CIRCLE('',#2198,1.);
#2198 = AXIS2_PLACEMENT_3D('',#2199,#2200,#2201);
#2199 = CARTESIAN_POINT('',(-3.72,-10.17,7.7));
#2200 = DIRECTION('',(0.,1.224646799147E-16,1.));
#2201 = DIRECTION('',(0.,1.,-1.224646799147E-16));
#2202 = ORIENTED_EDGE('',*,*,#1005,.T.);
#2203 = ORIENTED_EDGE('',*,*,#758,.F.);
#2204 = ORIENTED_EDGE('',*,*,#2205,.F.);
#2205 = EDGE_CURVE('',#2195,#759,#2206,.T.);
#2206 = LINE('',#2207,#2208);
#2207 = CARTESIAN_POINT('',(-3.72,-11.17,7.7));
#2208 = VECTOR('',#2209,1.);
#2209 = DIRECTION('',(0.,-1.224646799147E-16,-1.));
#2210 = CYLINDRICAL_SURFACE('',#2211,1.);
#2211 = AXIS2_PLACEMENT_3D('',#2212,#2213,#2214);
#2212 = CARTESIAN_POINT('',(-3.72,-10.17,7.7));
#2213 = DIRECTION('',(0.,-1.224646799147E-16,-1.));
#2214 = DIRECTION('',(0.,-1.,1.224646799147E-16));
#2215 = ADVANCED_FACE('',(#2216),#2243,.F.);
#2216 = FACE_BOUND('',#2217,.F.);
#2217 = EDGE_LOOP('',(#2218,#2219,#2220,#2228,#2236,#2242));
#2218 = ORIENTED_EDGE('',*,*,#767,.T.);
#2219 = ORIENTED_EDGE('',*,*,#2178,.F.);
#2220 = ORIENTED_EDGE('',*,*,#2221,.F.);
#2221 = EDGE_CURVE('',#2222,#2170,#2224,.T.);
#2222 = VERTEX_POINT('',#2223);
#2223 = CARTESIAN_POINT('',(-5.23,-11.17,6.6));
#2224 = LINE('',#2225,#2226);
#2225 = CARTESIAN_POINT('',(3.97,-11.17,6.6));
#2226 = VECTOR('',#2227,1.);
#2227 = DIRECTION('',(-1.,0.,0.));
#2228 = ORIENTED_EDGE('',*,*,#2229,.F.);
#2229 = EDGE_CURVE('',#2230,#2222,#2232,.T.);
#2230 = VERTEX_POINT('',#2231);
#2231 = CARTESIAN_POINT('',(-5.23,-11.17,7.7));
#2232 = LINE('',#2233,#2234);
#2233 = CARTESIAN_POINT('',(-5.23,-11.17,7.7));
#2234 = VECTOR('',#2235,1.);
#2235 = DIRECTION('',(0.,-1.224646799147E-16,-1.));
#2236 = ORIENTED_EDGE('',*,*,#2237,.F.);
#2237 = EDGE_CURVE('',#2195,#2230,#2238,.T.);
#2238 = LINE('',#2239,#2240);
#2239 = CARTESIAN_POINT('',(7.94,-11.17,7.7));
#2240 = VECTOR('',#2241,1.);
#2241 = DIRECTION('',(-1.,0.,0.));
#2242 = ORIENTED_EDGE('',*,*,#2205,.T.);
#2243 = PLANE('',#2244);
#2244 = AXIS2_PLACEMENT_3D('',#2245,#2246,#2247);
#2245 = CARTESIAN_POINT('',(7.94,-11.17,7.7));
#2246 = DIRECTION('',(0.,1.,-1.224646799147E-16));
#2247 = DIRECTION('',(-1.,0.,0.));
#2248 = ADVANCED_FACE('',(#2249),#2272,.F.);
#2249 = FACE_BOUND('',#2250,.F.);
#2250 = EDGE_LOOP('',(#2251,#2252,#2260,#2267,#2268,#2269,#2270,#2271));
#2251 = ORIENTED_EDGE('',*,*,#2237,.T.);
#2252 = ORIENTED_EDGE('',*,*,#2253,.T.);
#2253 = EDGE_CURVE('',#2230,#2254,#2256,.T.);
#2254 = VERTEX_POINT('',#2255);
#2255 = CARTESIAN_POINT('',(-5.23,-9.83,7.7));
#2256 = LINE('',#2257,#2258);
#2257 = CARTESIAN_POINT('',(-5.23,-13.43,7.7));
#2258 = VECTOR('',#2259,1.);
#2259 = DIRECTION('',(-2.5E-16,1.,-1.224646799147E-16));
#2260 = ORIENTED_EDGE('',*,*,#2261,.F.);
#2261 = EDGE_CURVE('',#1127,#2254,#2262,.T.);
#2262 = CIRCLE('',#2263,1.4);
#2263 = AXIS2_PLACEMENT_3D('',#2264,#2265,#2266);
#2264 = CARTESIAN_POINT('',(-5.23,-8.43,7.7));
#2265 = DIRECTION('',(0.,-1.224646799147E-16,-1.));
#2266 = DIRECTION('',(1.,0.,0.));
#2267 = ORIENTED_EDGE('',*,*,#1126,.F.);
#2268 = ORIENTED_EDGE('',*,*,#1095,.T.);
#2269 = ORIENTED_EDGE('',*,*,#1053,.T.);
#2270 = ORIENTED_EDGE('',*,*,#997,.F.);
#2271 = ORIENTED_EDGE('',*,*,#2194,.F.);
#2272 = PLANE('',#2273);
#2273 = AXIS2_PLACEMENT_3D('',#2274,#2275,#2276);
#2274 = CARTESIAN_POINT('',(0.,0.,7.7));
#2275 = DIRECTION('',(0.,-1.224646799147E-16,-1.));
#2276 = DIRECTION('',(1.,0.,0.));
#2277 = ADVANCED_FACE('',(#2278),#2297,.F.);
#2278 = FACE_BOUND('',#2279,.T.);
#2279 = EDGE_LOOP('',(#2280,#2281,#2282,#2291));
#2280 = ORIENTED_EDGE('',*,*,#2261,.F.);
#2281 = ORIENTED_EDGE('',*,*,#1171,.F.);
#2282 = ORIENTED_EDGE('',*,*,#2283,.T.);
#2283 = EDGE_CURVE('',#1163,#2284,#2286,.T.);
#2284 = VERTEX_POINT('',#2285);
#2285 = CARTESIAN_POINT('',(-5.23,-9.83,6.6));
#2286 = CIRCLE('',#2287,1.4);
#2287 = AXIS2_PLACEMENT_3D('',#2288,#2289,#2290);
#2288 = CARTESIAN_POINT('',(-5.23,-8.43,6.6));
#2289 = DIRECTION('',(0.,-1.224646799147E-16,-1.));
#2290 = DIRECTION('',(1.,0.,0.));
#2291 = ORIENTED_EDGE('',*,*,#2292,.F.);
#2292 = EDGE_CURVE('',#2254,#2284,#2293,.T.);
#2293 = LINE('',#2294,#2295);
#2294 = CARTESIAN_POINT('',(-5.23,-9.83,7.7));
#2295 = VECTOR('',#2296,1.);
#2296 = DIRECTION('',(0.,-1.224646799147E-16,-1.));
#2297 = CYLINDRICAL_SURFACE('',#2298,1.4);
#2298 = AXIS2_PLACEMENT_3D('',#2299,#2300,#2301);
#2299 = CARTESIAN_POINT('',(-5.23,-8.43,7.7));
#2300 = DIRECTION('',(0.,1.224646799147E-16,1.));
#2301 = DIRECTION('',(1.,0.,0.));
#2302 = ADVANCED_FACE('',(#2303),#2331,.F.);
#2303 = FACE_BOUND('',#2304,.F.);
#2304 = EDGE_LOOP('',(#2305,#2306,#2314,#2321,#2322,#2323,#2329,#2330));
#2305 = ORIENTED_EDGE('',*,*,#2113,.T.);
#2306 = ORIENTED_EDGE('',*,*,#2307,.T.);
#2307 = EDGE_CURVE('',#2116,#2308,#2310,.T.);
#2308 = VERTEX_POINT('',#2309);
#2309 = CARTESIAN_POINT('',(-6.63,-8.43,6.6));
#2310 = LINE('',#2311,#2312);
#2311 = CARTESIAN_POINT('',(-10.23,-8.43,6.6));
#2312 = VECTOR('',#2313,1.);
#2313 = DIRECTION('',(1.,0.,0.));
#2314 = ORIENTED_EDGE('',*,*,#2315,.T.);
#2315 = EDGE_CURVE('',#2308,#1155,#2316,.T.);
#2316 = CIRCLE('',#2317,1.4);
#2317 = AXIS2_PLACEMENT_3D('',#2318,#2319,#2320);
#2318 = CARTESIAN_POINT('',(-5.23,-8.43,6.6));
#2319 = DIRECTION('',(0.,-1.224646799147E-16,-1.));
#2320 = DIRECTION('',(1.,0.,0.));
#2321 = ORIENTED_EDGE('',*,*,#1162,.T.);
#2322 = ORIENTED_EDGE('',*,*,#2283,.T.);
#2323 = ORIENTED_EDGE('',*,*,#2324,.F.);
#2324 = EDGE_CURVE('',#2222,#2284,#2325,.T.);
#2325 = LINE('',#2326,#2327);
#2326 = CARTESIAN_POINT('',(-5.23,-13.43,6.6));
#2327 = VECTOR('',#2328,1.);
#2328 = DIRECTION('',(-2.5E-16,1.,-1.224646799147E-16));
#2329 = ORIENTED_EDGE('',*,*,#2221,.T.);
#2330 = ORIENTED_EDGE('',*,*,#2169,.F.);
#2331 = PLANE('',#2332);
#2332 = AXIS2_PLACEMENT_3D('',#2333,#2334,#2335);
#2333 = CARTESIAN_POINT('',(3.1E-16,3.043252888521E-13,6.6));
#2334 = DIRECTION('',(0.,-1.224646799147E-16,-1.));
#2335 = DIRECTION('',(1.,0.,0.));
#2336 = ADVANCED_FACE('',(#2337),#2356,.F.);
#2337 = FACE_BOUND('',#2338,.T.);
#2338 = EDGE_LOOP('',(#2339,#2348,#2354,#2355));
#2339 = ORIENTED_EDGE('',*,*,#2340,.F.);
#2340 = EDGE_CURVE('',#2341,#1146,#2343,.T.);
#2341 = VERTEX_POINT('',#2342);
#2342 = CARTESIAN_POINT('',(-6.63,-8.43,7.7));
#2343 = CIRCLE('',#2344,1.4);
#2344 = AXIS2_PLACEMENT_3D('',#2345,#2346,#2347);
#2345 = CARTESIAN_POINT('',(-5.23,-8.43,7.7));
#2346 = DIRECTION('',(0.,-1.224646799147E-16,-1.));
#2347 = DIRECTION('',(1.,0.,0.));
#2348 = ORIENTED_EDGE('',*,*,#2349,.T.);
#2349 = EDGE_CURVE('',#2341,#2308,#2350,.T.);
#2350 = LINE('',#2351,#2352);
#2351 = CARTESIAN_POINT('',(-6.63,-8.43,7.7));
#2352 = VECTOR('',#2353,1.);
#2353 = DIRECTION('',(0.,-1.224646799147E-16,-1.));
#2354 = ORIENTED_EDGE('',*,*,#2315,.T.);
#2355 = ORIENTED_EDGE('',*,*,#1154,.T.);
#2356 = CYLINDRICAL_SURFACE('',#2357,1.4);
#2357 = AXIS2_PLACEMENT_3D('',#2358,#2359,#2360);
#2358 = CARTESIAN_POINT('',(-5.23,-8.43,7.7));
#2359 = DIRECTION('',(0.,1.224646799147E-16,1.));
#2360 = DIRECTION('',(1.,0.,0.));
#2361 = ADVANCED_FACE('',(#2362),#2390,.F.);
#2362 = FACE_BOUND('',#2363,.F.);
#2363 = EDGE_LOOP('',(#2364,#2365,#2373,#2380,#2381,#2382,#2383,#2384));
#2364 = ORIENTED_EDGE('',*,*,#2147,.T.);
#2365 = ORIENTED_EDGE('',*,*,#2366,.T.);
#2366 = EDGE_CURVE('',#2140,#2367,#2369,.T.);
#2367 = VERTEX_POINT('',#2368);
#2368 = CARTESIAN_POINT('',(-6.63,8.430000000001,7.7));
#2369 = LINE('',#2370,#2371);
#2370 = CARTESIAN_POINT('',(-10.23,8.430000000001,7.7));
#2371 = VECTOR('',#2372,1.);
#2372 = DIRECTION('',(1.,0.,0.));
#2373 = ORIENTED_EDGE('',*,*,#2374,.F.);
#2374 = EDGE_CURVE('',#1244,#2367,#2375,.T.);
#2375 = CIRCLE('',#2376,1.4);
#2376 = AXIS2_PLACEMENT_3D('',#2377,#2378,#2379);
#2377 = CARTESIAN_POINT('',(-5.23,8.430000000001,7.7));
#2378 = DIRECTION('',(0.,-1.224646799147E-16,-1.));
#2379 = DIRECTION('',(1.,0.,0.));
#2380 = ORIENTED_EDGE('',*,*,#1243,.F.);
#2381 = ORIENTED_EDGE('',*,*,#1212,.T.);
#2382 = ORIENTED_EDGE('',*,*,#1145,.F.);
#2383 = ORIENTED_EDGE('',*,*,#2340,.F.);
#2384 = ORIENTED_EDGE('',*,*,#2385,.F.);
#2385 = EDGE_CURVE('',#2148,#2341,#2386,.T.);
#2386 = LINE('',#2387,#2388);
#2387 = CARTESIAN_POINT('',(-10.23,-8.43,7.7));
#2388 = VECTOR('',#2389,1.);
#2389 = DIRECTION('',(1.,0.,0.));
#2390 = PLANE('',#2391);
#2391 = AXIS2_PLACEMENT_3D('',#2392,#2393,#2394);
#2392 = CARTESIAN_POINT('',(0.,0.,7.7));
#2393 = DIRECTION('',(0.,-1.224646799147E-16,-1.));
#2394 = DIRECTION('',(1.,0.,0.));
#2395 = ADVANCED_FACE('',(#2396),#2415,.F.);
#2396 = FACE_BOUND('',#2397,.T.);
#2397 = EDGE_LOOP('',(#2398,#2399,#2400,#2409));
#2398 = ORIENTED_EDGE('',*,*,#2374,.F.);
#2399 = ORIENTED_EDGE('',*,*,#1288,.F.);
#2400 = ORIENTED_EDGE('',*,*,#2401,.T.);
#2401 = EDGE_CURVE('',#1280,#2402,#2404,.T.);
#2402 = VERTEX_POINT('',#2403);
#2403 = CARTESIAN_POINT('',(-6.63,8.430000000001,6.6));
#2404 = CIRCLE('',#2405,1.4);
#2405 = AXIS2_PLACEMENT_3D('',#2406,#2407,#2408);
#2406 = CARTESIAN_POINT('',(-5.23,8.430000000001,6.6));
#2407 = DIRECTION('',(0.,-1.224646799147E-16,-1.));
#2408 = DIRECTION('',(1.,0.,0.));
#2409 = ORIENTED_EDGE('',*,*,#2410,.F.);
#2410 = EDGE_CURVE('',#2367,#2402,#2411,.T.);
#2411 = LINE('',#2412,#2413);
#2412 = CARTESIAN_POINT('',(-6.63,8.430000000001,7.7));
#2413 = VECTOR('',#2414,1.);
#2414 = DIRECTION('',(0.,-1.224646799147E-16,-1.));
#2415 = CYLINDRICAL_SURFACE('',#2416,1.4);
#2416 = AXIS2_PLACEMENT_3D('',#2417,#2418,#2419);
#2417 = CARTESIAN_POINT('',(-5.23,8.430000000001,7.7));
#2418 = DIRECTION('',(0.,1.224646799147E-16,1.));
#2419 = DIRECTION('',(1.,0.,0.));
#2420 = ADVANCED_FACE('',(#2421),#2449,.F.);
#2421 = FACE_BOUND('',#2422,.F.);
#2422 = EDGE_LOOP('',(#2423,#2424,#2432,#2439,#2440,#2441,#2447,#2448));
#2423 = ORIENTED_EDGE('',*,*,#2032,.T.);
#2424 = ORIENTED_EDGE('',*,*,#2425,.T.);
#2425 = EDGE_CURVE('',#2035,#2426,#2428,.T.);
#2426 = VERTEX_POINT('',#2427);
#2427 = CARTESIAN_POINT('',(-5.23,9.830000000001,6.6));
#2428 = LINE('',#2429,#2430);
#2429 = CARTESIAN_POINT('',(-5.23,13.430000000001,6.6));
#2430 = VECTOR('',#2431,1.);
#2431 = DIRECTION('',(-4.9E-16,-1.,1.224646799147E-16));
#2432 = ORIENTED_EDGE('',*,*,#2433,.T.);
#2433 = EDGE_CURVE('',#2426,#1272,#2434,.T.);
#2434 = CIRCLE('',#2435,1.4);
#2435 = AXIS2_PLACEMENT_3D('',#2436,#2437,#2438);
#2436 = CARTESIAN_POINT('',(-5.23,8.430000000001,6.6));
#2437 = DIRECTION('',(0.,-1.224646799147E-16,-1.));
#2438 = DIRECTION('',(1.,0.,0.));
#2439 = ORIENTED_EDGE('',*,*,#1279,.T.);
#2440 = ORIENTED_EDGE('',*,*,#2401,.T.);
#2441 = ORIENTED_EDGE('',*,*,#2442,.F.);
#2442 = EDGE_CURVE('',#2132,#2402,#2443,.T.);
#2443 = LINE('',#2444,#2445);
#2444 = CARTESIAN_POINT('',(-10.23,8.430000000001,6.6));
#2445 = VECTOR('',#2446,1.);
#2446 = DIRECTION('',(1.,0.,0.));
#2447 = ORIENTED_EDGE('',*,*,#2131,.T.);
#2448 = ORIENTED_EDGE('',*,*,#2088,.F.);
#2449 = PLANE('',#2450);
#2450 = AXIS2_PLACEMENT_3D('',#2451,#2452,#2453);
#2451 = CARTESIAN_POINT('',(3.1E-16,3.043252888521E-13,6.6));
#2452 = DIRECTION('',(0.,-1.224646799147E-16,-1.));
#2453 = DIRECTION('',(1.,0.,0.));
#2454 = ADVANCED_FACE('',(#2455),#2474,.F.);
#2455 = FACE_BOUND('',#2456,.T.);
#2456 = EDGE_LOOP('',(#2457,#2466,#2472,#2473));
#2457 = ORIENTED_EDGE('',*,*,#2458,.F.);
#2458 = EDGE_CURVE('',#2459,#1263,#2461,.T.);
#2459 = VERTEX_POINT('',#2460);
#2460 = CARTESIAN_POINT('',(-5.23,9.830000000001,7.7));
#2461 = CIRCLE('',#2462,1.4);
#2462 = AXIS2_PLACEMENT_3D('',#2463,#2464,#2465);
#2463 = CARTESIAN_POINT('',(-5.23,8.430000000001,7.7));
#2464 = DIRECTION('',(0.,-1.224646799147E-16,-1.));
#2465 = DIRECTION('',(1.,0.,0.));
#2466 = ORIENTED_EDGE('',*,*,#2467,.T.);
#2467 = EDGE_CURVE('',#2459,#2426,#2468,.T.);
#2468 = LINE('',#2469,#2470);
#2469 = CARTESIAN_POINT('',(-5.23,9.830000000001,7.7));
#2470 = VECTOR('',#2471,1.);
#2471 = DIRECTION('',(0.,-1.224646799147E-16,-1.));
#2472 = ORIENTED_EDGE('',*,*,#2433,.T.);
#2473 = ORIENTED_EDGE('',*,*,#1271,.T.);
#2474 = CYLINDRICAL_SURFACE('',#2475,1.4);
#2475 = AXIS2_PLACEMENT_3D('',#2476,#2477,#2478);
#2476 = CARTESIAN_POINT('',(-5.23,8.430000000001,7.7));
#2477 = DIRECTION('',(0.,1.224646799147E-16,1.));
#2478 = DIRECTION('',(1.,0.,0.));
#2479 = ADVANCED_FACE('',(#2480),#2508,.F.);
#2480 = FACE_BOUND('',#2481,.F.);
#2481 = EDGE_LOOP('',(#2482,#2483,#2491,#2498,#2499,#2500,#2501,#2502));
#2482 = ORIENTED_EDGE('',*,*,#2066,.T.);
#2483 = ORIENTED_EDGE('',*,*,#2484,.T.);
#2484 = EDGE_CURVE('',#2059,#2485,#2487,.T.);
#2485 = VERTEX_POINT('',#2486);
#2486 = CARTESIAN_POINT('',(5.23,9.83,7.7));
#2487 = LINE('',#2488,#2489);
#2488 = CARTESIAN_POINT('',(5.23,13.43,7.7));
#2489 = VECTOR('',#2490,1.);
#2490 = DIRECTION('',(0.,-1.,1.224646799147E-16));
#2491 = ORIENTED_EDGE('',*,*,#2492,.F.);
#2492 = EDGE_CURVE('',#1361,#2485,#2493,.T.);
#2493 = CIRCLE('',#2494,1.4);
#2494 = AXIS2_PLACEMENT_3D('',#2495,#2496,#2497);
#2495 = CARTESIAN_POINT('',(5.23,8.43,7.7));
#2496 = DIRECTION('',(0.,-1.224646799147E-16,-1.));
#2497 = DIRECTION('',(1.,0.,0.));
#2498 = ORIENTED_EDGE('',*,*,#1360,.F.);
#2499 = ORIENTED_EDGE('',*,*,#1329,.T.);
#2500 = ORIENTED_EDGE('',*,*,#1262,.F.);
#2501 = ORIENTED_EDGE('',*,*,#2458,.F.);
#2502 = ORIENTED_EDGE('',*,*,#2503,.F.);
#2503 = EDGE_CURVE('',#2067,#2459,#2504,.T.);
#2504 = LINE('',#2505,#2506);
#2505 = CARTESIAN_POINT('',(-5.23,13.430000000001,7.7));
#2506 = VECTOR('',#2507,1.);
#2507 = DIRECTION('',(-4.9E-16,-1.,1.224646799147E-16));
#2508 = PLANE('',#2509);
#2509 = AXIS2_PLACEMENT_3D('',#2510,#2511,#2512);
#2510 = CARTESIAN_POINT('',(0.,0.,7.7));
#2511 = DIRECTION('',(0.,-1.224646799147E-16,-1.));
#2512 = DIRECTION('',(1.,0.,0.));
#2513 = ADVANCED_FACE('',(#2514),#2533,.F.);
#2514 = FACE_BOUND('',#2515,.T.);
#2515 = EDGE_LOOP('',(#2516,#2517,#2518,#2527));
#2516 = ORIENTED_EDGE('',*,*,#2492,.F.);
#2517 = ORIENTED_EDGE('',*,*,#1405,.F.);
#2518 = ORIENTED_EDGE('',*,*,#2519,.T.);
#2519 = EDGE_CURVE('',#1397,#2520,#2522,.T.);
#2520 = VERTEX_POINT('',#2521);
#2521 = CARTESIAN_POINT('',(5.23,9.83,6.6));
#2522 = CIRCLE('',#2523,1.4);
#2523 = AXIS2_PLACEMENT_3D('',#2524,#2525,#2526);
#2524 = CARTESIAN_POINT('',(5.23,8.43,6.6));
#2525 = DIRECTION('',(0.,-1.224646799147E-16,-1.));
#2526 = DIRECTION('',(1.,0.,0.));
#2527 = ORIENTED_EDGE('',*,*,#2528,.F.);
#2528 = EDGE_CURVE('',#2485,#2520,#2529,.T.);
#2529 = LINE('',#2530,#2531);
#2530 = CARTESIAN_POINT('',(5.23,9.83,7.7));
#2531 = VECTOR('',#2532,1.);
#2532 = DIRECTION('',(0.,-1.224646799147E-16,-1.));
#2533 = CYLINDRICAL_SURFACE('',#2534,1.4);
#2534 = AXIS2_PLACEMENT_3D('',#2535,#2536,#2537);
#2535 = CARTESIAN_POINT('',(5.23,8.43,7.7));
#2536 = DIRECTION('',(0.,1.224646799147E-16,1.));
#2537 = DIRECTION('',(1.,0.,0.));
#2538 = ADVANCED_FACE('',(#2539),#2567,.F.);
#2539 = FACE_BOUND('',#2540,.F.);
#2540 = EDGE_LOOP('',(#2541,#2542,#2550,#2557,#2558,#2559,#2565,#2566));
#2541 = ORIENTED_EDGE('',*,*,#1951,.T.);
#2542 = ORIENTED_EDGE('',*,*,#2543,.F.);
#2543 = EDGE_CURVE('',#2544,#1954,#2546,.T.);
#2544 = VERTEX_POINT('',#2545);
#2545 = CARTESIAN_POINT('',(6.63,8.43,6.6));
#2546 = LINE('',#2547,#2548);
#2547 = CARTESIAN_POINT('',(6.63,8.43,6.6));
#2548 = VECTOR('',#2549,1.);
#2549 = DIRECTION('',(1.,0.,0.));
#2550 = ORIENTED_EDGE('',*,*,#2551,.T.);
#2551 = EDGE_CURVE('',#2544,#1389,#2552,.T.);
#2552 = CIRCLE('',#2553,1.4);
#2553 = AXIS2_PLACEMENT_3D('',#2554,#2555,#2556);
#2554 = CARTESIAN_POINT('',(5.23,8.43,6.6));
#2555 = DIRECTION('',(0.,-1.224646799147E-16,-1.));
#2556 = DIRECTION('',(1.,0.,0.));
#2557 = ORIENTED_EDGE('',*,*,#1396,.T.);
#2558 = ORIENTED_EDGE('',*,*,#2519,.T.);
#2559 = ORIENTED_EDGE('',*,*,#2560,.F.);
#2560 = EDGE_CURVE('',#2051,#2520,#2561,.T.);
#2561 = LINE('',#2562,#2563);
#2562 = CARTESIAN_POINT('',(5.23,13.43,6.6));
#2563 = VECTOR('',#2564,1.);
#2564 = DIRECTION('',(0.,-1.,1.224646799147E-16));
#2565 = ORIENTED_EDGE('',*,*,#2050,.T.);
#2566 = ORIENTED_EDGE('',*,*,#2007,.F.);
#2567 = PLANE('',#2568);
#2568 = AXIS2_PLACEMENT_3D('',#2569,#2570,#2571);
#2569 = CARTESIAN_POINT('',(3.1E-16,3.043252888521E-13,6.6));
#2570 = DIRECTION('',(0.,-1.224646799147E-16,-1.));
#2571 = DIRECTION('',(1.,0.,0.));
#2572 = ADVANCED_FACE('',(#2573),#2592,.F.);
#2573 = FACE_BOUND('',#2574,.T.);
#2574 = EDGE_LOOP('',(#2575,#2584,#2590,#2591));
#2575 = ORIENTED_EDGE('',*,*,#2576,.F.);
#2576 = EDGE_CURVE('',#2577,#1380,#2579,.T.);
#2577 = VERTEX_POINT('',#2578);
#2578 = CARTESIAN_POINT('',(6.63,8.43,7.7));
#2579 = CIRCLE('',#2580,1.4);
#2580 = AXIS2_PLACEMENT_3D('',#2581,#2582,#2583);
#2581 = CARTESIAN_POINT('',(5.23,8.43,7.7));
#2582 = DIRECTION('',(0.,-1.224646799147E-16,-1.));
#2583 = DIRECTION('',(1.,0.,0.));
#2584 = ORIENTED_EDGE('',*,*,#2585,.T.);
#2585 = EDGE_CURVE('',#2577,#2544,#2586,.T.);
#2586 = LINE('',#2587,#2588);
#2587 = CARTESIAN_POINT('',(6.63,8.43,7.7));
#2588 = VECTOR('',#2589,1.);
#2589 = DIRECTION('',(0.,-1.224646799147E-16,-1.));
#2590 = ORIENTED_EDGE('',*,*,#2551,.T.);
#2591 = ORIENTED_EDGE('',*,*,#1388,.T.);
#2592 = CYLINDRICAL_SURFACE('',#2593,1.4);
#2593 = AXIS2_PLACEMENT_3D('',#2594,#2595,#2596);
#2594 = CARTESIAN_POINT('',(5.23,8.43,7.7));
#2595 = DIRECTION('',(0.,1.224646799147E-16,1.));
#2596 = DIRECTION('',(1.,0.,0.));
#2597 = ADVANCED_FACE('',(#2598),#2626,.F.);
#2598 = FACE_BOUND('',#2599,.F.);
#2599 = EDGE_LOOP('',(#2600,#2606,#2607,#2615,#2622,#2623,#2624,#2625));
#2600 = ORIENTED_EDGE('',*,*,#2601,.T.);
#2601 = EDGE_CURVE('',#2577,#1986,#2602,.T.);
#2602 = LINE('',#2603,#2604);
#2603 = CARTESIAN_POINT('',(6.63,8.43,7.7));
#2604 = VECTOR('',#2605,1.);
#2605 = DIRECTION('',(1.,0.,0.));
#2606 = ORIENTED_EDGE('',*,*,#1985,.T.);
#2607 = ORIENTED_EDGE('',*,*,#2608,.F.);
#2608 = EDGE_CURVE('',#2609,#1978,#2611,.T.);
#2609 = VERTEX_POINT('',#2610);
#2610 = CARTESIAN_POINT('',(6.63,-8.43,7.7));
#2611 = LINE('',#2612,#2613);
#2612 = CARTESIAN_POINT('',(6.63,-8.43,7.7));
#2613 = VECTOR('',#2614,1.);
#2614 = DIRECTION('',(1.,0.,0.));
#2615 = ORIENTED_EDGE('',*,*,#2616,.F.);
#2616 = EDGE_CURVE('',#1478,#2609,#2617,.T.);
#2617 = CIRCLE('',#2618,1.4);
#2618 = AXIS2_PLACEMENT_3D('',#2619,#2620,#2621);
#2619 = CARTESIAN_POINT('',(5.23,-8.43,7.7));
#2620 = DIRECTION('',(0.,-1.224646799147E-16,-1.));
#2621 = DIRECTION('',(1.,0.,0.));
#2622 = ORIENTED_EDGE('',*,*,#1477,.F.);
#2623 = ORIENTED_EDGE('',*,*,#1446,.T.);
#2624 = ORIENTED_EDGE('',*,*,#1379,.F.);
#2625 = ORIENTED_EDGE('',*,*,#2576,.F.);
#2626 = PLANE('',#2627);
#2627 = AXIS2_PLACEMENT_3D('',#2628,#2629,#2630);
#2628 = CARTESIAN_POINT('',(0.,0.,7.7));
#2629 = DIRECTION('',(0.,-1.224646799147E-16,-1.));
#2630 = DIRECTION('',(1.,0.,0.));
#2631 = ADVANCED_FACE('',(#2632),#2651,.F.);
#2632 = FACE_BOUND('',#2633,.T.);
#2633 = EDGE_LOOP('',(#2634,#2635,#2636,#2645));
#2634 = ORIENTED_EDGE('',*,*,#2616,.F.);
#2635 = ORIENTED_EDGE('',*,*,#1512,.F.);
#2636 = ORIENTED_EDGE('',*,*,#2637,.T.);
#2637 = EDGE_CURVE('',#1504,#2638,#2640,.T.);
#2638 = VERTEX_POINT('',#2639);
#2639 = CARTESIAN_POINT('',(6.63,-8.43,6.6));
#2640 = CIRCLE('',#2641,1.4);
#2641 = AXIS2_PLACEMENT_3D('',#2642,#2643,#2644);
#2642 = CARTESIAN_POINT('',(5.23,-8.43,6.6));
#2643 = DIRECTION('',(0.,-1.224646799147E-16,-1.));
#2644 = DIRECTION('',(1.,0.,0.));
#2645 = ORIENTED_EDGE('',*,*,#2646,.F.);
#2646 = EDGE_CURVE('',#2609,#2638,#2647,.T.);
#2647 = LINE('',#2648,#2649);
#2648 = CARTESIAN_POINT('',(6.63,-8.43,7.7));
#2649 = VECTOR('',#2650,1.);
#2650 = DIRECTION('',(0.,-1.224646799147E-16,-1.));
#2651 = CYLINDRICAL_SURFACE('',#2652,1.4);
#2652 = AXIS2_PLACEMENT_3D('',#2653,#2654,#2655);
#2653 = CARTESIAN_POINT('',(5.23,-8.43,7.7));
#2654 = DIRECTION('',(0.,1.224646799147E-16,1.));
#2655 = DIRECTION('',(1.,0.,0.));
#2656 = ADVANCED_FACE('',(#2657),#2672,.F.);
#2657 = FACE_BOUND('',#2658,.F.);
#2658 = EDGE_LOOP('',(#2659,#2660,#2661,#2662,#2663,#2664,#2670,#2671));
#2659 = ORIENTED_EDGE('',*,*,#1862,.T.);
#2660 = ORIENTED_EDGE('',*,*,#1893,.F.);
#2661 = ORIENTED_EDGE('',*,*,#1910,.T.);
#2662 = ORIENTED_EDGE('',*,*,#1503,.T.);
#2663 = ORIENTED_EDGE('',*,*,#2637,.T.);
#2664 = ORIENTED_EDGE('',*,*,#2665,.T.);
#2665 = EDGE_CURVE('',#2638,#1970,#2666,.T.);
#2666 = LINE('',#2667,#2668);
#2667 = CARTESIAN_POINT('',(6.63,-8.43,6.6));
#2668 = VECTOR('',#2669,1.);
#2669 = DIRECTION('',(1.,0.,0.));
#2670 = ORIENTED_EDGE('',*,*,#1969,.T.);
#2671 = ORIENTED_EDGE('',*,*,#1926,.F.);
#2672 = PLANE('',#2673);
#2673 = AXIS2_PLACEMENT_3D('',#2674,#2675,#2676);
#2674 = CARTESIAN_POINT('',(3.1E-16,3.043252888521E-13,6.6));
#2675 = DIRECTION('',(0.,-1.224646799147E-16,-1.));
#2676 = DIRECTION('',(1.,0.,0.));
#2677 = ADVANCED_FACE('',(#2678),#2684,.F.);
#2678 = FACE_BOUND('',#2679,.F.);
#2679 = EDGE_LOOP('',(#2680,#2681,#2682,#2683));
#2680 = ORIENTED_EDGE('',*,*,#2601,.F.);
#2681 = ORIENTED_EDGE('',*,*,#2585,.T.);
#2682 = ORIENTED_EDGE('',*,*,#2543,.T.);
#2683 = ORIENTED_EDGE('',*,*,#1993,.T.);
#2684 = PLANE('',#2685);
#2685 = AXIS2_PLACEMENT_3D('',#2686,#2687,#2688);
#2686 = CARTESIAN_POINT('',(6.63,8.43,7.7));
#2687 = DIRECTION('',(0.,-1.,1.224646799147E-16));
#2688 = DIRECTION('',(1.,0.,0.));
#2689 = ADVANCED_FACE('',(#2690),#2696,.T.);
#2690 = FACE_BOUND('',#2691,.T.);
#2691 = EDGE_LOOP('',(#2692,#2693,#2694,#2695));
#2692 = ORIENTED_EDGE('',*,*,#2608,.F.);
#2693 = ORIENTED_EDGE('',*,*,#2646,.T.);
#2694 = ORIENTED_EDGE('',*,*,#2665,.T.);
#2695 = ORIENTED_EDGE('',*,*,#1977,.T.);
#2696 = PLANE('',#2697);
#2697 = AXIS2_PLACEMENT_3D('',#2698,#2699,#2700);
#2698 = CARTESIAN_POINT('',(6.63,-8.43,7.7));
#2699 = DIRECTION('',(0.,-1.,1.224646799147E-16));
#2700 = DIRECTION('',(1.,0.,0.));
#2701 = ADVANCED_FACE('',(#2702),#2708,.T.);
#2702 = FACE_BOUND('',#2703,.T.);
#2703 = EDGE_LOOP('',(#2704,#2705,#2706,#2707));
#2704 = ORIENTED_EDGE('',*,*,#2503,.F.);
#2705 = ORIENTED_EDGE('',*,*,#2074,.T.);
#2706 = ORIENTED_EDGE('',*,*,#2425,.T.);
#2707 = ORIENTED_EDGE('',*,*,#2467,.F.);
#2708 = PLANE('',#2709);
#2709 = AXIS2_PLACEMENT_3D('',#2710,#2711,#2712);
#2710 = CARTESIAN_POINT('',(-5.23,13.430000000001,7.7));
#2711 = DIRECTION('',(-1.,4.9E-16,-6.000769315822E-32));
#2712 = DIRECTION('',(-4.9E-16,-1.,1.224646799147E-16));
#2713 = ADVANCED_FACE('',(#2714),#2720,.F.);
#2714 = FACE_BOUND('',#2715,.F.);
#2715 = EDGE_LOOP('',(#2716,#2717,#2718,#2719));
#2716 = ORIENTED_EDGE('',*,*,#2484,.F.);
#2717 = ORIENTED_EDGE('',*,*,#2058,.T.);
#2718 = ORIENTED_EDGE('',*,*,#2560,.T.);
#2719 = ORIENTED_EDGE('',*,*,#2528,.F.);
#2720 = PLANE('',#2721);
#2721 = AXIS2_PLACEMENT_3D('',#2722,#2723,#2724);
#2722 = CARTESIAN_POINT('',(5.23,13.43,7.7));
#2723 = DIRECTION('',(-1.,0.,0.));
#2724 = DIRECTION('',(0.,-1.,1.224646799147E-16));
#2725 = ADVANCED_FACE('',(#2726),#2732,.T.);
#2726 = FACE_BOUND('',#2727,.T.);
#2727 = EDGE_LOOP('',(#2728,#2729,#2730,#2731));
#2728 = ORIENTED_EDGE('',*,*,#2385,.F.);
#2729 = ORIENTED_EDGE('',*,*,#2155,.T.);
#2730 = ORIENTED_EDGE('',*,*,#2307,.T.);
#2731 = ORIENTED_EDGE('',*,*,#2349,.F.);
#2732 = PLANE('',#2733);
#2733 = AXIS2_PLACEMENT_3D('',#2734,#2735,#2736);
#2734 = CARTESIAN_POINT('',(-10.23,-8.43,7.7));
#2735 = DIRECTION('',(0.,-1.,1.224646799147E-16));
#2736 = DIRECTION('',(1.,0.,0.));
#2737 = ADVANCED_FACE('',(#2738),#2744,.F.);
#2738 = FACE_BOUND('',#2739,.F.);
#2739 = EDGE_LOOP('',(#2740,#2741,#2742,#2743));
#2740 = ORIENTED_EDGE('',*,*,#2366,.F.);
#2741 = ORIENTED_EDGE('',*,*,#2139,.T.);
#2742 = ORIENTED_EDGE('',*,*,#2442,.T.);
#2743 = ORIENTED_EDGE('',*,*,#2410,.F.);
#2744 = PLANE('',#2745);
#2745 = AXIS2_PLACEMENT_3D('',#2746,#2747,#2748);
#2746 = CARTESIAN_POINT('',(-10.23,8.430000000001,7.7));
#2747 = DIRECTION('',(0.,-1.,1.224646799147E-16));
#2748 = DIRECTION('',(1.,0.,0.));
#2749 = ADVANCED_FACE('',(#2750),#2756,.F.);
#2750 = FACE_BOUND('',#2751,.F.);
#2751 = EDGE_LOOP('',(#2752,#2753,#2754,#2755));
#2752 = ORIENTED_EDGE('',*,*,#2253,.F.);
#2753 = ORIENTED_EDGE('',*,*,#2229,.T.);
#2754 = ORIENTED_EDGE('',*,*,#2324,.T.);
#2755 = ORIENTED_EDGE('',*,*,#2292,.F.);
#2756 = PLANE('',#2757);
#2757 = AXIS2_PLACEMENT_3D('',#2758,#2759,#2760);
#2758 = CARTESIAN_POINT('',(-5.23,-13.43,7.7));
#2759 = DIRECTION('',(1.,2.5E-16,-3.061616997868E-32));
#2760 = DIRECTION('',(-2.5E-16,1.,-1.224646799147E-16));
#2761 = ( GEOMETRIC_REPRESENTATION_CONTEXT(3) 
GLOBAL_UNCERTAINTY_ASSIGNED_CONTEXT((#2765)) 
GLOBAL_UNIT_ASSIGNED_CONTEXT((#2762,#2763,#2764)) REPRESENTATION_CONTEXT
('Context #1','3D Context with UNIT and UNCERTAINTY') );
#2762 = ( LENGTH_UNIT() NAMED_UNIT(*) SI_UNIT(.MILLI.,.METRE.) );
#2763 = ( NAMED_UNIT(*) PLANE_ANGLE_UNIT() SI_UNIT($,.RADIAN.) );
#2764 = ( NAMED_UNIT(*) SI_UNIT($,.STERADIAN.) SOLID_ANGLE_UNIT() );
#2765 = UNCERTAINTY_MEASURE_WITH_UNIT(LENGTH_MEASURE(1.E-05),#2762,
  'distance_accuracy_value','confusion accuracy');
#2766 = PRODUCT_RELATED_PRODUCT_CATEGORY('part',$,(#7));
#2767 = MECHANICAL_DESIGN_GEOMETRIC_PRESENTATION_REPRESENTATION('',(
    #2768),#2761);
#2768 = STYLED_ITEM('color',(#2769),#15);
#2769 = PRESENTATION_STYLE_ASSIGNMENT((#2770,#2776));
#2770 = SURFACE_STYLE_USAGE(.BOTH.,#2771);
#2771 = SURFACE_SIDE_STYLE('',(#2772));
#2772 = SURFACE_STYLE_FILL_AREA(#2773);
#2773 = FILL_AREA_STYLE('',(#2774));
#2774 = FILL_AREA_STYLE_COLOUR('',#2775);
#2775 = COLOUR_RGB('',0.701960807317,0.666666687201,0.619607859787);
#2776 = CURVE_STYLE('',#2777,POSITIVE_LENGTH_MEASURE(0.1),#2778);
#2777 = DRAUGHTING_PRE_DEFINED_CURVE_FONT('continuous');
#2778 = COLOUR_RGB('',9.803921802644E-02,9.803921802644E-02,
  9.803921802644E-02);
ENDSEC;
END-ISO-10303-21;
