ISO-10303-21;
HEADER;
FILE_DESCRIPTION(('STEP AP242'),'1');
FILE_NAME('733660030.stp','2025-10-09T09:48:12',('TraceParts'),('TraceParts S.A.S.'),'Spatial InterOp 3D',' ',' ');
FILE_SCHEMA(('AP242_MANAGED_MODEL_BASED_3D_ENGINEERING_MIM_LF  {1 0 10303 442 1 1 4}'));
ENDSEC;
DATA;
#1=MECHANICAL_DESIGN_GEOMETRIC_PRESENTATION_REPRESENTATION(' ',(#10,#11,#12,#13,#14,#15,#16,#17,#18,#19,#20,#21,#22,#23,#24,#25,#26,#27,#28,#29,#30,#31,#32,#33,#34,#35,#36,#37,#38,#39,#40,#41,#42,#43,#44,#45,#46,#47,#48,#49,#50,#51,#52,#53,#54,#55,#56,#57,#58,#59,#60,#61,#62,#63,#64,#65,#66,#67,#68,#69,#70,#71,#72,#73),#6);
#2=PRODUCT_DEFINITION_CONTEXT('',#74,'design');
#3=APPLICATION_PROTOCOL_DEFINITION('INTERNATIONAL STANDARD','ap242_managed_model_based_3d_engineering',2014,#74);
#4=PRODUCT_CATEGORY_RELATIONSHIP('NONE','NONE',#75,#76);
#5=SHAPE_DEFINITION_REPRESENTATION(#77,#78);
#6= (GEOMETRIC_REPRESENTATION_CONTEXT(3)GLOBAL_UNCERTAINTY_ASSIGNED_CONTEXT((#81))GLOBAL_UNIT_ASSIGNED_CONTEXT((#83,#84,#85))REPRESENTATION_CONTEXT('NONE','WORKSPACE'));
#10=STYLED_ITEM('',(#87),#88);
#11=STYLED_ITEM('',(#89),#90);
#12=STYLED_ITEM('',(#91),#92);
#13=STYLED_ITEM('',(#93),#94);
#14=STYLED_ITEM('',(#95),#96);
#15=STYLED_ITEM('',(#97),#98);
#16=STYLED_ITEM('',(#99),#100);
#17=STYLED_ITEM('',(#101),#102);
#18=STYLED_ITEM('',(#103),#104);
#19=STYLED_ITEM('',(#105),#106);
#20=STYLED_ITEM('',(#107),#108);
#21=STYLED_ITEM('',(#109),#110);
#22=STYLED_ITEM('',(#111),#112);
#23=STYLED_ITEM('',(#113),#114);
#24=STYLED_ITEM('',(#115),#116);
#25=STYLED_ITEM('',(#117),#118);
#26=STYLED_ITEM('',(#119),#120);
#27=STYLED_ITEM('',(#121),#122);
#28=STYLED_ITEM('',(#123),#124);
#29=STYLED_ITEM('',(#125),#126);
#30=STYLED_ITEM('',(#127),#128);
#31=STYLED_ITEM('',(#129),#130);
#32=STYLED_ITEM('',(#131),#132);
#33=STYLED_ITEM('',(#133),#134);
#34=STYLED_ITEM('',(#135),#136);
#35=STYLED_ITEM('',(#137),#138);
#36=STYLED_ITEM('',(#139),#140);
#37=STYLED_ITEM('',(#141),#142);
#38=STYLED_ITEM('',(#143),#144);
#39=STYLED_ITEM('',(#145),#146);
#40=STYLED_ITEM('',(#147),#148);
#41=STYLED_ITEM('',(#149),#150);
#42=STYLED_ITEM('',(#151),#152);
#43=STYLED_ITEM('',(#153),#154);
#44=STYLED_ITEM('',(#155),#156);
#45=STYLED_ITEM('',(#157),#158);
#46=STYLED_ITEM('',(#159),#160);
#47=STYLED_ITEM('',(#161),#162);
#48=STYLED_ITEM('',(#163),#164);
#49=STYLED_ITEM('',(#165),#166);
#50=STYLED_ITEM('',(#167),#168);
#51=STYLED_ITEM('',(#169),#170);
#52=STYLED_ITEM('',(#171),#172);
#53=STYLED_ITEM('',(#173),#174);
#54=STYLED_ITEM('',(#175),#176);
#55=STYLED_ITEM('',(#177),#178);
#56=STYLED_ITEM('',(#179),#180);
#57=STYLED_ITEM('',(#181),#182);
#58=STYLED_ITEM('',(#183),#184);
#59=STYLED_ITEM('',(#185),#186);
#60=STYLED_ITEM('',(#187),#188);
#61=STYLED_ITEM('',(#189),#190);
#62=STYLED_ITEM('',(#191),#192);
#63=STYLED_ITEM('',(#193),#194);
#64=STYLED_ITEM('',(#195),#196);
#65=STYLED_ITEM('',(#197),#198);
#66=STYLED_ITEM('',(#199),#200);
#67=STYLED_ITEM('',(#201),#202);
#68=STYLED_ITEM('',(#203),#204);
#69=STYLED_ITEM('',(#205),#206);
#70=STYLED_ITEM('',(#207),#208);
#71=STYLED_ITEM('',(#209),#210);
#72=STYLED_ITEM('',(#211),#212);
#73=STYLED_ITEM('',(#213),#214);
#74=APPLICATION_CONTEXT('managed model based 3d engineering');
#75=PRODUCT_CATEGORY('part','NONE');
#76=PRODUCT_RELATED_PRODUCT_CATEGORY('detail',' ',(#215));
#77=PRODUCT_DEFINITION_SHAPE('NONE','NONE',#216);
#78=ADVANCED_BREP_SHAPE_REPRESENTATION('body',(#214,#217),#6);
#81=UNCERTAINTY_MEASURE_WITH_UNIT(LENGTH_MEASURE(1.0E-06),#83,'','');
#83= (CONVERSION_BASED_UNIT('MILLIMETRE',#220)LENGTH_UNIT()NAMED_UNIT(#223));
#84= (NAMED_UNIT(#225)PLANE_ANGLE_UNIT()SI_UNIT($,.RADIAN.));
#85= (NAMED_UNIT(#225)SOLID_ANGLE_UNIT()SI_UNIT($,.STERADIAN.));
#87=PRESENTATION_STYLE_ASSIGNMENT((#231));
#88=ADVANCED_FACE('',(#232),#233,.T.);
#89=PRESENTATION_STYLE_ASSIGNMENT((#234));
#90=ADVANCED_FACE('',(#235),#236,.T.);
#91=PRESENTATION_STYLE_ASSIGNMENT((#237));
#92=ADVANCED_FACE('',(#238),#239,.F.);
#93=PRESENTATION_STYLE_ASSIGNMENT((#240));
#94=ADVANCED_FACE('',(#241),#242,.T.);
#95=PRESENTATION_STYLE_ASSIGNMENT((#243));
#96=ADVANCED_FACE('',(#244),#245,.F.);
#97=PRESENTATION_STYLE_ASSIGNMENT((#246));
#98=ADVANCED_FACE('',(#247),#248,.T.);
#99=PRESENTATION_STYLE_ASSIGNMENT((#249));
#100=ADVANCED_FACE('',(#250),#251,.T.);
#101=PRESENTATION_STYLE_ASSIGNMENT((#252));
#102=ADVANCED_FACE('',(#253),#254,.F.);
#103=PRESENTATION_STYLE_ASSIGNMENT((#255));
#104=ADVANCED_FACE('',(#256),#257,.F.);
#105=PRESENTATION_STYLE_ASSIGNMENT((#258));
#106=ADVANCED_FACE('',(#259),#260,.F.);
#107=PRESENTATION_STYLE_ASSIGNMENT((#261));
#108=ADVANCED_FACE('',(#262),#263,.F.);
#109=PRESENTATION_STYLE_ASSIGNMENT((#264));
#110=ADVANCED_FACE('',(#265),#266,.T.);
#111=PRESENTATION_STYLE_ASSIGNMENT((#267));
#112=ADVANCED_FACE('',(#268),#269,.T.);
#113=PRESENTATION_STYLE_ASSIGNMENT((#270));
#114=ADVANCED_FACE('',(#271),#272,.F.);
#115=PRESENTATION_STYLE_ASSIGNMENT((#273));
#116=ADVANCED_FACE('',(#274),#275,.T.);
#117=PRESENTATION_STYLE_ASSIGNMENT((#276));
#118=ADVANCED_FACE('',(#277),#278,.F.);
#119=PRESENTATION_STYLE_ASSIGNMENT((#279));
#120=ADVANCED_FACE('',(#280),#281,.F.);
#121=PRESENTATION_STYLE_ASSIGNMENT((#282));
#122=ADVANCED_FACE('',(#283),#284,.T.);
#123=PRESENTATION_STYLE_ASSIGNMENT((#285));
#124=ADVANCED_FACE('',(#286),#287,.F.);
#125=PRESENTATION_STYLE_ASSIGNMENT((#288));
#126=ADVANCED_FACE('',(#289),#290,.F.);
#127=PRESENTATION_STYLE_ASSIGNMENT((#291));
#128=ADVANCED_FACE('',(#292),#293,.F.);
#129=PRESENTATION_STYLE_ASSIGNMENT((#294));
#130=ADVANCED_FACE('',(#295),#296,.F.);
#131=PRESENTATION_STYLE_ASSIGNMENT((#297));
#132=ADVANCED_FACE('',(#298),#299,.F.);
#133=PRESENTATION_STYLE_ASSIGNMENT((#300));
#134=ADVANCED_FACE('',(#301,#302),#303,.T.);
#135=PRESENTATION_STYLE_ASSIGNMENT((#304));
#136=ADVANCED_FACE('',(#305),#306,.F.);
#137=PRESENTATION_STYLE_ASSIGNMENT((#307));
#138=ADVANCED_FACE('',(#308),#309,.T.);
#139=PRESENTATION_STYLE_ASSIGNMENT((#310));
#140=ADVANCED_FACE('',(#311,#312),#313,.T.);
#141=PRESENTATION_STYLE_ASSIGNMENT((#314));
#142=ADVANCED_FACE('',(#315),#316,.F.);
#143=PRESENTATION_STYLE_ASSIGNMENT((#317));
#144=ADVANCED_FACE('',(#318),#319,.F.);
#145=PRESENTATION_STYLE_ASSIGNMENT((#320));
#146=ADVANCED_FACE('',(#321),#322,.T.);
#147=PRESENTATION_STYLE_ASSIGNMENT((#323));
#148=ADVANCED_FACE('',(#324),#325,.F.);
#149=PRESENTATION_STYLE_ASSIGNMENT((#326));
#150=ADVANCED_FACE('',(#327,#328),#329,.T.);
#151=PRESENTATION_STYLE_ASSIGNMENT((#330));
#152=ADVANCED_FACE('',(#331),#332,.T.);
#153=PRESENTATION_STYLE_ASSIGNMENT((#333));
#154=ADVANCED_FACE('',(#334,#335),#336,.T.);
#155=PRESENTATION_STYLE_ASSIGNMENT((#337));
#156=ADVANCED_FACE('',(#338),#339,.T.);
#157=PRESENTATION_STYLE_ASSIGNMENT((#340));
#158=ADVANCED_FACE('',(#341,#342),#343,.T.);
#159=PRESENTATION_STYLE_ASSIGNMENT((#344));
#160=ADVANCED_FACE('',(#345),#346,.F.);
#161=PRESENTATION_STYLE_ASSIGNMENT((#347));
#162=ADVANCED_FACE('',(#348,#349),#350,.T.);
#163=PRESENTATION_STYLE_ASSIGNMENT((#351));
#164=ADVANCED_FACE('',(#352),#353,.F.);
#165=PRESENTATION_STYLE_ASSIGNMENT((#354));
#166=ADVANCED_FACE('',(#355),#356,.T.);
#167=PRESENTATION_STYLE_ASSIGNMENT((#357));
#168=ADVANCED_FACE('',(#358),#359,.T.);
#169=PRESENTATION_STYLE_ASSIGNMENT((#360));
#170=ADVANCED_FACE('',(#361),#362,.F.);
#171=PRESENTATION_STYLE_ASSIGNMENT((#363));
#172=ADVANCED_FACE('',(#364),#365,.F.);
#173=PRESENTATION_STYLE_ASSIGNMENT((#366));
#174=ADVANCED_FACE('',(#367),#368,.F.);
#175=PRESENTATION_STYLE_ASSIGNMENT((#369));
#176=ADVANCED_FACE('',(#370),#371,.F.);
#177=PRESENTATION_STYLE_ASSIGNMENT((#372));
#178=ADVANCED_FACE('',(#373),#374,.T.);
#179=PRESENTATION_STYLE_ASSIGNMENT((#375));
#180=ADVANCED_FACE('',(#376),#377,.F.);
#181=PRESENTATION_STYLE_ASSIGNMENT((#378));
#182=ADVANCED_FACE('',(#379),#380,.F.);
#183=PRESENTATION_STYLE_ASSIGNMENT((#381));
#184=ADVANCED_FACE('',(#382),#383,.F.);
#185=PRESENTATION_STYLE_ASSIGNMENT((#384));
#186=ADVANCED_FACE('',(#385),#386,.F.);
#187=PRESENTATION_STYLE_ASSIGNMENT((#387));
#188=ADVANCED_FACE('',(#388),#389,.T.);
#189=PRESENTATION_STYLE_ASSIGNMENT((#390));
#190=ADVANCED_FACE('',(#391,#392),#393,.T.);
#191=PRESENTATION_STYLE_ASSIGNMENT((#394));
#192=ADVANCED_FACE('',(#395),#396,.T.);
#193=PRESENTATION_STYLE_ASSIGNMENT((#397));
#194=ADVANCED_FACE('',(#398),#399,.F.);
#195=PRESENTATION_STYLE_ASSIGNMENT((#400));
#196=ADVANCED_FACE('',(#401),#402,.F.);
#197=PRESENTATION_STYLE_ASSIGNMENT((#403));
#198=ADVANCED_FACE('',(#404),#405,.F.);
#199=PRESENTATION_STYLE_ASSIGNMENT((#406));
#200=ADVANCED_FACE('',(#407),#408,.T.);
#201=PRESENTATION_STYLE_ASSIGNMENT((#409));
#202=ADVANCED_FACE('',(#410),#411,.T.);
#203=PRESENTATION_STYLE_ASSIGNMENT((#412));
#204=ADVANCED_FACE('',(#413),#414,.F.);
#205=PRESENTATION_STYLE_ASSIGNMENT((#415));
#206=ADVANCED_FACE('',(#416,#417),#418,.F.);
#207=PRESENTATION_STYLE_ASSIGNMENT((#419));
#208=ADVANCED_FACE('',(#420),#421,.F.);
#209=PRESENTATION_STYLE_ASSIGNMENT((#422));
#210=ADVANCED_FACE('',(#423),#424,.T.);
#211=PRESENTATION_STYLE_ASSIGNMENT((#425));
#212=ADVANCED_FACE('',(#426),#427,.T.);
#213=PRESENTATION_STYLE_ASSIGNMENT((#428));
#214=MANIFOLD_SOLID_BREP('body',#429);
#215=PRODUCT('body','','PART--DESC',(#430));
#216=PRODUCT_DEFINITION('','NONE',#431,#2);
#217=AXIS2_PLACEMENT_3D('',#432,#433,#434);
#220=LENGTH_MEASURE_WITH_UNIT(LENGTH_MEASURE(1.0),#435);
#223=DIMENSIONAL_EXPONENTS(1.0,0.0,0.0,0.0,0.0,0.0,0.0);
#225=DIMENSIONAL_EXPONENTS(0.0,0.0,0.0,0.0,0.0,0.0,0.0);
#231=SURFACE_STYLE_USAGE(.BOTH.,#436);
#232=FACE_OUTER_BOUND('',#437,.T.);
#233=CYLINDRICAL_SURFACE('',#438,0.46);
#234=SURFACE_STYLE_USAGE(.BOTH.,#439);
#235=FACE_OUTER_BOUND('',#440,.T.);
#236=CONICAL_SURFACE('',#441,0.26,0.78539816339745);
#237=SURFACE_STYLE_USAGE(.BOTH.,#442);
#238=FACE_OUTER_BOUND('',#443,.T.);
#239=CYLINDRICAL_SURFACE('',#444,0.49);
#240=SURFACE_STYLE_USAGE(.BOTH.,#445);
#241=FACE_OUTER_BOUND('',#446,.T.);
#242=CYLINDRICAL_SURFACE('',#447,1.96);
#243=SURFACE_STYLE_USAGE(.BOTH.,#448);
#244=FACE_OUTER_BOUND('',#449,.T.);
#245=CONICAL_SURFACE('',#450,0.29,0.785398163397448);
#246=SURFACE_STYLE_USAGE(.BOTH.,#451);
#247=FACE_OUTER_BOUND('',#452,.T.);
#248=CYLINDRICAL_SURFACE('',#453,0.46);
#249=SURFACE_STYLE_USAGE(.BOTH.,#454);
#250=FACE_OUTER_BOUND('',#455,.T.);
#251=CYLINDRICAL_SURFACE('',#456,0.35);
#252=SURFACE_STYLE_USAGE(.BOTH.,#457);
#253=FACE_OUTER_BOUND('',#458,.T.);
#254=CYLINDRICAL_SURFACE('',#459,0.29);
#255=SURFACE_STYLE_USAGE(.BOTH.,#460);
#256=FACE_OUTER_BOUND('',#461,.T.);
#257=CONICAL_SURFACE('',#462,0.29,1.02974425867666);
#258=SURFACE_STYLE_USAGE(.BOTH.,#463);
#259=FACE_OUTER_BOUND('',#464,.T.);
#260=CONICAL_SURFACE('',#465,0.29,0.785398163397448);
#261=SURFACE_STYLE_USAGE(.BOTH.,#466);
#262=FACE_OUTER_BOUND('',#467,.T.);
#263=CYLINDRICAL_SURFACE('',#468,0.375);
#264=SURFACE_STYLE_USAGE(.BOTH.,#469);
#265=FACE_OUTER_BOUND('',#470,.T.);
#266=CONICAL_SURFACE('',#471,0.94,0.785398163397448);
#267=SURFACE_STYLE_USAGE(.BOTH.,#472);
#268=FACE_OUTER_BOUND('',#473,.T.);
#269=CYLINDRICAL_SURFACE('',#474,0.94);
#270=SURFACE_STYLE_USAGE(.BOTH.,#475);
#271=FACE_OUTER_BOUND('',#476,.T.);
#272=CYLINDRICAL_SURFACE('',#477,0.475);
#273=SURFACE_STYLE_USAGE(.BOTH.,#478);
#274=FACE_OUTER_BOUND('',#479,.T.);
#275=CONICAL_SURFACE('',#480,2.175,0.785398163397448);
#276=SURFACE_STYLE_USAGE(.BOTH.,#481);
#277=FACE_OUTER_BOUND('',#482,.T.);
#278=CONICAL_SURFACE('',#483,1.725,0.785398163397448);
#279=SURFACE_STYLE_USAGE(.BOTH.,#484);
#280=FACE_OUTER_BOUND('',#485,.T.);
#281=CONICAL_SURFACE('',#486,1.89,0.349065850398866);
#282=SURFACE_STYLE_USAGE(.BOTH.,#487);
#283=FACE_OUTER_BOUND('',#488,.T.);
#284=CYLINDRICAL_SURFACE('',#489,2.175);
#285=SURFACE_STYLE_USAGE(.BOTH.,#490);
#286=FACE_OUTER_BOUND('',#491,.T.);
#287=CYLINDRICAL_SURFACE('',#492,1.05);
#288=SURFACE_STYLE_USAGE(.BOTH.,#493);
#289=FACE_OUTER_BOUND('',#494,.T.);
#290=CYLINDRICAL_SURFACE('',#495,1.855);
#291=SURFACE_STYLE_USAGE(.BOTH.,#496);
#292=FACE_OUTER_BOUND('',#497,.T.);
#293=CYLINDRICAL_SURFACE('',#498,1.725);
#294=SURFACE_STYLE_USAGE(.BOTH.,#499);
#295=FACE_OUTER_BOUND('',#500,.T.);
#296=CYLINDRICAL_SURFACE('',#501,1.725);
#297=SURFACE_STYLE_USAGE(.BOTH.,#502);
#298=FACE_OUTER_BOUND('',#503,.T.);
#299=CYLINDRICAL_SURFACE('',#504,1.855);
#300=SURFACE_STYLE_USAGE(.BOTH.,#505);
#301=FACE_OUTER_BOUND('',#506,.T.);
#302=FACE_BOUND('',#507,.T.);
#303=PLANE('',#508);
#304=SURFACE_STYLE_USAGE(.BOTH.,#509);
#305=FACE_OUTER_BOUND('',#510,.T.);
#306=CYLINDRICAL_SURFACE('',#511,1.05);
#307=SURFACE_STYLE_USAGE(.BOTH.,#512);
#308=FACE_OUTER_BOUND('',#513,.T.);
#309=CYLINDRICAL_SURFACE('',#514,2.175);
#310=SURFACE_STYLE_USAGE(.BOTH.,#515);
#311=FACE_BOUND('',#516,.T.);
#312=FACE_OUTER_BOUND('',#517,.T.);
#313=PLANE('',#518);
#314=SURFACE_STYLE_USAGE(.BOTH.,#519);
#315=FACE_OUTER_BOUND('',#520,.T.);
#316=CONICAL_SURFACE('',#521,1.89,0.349065850398866);
#317=SURFACE_STYLE_USAGE(.BOTH.,#522);
#318=FACE_OUTER_BOUND('',#523,.T.);
#319=CONICAL_SURFACE('',#524,1.725,0.785398163397448);
#320=SURFACE_STYLE_USAGE(.BOTH.,#525);
#321=FACE_OUTER_BOUND('',#526,.T.);
#322=CONICAL_SURFACE('',#527,2.175,0.785398163397448);
#323=SURFACE_STYLE_USAGE(.BOTH.,#528);
#324=FACE_OUTER_BOUND('',#529,.T.);
#325=CYLINDRICAL_SURFACE('',#530,0.475);
#326=SURFACE_STYLE_USAGE(.BOTH.,#531);
#327=FACE_OUTER_BOUND('',#532,.T.);
#328=FACE_BOUND('',#533,.T.);
#329=PLANE('',#534);
#330=SURFACE_STYLE_USAGE(.BOTH.,#535);
#331=FACE_OUTER_BOUND('',#536,.T.);
#332=CYLINDRICAL_SURFACE('',#537,0.94);
#333=SURFACE_STYLE_USAGE(.BOTH.,#538);
#334=FACE_BOUND('',#539,.T.);
#335=FACE_OUTER_BOUND('',#540,.T.);
#336=PLANE('',#541);
#337=SURFACE_STYLE_USAGE(.BOTH.,#542);
#338=FACE_OUTER_BOUND('',#543,.T.);
#339=CONICAL_SURFACE('',#544,0.94,0.785398163397448);
#340=SURFACE_STYLE_USAGE(.BOTH.,#545);
#341=FACE_BOUND('',#546,.T.);
#342=FACE_OUTER_BOUND('',#547,.T.);
#343=PLANE('',#548);
#344=SURFACE_STYLE_USAGE(.BOTH.,#549);
#345=FACE_OUTER_BOUND('',#550,.T.);
#346=CYLINDRICAL_SURFACE('',#551,0.375);
#347=SURFACE_STYLE_USAGE(.BOTH.,#552);
#348=FACE_BOUND('',#553,.T.);
#349=FACE_OUTER_BOUND('',#554,.T.);
#350=PLANE('',#555);
#351=SURFACE_STYLE_USAGE(.BOTH.,#556);
#352=FACE_OUTER_BOUND('',#557,.T.);
#353=PLANE('',#558);
#354=SURFACE_STYLE_USAGE(.BOTH.,#559);
#355=FACE_OUTER_BOUND('',#560,.T.);
#356=PLANE('',#561);
#357=SURFACE_STYLE_USAGE(.BOTH.,#562);
#358=FACE_OUTER_BOUND('',#563,.T.);
#359=PLANE('',#564);
#360=SURFACE_STYLE_USAGE(.BOTH.,#565);
#361=FACE_OUTER_BOUND('',#566,.T.);
#362=PLANE('',#567);
#363=SURFACE_STYLE_USAGE(.BOTH.,#568);
#364=FACE_OUTER_BOUND('',#569,.T.);
#365=CYLINDRICAL_SURFACE('',#570,0.29);
#366=SURFACE_STYLE_USAGE(.BOTH.,#571);
#367=FACE_OUTER_BOUND('',#572,.T.);
#368=CONICAL_SURFACE('',#573,0.29,0.785398163397448);
#369=SURFACE_STYLE_USAGE(.BOTH.,#574);
#370=FACE_OUTER_BOUND('',#575,.T.);
#371=PLANE('',#576);
#372=SURFACE_STYLE_USAGE(.BOTH.,#577);
#373=FACE_OUTER_BOUND('',#578,.T.);
#374=CYLINDRICAL_SURFACE('',#579,0.46);
#375=SURFACE_STYLE_USAGE(.BOTH.,#580);
#376=FACE_OUTER_BOUND('',#581,.T.);
#377=PLANE('',#582);
#378=SURFACE_STYLE_USAGE(.BOTH.,#583);
#379=FACE_OUTER_BOUND('',#584,.T.);
#380=CONICAL_SURFACE('',#585,0.29,1.02974425867666);
#381=SURFACE_STYLE_USAGE(.BOTH.,#586);
#382=FACE_OUTER_BOUND('',#587,.T.);
#383=CYLINDRICAL_SURFACE('',#588,0.29);
#384=SURFACE_STYLE_USAGE(.BOTH.,#589);
#385=FACE_OUTER_BOUND('',#590,.T.);
#386=PLANE('',#591);
#387=SURFACE_STYLE_USAGE(.BOTH.,#592);
#388=FACE_OUTER_BOUND('',#593,.T.);
#389=CYLINDRICAL_SURFACE('',#594,0.35);
#390=SURFACE_STYLE_USAGE(.BOTH.,#595);
#391=FACE_BOUND('',#596,.T.);
#392=FACE_OUTER_BOUND('',#597,.T.);
#393=PLANE('',#598);
#394=SURFACE_STYLE_USAGE(.BOTH.,#599);
#395=FACE_OUTER_BOUND('',#600,.T.);
#396=CYLINDRICAL_SURFACE('',#601,0.46);
#397=SURFACE_STYLE_USAGE(.BOTH.,#602);
#398=FACE_OUTER_BOUND('',#603,.T.);
#399=PLANE('',#604);
#400=SURFACE_STYLE_USAGE(.BOTH.,#605);
#401=FACE_OUTER_BOUND('',#606,.T.);
#402=CYLINDRICAL_SURFACE('',#607,0.29);
#403=SURFACE_STYLE_USAGE(.BOTH.,#608);
#404=FACE_OUTER_BOUND('',#609,.T.);
#405=CONICAL_SURFACE('',#610,0.29,0.785398163397448);
#406=SURFACE_STYLE_USAGE(.BOTH.,#611);
#407=FACE_OUTER_BOUND('',#612,.T.);
#408=CYLINDRICAL_SURFACE('',#613,0.46);
#409=SURFACE_STYLE_USAGE(.BOTH.,#614);
#410=FACE_OUTER_BOUND('',#615,.T.);
#411=CYLINDRICAL_SURFACE('',#616,1.96);
#412=SURFACE_STYLE_USAGE(.BOTH.,#617);
#413=FACE_OUTER_BOUND('',#618,.T.);
#414=CYLINDRICAL_SURFACE('',#619,0.49);
#415=SURFACE_STYLE_USAGE(.BOTH.,#620);
#416=FACE_BOUND('',#621,.T.);
#417=FACE_OUTER_BOUND('',#622,.T.);
#418=PLANE('',#623);
#419=SURFACE_STYLE_USAGE(.BOTH.,#624);
#420=FACE_OUTER_BOUND('',#625,.T.);
#421=PLANE('',#626);
#422=SURFACE_STYLE_USAGE(.BOTH.,#627);
#423=FACE_OUTER_BOUND('',#628,.T.);
#424=CONICAL_SURFACE('',#629,0.26,0.78539816339745);
#425=SURFACE_STYLE_USAGE(.BOTH.,#630);
#426=FACE_OUTER_BOUND('',#631,.T.);
#427=CYLINDRICAL_SURFACE('',#632,0.46);
#428=SURFACE_STYLE_USAGE(.BOTH.,#633);
#429=CLOSED_SHELL('',(#88,#90,#92,#94,#96,#98,#100,#102,#104,#106,#108,#110,#112,#114,#116,#118,#120,#122,#124,#126,#128,#634,#635,#636,#637,#638,#639,#640,#641,#642,#643,#644,#645,#646,#647,#648,#649,#650,#651,#652,#653,#654,#655,#656,#657,#658,#659,#660,#661,#662,#663,#664,#665,#666,#667,#668,#669,#670,#671,#672,#673,#674,#675,#676,#677,#678,#679,#680,#681,#682,#683,#684,#685,#686,#687,#688,#689,#690,#691,#130,#132,#134,#136,#138,#140,#142,#144,#146,#148,#150,#152,#154,#156,#158,#160,#162,#692,#164,#166,#168,#170,#172,#174,#176,#178,#180,#182,#184,#186,#188,#190,#192,#194,#196,#198,#200,#202,#204,#206,#208,#210,#212,#693));
#430=PRODUCT_CONTEXT('',#74,'mechanical');
#431=PRODUCT_DEFINITION_FORMATION_WITH_SPECIFIED_SOURCE(' ','NONE',#215,.NOT_KNOWN.);
#432=CARTESIAN_POINT('',(0.0,0.0,0.0));
#433=DIRECTION('',(0.0,0.0,1.0));
#434=DIRECTION('',(1.0,0.0,0.0));
#435= (NAMED_UNIT(#223)LENGTH_UNIT()SI_UNIT(.MILLI.,.METRE.));
#436=SURFACE_SIDE_STYLE('',(#695));
#437=EDGE_LOOP('',(#696,#697,#698,#699,#700));
#438=AXIS2_PLACEMENT_3D('',#701,#702,#703);
#439=SURFACE_SIDE_STYLE('',(#704));
#440=EDGE_LOOP('',(#705,#706,#707,#708));
#441=AXIS2_PLACEMENT_3D('',#709,#710,#711);
#442=SURFACE_SIDE_STYLE('',(#712));
#443=EDGE_LOOP('',(#713,#714,#715,#716));
#444=AXIS2_PLACEMENT_3D('',#717,#718,#719);
#445=SURFACE_SIDE_STYLE('',(#720));
#446=EDGE_LOOP('',(#721,#722,#723,#724,#725));
#447=AXIS2_PLACEMENT_3D('',#726,#727,#728);
#448=SURFACE_SIDE_STYLE('',(#729));
#449=EDGE_LOOP('',(#730,#731,#732,#733));
#450=AXIS2_PLACEMENT_3D('',#734,#735,#736);
#451=SURFACE_SIDE_STYLE('',(#737));
#452=EDGE_LOOP('',(#738,#739,#740,#741,#742,#743));
#453=AXIS2_PLACEMENT_3D('',#744,#745,#746);
#454=SURFACE_SIDE_STYLE('',(#747));
#455=EDGE_LOOP('',(#748,#749,#750,#751));
#456=AXIS2_PLACEMENT_3D('',#752,#753,#754);
#457=SURFACE_SIDE_STYLE('',(#755));
#458=EDGE_LOOP('',(#756,#757,#758,#759,#760,#761,#762));
#459=AXIS2_PLACEMENT_3D('',#763,#764,#765);
#460=SURFACE_SIDE_STYLE('',(#766));
#461=EDGE_LOOP('',(#767,#768,#769));
#462=AXIS2_PLACEMENT_3D('',#770,#771,#772);
#463=SURFACE_SIDE_STYLE('',(#773));
#464=EDGE_LOOP('',(#774,#775,#776,#777));
#465=AXIS2_PLACEMENT_3D('',#778,#779,#780);
#466=SURFACE_SIDE_STYLE('',(#781));
#467=EDGE_LOOP('',(#782,#783,#784,#785,#786));
#468=AXIS2_PLACEMENT_3D('',#787,#788,#789);
#469=SURFACE_SIDE_STYLE('',(#790));
#470=EDGE_LOOP('',(#791,#792,#793,#794));
#471=AXIS2_PLACEMENT_3D('',#795,#796,#797);
#472=SURFACE_SIDE_STYLE('',(#798));
#473=EDGE_LOOP('',(#799,#800,#801,#802));
#474=AXIS2_PLACEMENT_3D('',#803,#804,#805);
#475=SURFACE_SIDE_STYLE('',(#806));
#476=EDGE_LOOP('',(#807,#808,#809,#810));
#477=AXIS2_PLACEMENT_3D('',#811,#812,#813);
#478=SURFACE_SIDE_STYLE('',(#814));
#479=EDGE_LOOP('',(#815,#816,#817,#818));
#480=AXIS2_PLACEMENT_3D('',#819,#820,#821);
#481=SURFACE_SIDE_STYLE('',(#822));
#482=EDGE_LOOP('',(#823,#824,#825,#826));
#483=AXIS2_PLACEMENT_3D('',#827,#828,#829);
#484=SURFACE_SIDE_STYLE('',(#830));
#485=EDGE_LOOP('',(#831,#832,#833,#834));
#486=AXIS2_PLACEMENT_3D('',#835,#836,#837);
#487=SURFACE_SIDE_STYLE('',(#838));
#488=EDGE_LOOP('',(#839,#840,#841,#842));
#489=AXIS2_PLACEMENT_3D('',#843,#844,#845);
#490=SURFACE_SIDE_STYLE('',(#846));
#491=EDGE_LOOP('',(#847,#848,#849,#850));
#492=AXIS2_PLACEMENT_3D('',#851,#852,#853);
#493=SURFACE_SIDE_STYLE('',(#854));
#494=EDGE_LOOP('',(#855,#856,#857,#858));
#495=AXIS2_PLACEMENT_3D('',#859,#860,#861);
#496=SURFACE_SIDE_STYLE('',(#862));
#497=EDGE_LOOP('',(#863,#864,#865,#866));
#498=AXIS2_PLACEMENT_3D('',#867,#868,#869);
#499=SURFACE_SIDE_STYLE('',(#870));
#500=EDGE_LOOP('',(#871,#872,#873,#874));
#501=AXIS2_PLACEMENT_3D('',#875,#876,#877);
#502=SURFACE_SIDE_STYLE('',(#878));
#503=EDGE_LOOP('',(#879,#880,#881,#882));
#504=AXIS2_PLACEMENT_3D('',#883,#884,#885);
#505=SURFACE_SIDE_STYLE('',(#886));
#506=EDGE_LOOP('',(#887,#888));
#507=EDGE_LOOP('',(#889,#890));
#508=AXIS2_PLACEMENT_3D('',#891,#892,#893);
#509=SURFACE_SIDE_STYLE('',(#894));
#510=EDGE_LOOP('',(#895,#896,#897,#898));
#511=AXIS2_PLACEMENT_3D('',#899,#900,#901);
#512=SURFACE_SIDE_STYLE('',(#902));
#513=EDGE_LOOP('',(#903,#904,#905,#906));
#514=AXIS2_PLACEMENT_3D('',#907,#908,#909);
#515=SURFACE_SIDE_STYLE('',(#910));
#516=EDGE_LOOP('',(#911,#912));
#517=EDGE_LOOP('',(#913,#914));
#518=AXIS2_PLACEMENT_3D('',#915,#916,#917);
#519=SURFACE_SIDE_STYLE('',(#918));
#520=EDGE_LOOP('',(#919,#920,#921,#922));
#521=AXIS2_PLACEMENT_3D('',#923,#924,#925);
#522=SURFACE_SIDE_STYLE('',(#926));
#523=EDGE_LOOP('',(#927,#928,#929,#930));
#524=AXIS2_PLACEMENT_3D('',#931,#932,#933);
#525=SURFACE_SIDE_STYLE('',(#934));
#526=EDGE_LOOP('',(#935,#936,#937,#938));
#527=AXIS2_PLACEMENT_3D('',#939,#940,#941);
#528=SURFACE_SIDE_STYLE('',(#942));
#529=EDGE_LOOP('',(#943,#944,#945,#946));
#530=AXIS2_PLACEMENT_3D('',#947,#948,#949);
#531=SURFACE_SIDE_STYLE('',(#950));
#532=EDGE_LOOP('',(#951,#952));
#533=EDGE_LOOP('',(#953,#954));
#534=AXIS2_PLACEMENT_3D('',#955,#956,#957);
#535=SURFACE_SIDE_STYLE('',(#958));
#536=EDGE_LOOP('',(#959,#960,#961,#962));
#537=AXIS2_PLACEMENT_3D('',#963,#964,#965);
#538=SURFACE_SIDE_STYLE('',(#966));
#539=EDGE_LOOP('',(#967,#968));
#540=EDGE_LOOP('',(#969,#970));
#541=AXIS2_PLACEMENT_3D('',#971,#972,#973);
#542=SURFACE_SIDE_STYLE('',(#974));
#543=EDGE_LOOP('',(#975,#976,#977,#978));
#544=AXIS2_PLACEMENT_3D('',#979,#980,#981);
#545=SURFACE_SIDE_STYLE('',(#982));
#546=EDGE_LOOP('',(#983,#984));
#547=EDGE_LOOP('',(#985,#986));
#548=AXIS2_PLACEMENT_3D('',#987,#988,#989);
#549=SURFACE_SIDE_STYLE('',(#990));
#550=EDGE_LOOP('',(#991,#992,#993,#994));
#551=AXIS2_PLACEMENT_3D('',#995,#996,#997);
#552=SURFACE_SIDE_STYLE('',(#998));
#553=EDGE_LOOP('',(#999,#1000));
#554=EDGE_LOOP('',(#1001,#1002));
#555=AXIS2_PLACEMENT_3D('',#1003,#1004,#1005);
#556=SURFACE_SIDE_STYLE('',(#1006));
#557=EDGE_LOOP('',(#1007,#1008,#1009,#1010,#1011));
#558=AXIS2_PLACEMENT_3D('',#1012,#1013,#1014);
#559=SURFACE_SIDE_STYLE('',(#1015));
#560=EDGE_LOOP('',(#1016,#1017,#1018,#1019,#1020));
#561=AXIS2_PLACEMENT_3D('',#1021,#1022,#1023);
#562=SURFACE_SIDE_STYLE('',(#1024));
#563=EDGE_LOOP('',(#1025,#1026,#1027,#1028,#1029));
#564=AXIS2_PLACEMENT_3D('',#1030,#1031,#1032);
#565=SURFACE_SIDE_STYLE('',(#1033));
#566=EDGE_LOOP('',(#1034,#1035,#1036,#1037,#1038));
#567=AXIS2_PLACEMENT_3D('',#1039,#1040,#1041);
#568=SURFACE_SIDE_STYLE('',(#1042));
#569=EDGE_LOOP('',(#1043,#1044,#1045,#1046,#1047,#1048));
#570=AXIS2_PLACEMENT_3D('',#1049,#1050,#1051);
#571=SURFACE_SIDE_STYLE('',(#1052));
#572=EDGE_LOOP('',(#1053,#1054,#1055,#1056));
#573=AXIS2_PLACEMENT_3D('',#1057,#1058,#1059);
#574=SURFACE_SIDE_STYLE('',(#1060));
#575=EDGE_LOOP('',(#1061,#1062,#1063,#1064,#1065));
#576=AXIS2_PLACEMENT_3D('',#1066,#1067,#1068);
#577=SURFACE_SIDE_STYLE('',(#1069));
#578=EDGE_LOOP('',(#1070,#1071,#1072,#1073,#1074,#1075));
#579=AXIS2_PLACEMENT_3D('',#1076,#1077,#1078);
#580=SURFACE_SIDE_STYLE('',(#1079));
#581=EDGE_LOOP('',(#1080,#1081,#1082,#1083,#1084,#1085,#1086,#1087));
#582=AXIS2_PLACEMENT_3D('',#1088,#1089,#1090);
#583=SURFACE_SIDE_STYLE('',(#1091));
#584=EDGE_LOOP('',(#1092,#1093,#1094));
#585=AXIS2_PLACEMENT_3D('',#1095,#1096,#1097);
#586=SURFACE_SIDE_STYLE('',(#1098));
#587=EDGE_LOOP('',(#1099,#1100,#1101,#1102,#1103,#1104,#1105));
#588=AXIS2_PLACEMENT_3D('',#1106,#1107,#1108);
#589=SURFACE_SIDE_STYLE('',(#1109));
#590=EDGE_LOOP('',(#1110,#1111,#1112,#1113,#1114,#1115,#1116,#1117));
#591=AXIS2_PLACEMENT_3D('',#1118,#1119,#1120);
#592=SURFACE_SIDE_STYLE('',(#1121));
#593=EDGE_LOOP('',(#1122,#1123,#1124,#1125));
#594=AXIS2_PLACEMENT_3D('',#1126,#1127,#1128);
#595=SURFACE_SIDE_STYLE('',(#1129));
#596=EDGE_LOOP('',(#1130,#1131));
#597=EDGE_LOOP('',(#1132,#1133));
#598=AXIS2_PLACEMENT_3D('',#1134,#1135,#1136);
#599=SURFACE_SIDE_STYLE('',(#1137));
#600=EDGE_LOOP('',(#1138,#1139,#1140,#1141,#1142,#1143));
#601=AXIS2_PLACEMENT_3D('',#1144,#1145,#1146);
#602=SURFACE_SIDE_STYLE('',(#1147));
#603=EDGE_LOOP('',(#1148,#1149,#1150,#1151,#1152));
#604=AXIS2_PLACEMENT_3D('',#1153,#1154,#1155);
#605=SURFACE_SIDE_STYLE('',(#1156));
#606=EDGE_LOOP('',(#1157,#1158,#1159,#1160,#1161,#1162));
#607=AXIS2_PLACEMENT_3D('',#1163,#1164,#1165);
#608=SURFACE_SIDE_STYLE('',(#1166));
#609=EDGE_LOOP('',(#1167,#1168,#1169,#1170));
#610=AXIS2_PLACEMENT_3D('',#1171,#1172,#1173);
#611=SURFACE_SIDE_STYLE('',(#1174));
#612=EDGE_LOOP('',(#1175,#1176,#1177,#1178,#1179,#1180));
#613=AXIS2_PLACEMENT_3D('',#1181,#1182,#1183);
#614=SURFACE_SIDE_STYLE('',(#1184));
#615=EDGE_LOOP('',(#1185,#1186,#1187,#1188,#1189));
#616=AXIS2_PLACEMENT_3D('',#1190,#1191,#1192);
#617=SURFACE_SIDE_STYLE('',(#1193));
#618=EDGE_LOOP('',(#1194,#1195,#1196,#1197));
#619=AXIS2_PLACEMENT_3D('',#1198,#1199,#1200);
#620=SURFACE_SIDE_STYLE('',(#1201));
#621=EDGE_LOOP('',(#1202,#1203));
#622=EDGE_LOOP('',(#1204,#1205));
#623=AXIS2_PLACEMENT_3D('',#1206,#1207,#1208);
#624=SURFACE_SIDE_STYLE('',(#1209));
#625=EDGE_LOOP('',(#1210,#1211));
#626=AXIS2_PLACEMENT_3D('',#1212,#1213,#1214);
#627=SURFACE_SIDE_STYLE('',(#1215));
#628=EDGE_LOOP('',(#1216,#1217,#1218,#1219));
#629=AXIS2_PLACEMENT_3D('',#1220,#1221,#1222);
#630=SURFACE_SIDE_STYLE('',(#1223));
#631=EDGE_LOOP('',(#1224,#1225,#1226,#1227));
#632=AXIS2_PLACEMENT_3D('',#1228,#1229,#1230);
#633=SURFACE_SIDE_STYLE('',(#1231));
#634=ADVANCED_FACE('',(#1232),#1233,.T.);
#635=ADVANCED_FACE('',(#1234),#1235,.T.);
#636=ADVANCED_FACE('',(#1236),#1237,.T.);
#637=ADVANCED_FACE('',(#1238),#1239,.F.);
#638=ADVANCED_FACE('',(#1240),#1241,.T.);
#639=ADVANCED_FACE('',(#1242),#1243,.T.);
#640=ADVANCED_FACE('',(#1244),#1245,.T.);
#641=ADVANCED_FACE('',(#1246),#1247,.T.);
#642=ADVANCED_FACE('',(#1248),#1249,.T.);
#643=ADVANCED_FACE('',(#1250),#1251,.T.);
#644=ADVANCED_FACE('',(#1252),#1253,.T.);
#645=ADVANCED_FACE('',(#1254),#1255,.T.);
#646=ADVANCED_FACE('',(#1256),#1257,.T.);
#647=ADVANCED_FACE('',(#1258),#1259,.F.);
#648=ADVANCED_FACE('',(#1260),#1261,.T.);
#649=ADVANCED_FACE('',(#1262),#1263,.T.);
#650=ADVANCED_FACE('',(#1264),#1265,.T.);
#651=ADVANCED_FACE('',(#1266),#1267,.F.);
#652=ADVANCED_FACE('',(#1268),#1269,.F.);
#653=ADVANCED_FACE('',(#1270),#1271,.T.);
#654=ADVANCED_FACE('',(#1272),#1273,.T.);
#655=ADVANCED_FACE('',(#1274),#1275,.F.);
#656=ADVANCED_FACE('',(#1276),#1277,.F.);
#657=ADVANCED_FACE('',(#1278,#1279),#1280,.F.);
#658=ADVANCED_FACE('',(#1281),#1282,.T.);
#659=ADVANCED_FACE('',(#1283),#1284,.T.);
#660=ADVANCED_FACE('',(#1285),#1286,.T.);
#661=ADVANCED_FACE('',(#1287),#1288,.T.);
#662=ADVANCED_FACE('',(#1289),#1290,.F.);
#663=ADVANCED_FACE('',(#1291),#1292,.T.);
#664=ADVANCED_FACE('',(#1293),#1294,.T.);
#665=ADVANCED_FACE('',(#1295),#1296,.T.);
#666=ADVANCED_FACE('',(#1297),#1298,.T.);
#667=ADVANCED_FACE('',(#1299),#1300,.T.);
#668=ADVANCED_FACE('',(#1301),#1302,.T.);
#669=ADVANCED_FACE('',(#1303),#1304,.T.);
#670=ADVANCED_FACE('',(#1305),#1306,.T.);
#671=ADVANCED_FACE('',(#1307),#1308,.T.);
#672=ADVANCED_FACE('',(#1309),#1310,.T.);
#673=ADVANCED_FACE('',(#1311),#1312,.T.);
#674=ADVANCED_FACE('',(#1313),#1314,.T.);
#675=ADVANCED_FACE('',(#1315),#1316,.T.);
#676=ADVANCED_FACE('',(#1317),#1318,.T.);
#677=ADVANCED_FACE('',(#1319),#1320,.T.);
#678=ADVANCED_FACE('',(#1321),#1322,.T.);
#679=ADVANCED_FACE('',(#1323),#1324,.T.);
#680=ADVANCED_FACE('',(#1325),#1326,.F.);
#681=ADVANCED_FACE('',(#1327),#1328,.T.);
#682=ADVANCED_FACE('',(#1329),#1330,.T.);
#683=ADVANCED_FACE('',(#1331),#1332,.T.);
#684=ADVANCED_FACE('',(#1333),#1334,.T.);
#685=ADVANCED_FACE('',(#1335),#1336,.T.);
#686=ADVANCED_FACE('',(#1337),#1338,.T.);
#687=ADVANCED_FACE('',(#1339),#1340,.T.);
#688=ADVANCED_FACE('',(#1341),#1342,.T.);
#689=ADVANCED_FACE('',(#1343,#1344),#1345,.T.);
#690=ADVANCED_FACE('',(#1346),#1347,.T.);
#691=ADVANCED_FACE('',(#1348),#1349,.T.);
#692=ADVANCED_FACE('',(#1350,#1351),#1352,.T.);
#693=ADVANCED_FACE('',(#1353,#1354),#1355,.T.);
#695=SURFACE_STYLE_FILL_AREA(#1356);
#696=ORIENTED_EDGE('',*,*,#1357,.F.);
#697=ORIENTED_EDGE('',*,*,#1358,.T.);
#698=ORIENTED_EDGE('',*,*,#1359,.F.);
#699=ORIENTED_EDGE('',*,*,#1360,.T.);
#700=ORIENTED_EDGE('',*,*,#1361,.T.);
#701=CARTESIAN_POINT('',(4.33438484895535E-15,-0.471000000000012,-6.531));
#702=DIRECTION('',(0.0,-1.0,0.0));
#703=DIRECTION('',(-1.0,0.0,5.35910941046883E-32));
#704=SURFACE_STYLE_FILL_AREA(#1362);
#705=ORIENTED_EDGE('',*,*,#1363,.F.);
#706=ORIENTED_EDGE('',*,*,#1364,.T.);
#707=ORIENTED_EDGE('',*,*,#1365,.F.);
#708=ORIENTED_EDGE('',*,*,#1358,.F.);
#709=CARTESIAN_POINT('',(4.33438484895535E-15,-6.9,-6.531));
#710=DIRECTION('',(-2.26511085712407E-17,1.0,-9.0205620750794E-16));
#711=DIRECTION('',(-1.0,-2.26511085712407E-17,1.41284580625445E-18));
#712=SURFACE_STYLE_FILL_AREA(#1366);
#713=ORIENTED_EDGE('',*,*,#1367,.F.);
#714=ORIENTED_EDGE('',*,*,#1368,.F.);
#715=ORIENTED_EDGE('',*,*,#1369,.F.);
#716=ORIENTED_EDGE('',*,*,#1370,.F.);
#717=CARTESIAN_POINT('',(-1.11432966890327E-16,-3.23000240000001,-6.53));
#718=DIRECTION('',(-1.22460635382238E-16,-1.0,1.11022504689141E-15));
#719=DIRECTION('',(1.23268568227365E-15,-1.11022504689141E-15,-1.0));
#720=SURFACE_STYLE_FILL_AREA(#1371);
#721=ORIENTED_EDGE('',*,*,#1372,.F.);
#722=ORIENTED_EDGE('',*,*,#1373,.T.);
#723=ORIENTED_EDGE('',*,*,#1374,.F.);
#724=ORIENTED_EDGE('',*,*,#1375,.F.);
#725=ORIENTED_EDGE('',*,*,#1376,.F.);
#726=CARTESIAN_POINT('',(1.9839273453226E-16,-0.70000000000001,-6.53));
#727=DIRECTION('',(-1.22460635382238E-16,-1.0,1.11022504689141E-15));
#728=DIRECTION('',(1.23268568227365E-15,-1.11022504689141E-15,-1.0));
#729=SURFACE_STYLE_FILL_AREA(#1377);
#730=ORIENTED_EDGE('',*,*,#1378,.F.);
#731=ORIENTED_EDGE('',*,*,#1379,.F.);
#732=ORIENTED_EDGE('',*,*,#1380,.T.);
#733=ORIENTED_EDGE('',*,*,#1381,.T.);
#734=CARTESIAN_POINT('',(4.33438484895534E-15,-0.0994609534396887,-1.60786818587383));
#735=DIRECTION('',(-0.0,-0.052558833122763,0.99861782933251));
#736=DIRECTION('',(9.29759283497286E-33,-0.99861782933251,-0.052558833122763));
#737=SURFACE_STYLE_FILL_AREA(#1382);
#738=ORIENTED_EDGE('',*,*,#1383,.F.);
#739=ORIENTED_EDGE('',*,*,#1384,.T.);
#740=ORIENTED_EDGE('',*,*,#1385,.F.);
#741=ORIENTED_EDGE('',*,*,#1386,.F.);
#742=ORIENTED_EDGE('',*,*,#1387,.T.);
#743=ORIENTED_EDGE('',*,*,#1388,.F.);
#744=CARTESIAN_POINT('',(4.33438484895535E-15,-1.13299127024735E-14,-1.49));
#745=DIRECTION('',(-4.93038065763132E-32,0.0,-1.0));
#746=DIRECTION('',(-1.0,0.0,4.93038065763132E-32));
#747=SURFACE_STYLE_FILL_AREA(#1389);
#748=ORIENTED_EDGE('',*,*,#1390,.F.);
#749=ORIENTED_EDGE('',*,*,#1391,.F.);
#750=ORIENTED_EDGE('',*,*,#1392,.F.);
#751=ORIENTED_EDGE('',*,*,#1393,.T.);
#752=CARTESIAN_POINT('',(4.24154540297199E-15,-1.0828469197699E-14,-4.8));
#753=DIRECTION('',(6.12303176911183E-17,-3.88578058618805E-16,1.0));
#754=DIRECTION('',(-3.90987294733487E-48,-1.0,-3.88578058618805E-16));
#755=SURFACE_STYLE_FILL_AREA(#1394);
#756=ORIENTED_EDGE('',*,*,#1395,.F.);
#757=ORIENTED_EDGE('',*,*,#1396,.T.);
#758=ORIENTED_EDGE('',*,*,#1397,.F.);
#759=ORIENTED_EDGE('',*,*,#1398,.F.);
#760=ORIENTED_EDGE('',*,*,#1399,.T.);
#761=ORIENTED_EDGE('',*,*,#1400,.F.);
#762=ORIENTED_EDGE('',*,*,#1401,.F.);
#763=CARTESIAN_POINT('',(4.33438484895535E-15,-1.10724146865082E-14,-2.315));
#764=DIRECTION('',(-4.93038065763132E-32,0.0,-1.0));
#765=DIRECTION('',(-1.0,0.0,4.93038065763132E-32));
#766=SURFACE_STYLE_FILL_AREA(#1402);
#767=ORIENTED_EDGE('',*,*,#1403,.F.);
#768=ORIENTED_EDGE('',*,*,#1404,.F.);
#769=ORIENTED_EDGE('',*,*,#1401,.T.);
#770=CARTESIAN_POINT('',(4.33438484895534E-15,-1.11401773222886E-14,-4.14));
#771=DIRECTION('',(-3.39063573604735E-18,1.04083408558608E-16,1.0));
#772=DIRECTION('',(-1.0,1.94704267041254E-20,-3.39063573604735E-18));
#773=SURFACE_STYLE_FILL_AREA(#1405);
#774=ORIENTED_EDGE('',*,*,#1406,.F.);
#775=ORIENTED_EDGE('',*,*,#1407,.F.);
#776=ORIENTED_EDGE('',*,*,#1408,.T.);
#777=ORIENTED_EDGE('',*,*,#1409,.T.);
#778=CARTESIAN_POINT('',(4.33438484895534E-15,0.0994609534396662,-1.60786818587383));
#779=DIRECTION('',(-0.0,0.0525588331227635,0.99861782933251));
#780=DIRECTION('',(0.0,0.99861782933251,-0.0525588331227635));
#781=SURFACE_STYLE_FILL_AREA(#1410);
#782=ORIENTED_EDGE('',*,*,#1411,.F.);
#783=ORIENTED_EDGE('',*,*,#1412,.F.);
#784=ORIENTED_EDGE('',*,*,#1413,.F.);
#785=ORIENTED_EDGE('',*,*,#1414,.F.);
#786=ORIENTED_EDGE('',*,*,#1415,.F.);
#787=CARTESIAN_POINT('',(-4.28752663437204E-15,7.105427357601E-15,-1.36));
#788=DIRECTION('',(-1.17145536458252E-15,3.51436609374757E-15,1.0));
#789=DIRECTION('',(-1.0,-3.51436609374758E-15,-1.17145536458251E-15));
#790=SURFACE_STYLE_FILL_AREA(#1416);
#791=ORIENTED_EDGE('',*,*,#1417,.F.);
#792=ORIENTED_EDGE('',*,*,#1418,.F.);
#793=ORIENTED_EDGE('',*,*,#1419,.F.);
#794=ORIENTED_EDGE('',*,*,#1420,.F.);
#795=CARTESIAN_POINT('',(-4.17038109791378E-15,6.75399074822624E-15,-1.46));
#796=DIRECTION('',(1.1604475073904E-15,-3.51436609374757E-15,-1.0));
#797=DIRECTION('',(-1.0,-3.51436609374758E-15,-1.16044750739039E-15));
#798=SURFACE_STYLE_FILL_AREA(#1421);
#799=ORIENTED_EDGE('',*,*,#1422,.F.);
#800=ORIENTED_EDGE('',*,*,#1420,.T.);
#801=ORIENTED_EDGE('',*,*,#1423,.F.);
#802=ORIENTED_EDGE('',*,*,#1424,.F.);
#803=CARTESIAN_POINT('',(-4.28752663437204E-15,7.105427357601E-15,-1.36));
#804=DIRECTION('',(-1.17145536458252E-15,3.51436609374757E-15,1.0));
#805=DIRECTION('',(-1.0,-3.51436609374758E-15,-1.17145536458251E-15));
#806=SURFACE_STYLE_FILL_AREA(#1425);
#807=ORIENTED_EDGE('',*,*,#1426,.F.);
#808=ORIENTED_EDGE('',*,*,#1427,.T.);
#809=ORIENTED_EDGE('',*,*,#1428,.F.);
#810=ORIENTED_EDGE('',*,*,#1429,.F.);
#811=CARTESIAN_POINT('',(-4.28752663437204E-15,7.105427357601E-15,-1.36));
#812=DIRECTION('',(-1.17145536458252E-15,3.51436609374757E-15,1.0));
#813=DIRECTION('',(-1.0,-3.51436609374758E-15,-1.17145536458251E-15));
#814=SURFACE_STYLE_FILL_AREA(#1430);
#815=ORIENTED_EDGE('',*,*,#1431,.F.);
#816=ORIENTED_EDGE('',*,*,#1432,.F.);
#817=ORIENTED_EDGE('',*,*,#1433,.F.);
#818=ORIENTED_EDGE('',*,*,#1434,.F.);
#819=CARTESIAN_POINT('',(-5.39260384428426E-33,0.0,-0.1));
#820=DIRECTION('',(-4.93038065763132E-32,1.10213382215642E-17,-1.0));
#821=DIRECTION('',(7.86468696302992E-50,1.0,1.10213382215642E-17));
#822=SURFACE_STYLE_FILL_AREA(#1435);
#823=ORIENTED_EDGE('',*,*,#1436,.F.);
#824=ORIENTED_EDGE('',*,*,#1437,.T.);
#825=ORIENTED_EDGE('',*,*,#1438,.F.);
#826=ORIENTED_EDGE('',*,*,#1439,.F.);
#827=CARTESIAN_POINT('',(7.39557098644699E-32,0.0,-3.12));
#828=DIRECTION('',(-4.93038065763132E-32,-1.12562855013594E-17,-1.0));
#829=DIRECTION('',(4.95817221582321E-49,1.0,-1.12562855013594E-17));
#830=SURFACE_STYLE_FILL_AREA(#1440);
#831=ORIENTED_EDGE('',*,*,#1441,.F.);
#832=ORIENTED_EDGE('',*,*,#1442,.F.);
#833=ORIENTED_EDGE('',*,*,#1443,.F.);
#834=ORIENTED_EDGE('',*,*,#1444,.T.);
#835=CARTESIAN_POINT('',(5.47382212626882E-48,0.0,-5.55111512312578E-17));
#836=DIRECTION('',(4.93038065763132E-32,1.51727752928917E-19,1.0));
#837=DIRECTION('',(1.414161222271E-51,-1.0,1.51727752928917E-19));
#838=SURFACE_STYLE_FILL_AREA(#1445);
#839=ORIENTED_EDGE('',*,*,#1446,.F.);
#840=ORIENTED_EDGE('',*,*,#1434,.T.);
#841=ORIENTED_EDGE('',*,*,#1447,.F.);
#842=ORIENTED_EDGE('',*,*,#1448,.F.);
#843=CARTESIAN_POINT('',(0.0,0.0,0.0));
#844=DIRECTION('',(4.93038065763132E-32,-0.0,1.0));
#845=DIRECTION('',(0.0,1.0,0.0));
#846=SURFACE_STYLE_FILL_AREA(#1449);
#847=ORIENTED_EDGE('',*,*,#1450,.F.);
#848=ORIENTED_EDGE('',*,*,#1451,.F.);
#849=ORIENTED_EDGE('',*,*,#1452,.F.);
#850=ORIENTED_EDGE('',*,*,#1453,.F.);
#851=CARTESIAN_POINT('',(0.0,0.0,0.0));
#852=DIRECTION('',(4.93038065763132E-32,-0.0,1.0));
#853=DIRECTION('',(0.0,1.0,0.0));
#854=SURFACE_STYLE_FILL_AREA(#1454);
#855=ORIENTED_EDGE('',*,*,#1455,.F.);
#856=ORIENTED_EDGE('',*,*,#1456,.T.);
#857=ORIENTED_EDGE('',*,*,#1457,.F.);
#858=ORIENTED_EDGE('',*,*,#1437,.F.);
#859=CARTESIAN_POINT('',(0.0,0.0,0.0));
#860=DIRECTION('',(4.93038065763132E-32,-0.0,1.0));
#861=DIRECTION('',(0.0,1.0,0.0));
#862=SURFACE_STYLE_FILL_AREA(#1458);
#863=ORIENTED_EDGE('',*,*,#1459,.F.);
#864=ORIENTED_EDGE('',*,*,#1439,.T.);
#865=ORIENTED_EDGE('',*,*,#1460,.F.);
#866=ORIENTED_EDGE('',*,*,#1444,.F.);
#867=CARTESIAN_POINT('',(0.0,0.0,0.0));
#868=DIRECTION('',(4.93038065763132E-32,-0.0,1.0));
#869=DIRECTION('',(0.0,1.0,0.0));
#870=SURFACE_STYLE_FILL_AREA(#1461);
#871=ORIENTED_EDGE('',*,*,#1459,.T.);
#872=ORIENTED_EDGE('',*,*,#1462,.F.);
#873=ORIENTED_EDGE('',*,*,#1460,.T.);
#874=ORIENTED_EDGE('',*,*,#1463,.T.);
#875=CARTESIAN_POINT('',(0.0,0.0,0.0));
#876=DIRECTION('',(4.93038065763132E-32,-0.0,1.0));
#877=DIRECTION('',(0.0,1.0,0.0));
#878=SURFACE_STYLE_FILL_AREA(#1464);
#879=ORIENTED_EDGE('',*,*,#1455,.T.);
#880=ORIENTED_EDGE('',*,*,#1465,.F.);
#881=ORIENTED_EDGE('',*,*,#1457,.T.);
#882=ORIENTED_EDGE('',*,*,#1466,.T.);
#883=CARTESIAN_POINT('',(0.0,0.0,0.0));
#884=DIRECTION('',(4.93038065763132E-32,-0.0,1.0));
#885=DIRECTION('',(0.0,1.0,0.0));
#886=SURFACE_STYLE_FILL_AREA(#1467);
#887=ORIENTED_EDGE('',*,*,#1456,.F.);
#888=ORIENTED_EDGE('',*,*,#1466,.F.);
#889=ORIENTED_EDGE('',*,*,#1453,.T.);
#890=ORIENTED_EDGE('',*,*,#1468,.T.);
#891=CARTESIAN_POINT('',(0.0,1.855,-4.05));
#892=DIRECTION('',(4.93038065763132E-32,-0.0,1.0));
#893=DIRECTION('',(0.0,1.0,0.0));
#894=SURFACE_STYLE_FILL_AREA(#1469);
#895=ORIENTED_EDGE('',*,*,#1450,.T.);
#896=ORIENTED_EDGE('',*,*,#1468,.F.);
#897=ORIENTED_EDGE('',*,*,#1452,.T.);
#898=ORIENTED_EDGE('',*,*,#1470,.F.);
#899=CARTESIAN_POINT('',(0.0,0.0,0.0));
#900=DIRECTION('',(4.93038065763132E-32,-0.0,1.0));
#901=DIRECTION('',(0.0,1.0,0.0));
#902=SURFACE_STYLE_FILL_AREA(#1471);
#903=ORIENTED_EDGE('',*,*,#1446,.T.);
#904=ORIENTED_EDGE('',*,*,#1472,.F.);
#905=ORIENTED_EDGE('',*,*,#1447,.T.);
#906=ORIENTED_EDGE('',*,*,#1473,.T.);
#907=CARTESIAN_POINT('',(0.0,0.0,0.0));
#908=DIRECTION('',(4.93038065763132E-32,-0.0,1.0));
#909=DIRECTION('',(0.0,1.0,0.0));
#910=SURFACE_STYLE_FILL_AREA(#1474);
#911=ORIENTED_EDGE('',*,*,#1442,.T.);
#912=ORIENTED_EDGE('',*,*,#1475,.T.);
#913=ORIENTED_EDGE('',*,*,#1432,.T.);
#914=ORIENTED_EDGE('',*,*,#1476,.T.);
#915=CARTESIAN_POINT('',(-7.18439154072782E-48,2.175,-2.77555756156289E-17));
#916=DIRECTION('',(4.93038065763132E-32,-0.0,1.0));
#917=DIRECTION('',(0.0,1.0,0.0));
#918=SURFACE_STYLE_FILL_AREA(#1477);
#919=ORIENTED_EDGE('',*,*,#1441,.T.);
#920=ORIENTED_EDGE('',*,*,#1462,.T.);
#921=ORIENTED_EDGE('',*,*,#1443,.T.);
#922=ORIENTED_EDGE('',*,*,#1475,.F.);
#923=CARTESIAN_POINT('',(5.47382212626882E-48,0.0,-5.55111512312578E-17));
#924=DIRECTION('',(4.93038065763132E-32,1.51727752928917E-19,1.0));
#925=DIRECTION('',(1.414161222271E-51,-1.0,1.51727752928917E-19));
#926=SURFACE_STYLE_FILL_AREA(#1478);
#927=ORIENTED_EDGE('',*,*,#1436,.T.);
#928=ORIENTED_EDGE('',*,*,#1463,.F.);
#929=ORIENTED_EDGE('',*,*,#1438,.T.);
#930=ORIENTED_EDGE('',*,*,#1465,.T.);
#931=CARTESIAN_POINT('',(7.39557098644699E-32,0.0,-3.12));
#932=DIRECTION('',(-4.93038065763132E-32,-1.12562855013594E-17,-1.0));
#933=DIRECTION('',(4.95817221582321E-49,1.0,-1.12562855013594E-17));
#934=SURFACE_STYLE_FILL_AREA(#1479);
#935=ORIENTED_EDGE('',*,*,#1431,.T.);
#936=ORIENTED_EDGE('',*,*,#1473,.F.);
#937=ORIENTED_EDGE('',*,*,#1433,.T.);
#938=ORIENTED_EDGE('',*,*,#1476,.F.);
#939=CARTESIAN_POINT('',(-5.39260384428426E-33,0.0,-0.1));
#940=DIRECTION('',(-4.93038065763132E-32,1.10213382215642E-17,-1.0));
#941=DIRECTION('',(7.86468696302992E-50,1.0,1.10213382215642E-17));
#942=SURFACE_STYLE_FILL_AREA(#1480);
#943=ORIENTED_EDGE('',*,*,#1426,.T.);
#944=ORIENTED_EDGE('',*,*,#1481,.F.);
#945=ORIENTED_EDGE('',*,*,#1428,.T.);
#946=ORIENTED_EDGE('',*,*,#1482,.T.);
#947=CARTESIAN_POINT('',(-4.28752663437204E-15,7.105427357601E-15,-1.36));
#948=DIRECTION('',(-1.17145536458252E-15,3.51436609374757E-15,1.0));
#949=DIRECTION('',(-1.0,-3.51436609374758E-15,-1.17145536458251E-15));
#950=SURFACE_STYLE_FILL_AREA(#1483);
#951=ORIENTED_EDGE('',*,*,#1427,.F.);
#952=ORIENTED_EDGE('',*,*,#1482,.F.);
#953=ORIENTED_EDGE('',*,*,#1415,.T.);
#954=ORIENTED_EDGE('',*,*,#1484,.T.);
#955=CARTESIAN_POINT('',(-0.475,-6.37216661192092E-15,-4.72));
#956=DIRECTION('',(-1.17145536458252E-15,3.51436609374757E-15,1.0));
#957=DIRECTION('',(1.0,-7.09720580605885E-46,1.17145536458252E-15));
#958=SURFACE_STYLE_FILL_AREA(#1485);
#959=ORIENTED_EDGE('',*,*,#1422,.T.);
#960=ORIENTED_EDGE('',*,*,#1486,.F.);
#961=ORIENTED_EDGE('',*,*,#1423,.T.);
#962=ORIENTED_EDGE('',*,*,#1487,.T.);
#963=CARTESIAN_POINT('',(-4.28752663437204E-15,7.105427357601E-15,-1.36));
#964=DIRECTION('',(-1.17145536458252E-15,3.51436609374757E-15,1.0));
#965=DIRECTION('',(-1.0,-3.51436609374758E-15,-1.17145536458251E-15));
#966=SURFACE_STYLE_FILL_AREA(#1488);
#967=ORIENTED_EDGE('',*,*,#1429,.T.);
#968=ORIENTED_EDGE('',*,*,#1481,.T.);
#969=ORIENTED_EDGE('',*,*,#1418,.T.);
#970=ORIENTED_EDGE('',*,*,#1489,.T.);
#971=CARTESIAN_POINT('',(-0.94,3.80192322947827E-15,-1.36));
#972=DIRECTION('',(-1.17145536458252E-15,3.51436609374757E-15,1.0));
#973=DIRECTION('',(1.0,-7.09720580605885E-46,1.17145536458252E-15));
#974=SURFACE_STYLE_FILL_AREA(#1490);
#975=ORIENTED_EDGE('',*,*,#1417,.T.);
#976=ORIENTED_EDGE('',*,*,#1487,.F.);
#977=ORIENTED_EDGE('',*,*,#1419,.T.);
#978=ORIENTED_EDGE('',*,*,#1489,.F.);
#979=CARTESIAN_POINT('',(-4.17038109791378E-15,6.75399074822624E-15,-1.46));
#980=DIRECTION('',(1.1604475073904E-15,-3.51436609374757E-15,-1.0));
#981=DIRECTION('',(-1.0,-3.51436609374758E-15,-1.16044750739039E-15));
#982=SURFACE_STYLE_FILL_AREA(#1491);
#983=ORIENTED_EDGE('',*,*,#1424,.T.);
#984=ORIENTED_EDGE('',*,*,#1486,.T.);
#985=ORIENTED_EDGE('',*,*,#1470,.T.);
#986=ORIENTED_EDGE('',*,*,#1451,.T.);
#987=CARTESIAN_POINT('',(-1.7,-9.55266792676249E-15,-4.4));
#988=DIRECTION('',(-1.17145536458252E-15,3.51436609374757E-15,1.0));
#989=DIRECTION('',(1.0,-7.09720580605885E-46,1.17145536458252E-15));
#990=SURFACE_STYLE_FILL_AREA(#1492);
#991=ORIENTED_EDGE('',*,*,#1411,.T.);
#992=ORIENTED_EDGE('',*,*,#1484,.F.);
#993=ORIENTED_EDGE('',*,*,#1414,.T.);
#994=ORIENTED_EDGE('',*,*,#1493,.F.);
#995=CARTESIAN_POINT('',(-4.28752663437204E-15,7.105427357601E-15,-1.36));
#996=DIRECTION('',(-1.17145536458252E-15,3.51436609374757E-15,1.0));
#997=DIRECTION('',(-1.0,-3.51436609374758E-15,-1.17145536458251E-15));
#998=SURFACE_STYLE_FILL_AREA(#1494);
#999=ORIENTED_EDGE('',*,*,#1448,.T.);
#1000=ORIENTED_EDGE('',*,*,#1472,.T.);
#1001=ORIENTED_EDGE('',*,*,#1495,.F.);
#1002=ORIENTED_EDGE('',*,*,#1496,.F.);
#1003=CARTESIAN_POINT('',(-9.86076131526265E-32,2.39999999999996,-2.6));
#1004=DIRECTION('',(4.93038065763132E-32,-0.0,1.0));
#1005=DIRECTION('',(0.0,1.0,0.0));
#1006=SURFACE_STYLE_FILL_AREA(#1497);
#1007=ORIENTED_EDGE('',*,*,#1498,.F.);
#1008=ORIENTED_EDGE('',*,*,#1499,.F.);
#1009=ORIENTED_EDGE('',*,*,#1500,.T.);
#1010=ORIENTED_EDGE('',*,*,#1501,.T.);
#1011=ORIENTED_EDGE('',*,*,#1380,.F.);
#1012=CARTESIAN_POINT('',(0.955187,0.0450758376479115,-1.50012257797217));
#1013=DIRECTION('',(-5.39260384428426E-33,0.99861782933251,0.0525588331227631));
#1014=DIRECTION('',(1.0,8.53997335578047E-35,1.00978690591108E-31));
#1015=SURFACE_STYLE_FILL_AREA(#1502);
#1016=ORIENTED_EDGE('',*,*,#1501,.F.);
#1017=ORIENTED_EDGE('',*,*,#1503,.T.);
#1018=ORIENTED_EDGE('',*,*,#1504,.F.);
#1019=ORIENTED_EDGE('',*,*,#1505,.F.);
#1020=ORIENTED_EDGE('',*,*,#1381,.F.);
#1021=CARTESIAN_POINT('',(4.33438484895534E-15,-0.104716836751965,-1.50800640294058));
#1022=DIRECTION('',(0.0,-0.0525588331227631,0.99861782933251));
#1023=DIRECTION('',(-3.21830033753558E-18,0.99861782933251,0.0525588331227631));
#1024=SURFACE_STYLE_FILL_AREA(#1506);
#1025=ORIENTED_EDGE('',*,*,#1507,.F.);
#1026=ORIENTED_EDGE('',*,*,#1508,.T.);
#1027=ORIENTED_EDGE('',*,*,#1509,.F.);
#1028=ORIENTED_EDGE('',*,*,#1510,.F.);
#1029=ORIENTED_EDGE('',*,*,#1409,.F.);
#1030=CARTESIAN_POINT('',(4.33438484895534E-15,0.104716836751943,-1.50800640294058));
#1031=DIRECTION('',(-0.0,0.0525588331227635,0.99861782933251));
#1032=DIRECTION('',(1.0,0.0,0.0));
#1033=SURFACE_STYLE_FILL_AREA(#1511);
#1034=ORIENTED_EDGE('',*,*,#1512,.F.);
#1035=ORIENTED_EDGE('',*,*,#1513,.T.);
#1036=ORIENTED_EDGE('',*,*,#1514,.T.);
#1037=ORIENTED_EDGE('',*,*,#1507,.T.);
#1038=ORIENTED_EDGE('',*,*,#1408,.F.);
#1039=CARTESIAN_POINT('',(-0.955187,-0.0450758376479335,-1.50012257797217));
#1040=DIRECTION('',(4.03896783473158E-34,-0.99861782933251,0.0525588331227635));
#1041=DIRECTION('',(-6.11477064131768E-17,0.0525588331227635,0.99861782933251));
#1042=SURFACE_STYLE_FILL_AREA(#1515);
#1043=ORIENTED_EDGE('',*,*,#1397,.T.);
#1044=ORIENTED_EDGE('',*,*,#1512,.T.);
#1045=ORIENTED_EDGE('',*,*,#1407,.T.);
#1046=ORIENTED_EDGE('',*,*,#1516,.T.);
#1047=ORIENTED_EDGE('',*,*,#1517,.F.);
#1048=ORIENTED_EDGE('',*,*,#1398,.T.);
#1049=CARTESIAN_POINT('',(4.33438484895535E-15,0.0613557994256637,-2.3318661121399));
#1050=DIRECTION('',(-3.69778549322349E-32,-0.0525588331227635,-0.99861782933251));
#1051=DIRECTION('',(1.0,1.40273992111972E-33,-3.7102863795682E-32));
#1052=SURFACE_STYLE_FILL_AREA(#1518);
#1053=ORIENTED_EDGE('',*,*,#1406,.T.);
#1054=ORIENTED_EDGE('',*,*,#1510,.T.);
#1055=ORIENTED_EDGE('',*,*,#1519,.T.);
#1056=ORIENTED_EDGE('',*,*,#1516,.F.);
#1057=CARTESIAN_POINT('',(4.33438484895534E-15,0.0994609534396662,-1.60786818587383));
#1058=DIRECTION('',(-0.0,0.0525588331227635,0.99861782933251));
#1059=DIRECTION('',(0.0,0.99861782933251,-0.0525588331227635));
#1060=SURFACE_STYLE_FILL_AREA(#1520);
#1061=ORIENTED_EDGE('',*,*,#1517,.T.);
#1062=ORIENTED_EDGE('',*,*,#1519,.F.);
#1063=ORIENTED_EDGE('',*,*,#1509,.T.);
#1064=ORIENTED_EDGE('',*,*,#1521,.F.);
#1065=ORIENTED_EDGE('',*,*,#1522,.T.);
#1066=CARTESIAN_POINT('',(-0.955187,-0.0450758376479335,-1.50012257797217));
#1067=DIRECTION('',(4.03896783473158E-34,-0.99861782933251,0.0525588331227635));
#1068=DIRECTION('',(-6.11477064131768E-17,0.0525588331227635,0.99861782933251));
#1069=SURFACE_STYLE_FILL_AREA(#1523);
#1070=ORIENTED_EDGE('',*,*,#1521,.T.);
#1071=ORIENTED_EDGE('',*,*,#1508,.F.);
#1072=ORIENTED_EDGE('',*,*,#1514,.F.);
#1073=ORIENTED_EDGE('',*,*,#1524,.F.);
#1074=ORIENTED_EDGE('',*,*,#1387,.F.);
#1075=ORIENTED_EDGE('',*,*,#1525,.F.);
#1076=CARTESIAN_POINT('',(4.33438484895534E-15,0.104716836751943,-1.50800640294058));
#1077=DIRECTION('',(-3.69778549322349E-32,-0.0525588331227635,-0.99861782933251));
#1078=DIRECTION('',(1.0,8.69279325392925E-34,-3.70747869222227E-32));
#1079=SURFACE_STYLE_FILL_AREA(#1526);
#1080=ORIENTED_EDGE('',*,*,#1513,.F.);
#1081=ORIENTED_EDGE('',*,*,#1396,.F.);
#1082=ORIENTED_EDGE('',*,*,#1527,.F.);
#1083=ORIENTED_EDGE('',*,*,#1528,.T.);
#1084=ORIENTED_EDGE('',*,*,#1529,.T.);
#1085=ORIENTED_EDGE('',*,*,#1530,.T.);
#1086=ORIENTED_EDGE('',*,*,#1388,.T.);
#1087=ORIENTED_EDGE('',*,*,#1524,.T.);
#1088=CARTESIAN_POINT('',(-0.5520024,2.63384747670421,-3.49));
#1089=DIRECTION('',(-4.93038065763132E-32,0.0,-1.0));
#1090=DIRECTION('',(-1.0,0.0,4.93038065763132E-32));
#1091=SURFACE_STYLE_FILL_AREA(#1531);
#1092=ORIENTED_EDGE('',*,*,#1403,.T.);
#1093=ORIENTED_EDGE('',*,*,#1532,.T.);
#1094=ORIENTED_EDGE('',*,*,#1404,.T.);
#1095=CARTESIAN_POINT('',(4.33438484895534E-15,-1.11401773222886E-14,-4.14));
#1096=DIRECTION('',(-3.39063573604735E-18,1.04083408558608E-16,1.0));
#1097=DIRECTION('',(-1.0,1.94704267041254E-20,-3.39063573604735E-18));
#1098=SURFACE_STYLE_FILL_AREA(#1533);
#1099=ORIENTED_EDGE('',*,*,#1395,.T.);
#1100=ORIENTED_EDGE('',*,*,#1532,.F.);
#1101=ORIENTED_EDGE('',*,*,#1400,.T.);
#1102=ORIENTED_EDGE('',*,*,#1534,.T.);
#1103=ORIENTED_EDGE('',*,*,#1535,.F.);
#1104=ORIENTED_EDGE('',*,*,#1536,.F.);
#1105=ORIENTED_EDGE('',*,*,#1527,.T.);
#1106=CARTESIAN_POINT('',(4.33438484895535E-15,-1.10724146865082E-14,-2.315));
#1107=DIRECTION('',(-4.93038065763132E-32,0.0,-1.0));
#1108=DIRECTION('',(-1.0,0.0,4.93038065763132E-32));
#1109=SURFACE_STYLE_FILL_AREA(#1537);
#1110=ORIENTED_EDGE('',*,*,#1386,.T.);
#1111=ORIENTED_EDGE('',*,*,#1538,.T.);
#1112=ORIENTED_EDGE('',*,*,#1539,.T.);
#1113=ORIENTED_EDGE('',*,*,#1499,.T.);
#1114=ORIENTED_EDGE('',*,*,#1534,.F.);
#1115=ORIENTED_EDGE('',*,*,#1399,.F.);
#1116=ORIENTED_EDGE('',*,*,#1522,.F.);
#1117=ORIENTED_EDGE('',*,*,#1525,.T.);
#1118=CARTESIAN_POINT('',(-0.5520024,2.63384747670421,-3.49));
#1119=DIRECTION('',(-4.93038065763132E-32,0.0,-1.0));
#1120=DIRECTION('',(-1.0,0.0,4.93038065763132E-32));
#1121=SURFACE_STYLE_FILL_AREA(#1540);
#1122=ORIENTED_EDGE('',*,*,#1390,.T.);
#1123=ORIENTED_EDGE('',*,*,#1541,.T.);
#1124=ORIENTED_EDGE('',*,*,#1392,.T.);
#1125=ORIENTED_EDGE('',*,*,#1542,.F.);
#1126=CARTESIAN_POINT('',(4.24154540297199E-15,-1.0828469197699E-14,-4.8));
#1127=DIRECTION('',(6.12303176911183E-17,-3.88578058618805E-16,1.0));
#1128=DIRECTION('',(-3.90987294733487E-48,-1.0,-3.88578058618805E-16));
#1129=SURFACE_STYLE_FILL_AREA(#1543);
#1130=ORIENTED_EDGE('',*,*,#1391,.T.);
#1131=ORIENTED_EDGE('',*,*,#1542,.T.);
#1132=ORIENTED_EDGE('',*,*,#1544,.F.);
#1133=ORIENTED_EDGE('',*,*,#1384,.F.);
#1134=CARTESIAN_POINT('',(4.25379146651021E-15,0.706409499999988,-4.6));
#1135=DIRECTION('',(-6.12303176911183E-17,0.0,-1.0));
#1136=DIRECTION('',(-1.0,0.0,6.12303176911183E-17));
#1137=SURFACE_STYLE_FILL_AREA(#1545);
#1138=ORIENTED_EDGE('',*,*,#1383,.T.);
#1139=ORIENTED_EDGE('',*,*,#1530,.F.);
#1140=ORIENTED_EDGE('',*,*,#1546,.F.);
#1141=ORIENTED_EDGE('',*,*,#1538,.F.);
#1142=ORIENTED_EDGE('',*,*,#1385,.T.);
#1143=ORIENTED_EDGE('',*,*,#1544,.T.);
#1144=CARTESIAN_POINT('',(4.33438484895535E-15,-1.13299127024735E-14,-1.49));
#1145=DIRECTION('',(-4.93038065763132E-32,0.0,-1.0));
#1146=DIRECTION('',(-1.0,0.0,4.93038065763132E-32));
#1147=SURFACE_STYLE_FILL_AREA(#1547);
#1148=ORIENTED_EDGE('',*,*,#1548,.T.);
#1149=ORIENTED_EDGE('',*,*,#1549,.F.);
#1150=ORIENTED_EDGE('',*,*,#1504,.T.);
#1151=ORIENTED_EDGE('',*,*,#1550,.F.);
#1152=ORIENTED_EDGE('',*,*,#1528,.F.);
#1153=CARTESIAN_POINT('',(0.955187,0.0450758376479115,-1.50012257797217));
#1154=DIRECTION('',(-5.39260384428426E-33,0.99861782933251,0.0525588331227631));
#1155=DIRECTION('',(1.0,8.53997335578047E-35,1.00978690591108E-31));
#1156=SURFACE_STYLE_FILL_AREA(#1551);
#1157=ORIENTED_EDGE('',*,*,#1535,.T.);
#1158=ORIENTED_EDGE('',*,*,#1498,.T.);
#1159=ORIENTED_EDGE('',*,*,#1379,.T.);
#1160=ORIENTED_EDGE('',*,*,#1552,.T.);
#1161=ORIENTED_EDGE('',*,*,#1548,.F.);
#1162=ORIENTED_EDGE('',*,*,#1536,.T.);
#1163=CARTESIAN_POINT('',(4.33438484895535E-15,-0.0613557994256855,-2.3318661121399));
#1164=DIRECTION('',(-3.69778549322349E-32,0.052558833122763,-0.99861782933251));
#1165=DIRECTION('',(-1.0,1.40273992111971E-33,3.7102863795682E-32));
#1166=SURFACE_STYLE_FILL_AREA(#1553);
#1167=ORIENTED_EDGE('',*,*,#1378,.T.);
#1168=ORIENTED_EDGE('',*,*,#1505,.T.);
#1169=ORIENTED_EDGE('',*,*,#1549,.T.);
#1170=ORIENTED_EDGE('',*,*,#1552,.F.);
#1171=CARTESIAN_POINT('',(4.33438484895534E-15,-0.0994609534396887,-1.60786818587383));
#1172=DIRECTION('',(-0.0,-0.052558833122763,0.99861782933251));
#1173=DIRECTION('',(9.29759283497286E-33,-0.99861782933251,-0.052558833122763));
#1174=SURFACE_STYLE_FILL_AREA(#1554);
#1175=ORIENTED_EDGE('',*,*,#1550,.T.);
#1176=ORIENTED_EDGE('',*,*,#1503,.F.);
#1177=ORIENTED_EDGE('',*,*,#1500,.F.);
#1178=ORIENTED_EDGE('',*,*,#1539,.F.);
#1179=ORIENTED_EDGE('',*,*,#1546,.T.);
#1180=ORIENTED_EDGE('',*,*,#1529,.F.);
#1181=CARTESIAN_POINT('',(4.33438484895534E-15,-0.104716836751965,-1.50800640294058));
#1182=DIRECTION('',(-3.69778549322349E-32,0.0525588331227631,-0.99861782933251));
#1183=DIRECTION('',(-1.0,8.69279325392918E-34,3.70747869222227E-32));
#1184=SURFACE_STYLE_FILL_AREA(#1555);
#1185=ORIENTED_EDGE('',*,*,#1372,.T.);
#1186=ORIENTED_EDGE('',*,*,#1556,.F.);
#1187=ORIENTED_EDGE('',*,*,#1557,.F.);
#1188=ORIENTED_EDGE('',*,*,#1374,.T.);
#1189=ORIENTED_EDGE('',*,*,#1558,.T.);
#1190=CARTESIAN_POINT('',(1.9839273453226E-16,-0.70000000000001,-6.53));
#1191=DIRECTION('',(-1.22460635382238E-16,-1.0,1.11022504689141E-15));
#1192=DIRECTION('',(1.23268568227365E-15,-1.11022504689141E-15,-1.0));
#1193=SURFACE_STYLE_FILL_AREA(#1559);
#1194=ORIENTED_EDGE('',*,*,#1367,.T.);
#1195=ORIENTED_EDGE('',*,*,#1560,.F.);
#1196=ORIENTED_EDGE('',*,*,#1369,.T.);
#1197=ORIENTED_EDGE('',*,*,#1561,.F.);
#1198=CARTESIAN_POINT('',(-1.11432966890327E-16,-3.23000240000001,-6.53));
#1199=DIRECTION('',(-1.22460635382238E-16,-1.0,1.11022504689141E-15));
#1200=DIRECTION('',(1.23268568227365E-15,-1.11022504689141E-15,-1.0));
#1201=SURFACE_STYLE_FILL_AREA(#1562);
#1202=ORIENTED_EDGE('',*,*,#1560,.T.);
#1203=ORIENTED_EDGE('',*,*,#1370,.T.);
#1204=ORIENTED_EDGE('',*,*,#1558,.F.);
#1205=ORIENTED_EDGE('',*,*,#1373,.F.);
#1206=CARTESIAN_POINT('',(-8.32667268468872E-17,-3.0,-6.53));
#1207=DIRECTION('',(1.22460635382238E-16,1.0,-1.11022504689141E-15));
#1208=DIRECTION('',(6.12323399573676E-17,-1.11022504689141E-15,-1.0));
#1209=SURFACE_STYLE_FILL_AREA(#1563);
#1210=ORIENTED_EDGE('',*,*,#1564,.F.);
#1211=ORIENTED_EDGE('',*,*,#1364,.F.);
#1212=CARTESIAN_POINT('',(3.87515746627195E-15,-6.9,-8.99));
#1213=DIRECTION('',(3.85185988877447E-34,1.0,-2.98704733337335E-65));
#1214=DIRECTION('',(-1.0,3.85185988877447E-34,-6.12323399573676E-17));
#1215=SURFACE_STYLE_FILL_AREA(#1565);
#1216=ORIENTED_EDGE('',*,*,#1363,.T.);
#1217=ORIENTED_EDGE('',*,*,#1566,.F.);
#1218=ORIENTED_EDGE('',*,*,#1365,.T.);
#1219=ORIENTED_EDGE('',*,*,#1564,.T.);
#1220=CARTESIAN_POINT('',(4.33438484895535E-15,-6.9,-6.531));
#1221=DIRECTION('',(-2.26511085712407E-17,1.0,-9.0205620750794E-16));
#1222=DIRECTION('',(-1.0,-2.26511085712407E-17,1.41284580625445E-18));
#1223=SURFACE_STYLE_FILL_AREA(#1567);
#1224=ORIENTED_EDGE('',*,*,#1357,.T.);
#1225=ORIENTED_EDGE('',*,*,#1568,.T.);
#1226=ORIENTED_EDGE('',*,*,#1359,.T.);
#1227=ORIENTED_EDGE('',*,*,#1566,.T.);
#1228=CARTESIAN_POINT('',(4.33438484895535E-15,-0.471000000000012,-6.531));
#1229=DIRECTION('',(0.0,-1.0,0.0));
#1230=DIRECTION('',(-1.0,0.0,5.35910941046883E-32));
#1231=SURFACE_STYLE_FILL_AREA(#1569);
#1232=FACE_OUTER_BOUND('',#1570,.T.);
#1233=CONICAL_SURFACE('',#1571,0.4,0.78539816339745);
#1234=FACE_OUTER_BOUND('',#1572,.T.);
#1235=CONICAL_SURFACE('',#1573,0.4,0.785398163397448);
#1236=FACE_OUTER_BOUND('',#1574,.T.);
#1237=CONICAL_SURFACE('',#1575,0.4,0.78539816339745);
#1238=FACE_OUTER_BOUND('',#1576,.T.);
#1239=CONICAL_SURFACE('',#1577,1.9,0.785398163397453);
#1240=FACE_OUTER_BOUND('',#1578,.T.);
#1241=CYLINDRICAL_SURFACE('',#1579,0.85);
#1242=FACE_OUTER_BOUND('',#1580,.T.);
#1243=CYLINDRICAL_SURFACE('',#1581,0.5);
#1244=FACE_OUTER_BOUND('',#1582,.T.);
#1245=CYLINDRICAL_SURFACE('',#1583,0.85);
#1246=FACE_OUTER_BOUND('',#1584,.T.);
#1247=CYLINDRICAL_SURFACE('',#1585,0.5);
#1248=FACE_OUTER_BOUND('',#1586,.T.);
#1249=CONICAL_SURFACE('',#1587,0.4,0.78539816339745);
#1250=FACE_OUTER_BOUND('',#1588,.T.);
#1251=CYLINDRICAL_SURFACE('',#1589,0.5);
#1252=FACE_OUTER_BOUND('',#1590,.T.);
#1253=CYLINDRICAL_SURFACE('',#1591,0.85);
#1254=FACE_OUTER_BOUND('',#1592,.T.);
#1255=CYLINDRICAL_SURFACE('',#1593,0.85);
#1256=FACE_OUTER_BOUND('',#1594,.T.);
#1257=CYLINDRICAL_SURFACE('',#1595,0.5);
#1258=FACE_OUTER_BOUND('',#1596,.T.);
#1259=CYLINDRICAL_SURFACE('',#1597,2.4);
#1260=FACE_OUTER_BOUND('',#1598,.T.);
#1261=CONICAL_SURFACE('',#1599,2.87053079228339,0.148352986419519);
#1262=FACE_OUTER_BOUND('',#1600,.T.);
#1263=CONICAL_SURFACE('',#1601,2.66557322049612,0.471238898038469);
#1264=FACE_OUTER_BOUND('',#1602,.T.);
#1265=CYLINDRICAL_SURFACE('',#1603,0.85);
#1266=FACE_OUTER_BOUND('',#1604,.T.);
#1267=CONICAL_SURFACE('',#1605,2.4,0.296705972839036);
#1268=FACE_OUTER_BOUND('',#1606,.T.);
#1269=CONICAL_SURFACE('',#1607,2.25381414763863,1.27409035395586);
#1270=FACE_OUTER_BOUND('',#1608,.T.);
#1271=CONICAL_SURFACE('',#1609,2.66557322049612,0.296705972839036);
#1272=FACE_OUTER_BOUND('',#1610,.T.);
#1273=CONICAL_SURFACE('',#1611,2.66557322049612,0.296705972839036);
#1274=FACE_OUTER_BOUND('',#1612,.T.);
#1275=CONICAL_SURFACE('',#1613,2.25381414763863,1.27409035395586);
#1276=FACE_OUTER_BOUND('',#1614,.T.);
#1277=CONICAL_SURFACE('',#1615,2.4,0.296705972839036);
#1278=FACE_BOUND('',#1616,.T.);
#1279=FACE_OUTER_BOUND('',#1617,.T.);
#1280=PLANE('',#1618);
#1281=FACE_OUTER_BOUND('',#1619,.T.);
#1282=PLANE('',#1620);
#1283=FACE_OUTER_BOUND('',#1621,.T.);
#1284=CYLINDRICAL_SURFACE('',#1622,0.85);
#1285=FACE_OUTER_BOUND('',#1623,.T.);
#1286=CONICAL_SURFACE('',#1624,2.66557322049612,0.471238898038469);
#1287=FACE_OUTER_BOUND('',#1625,.T.);
#1288=CONICAL_SURFACE('',#1626,2.87053079228339,0.148352986419519);
#1289=FACE_OUTER_BOUND('',#1627,.T.);
#1290=CYLINDRICAL_SURFACE('',#1628,2.4);
#1291=FACE_OUTER_BOUND('',#1629,.T.);
#1292=PLANE('',#1630);
#1293=FACE_OUTER_BOUND('',#1631,.T.);
#1294=PLANE('',#1632);
#1295=FACE_OUTER_BOUND('',#1633,.T.);
#1296=PLANE('',#1634);
#1297=FACE_OUTER_BOUND('',#1635,.T.);
#1298=PLANE('',#1636);
#1299=FACE_OUTER_BOUND('',#1637,.T.);
#1300=CYLINDRICAL_SURFACE('',#1638,0.5);
#1301=FACE_OUTER_BOUND('',#1639,.T.);
#1302=PLANE('',#1640);
#1303=FACE_OUTER_BOUND('',#1641,.T.);
#1304=PLANE('',#1642);
#1305=FACE_OUTER_BOUND('',#1643,.T.);
#1306=CYLINDRICAL_SURFACE('',#1644,0.85);
#1307=FACE_OUTER_BOUND('',#1645,.T.);
#1308=CYLINDRICAL_SURFACE('',#1646,0.5);
#1309=FACE_OUTER_BOUND('',#1647,.T.);
#1310=CONICAL_SURFACE('',#1648,0.4,0.78539816339745);
#1311=FACE_OUTER_BOUND('',#1649,.T.);
#1312=CYLINDRICAL_SURFACE('',#1650,0.5);
#1313=FACE_OUTER_BOUND('',#1651,.T.);
#1314=PLANE('',#1652);
#1315=FACE_OUTER_BOUND('',#1653,.T.);
#1316=CYLINDRICAL_SURFACE('',#1654,0.85);
#1317=FACE_OUTER_BOUND('',#1655,.T.);
#1318=PLANE('',#1656);
#1319=FACE_OUTER_BOUND('',#1657,.T.);
#1320=PLANE('',#1658);
#1321=FACE_OUTER_BOUND('',#1659,.T.);
#1322=CYLINDRICAL_SURFACE('',#1660,0.5);
#1323=FACE_OUTER_BOUND('',#1661,.T.);
#1324=CYLINDRICAL_SURFACE('',#1662,0.85);
#1325=FACE_OUTER_BOUND('',#1663,.T.);
#1326=CONICAL_SURFACE('',#1664,1.9,0.785398163397453);
#1327=FACE_OUTER_BOUND('',#1665,.T.);
#1328=PLANE('',#1666);
#1329=FACE_OUTER_BOUND('',#1667,.T.);
#1330=PLANE('',#1668);
#1331=FACE_OUTER_BOUND('',#1669,.T.);
#1332=PLANE('',#1670);
#1333=FACE_OUTER_BOUND('',#1671,.T.);
#1334=CONICAL_SURFACE('',#1672,0.4,0.78539816339745);
#1335=FACE_OUTER_BOUND('',#1673,.T.);
#1336=CONICAL_SURFACE('',#1674,0.4,0.785398163397448);
#1337=FACE_OUTER_BOUND('',#1675,.T.);
#1338=PLANE('',#1676);
#1339=FACE_OUTER_BOUND('',#1677,.T.);
#1340=CONICAL_SURFACE('',#1678,0.4,0.78539816339745);
#1341=FACE_OUTER_BOUND('',#1679,.T.);
#1342=PLANE('',#1680);
#1343=FACE_BOUND('',#1681,.T.);
#1344=FACE_OUTER_BOUND('',#1682,.T.);
#1345=PLANE('',#1683);
#1346=FACE_OUTER_BOUND('',#1684,.T.);
#1347=PLANE('',#1685);
#1348=FACE_OUTER_BOUND('',#1686,.T.);
#1349=PLANE('',#1687);
#1350=FACE_BOUND('',#1688,.T.);
#1351=FACE_OUTER_BOUND('',#1689,.T.);
#1352=PLANE('',#1690);
#1353=FACE_BOUND('',#1691,.T.);
#1354=FACE_OUTER_BOUND('',#1692,.T.);
#1355=PLANE('',#1693);
#1356=FILL_AREA_STYLE('',(#1694));
#1357=EDGE_CURVE('',#1695,#1696,#1697,.T.);
#1358=EDGE_CURVE('',#1695,#1698,#1699,.T.);
#1359=EDGE_CURVE('',#1700,#1698,#1701,.T.);
#1360=EDGE_CURVE('',#1700,#1702,#1703,.T.);
#1361=EDGE_CURVE('',#1702,#1696,#1704,.T.);
#1362=FILL_AREA_STYLE('',(#1705));
#1363=EDGE_CURVE('',#1706,#1695,#1707,.T.);
#1364=EDGE_CURVE('',#1706,#1708,#1709,.T.);
#1365=EDGE_CURVE('',#1698,#1708,#1710,.T.);
#1366=FILL_AREA_STYLE('',(#1711));
#1367=EDGE_CURVE('',#1712,#1713,#1714,.T.);
#1368=EDGE_CURVE('',#1715,#1712,#1716,.T.);
#1369=EDGE_CURVE('',#1717,#1715,#1718,.T.);
#1370=EDGE_CURVE('',#1713,#1717,#1719,.T.);
#1371=FILL_AREA_STYLE('',(#1720));
#1372=EDGE_CURVE('',#1721,#1722,#1723,.T.);
#1373=EDGE_CURVE('',#1721,#1724,#1725,.T.);
#1374=EDGE_CURVE('',#1726,#1724,#1727,.T.);
#1375=EDGE_CURVE('',#1728,#1726,#1729,.F.);
#1376=EDGE_CURVE('',#1722,#1728,#1730,.F.);
#1377=FILL_AREA_STYLE('',(#1731));
#1378=EDGE_CURVE('',#1732,#1733,#1734,.T.);
#1379=EDGE_CURVE('',#1735,#1732,#1736,.T.);
#1380=EDGE_CURVE('',#1735,#1737,#1738,.T.);
#1381=EDGE_CURVE('',#1737,#1733,#1739,.T.);
#1382=FILL_AREA_STYLE('',(#1740));
#1383=EDGE_CURVE('',#1741,#1742,#1743,.T.);
#1384=EDGE_CURVE('',#1741,#1744,#1745,.T.);
#1385=EDGE_CURVE('',#1746,#1744,#1747,.T.);
#1386=EDGE_CURVE('',#1748,#1746,#1749,.T.);
#1387=EDGE_CURVE('',#1748,#1750,#1751,.T.);
#1388=EDGE_CURVE('',#1742,#1750,#1752,.T.);
#1389=FILL_AREA_STYLE('',(#1753));
#1390=EDGE_CURVE('',#1754,#1755,#1756,.T.);
#1391=EDGE_CURVE('',#1757,#1754,#1758,.T.);
#1392=EDGE_CURVE('',#1759,#1757,#1760,.T.);
#1393=EDGE_CURVE('',#1759,#1755,#1761,.T.);
#1394=FILL_AREA_STYLE('',(#1762));
#1395=EDGE_CURVE('',#1763,#1764,#1765,.T.);
#1396=EDGE_CURVE('',#1763,#1766,#1767,.T.);
#1397=EDGE_CURVE('',#1768,#1766,#1769,.T.);
#1398=EDGE_CURVE('',#1770,#1768,#1771,.T.);
#1399=EDGE_CURVE('',#1770,#1772,#1773,.T.);
#1400=EDGE_CURVE('',#1774,#1772,#1775,.T.);
#1401=EDGE_CURVE('',#1764,#1774,#1776,.T.);
#1402=FILL_AREA_STYLE('',(#1777));
#1403=EDGE_CURVE('',#1778,#1774,#1779,.T.);
#1404=EDGE_CURVE('',#1764,#1778,#1780,.T.);
#1405=FILL_AREA_STYLE('',(#1781));
#1406=EDGE_CURVE('',#1782,#1783,#1784,.T.);
#1407=EDGE_CURVE('',#1785,#1782,#1786,.T.);
#1408=EDGE_CURVE('',#1785,#1787,#1788,.T.);
#1409=EDGE_CURVE('',#1787,#1783,#1789,.T.);
#1410=FILL_AREA_STYLE('',(#1790));
#1411=EDGE_CURVE('',#1791,#1792,#1793,.T.);
#1412=EDGE_CURVE('',#1794,#1791,#1795,.T.);
#1413=EDGE_CURVE('',#1796,#1794,#1797,.T.);
#1414=EDGE_CURVE('',#1798,#1796,#1799,.T.);
#1415=EDGE_CURVE('',#1792,#1798,#1800,.T.);
#1416=FILL_AREA_STYLE('',(#1801));
#1417=EDGE_CURVE('',#1802,#1803,#1804,.T.);
#1418=EDGE_CURVE('',#1805,#1802,#1806,.T.);
#1419=EDGE_CURVE('',#1807,#1805,#1808,.T.);
#1420=EDGE_CURVE('',#1803,#1807,#1809,.T.);
#1421=FILL_AREA_STYLE('',(#1810));
#1422=EDGE_CURVE('',#1803,#1811,#1812,.T.);
#1423=EDGE_CURVE('',#1813,#1807,#1814,.T.);
#1424=EDGE_CURVE('',#1811,#1813,#1815,.T.);
#1425=FILL_AREA_STYLE('',(#1816));
#1426=EDGE_CURVE('',#1817,#1818,#1819,.T.);
#1427=EDGE_CURVE('',#1817,#1820,#1821,.T.);
#1428=EDGE_CURVE('',#1822,#1820,#1823,.T.);
#1429=EDGE_CURVE('',#1818,#1822,#1824,.T.);
#1430=FILL_AREA_STYLE('',(#1825));
#1431=EDGE_CURVE('',#1826,#1827,#1828,.T.);
#1432=EDGE_CURVE('',#1829,#1826,#1830,.T.);
#1433=EDGE_CURVE('',#1831,#1829,#1832,.T.);
#1434=EDGE_CURVE('',#1827,#1831,#1833,.T.);
#1435=FILL_AREA_STYLE('',(#1834));
#1436=EDGE_CURVE('',#1835,#1836,#1837,.T.);
#1437=EDGE_CURVE('',#1835,#1838,#1839,.T.);
#1438=EDGE_CURVE('',#1840,#1838,#1841,.T.);
#1439=EDGE_CURVE('',#1836,#1840,#1842,.T.);
#1440=FILL_AREA_STYLE('',(#1843));
#1441=EDGE_CURVE('',#1844,#1845,#1846,.T.);
#1442=EDGE_CURVE('',#1847,#1844,#1848,.T.);
#1443=EDGE_CURVE('',#1849,#1847,#1850,.T.);
#1444=EDGE_CURVE('',#1849,#1845,#1851,.T.);
#1445=FILL_AREA_STYLE('',(#1852));
#1446=EDGE_CURVE('',#1827,#1853,#1854,.T.);
#1447=EDGE_CURVE('',#1855,#1831,#1856,.T.);
#1448=EDGE_CURVE('',#1853,#1855,#1857,.T.);
#1449=FILL_AREA_STYLE('',(#1858));
#1450=EDGE_CURVE('',#1859,#1860,#1861,.T.);
#1451=EDGE_CURVE('',#1862,#1859,#1863,.T.);
#1452=EDGE_CURVE('',#1864,#1862,#1865,.T.);
#1453=EDGE_CURVE('',#1860,#1864,#1866,.T.);
#1454=FILL_AREA_STYLE('',(#1867));
#1455=EDGE_CURVE('',#1868,#1835,#1869,.T.);
#1456=EDGE_CURVE('',#1868,#1870,#1871,.T.);
#1457=EDGE_CURVE('',#1838,#1870,#1872,.T.);
#1458=FILL_AREA_STYLE('',(#1873));
#1459=EDGE_CURVE('',#1836,#1849,#1874,.T.);
#1460=EDGE_CURVE('',#1845,#1840,#1875,.T.);
#1461=FILL_AREA_STYLE('',(#1876));
#1462=EDGE_CURVE('',#1845,#1849,#1877,.T.);
#1463=EDGE_CURVE('',#1840,#1836,#1878,.T.);
#1464=FILL_AREA_STYLE('',(#1879));
#1465=EDGE_CURVE('',#1838,#1835,#1880,.T.);
#1466=EDGE_CURVE('',#1870,#1868,#1881,.T.);
#1467=FILL_AREA_STYLE('',(#1882));
#1468=EDGE_CURVE('',#1864,#1860,#1883,.T.);
#1469=FILL_AREA_STYLE('',(#1884));
#1470=EDGE_CURVE('',#1859,#1862,#1885,.T.);
#1471=FILL_AREA_STYLE('',(#1886));
#1472=EDGE_CURVE('',#1855,#1853,#1887,.T.);
#1473=EDGE_CURVE('',#1831,#1827,#1888,.T.);
#1474=FILL_AREA_STYLE('',(#1889));
#1475=EDGE_CURVE('',#1844,#1847,#1890,.T.);
#1476=EDGE_CURVE('',#1826,#1829,#1891,.T.);
#1477=FILL_AREA_STYLE('',(#1892));
#1478=FILL_AREA_STYLE('',(#1893));
#1479=FILL_AREA_STYLE('',(#1894));
#1480=FILL_AREA_STYLE('',(#1895));
#1481=EDGE_CURVE('',#1822,#1818,#1896,.T.);
#1482=EDGE_CURVE('',#1820,#1817,#1897,.T.);
#1483=FILL_AREA_STYLE('',(#1898));
#1484=EDGE_CURVE('',#1798,#1792,#1899,.T.);
#1485=FILL_AREA_STYLE('',(#1900));
#1486=EDGE_CURVE('',#1813,#1811,#1901,.T.);
#1487=EDGE_CURVE('',#1807,#1803,#1902,.T.);
#1488=FILL_AREA_STYLE('',(#1903));
#1489=EDGE_CURVE('',#1802,#1805,#1904,.T.);
#1490=FILL_AREA_STYLE('',(#1905));
#1491=FILL_AREA_STYLE('',(#1906));
#1492=FILL_AREA_STYLE('',(#1907));
#1493=EDGE_CURVE('',#1791,#1796,#1908,.T.);
#1494=FILL_AREA_STYLE('',(#1909));
#1495=EDGE_CURVE('',#1910,#1911,#1912,.F.);
#1496=EDGE_CURVE('',#1911,#1910,#1913,.F.);
#1497=FILL_AREA_STYLE('',(#1914));
#1498=EDGE_CURVE('',#1915,#1735,#1916,.T.);
#1499=EDGE_CURVE('',#1917,#1915,#1918,.T.);
#1500=EDGE_CURVE('',#1917,#1919,#1920,.T.);
#1501=EDGE_CURVE('',#1919,#1737,#1921,.T.);
#1502=FILL_AREA_STYLE('',(#1922));
#1503=EDGE_CURVE('',#1919,#1923,#1924,.T.);
#1504=EDGE_CURVE('',#1925,#1923,#1926,.T.);
#1505=EDGE_CURVE('',#1733,#1925,#1927,.T.);
#1506=FILL_AREA_STYLE('',(#1928));
#1507=EDGE_CURVE('',#1929,#1787,#1930,.T.);
#1508=EDGE_CURVE('',#1929,#1931,#1932,.T.);
#1509=EDGE_CURVE('',#1933,#1931,#1934,.T.);
#1510=EDGE_CURVE('',#1783,#1933,#1935,.T.);
#1511=FILL_AREA_STYLE('',(#1936));
#1512=EDGE_CURVE('',#1766,#1785,#1937,.T.);
#1513=EDGE_CURVE('',#1766,#1938,#1939,.T.);
#1514=EDGE_CURVE('',#1938,#1929,#1940,.T.);
#1515=FILL_AREA_STYLE('',(#1941));
#1516=EDGE_CURVE('',#1782,#1942,#1943,.T.);
#1517=EDGE_CURVE('',#1770,#1942,#1944,.T.);
#1518=FILL_AREA_STYLE('',(#1945));
#1519=EDGE_CURVE('',#1933,#1942,#1946,.T.);
#1520=FILL_AREA_STYLE('',(#1947));
#1521=EDGE_CURVE('',#1948,#1931,#1949,.T.);
#1522=EDGE_CURVE('',#1948,#1770,#1950,.T.);
#1523=FILL_AREA_STYLE('',(#1951));
#1524=EDGE_CURVE('',#1750,#1938,#1952,.T.);
#1525=EDGE_CURVE('',#1948,#1748,#1953,.T.);
#1526=FILL_AREA_STYLE('',(#1954));
#1527=EDGE_CURVE('',#1955,#1763,#1956,.T.);
#1528=EDGE_CURVE('',#1955,#1957,#1958,.T.);
#1529=EDGE_CURVE('',#1957,#1959,#1960,.T.);
#1530=EDGE_CURVE('',#1959,#1742,#1961,.T.);
#1531=FILL_AREA_STYLE('',(#1962));
#1532=EDGE_CURVE('',#1774,#1764,#1963,.T.);
#1533=FILL_AREA_STYLE('',(#1964));
#1534=EDGE_CURVE('',#1772,#1915,#1965,.T.);
#1535=EDGE_CURVE('',#1966,#1915,#1967,.T.);
#1536=EDGE_CURVE('',#1955,#1966,#1968,.T.);
#1537=FILL_AREA_STYLE('',(#1969));
#1538=EDGE_CURVE('',#1746,#1970,#1971,.T.);
#1539=EDGE_CURVE('',#1970,#1917,#1972,.T.);
#1540=FILL_AREA_STYLE('',(#1973));
#1541=EDGE_CURVE('',#1755,#1759,#1974,.T.);
#1542=EDGE_CURVE('',#1754,#1757,#1975,.T.);
#1543=FILL_AREA_STYLE('',(#1976));
#1544=EDGE_CURVE('',#1744,#1741,#1977,.T.);
#1545=FILL_AREA_STYLE('',(#1978));
#1546=EDGE_CURVE('',#1970,#1959,#1979,.T.);
#1547=FILL_AREA_STYLE('',(#1980));
#1548=EDGE_CURVE('',#1955,#1981,#1982,.T.);
#1549=EDGE_CURVE('',#1925,#1981,#1983,.T.);
#1550=EDGE_CURVE('',#1957,#1923,#1984,.T.);
#1551=FILL_AREA_STYLE('',(#1985));
#1552=EDGE_CURVE('',#1732,#1981,#1986,.T.);
#1553=FILL_AREA_STYLE('',(#1987));
#1554=FILL_AREA_STYLE('',(#1988));
#1555=FILL_AREA_STYLE('',(#1989));
#1556=EDGE_CURVE('',#1990,#1722,#1991,.F.);
#1557=EDGE_CURVE('',#1726,#1990,#1992,.F.);
#1558=EDGE_CURVE('',#1724,#1721,#1993,.T.);
#1559=FILL_AREA_STYLE('',(#1994));
#1560=EDGE_CURVE('',#1717,#1713,#1995,.T.);
#1561=EDGE_CURVE('',#1712,#1715,#1996,.T.);
#1562=FILL_AREA_STYLE('',(#1997));
#1563=FILL_AREA_STYLE('',(#1998));
#1564=EDGE_CURVE('',#1708,#1706,#1999,.T.);
#1565=FILL_AREA_STYLE('',(#2000));
#1566=EDGE_CURVE('',#1698,#1695,#2001,.T.);
#1567=FILL_AREA_STYLE('',(#2002));
#1568=EDGE_CURVE('',#1696,#1700,#2003,.T.);
#1569=FILL_AREA_STYLE('',(#2004));
#1570=EDGE_LOOP('',(#2005,#2006,#2007,#2008));
#1571=AXIS2_PLACEMENT_3D('',#2009,#2010,#2011);
#1572=EDGE_LOOP('',(#2012,#2013,#2014,#2015,#2016));
#1573=AXIS2_PLACEMENT_3D('',#2017,#2018,#2019);
#1574=EDGE_LOOP('',(#2020,#2021,#2022,#2023));
#1575=AXIS2_PLACEMENT_3D('',#2024,#2025,#2026);
#1576=EDGE_LOOP('',(#2027,#2028,#2029,#2030,#2031));
#1577=AXIS2_PLACEMENT_3D('',#2032,#2033,#2034);
#1578=EDGE_LOOP('',(#2035,#2036,#2037,#2038));
#1579=AXIS2_PLACEMENT_3D('',#2039,#2040,#2041);
#1580=EDGE_LOOP('',(#2042,#2043,#2044,#2045));
#1581=AXIS2_PLACEMENT_3D('',#2046,#2047,#2048);
#1582=EDGE_LOOP('',(#2049,#2050,#2051,#2052));
#1583=AXIS2_PLACEMENT_3D('',#2053,#2054,#2055);
#1584=EDGE_LOOP('',(#2056,#2057,#2058,#2059,#2060));
#1585=AXIS2_PLACEMENT_3D('',#2061,#2062,#2063);
#1586=EDGE_LOOP('',(#2064,#2065,#2066,#2067,#2068));
#1587=AXIS2_PLACEMENT_3D('',#2069,#2070,#2071);
#1588=EDGE_LOOP('',(#2072,#2073,#2074,#2075));
#1589=AXIS2_PLACEMENT_3D('',#2076,#2077,#2078);
#1590=EDGE_LOOP('',(#2079,#2080,#2081,#2082));
#1591=AXIS2_PLACEMENT_3D('',#2083,#2084,#2085);
#1592=EDGE_LOOP('',(#2086,#2087,#2088,#2089));
#1593=AXIS2_PLACEMENT_3D('',#2090,#2091,#2092);
#1594=EDGE_LOOP('',(#2093,#2094,#2095,#2096,#2097));
#1595=AXIS2_PLACEMENT_3D('',#2098,#2099,#2100);
#1596=EDGE_LOOP('',(#2101,#2102,#2103,#2104));
#1597=AXIS2_PLACEMENT_3D('',#2105,#2106,#2107);
#1598=EDGE_LOOP('',(#2108,#2109,#2110,#2111));
#1599=AXIS2_PLACEMENT_3D('',#2112,#2113,#2114);
#1600=EDGE_LOOP('',(#2115,#2116,#2117,#2118));
#1601=AXIS2_PLACEMENT_3D('',#2119,#2120,#2121);
#1602=EDGE_LOOP('',(#2122,#2123,#2124,#2125));
#1603=AXIS2_PLACEMENT_3D('',#2126,#2127,#2128);
#1604=EDGE_LOOP('',(#2129,#2130,#2131,#2132));
#1605=AXIS2_PLACEMENT_3D('',#2133,#2134,#2135);
#1606=EDGE_LOOP('',(#2136,#2137,#2138,#2139));
#1607=AXIS2_PLACEMENT_3D('',#2140,#2141,#2142);
#1608=EDGE_LOOP('',(#2143,#2144,#2145,#2146));
#1609=AXIS2_PLACEMENT_3D('',#2147,#2148,#2149);
#1610=EDGE_LOOP('',(#2150,#2151,#2152,#2153,#2154,#2155));
#1611=AXIS2_PLACEMENT_3D('',#2156,#2157,#2158);
#1612=EDGE_LOOP('',(#2159,#2160,#2161,#2162,#2163,#2164));
#1613=AXIS2_PLACEMENT_3D('',#2165,#2166,#2167);
#1614=EDGE_LOOP('',(#2168,#2169,#2170,#2171,#2172));
#1615=AXIS2_PLACEMENT_3D('',#2173,#2174,#2175);
#1616=EDGE_LOOP('',(#2176,#2177));
#1617=EDGE_LOOP('',(#2178,#2179,#2180,#2181,#2182,#2183));
#1618=AXIS2_PLACEMENT_3D('',#2184,#2185,#2186);
#1619=EDGE_LOOP('',(#2187,#2188,#2189,#2190,#2191,#2192));
#1620=AXIS2_PLACEMENT_3D('',#2193,#2194,#2195);
#1621=EDGE_LOOP('',(#2196,#2197,#2198,#2199));
#1622=AXIS2_PLACEMENT_3D('',#2200,#2201,#2202);
#1623=EDGE_LOOP('',(#2203,#2204,#2205,#2206,#2207,#2208));
#1624=AXIS2_PLACEMENT_3D('',#2209,#2210,#2211);
#1625=EDGE_LOOP('',(#2212,#2213,#2214,#2215,#2216));
#1626=AXIS2_PLACEMENT_3D('',#2217,#2218,#2219);
#1627=EDGE_LOOP('',(#2220,#2221,#2222,#2223));
#1628=AXIS2_PLACEMENT_3D('',#2224,#2225,#2226);
#1629=EDGE_LOOP('',(#2227,#2228,#2229));
#1630=AXIS2_PLACEMENT_3D('',#2230,#2231,#2232);
#1631=EDGE_LOOP('',(#2233,#2234,#2235,#2236));
#1632=AXIS2_PLACEMENT_3D('',#2237,#2238,#2239);
#1633=EDGE_LOOP('',(#2240,#2241,#2242,#2243));
#1634=AXIS2_PLACEMENT_3D('',#2244,#2245,#2246);
#1635=EDGE_LOOP('',(#2247,#2248,#2249,#2250));
#1636=AXIS2_PLACEMENT_3D('',#2251,#2252,#2253);
#1637=EDGE_LOOP('',(#2254,#2255,#2256,#2257,#2258,#2259));
#1638=AXIS2_PLACEMENT_3D('',#2260,#2261,#2262);
#1639=EDGE_LOOP('',(#2263,#2264,#2265,#2266,#2267,#2268,#2269,#2270,#2271,#2272,#2273,#2274));
#1640=AXIS2_PLACEMENT_3D('',#2275,#2276,#2277);
#1641=EDGE_LOOP('',(#2278,#2279,#2280,#2281,#2282,#2283,#2284,#2285));
#1642=AXIS2_PLACEMENT_3D('',#2286,#2287,#2288);
#1643=EDGE_LOOP('',(#2289,#2290,#2291,#2292));
#1644=AXIS2_PLACEMENT_3D('',#2293,#2294,#2295);
#1645=EDGE_LOOP('',(#2296,#2297,#2298,#2299));
#1646=AXIS2_PLACEMENT_3D('',#2300,#2301,#2302);
#1647=EDGE_LOOP('',(#2303,#2304,#2305,#2306,#2307));
#1648=AXIS2_PLACEMENT_3D('',#2308,#2309,#2310);
#1649=EDGE_LOOP('',(#2311,#2312,#2313,#2314,#2315,#2316));
#1650=AXIS2_PLACEMENT_3D('',#2317,#2318,#2319);
#1651=EDGE_LOOP('',(#2320,#2321,#2322,#2323,#2324,#2325,#2326,#2327,#2328,#2329,#2330,#2331));
#1652=AXIS2_PLACEMENT_3D('',#2332,#2333,#2334);
#1653=EDGE_LOOP('',(#2335,#2336,#2337,#2338));
#1654=AXIS2_PLACEMENT_3D('',#2339,#2340,#2341);
#1655=EDGE_LOOP('',(#2342,#2343,#2344,#2345,#2346,#2347));
#1656=AXIS2_PLACEMENT_3D('',#2348,#2349,#2350);
#1657=EDGE_LOOP('',(#2351,#2352,#2353,#2354,#2355,#2356,#2357,#2358,#2359,#2360));
#1658=AXIS2_PLACEMENT_3D('',#2361,#2362,#2363);
#1659=EDGE_LOOP('',(#2364,#2365,#2366,#2367,#2368));
#1660=AXIS2_PLACEMENT_3D('',#2369,#2370,#2371);
#1661=EDGE_LOOP('',(#2372,#2373,#2374,#2375));
#1662=AXIS2_PLACEMENT_3D('',#2376,#2377,#2378);
#1663=EDGE_LOOP('',(#2379,#2380,#2381,#2382,#2383));
#1664=AXIS2_PLACEMENT_3D('',#2384,#2385,#2386);
#1665=EDGE_LOOP('',(#2387,#2388));
#1666=AXIS2_PLACEMENT_3D('',#2389,#2390,#2391);
#1667=EDGE_LOOP('',(#2392,#2393));
#1668=AXIS2_PLACEMENT_3D('',#2394,#2395,#2396);
#1669=EDGE_LOOP('',(#2397,#2398));
#1670=AXIS2_PLACEMENT_3D('',#2399,#2400,#2401);
#1671=EDGE_LOOP('',(#2402,#2403,#2404,#2405));
#1672=AXIS2_PLACEMENT_3D('',#2406,#2407,#2408);
#1673=EDGE_LOOP('',(#2409,#2410,#2411,#2412,#2413));
#1674=AXIS2_PLACEMENT_3D('',#2414,#2415,#2416);
#1675=EDGE_LOOP('',(#2417,#2418));
#1676=AXIS2_PLACEMENT_3D('',#2419,#2420,#2421);
#1677=EDGE_LOOP('',(#2422,#2423,#2424,#2425));
#1678=AXIS2_PLACEMENT_3D('',#2426,#2427,#2428);
#1679=EDGE_LOOP('',(#2429,#2430,#2431,#2432));
#1680=AXIS2_PLACEMENT_3D('',#2433,#2434,#2435);
#1681=EDGE_LOOP('',(#2436,#2437));
#1682=EDGE_LOOP('',(#2438,#2439,#2440,#2441,#2442,#2443,#2444,#2445,#2446,#2447,#2448,#2449,#2450,#2451,#2452));
#1683=AXIS2_PLACEMENT_3D('',#2453,#2454,#2455);
#1684=EDGE_LOOP('',(#2456,#2457,#2458,#2459,#2460,#2461));
#1685=AXIS2_PLACEMENT_3D('',#2462,#2463,#2464);
#1686=EDGE_LOOP('',(#2465,#2466,#2467));
#1687=AXIS2_PLACEMENT_3D('',#2468,#2469,#2470);
#1688=EDGE_LOOP('',(#2471,#2472));
#1689=EDGE_LOOP('',(#2473,#2474,#2475));
#1690=AXIS2_PLACEMENT_3D('',#2476,#2477,#2478);
#1691=EDGE_LOOP('',(#2479,#2480,#2481));
#1692=EDGE_LOOP('',(#2482,#2483));
#1693=AXIS2_PLACEMENT_3D('',#2484,#2485,#2486);
#1694=FILL_AREA_STYLE_COLOUR('',#2487);
#1695=VERTEX_POINT('',#2488);
#1696=VERTEX_POINT('',#2489);
#1697=LINE('',#2490,#2491);
#1698=VERTEX_POINT('',#2492);
#1699=CIRCLE('',#2493,0.46);
#1700=VERTEX_POINT('',#2494);
#1701=LINE('',#2495,#2496);
#1702=VERTEX_POINT('',#2497);
#1703=CIRCLE('',#2498,0.46);
#1704=CIRCLE('',#2499,0.46);
#1705=FILL_AREA_STYLE_COLOUR('',#2500);
#1706=VERTEX_POINT('',#2501);
#1707=LINE('',#2502,#2503);
#1708=VERTEX_POINT('',#2504);
#1709=CIRCLE('',#2505,0.26);
#1710=LINE('',#2506,#2507);
#1711=FILL_AREA_STYLE_COLOUR('',#2508);
#1712=VERTEX_POINT('',#2509);
#1713=VERTEX_POINT('',#2510);
#1714=LINE('',#2511,#2512);
#1715=VERTEX_POINT('',#2513);
#1716=CIRCLE('',#2514,0.49);
#1717=VERTEX_POINT('',#2515);
#1718=LINE('',#2516,#2517);
#1719=CIRCLE('',#2518,0.49);
#1720=FILL_AREA_STYLE_COLOUR('',#2519);
#1721=VERTEX_POINT('',#2520);
#1722=VERTEX_POINT('',#2521);
#1723=LINE('',#2522,#2523);
#1724=VERTEX_POINT('',#2524);
#1725=CIRCLE('',#2525,1.96);
#1726=VERTEX_POINT('',#2526);
#1727=LINE('',#2527,#2528);
#1728=VERTEX_POINT('',#2529);
#1729=CIRCLE('',#2530,1.96);
#1730=CIRCLE('',#2531,1.96);
#1731=FILL_AREA_STYLE_COLOUR('',#2532);
#1732=VERTEX_POINT('',#2533);
#1733=VERTEX_POINT('',#2534);
#1734=LINE('',#2535,#2536);
#1735=VERTEX_POINT('',#2537);
#1736=CIRCLE('',#2538,0.29);
#1737=VERTEX_POINT('',#2539);
#1738=B_SPLINE_CURVE_WITH_KNOTS('',3,(#2540,#2541,#2542,#2543,#2544,#2545,#2546,#2547,#2548,#2549),.UNSPECIFIED.,.F.,.F.,(4,2,2,2,4),(0.0,0.249984663301571,0.499981605740411,0.749991712507253,1.00000000000019),.UNSPECIFIED.);
#1739=CIRCLE('',#2550,0.39);
#1740=FILL_AREA_STYLE_COLOUR('',#2551);
#1741=VERTEX_POINT('',#2552);
#1742=VERTEX_POINT('',#2553);
#1743=LINE('',#2554,#2555);
#1744=VERTEX_POINT('',#2556);
#1745=CIRCLE('',#2557,0.46);
#1746=VERTEX_POINT('',#2558);
#1747=LINE('',#2559,#2560);
#1748=VERTEX_POINT('',#2561);
#1749=CIRCLE('',#2562,0.46);
#1750=VERTEX_POINT('',#2563);
#1751=ELLIPSE('',#2564,0.4606366785054,0.46);
#1752=CIRCLE('',#2565,0.46);
#1753=FILL_AREA_STYLE_COLOUR('',#2566);
#1754=VERTEX_POINT('',#2567);
#1755=VERTEX_POINT('',#2568);
#1756=LINE('',#2569,#2570);
#1757=VERTEX_POINT('',#2571);
#1758=CIRCLE('',#2572,0.35);
#1759=VERTEX_POINT('',#2573);
#1760=LINE('',#2574,#2575);
#1761=CIRCLE('',#2576,0.35);
#1762=FILL_AREA_STYLE_COLOUR('',#2577);
#1763=VERTEX_POINT('',#2578);
#1764=VERTEX_POINT('',#2579);
#1765=LINE('',#2580,#2581);
#1766=VERTEX_POINT('',#2582);
#1767=CIRCLE('',#2583,0.29);
#1768=VERTEX_POINT('',#2584);
#1769=ELLIPSE('',#2585,0.290401384275144,0.29);
#1770=VERTEX_POINT('',#2586);
#1771=ELLIPSE('',#2587,0.290401384275144,0.29);
#1772=VERTEX_POINT('',#2588);
#1773=CIRCLE('',#2589,0.29);
#1774=VERTEX_POINT('',#2590);
#1775=LINE('',#2591,#2592);
#1776=CIRCLE('',#2593,0.29);
#1777=FILL_AREA_STYLE_COLOUR('',#2594);
#1778=VERTEX_POINT('',#2595);
#1779=LINE('',#2596,#2597);
#1780=LINE('',#2598,#2599);
#1781=FILL_AREA_STYLE_COLOUR('',#2600);
#1782=VERTEX_POINT('',#2601);
#1783=VERTEX_POINT('',#2602);
#1784=LINE('',#2603,#2604);
#1785=VERTEX_POINT('',#2605);
#1786=CIRCLE('',#2606,0.29);
#1787=VERTEX_POINT('',#2607);
#1788=B_SPLINE_CURVE_WITH_KNOTS('',3,(#2608,#2609,#2610,#2611,#2612,#2613,#2614,#2615,#2616,#2617),.UNSPECIFIED.,.F.,.F.,(4,2,2,2,4),(4.32250205235457E-17,0.249984663301394,0.49998160574006,0.74999171250674,1.00000000000017),.UNSPECIFIED.);
#1789=CIRCLE('',#2618,0.39);
#1790=FILL_AREA_STYLE_COLOUR('',#2619);
#1791=VERTEX_POINT('',#2620);
#1792=VERTEX_POINT('',#2621);
#1793=LINE('',#2622,#2623);
#1794=VERTEX_POINT('',#2624);
#1795=CIRCLE('',#2625,0.375);
#1796=VERTEX_POINT('',#2626);
#1797=CIRCLE('',#2627,0.375);
#1798=VERTEX_POINT('',#2628);
#1799=LINE('',#2629,#2630);
#1800=CIRCLE('',#2631,0.375);
#1801=FILL_AREA_STYLE_COLOUR('',#2632);
#1802=VERTEX_POINT('',#2633);
#1803=VERTEX_POINT('',#2634);
#1804=LINE('',#2635,#2636);
#1805=VERTEX_POINT('',#2637);
#1806=CIRCLE('',#2638,0.84);
#1807=VERTEX_POINT('',#2639);
#1808=LINE('',#2640,#2641);
#1809=CIRCLE('',#2642,0.94);
#1810=FILL_AREA_STYLE_COLOUR('',#2643);
#1811=VERTEX_POINT('',#2644);
#1812=LINE('',#2645,#2646);
#1813=VERTEX_POINT('',#2647);
#1814=LINE('',#2648,#2649);
#1815=CIRCLE('',#2650,0.94);
#1816=FILL_AREA_STYLE_COLOUR('',#2651);
#1817=VERTEX_POINT('',#2652);
#1818=VERTEX_POINT('',#2653);
#1819=LINE('',#2654,#2655);
#1820=VERTEX_POINT('',#2656);
#1821=CIRCLE('',#2657,0.475);
#1822=VERTEX_POINT('',#2658);
#1823=LINE('',#2659,#2660);
#1824=CIRCLE('',#2661,0.475);
#1825=FILL_AREA_STYLE_COLOUR('',#2662);
#1826=VERTEX_POINT('',#2663);
#1827=VERTEX_POINT('',#2664);
#1828=LINE('',#2665,#2666);
#1829=VERTEX_POINT('',#2667);
#1830=CIRCLE('',#2668,2.075);
#1831=VERTEX_POINT('',#2669);
#1832=LINE('',#2670,#2671);
#1833=CIRCLE('',#2672,2.175);
#1834=FILL_AREA_STYLE_COLOUR('',#2673);
#1835=VERTEX_POINT('',#2674);
#1836=VERTEX_POINT('',#2675);
#1837=LINE('',#2676,#2677);
#1838=VERTEX_POINT('',#2678);
#1839=CIRCLE('',#2679,1.855);
#1840=VERTEX_POINT('',#2680);
#1841=LINE('',#2681,#2682);
#1842=CIRCLE('',#2683,1.725);
#1843=FILL_AREA_STYLE_COLOUR('',#2684);
#1844=VERTEX_POINT('',#2685);
#1845=VERTEX_POINT('',#2686);
#1846=LINE('',#2687,#2688);
#1847=VERTEX_POINT('',#2689);
#1848=CIRCLE('',#2690,1.89);
#1849=VERTEX_POINT('',#2691);
#1850=LINE('',#2692,#2693);
#1851=CIRCLE('',#2694,1.725);
#1852=FILL_AREA_STYLE_COLOUR('',#2695);
#1853=VERTEX_POINT('',#2696);
#1854=LINE('',#2697,#2698);
#1855=VERTEX_POINT('',#2699);
#1856=LINE('',#2700,#2701);
#1857=CIRCLE('',#2702,2.175);
#1858=FILL_AREA_STYLE_COLOUR('',#2703);
#1859=VERTEX_POINT('',#2704);
#1860=VERTEX_POINT('',#2705);
#1861=LINE('',#2706,#2707);
#1862=VERTEX_POINT('',#2708);
#1863=CIRCLE('',#2709,1.05);
#1864=VERTEX_POINT('',#2710);
#1865=LINE('',#2711,#2712);
#1866=CIRCLE('',#2713,1.05);
#1867=FILL_AREA_STYLE_COLOUR('',#2714);
#1868=VERTEX_POINT('',#2715);
#1869=LINE('',#2716,#2717);
#1870=VERTEX_POINT('',#2718);
#1871=CIRCLE('',#2719,1.855);
#1872=LINE('',#2720,#2721);
#1873=FILL_AREA_STYLE_COLOUR('',#2722);
#1874=LINE('',#2723,#2724);
#1875=LINE('',#2725,#2726);
#1876=FILL_AREA_STYLE_COLOUR('',#2727);
#1877=CIRCLE('',#2728,1.725);
#1878=CIRCLE('',#2729,1.725);
#1879=FILL_AREA_STYLE_COLOUR('',#2730);
#1880=CIRCLE('',#2731,1.855);
#1881=CIRCLE('',#2732,1.855);
#1882=FILL_AREA_STYLE_COLOUR('',#2733);
#1883=CIRCLE('',#2734,1.05);
#1884=FILL_AREA_STYLE_COLOUR('',#2735);
#1885=CIRCLE('',#2736,1.05);
#1886=FILL_AREA_STYLE_COLOUR('',#2737);
#1887=CIRCLE('',#2738,2.175);
#1888=CIRCLE('',#2739,2.175);
#1889=FILL_AREA_STYLE_COLOUR('',#2740);
#1890=CIRCLE('',#2741,1.89);
#1891=CIRCLE('',#2742,2.075);
#1892=FILL_AREA_STYLE_COLOUR('',#2743);
#1893=FILL_AREA_STYLE_COLOUR('',#2744);
#1894=FILL_AREA_STYLE_COLOUR('',#2745);
#1895=FILL_AREA_STYLE_COLOUR('',#2746);
#1896=CIRCLE('',#2747,0.475);
#1897=CIRCLE('',#2748,0.475);
#1898=FILL_AREA_STYLE_COLOUR('',#2749);
#1899=CIRCLE('',#2750,0.375);
#1900=FILL_AREA_STYLE_COLOUR('',#2751);
#1901=CIRCLE('',#2752,0.94);
#1902=CIRCLE('',#2753,0.94);
#1903=FILL_AREA_STYLE_COLOUR('',#2754);
#1904=CIRCLE('',#2755,0.84);
#1905=FILL_AREA_STYLE_COLOUR('',#2756);
#1906=FILL_AREA_STYLE_COLOUR('',#2757);
#1907=FILL_AREA_STYLE_COLOUR('',#2758);
#1908=CIRCLE('',#2759,0.375);
#1909=FILL_AREA_STYLE_COLOUR('',#2760);
#1910=VERTEX_POINT('',#2761);
#1911=VERTEX_POINT('',#2762);
#1912=CIRCLE('',#2763,2.4);
#1913=CIRCLE('',#2764,2.4);
#1914=FILL_AREA_STYLE_COLOUR('',#2765);
#1915=VERTEX_POINT('',#2766);
#1916=LINE('',#2767,#2768);
#1917=VERTEX_POINT('',#2769);
#1918=LINE('',#2770,#2771);
#1919=VERTEX_POINT('',#2772);
#1920=LINE('',#2773,#2774);
#1921=LINE('',#2775,#2776);
#1922=FILL_AREA_STYLE_COLOUR('',#2777);
#1923=VERTEX_POINT('',#2778);
#1924=CIRCLE('',#2779,0.46);
#1925=VERTEX_POINT('',#2780);
#1926=LINE('',#2781,#2782);
#1927=CIRCLE('',#2783,0.39);
#1928=FILL_AREA_STYLE_COLOUR('',#2784);
#1929=VERTEX_POINT('',#2785);
#1930=LINE('',#2786,#2787);
#1931=VERTEX_POINT('',#2788);
#1932=CIRCLE('',#2789,0.46);
#1933=VERTEX_POINT('',#2790);
#1934=LINE('',#2791,#2792);
#1935=CIRCLE('',#2793,0.39);
#1936=FILL_AREA_STYLE_COLOUR('',#2794);
#1937=LINE('',#2795,#2796);
#1938=VERTEX_POINT('',#2797);
#1939=LINE('',#2798,#2799);
#1940=LINE('',#2800,#2801);
#1941=FILL_AREA_STYLE_COLOUR('',#2802);
#1942=VERTEX_POINT('',#2803);
#1943=CIRCLE('',#2804,0.29);
#1944=LINE('',#2805,#2806);
#1945=FILL_AREA_STYLE_COLOUR('',#2807);
#1946=B_SPLINE_CURVE_WITH_KNOTS('',3,(#2808,#2809,#2810,#2811,#2812,#2813,#2814,#2815,#2816,#2817),.UNSPECIFIED.,.F.,.F.,(4,2,2,2,4),(1.90485059879862E-13,0.250008287493084,0.500018394260027,0.750015336698786,1.0),.UNSPECIFIED.);
#1947=FILL_AREA_STYLE_COLOUR('',#2818);
#1948=VERTEX_POINT('',#2819);
#1949=LINE('',#2820,#2821);
#1950=LINE('',#2822,#2823);
#1951=FILL_AREA_STYLE_COLOUR('',#2824);
#1952=ELLIPSE('',#2825,0.4606366785054,0.46);
#1953=ELLIPSE('',#2826,0.4606366785054,0.46);
#1954=FILL_AREA_STYLE_COLOUR('',#2827);
#1955=VERTEX_POINT('',#2828);
#1956=CIRCLE('',#2829,0.29);
#1957=VERTEX_POINT('',#2830);
#1958=LINE('',#2831,#2832);
#1959=VERTEX_POINT('',#2833);
#1960=ELLIPSE('',#2834,0.4606366785054,0.46);
#1961=CIRCLE('',#2835,0.46);
#1962=FILL_AREA_STYLE_COLOUR('',#2836);
#1963=CIRCLE('',#2837,0.29);
#1964=FILL_AREA_STYLE_COLOUR('',#2838);
#1965=CIRCLE('',#2839,0.29);
#1966=VERTEX_POINT('',#2840);
#1967=ELLIPSE('',#2841,0.290401384275144,0.29);
#1968=ELLIPSE('',#2842,0.290401384275144,0.29);
#1969=FILL_AREA_STYLE_COLOUR('',#2843);
#1970=VERTEX_POINT('',#2844);
#1971=CIRCLE('',#2845,0.46);
#1972=ELLIPSE('',#2846,0.4606366785054,0.46);
#1973=FILL_AREA_STYLE_COLOUR('',#2847);
#1974=CIRCLE('',#2848,0.35);
#1975=CIRCLE('',#2849,0.35);
#1976=FILL_AREA_STYLE_COLOUR('',#2850);
#1977=CIRCLE('',#2851,0.46);
#1978=FILL_AREA_STYLE_COLOUR('',#2852);
#1979=CIRCLE('',#2853,0.46);
#1980=FILL_AREA_STYLE_COLOUR('',#2854);
#1981=VERTEX_POINT('',#2855);
#1982=LINE('',#2856,#2857);
#1983=B_SPLINE_CURVE_WITH_KNOTS('',3,(#2858,#2859,#2860,#2861,#2862,#2863,#2864,#2865,#2866,#2867),.UNSPECIFIED.,.F.,.F.,(4,2,2,2,4),(1.70538442169889E-13,0.250008287492456,0.5000183942599,0.750015336698723,1.0),.UNSPECIFIED.);
#1984=LINE('',#2868,#2869);
#1985=FILL_AREA_STYLE_COLOUR('',#2870);
#1986=CIRCLE('',#2871,0.29);
#1987=FILL_AREA_STYLE_COLOUR('',#2872);
#1988=FILL_AREA_STYLE_COLOUR('',#2873);
#1989=FILL_AREA_STYLE_COLOUR('',#2874);
#1990=VERTEX_POINT('',#2875);
#1991=CIRCLE('',#2876,1.96);
#1992=CIRCLE('',#2877,1.96);
#1993=CIRCLE('',#2878,1.96);
#1994=FILL_AREA_STYLE_COLOUR('',#2879);
#1995=CIRCLE('',#2880,0.49);
#1996=CIRCLE('',#2881,0.49);
#1997=FILL_AREA_STYLE_COLOUR('',#2882);
#1998=FILL_AREA_STYLE_COLOUR('',#2883);
#1999=CIRCLE('',#2884,0.26);
#2000=FILL_AREA_STYLE_COLOUR('',#2885);
#2001=CIRCLE('',#2886,0.46);
#2002=FILL_AREA_STYLE_COLOUR('',#2887);
#2003=CIRCLE('',#2888,0.46);
#2004=FILL_AREA_STYLE_COLOUR('',#2889);
#2005=ORIENTED_EDGE('',*,*,#2890,.F.);
#2006=ORIENTED_EDGE('',*,*,#2891,.T.);
#2007=ORIENTED_EDGE('',*,*,#2892,.F.);
#2008=ORIENTED_EDGE('',*,*,#2893,.F.);
#2009=CARTESIAN_POINT('',(-2.5,-7.0,-4.03));
#2010=DIRECTION('',(-6.06910452410916E-18,1.0,-1.17145536458252E-15));
#2011=DIRECTION('',(-1.0,-6.06910452410916E-18,5.39260384428426E-32));
#2012=ORIENTED_EDGE('',*,*,#2894,.F.);
#2013=ORIENTED_EDGE('',*,*,#2895,.T.);
#2014=ORIENTED_EDGE('',*,*,#2896,.F.);
#2015=ORIENTED_EDGE('',*,*,#2897,.F.);
#2016=ORIENTED_EDGE('',*,*,#2898,.F.);
#2017=CARTESIAN_POINT('',(-2.5,-7.0,-9.03));
#2018=DIRECTION('',(-6.06910452410919E-18,1.0,-1.17145536458252E-15));
#2019=DIRECTION('',(-1.0,-6.06910452410919E-18,5.39260384428426E-32));
#2020=ORIENTED_EDGE('',*,*,#2899,.F.);
#2021=ORIENTED_EDGE('',*,*,#2900,.T.);
#2022=ORIENTED_EDGE('',*,*,#2901,.F.);
#2023=ORIENTED_EDGE('',*,*,#2902,.F.);
#2024=CARTESIAN_POINT('',(2.5,-7.0,-9.03));
#2025=DIRECTION('',(-6.06910452410916E-18,1.0,-1.17145536458252E-15));
#2026=DIRECTION('',(-1.0,-6.06910452410916E-18,5.39260384428426E-32));
#2027=ORIENTED_EDGE('',*,*,#2903,.F.);
#2028=ORIENTED_EDGE('',*,*,#2904,.T.);
#2029=ORIENTED_EDGE('',*,*,#2905,.F.);
#2030=ORIENTED_EDGE('',*,*,#1375,.T.);
#2031=ORIENTED_EDGE('',*,*,#1557,.T.);
#2032=CARTESIAN_POINT('',(1.22460635382238E-17,-2.9,-6.53));
#2033=DIRECTION('',(-1.24663230133076E-16,-1.0,1.17145536458252E-15));
#2034=DIRECTION('',(1.0,-1.24663230133076E-16,1.42721545352486E-31));
#2035=ORIENTED_EDGE('',*,*,#2906,.F.);
#2036=ORIENTED_EDGE('',*,*,#2907,.T.);
#2037=ORIENTED_EDGE('',*,*,#2908,.F.);
#2038=ORIENTED_EDGE('',*,*,#2909,.F.);
#2039=CARTESIAN_POINT('',(-2.5,-3.0,-4.03));
#2040=DIRECTION('',(-5.47382212626882E-47,1.0,-1.1102250468914E-15));
#2041=DIRECTION('',(1.0,-1.61005032213289E-48,-5.07539185344401E-32));
#2042=ORIENTED_EDGE('',*,*,#2910,.F.);
#2043=ORIENTED_EDGE('',*,*,#2911,.T.);
#2044=ORIENTED_EDGE('',*,*,#2912,.F.);
#2045=ORIENTED_EDGE('',*,*,#2902,.T.);
#2046=CARTESIAN_POINT('',(2.5,-3.0,-9.03));
#2047=DIRECTION('',(-4.37905770101505E-47,1.0,-1.1102250468914E-15));
#2048=DIRECTION('',(1.0,-1.09477439579614E-47,-4.93038065763132E-32));
#2049=ORIENTED_EDGE('',*,*,#2913,.F.);
#2050=ORIENTED_EDGE('',*,*,#2914,.T.);
#2051=ORIENTED_EDGE('',*,*,#2915,.T.);
#2052=ORIENTED_EDGE('',*,*,#2916,.F.);
#2053=CARTESIAN_POINT('',(-2.5,-3.0,-9.03));
#2054=DIRECTION('',(-5.47382212626882E-47,1.0,-1.1102250468914E-15));
#2055=DIRECTION('',(1.0,-1.61005032213289E-48,-5.07539185344401E-32));
#2056=ORIENTED_EDGE('',*,*,#2917,.F.);
#2057=ORIENTED_EDGE('',*,*,#2918,.T.);
#2058=ORIENTED_EDGE('',*,*,#2919,.F.);
#2059=ORIENTED_EDGE('',*,*,#2897,.T.);
#2060=ORIENTED_EDGE('',*,*,#2920,.T.);
#2061=CARTESIAN_POINT('',(-2.5,-3.0,-9.03));
#2062=DIRECTION('',(6.12303176911189E-17,1.0,-1.17145536458252E-15));
#2063=DIRECTION('',(-4.93038065763132E-32,-1.17145536458252E-15,-1.0));
#2064=ORIENTED_EDGE('',*,*,#2921,.F.);
#2065=ORIENTED_EDGE('',*,*,#2922,.T.);
#2066=ORIENTED_EDGE('',*,*,#2923,.F.);
#2067=ORIENTED_EDGE('',*,*,#2924,.F.);
#2068=ORIENTED_EDGE('',*,*,#2925,.F.);
#2069=CARTESIAN_POINT('',(2.5,-7.0,-4.03));
#2070=DIRECTION('',(-6.06910452410916E-18,1.0,-1.17145536458252E-15));
#2071=DIRECTION('',(-1.0,-6.06910452410916E-18,5.39260384428426E-32));
#2072=ORIENTED_EDGE('',*,*,#2926,.F.);
#2073=ORIENTED_EDGE('',*,*,#2927,.T.);
#2074=ORIENTED_EDGE('',*,*,#2928,.F.);
#2075=ORIENTED_EDGE('',*,*,#2929,.T.);
#2076=CARTESIAN_POINT('',(-2.5,-3.0,-4.03));
#2077=DIRECTION('',(-6.56858655152258E-47,1.0,-1.17145536458252E-15));
#2078=DIRECTION('',(-1.0,-7.92865680706472E-48,4.93038065763132E-32));
#2079=ORIENTED_EDGE('',*,*,#2930,.T.);
#2080=ORIENTED_EDGE('',*,*,#2931,.T.);
#2081=ORIENTED_EDGE('',*,*,#2932,.T.);
#2082=ORIENTED_EDGE('',*,*,#2933,.F.);
#2083=CARTESIAN_POINT('',(2.5,-3.0,-4.03));
#2084=DIRECTION('',(6.12303176911189E-17,1.0,-1.17145536458252E-15));
#2085=DIRECTION('',(5.07539185344401E-32,1.17145536458252E-15,1.0));
#2086=ORIENTED_EDGE('',*,*,#2934,.F.);
#2087=ORIENTED_EDGE('',*,*,#2935,.T.);
#2088=ORIENTED_EDGE('',*,*,#2930,.F.);
#2089=ORIENTED_EDGE('',*,*,#2936,.F.);
#2090=CARTESIAN_POINT('',(2.5,-3.0,-4.03));
#2091=DIRECTION('',(6.12303176911189E-17,1.0,-1.17145536458252E-15));
#2092=DIRECTION('',(5.07539185344401E-32,1.17145536458252E-15,1.0));
#2093=ORIENTED_EDGE('',*,*,#2937,.F.);
#2094=ORIENTED_EDGE('',*,*,#2938,.T.);
#2095=ORIENTED_EDGE('',*,*,#2939,.F.);
#2096=ORIENTED_EDGE('',*,*,#2940,.T.);
#2097=ORIENTED_EDGE('',*,*,#2925,.T.);
#2098=CARTESIAN_POINT('',(2.5,-3.0,-4.03));
#2099=DIRECTION('',(6.12303176911189E-17,1.0,-1.17145536458252E-15));
#2100=DIRECTION('',(4.93038065763132E-32,1.17145536458252E-15,1.0));
#2101=ORIENTED_EDGE('',*,*,#2941,.F.);
#2102=ORIENTED_EDGE('',*,*,#2942,.T.);
#2103=ORIENTED_EDGE('',*,*,#2943,.F.);
#2104=ORIENTED_EDGE('',*,*,#1495,.T.);
#2105=CARTESIAN_POINT('',(1.72563323017096E-31,-2.97270718523535E-15,-2.53));
#2106=DIRECTION('',(-4.93038065763132E-32,-1.17145536458252E-15,-1.0));
#2107=DIRECTION('',(-1.0,-2.40655036284005E-48,4.93038065763132E-32));
#2108=ORIENTED_EDGE('',*,*,#2944,.F.);
#2109=ORIENTED_EDGE('',*,*,#2945,.F.);
#2110=ORIENTED_EDGE('',*,*,#2946,.F.);
#2111=ORIENTED_EDGE('',*,*,#2947,.F.);
#2112=CARTESIAN_POINT('',(1.72563323017096E-31,-2.97270718523535E-15,-2.53));
#2113=DIRECTION('',(3.61586898371866E-16,-1.17145536458252E-15,-1.0));
#2114=DIRECTION('',(1.0,4.23582911860475E-31,3.61586898371866E-16));
#2115=ORIENTED_EDGE('',*,*,#2948,.F.);
#2116=ORIENTED_EDGE('',*,*,#2949,.F.);
#2117=ORIENTED_EDGE('',*,*,#2950,.F.);
#2118=ORIENTED_EDGE('',*,*,#2945,.T.);
#2119=CARTESIAN_POINT('',(5.42341872339446E-31,-2.38759968983605E-15,-2.03052941572569));
#2120=DIRECTION('',(-2.70957722974627E-17,-1.17145536458252E-15,-1.0));
#2121=DIRECTION('',(1.0,-3.1741487815369E-32,-2.70957722974627E-17));
#2122=ORIENTED_EDGE('',*,*,#2951,.F.);
#2123=ORIENTED_EDGE('',*,*,#2952,.F.);
#2124=ORIENTED_EDGE('',*,*,#2953,.F.);
#2125=ORIENTED_EDGE('',*,*,#2954,.T.);
#2126=CARTESIAN_POINT('',(2.5,-3.0,-9.03));
#2127=DIRECTION('',(-5.47382212626882E-47,1.0,-1.1102250468914E-15));
#2128=DIRECTION('',(1.0,-1.61005032213289E-48,-5.07539185344401E-32));
#2129=ORIENTED_EDGE('',*,*,#2955,.F.);
#2130=ORIENTED_EDGE('',*,*,#2942,.F.);
#2131=ORIENTED_EDGE('',*,*,#2956,.F.);
#2132=ORIENTED_EDGE('',*,*,#2957,.T.);
#2133=CARTESIAN_POINT('',(1.72563323017096E-31,-2.97270718523535E-15,-2.53));
#2134=DIRECTION('',(1.78747115027729E-16,-1.17145536458252E-15,-1.0));
#2135=DIRECTION('',(1.0,2.09394266802882E-31,1.78747115027729E-16));
#2136=ORIENTED_EDGE('',*,*,#2958,.F.);
#2137=ORIENTED_EDGE('',*,*,#2959,.T.);
#2138=ORIENTED_EDGE('',*,*,#2960,.F.);
#2139=ORIENTED_EDGE('',*,*,#2957,.F.);
#2140=CARTESIAN_POINT('',(-4.93038065763132E-32,-2.41257301696101E-15,-2.05184762201848));
#2141=DIRECTION('',(-8.96329947251685E-18,1.17145536458252E-15,1.0));
#2142=DIRECTION('',(-1.0,-1.05001052514396E-32,-8.96329947251685E-18));
#2143=ORIENTED_EDGE('',*,*,#2961,.F.);
#2144=ORIENTED_EDGE('',*,*,#2959,.F.);
#2145=ORIENTED_EDGE('',*,*,#2962,.F.);
#2146=ORIENTED_EDGE('',*,*,#2949,.T.);
#2147=CARTESIAN_POINT('',(5.42341872339446E-31,-2.38759968983605E-15,-2.03052941572569));
#2148=DIRECTION('',(-4.50012317391023E-17,-1.17145536458252E-15,-1.0));
#2149=DIRECTION('',(1.0,-5.27169343335931E-32,-4.50012317391023E-17));
#2150=ORIENTED_EDGE('',*,*,#2961,.T.);
#2151=ORIENTED_EDGE('',*,*,#2963,.T.);
#2152=ORIENTED_EDGE('',*,*,#2964,.T.);
#2153=ORIENTED_EDGE('',*,*,#2962,.T.);
#2154=ORIENTED_EDGE('',*,*,#2965,.F.);
#2155=ORIENTED_EDGE('',*,*,#2966,.F.);
#2156=CARTESIAN_POINT('',(5.42341872339446E-31,-2.38759968983605E-15,-2.03052941572569));
#2157=DIRECTION('',(-4.50012317391023E-17,-1.17145536458252E-15,-1.0));
#2158=DIRECTION('',(1.0,-5.27169343335931E-32,-4.50012317391023E-17));
#2159=ORIENTED_EDGE('',*,*,#2958,.T.);
#2160=ORIENTED_EDGE('',*,*,#2967,.F.);
#2161=ORIENTED_EDGE('',*,*,#2968,.F.);
#2162=ORIENTED_EDGE('',*,*,#2960,.T.);
#2163=ORIENTED_EDGE('',*,*,#2966,.T.);
#2164=ORIENTED_EDGE('',*,*,#2965,.T.);
#2165=CARTESIAN_POINT('',(-4.93038065763132E-32,-2.41257301696101E-15,-2.05184762201848));
#2166=DIRECTION('',(-8.96329947251685E-18,1.17145536458252E-15,1.0));
#2167=DIRECTION('',(-1.0,-1.05001052514396E-32,-8.96329947251685E-18));
#2168=ORIENTED_EDGE('',*,*,#2955,.T.);
#2169=ORIENTED_EDGE('',*,*,#2968,.T.);
#2170=ORIENTED_EDGE('',*,*,#2967,.T.);
#2171=ORIENTED_EDGE('',*,*,#2956,.T.);
#2172=ORIENTED_EDGE('',*,*,#2969,.F.);
#2173=CARTESIAN_POINT('',(1.72563323017096E-31,-2.97270718523535E-15,-2.53));
#2174=DIRECTION('',(1.78747115027729E-16,-1.17145536458252E-15,-1.0));
#2175=DIRECTION('',(1.0,2.09394266802882E-31,1.78747115027729E-16));
#2176=ORIENTED_EDGE('',*,*,#2970,.T.);
#2177=ORIENTED_EDGE('',*,*,#2947,.T.);
#2178=ORIENTED_EDGE('',*,*,#2971,.F.);
#2179=ORIENTED_EDGE('',*,*,#2972,.F.);
#2180=ORIENTED_EDGE('',*,*,#2973,.F.);
#2181=ORIENTED_EDGE('',*,*,#2974,.F.);
#2182=ORIENTED_EDGE('',*,*,#2975,.F.);
#2183=ORIENTED_EDGE('',*,*,#2976,.F.);
#2184=CARTESIAN_POINT('',(3.6000024,-6.304383,-2.53));
#2185=DIRECTION('',(-6.12303176911183E-17,-1.17145536458252E-15,-1.0));
#2186=DIRECTION('',(-7.17309531289989E-32,-1.0,1.17145536458252E-15));
#2187=ORIENTED_EDGE('',*,*,#2952,.T.);
#2188=ORIENTED_EDGE('',*,*,#2977,.T.);
#2189=ORIENTED_EDGE('',*,*,#2978,.F.);
#2190=ORIENTED_EDGE('',*,*,#2979,.F.);
#2191=ORIENTED_EDGE('',*,*,#2911,.F.);
#2192=ORIENTED_EDGE('',*,*,#2980,.F.);
#2193=CARTESIAN_POINT('',(-3.67381906146712E-17,-3.3,-6.53));
#2194=DIRECTION('',(-1.22460635382238E-16,-1.0,1.1102250468914E-15));
#2195=DIRECTION('',(-6.12323399573676E-17,1.1102250468914E-15,1.0));
#2196=ORIENTED_EDGE('',*,*,#2951,.T.);
#2197=ORIENTED_EDGE('',*,*,#2981,.T.);
#2198=ORIENTED_EDGE('',*,*,#2982,.T.);
#2199=ORIENTED_EDGE('',*,*,#2977,.F.);
#2200=CARTESIAN_POINT('',(2.5,-3.0,-9.03));
#2201=DIRECTION('',(-5.47382212626882E-47,1.0,-1.1102250468914E-15));
#2202=DIRECTION('',(1.0,-1.61005032213289E-48,-5.07539185344401E-32));
#2203=ORIENTED_EDGE('',*,*,#2948,.T.);
#2204=ORIENTED_EDGE('',*,*,#2983,.T.);
#2205=ORIENTED_EDGE('',*,*,#2984,.T.);
#2206=ORIENTED_EDGE('',*,*,#2950,.T.);
#2207=ORIENTED_EDGE('',*,*,#2964,.F.);
#2208=ORIENTED_EDGE('',*,*,#2963,.F.);
#2209=CARTESIAN_POINT('',(5.42341872339446E-31,-2.38759968983605E-15,-2.03052941572569));
#2210=DIRECTION('',(-2.70957722974627E-17,-1.17145536458252E-15,-1.0));
#2211=DIRECTION('',(1.0,-3.1741487815369E-32,-2.70957722974627E-17));
#2212=ORIENTED_EDGE('',*,*,#2944,.T.);
#2213=ORIENTED_EDGE('',*,*,#2970,.F.);
#2214=ORIENTED_EDGE('',*,*,#2946,.T.);
#2215=ORIENTED_EDGE('',*,*,#2984,.F.);
#2216=ORIENTED_EDGE('',*,*,#2983,.F.);
#2217=CARTESIAN_POINT('',(1.72563323017096E-31,-2.97270718523535E-15,-2.53));
#2218=DIRECTION('',(3.61586898371866E-16,-1.17145536458252E-15,-1.0));
#2219=DIRECTION('',(1.0,4.23582911860475E-31,3.61586898371866E-16));
#2220=ORIENTED_EDGE('',*,*,#2941,.T.);
#2221=ORIENTED_EDGE('',*,*,#1496,.T.);
#2222=ORIENTED_EDGE('',*,*,#2943,.T.);
#2223=ORIENTED_EDGE('',*,*,#2969,.T.);
#2224=CARTESIAN_POINT('',(1.72563323017096E-31,-2.97270718523535E-15,-2.53));
#2225=DIRECTION('',(-4.93038065763132E-32,-1.17145536458252E-15,-1.0));
#2226=DIRECTION('',(-1.0,-2.40655036284005E-48,4.93038065763132E-32));
#2227=ORIENTED_EDGE('',*,*,#2985,.F.);
#2228=ORIENTED_EDGE('',*,*,#2986,.F.);
#2229=ORIENTED_EDGE('',*,*,#2987,.F.);
#2230=CARTESIAN_POINT('',(-3.67381906146712E-17,-3.3,-6.53));
#2231=DIRECTION('',(-1.22460635382238E-16,-1.0,1.1102250468914E-15));
#2232=DIRECTION('',(-6.12323399573676E-17,1.1102250468914E-15,1.0));
#2233=ORIENTED_EDGE('',*,*,#2988,.F.);
#2234=ORIENTED_EDGE('',*,*,#2975,.T.);
#2235=ORIENTED_EDGE('',*,*,#2989,.F.);
#2236=ORIENTED_EDGE('',*,*,#2990,.T.);
#2237=CARTESIAN_POINT('',(-2.5,2.5,-6.03));
#2238=DIRECTION('',(-0.707106781186548,0.707106781186548,-8.28344032153659E-16));
#2239=DIRECTION('',(-1.17145536458252E-15,-7.13995386233262E-32,1.0));
#2240=ORIENTED_EDGE('',*,*,#2991,.F.);
#2241=ORIENTED_EDGE('',*,*,#2990,.F.);
#2242=ORIENTED_EDGE('',*,*,#2992,.F.);
#2243=ORIENTED_EDGE('',*,*,#2993,.F.);
#2244=CARTESIAN_POINT('',(4.44089209850063E-16,2.5,-9.03));
#2245=DIRECTION('',(5.16987882845642E-32,0.707106781186547,-0.707106781186549));
#2246=DIRECTION('',(-1.0,-6.12323399573677E-17,-6.12323399573676E-17));
#2247=ORIENTED_EDGE('',*,*,#2994,.F.);
#2248=ORIENTED_EDGE('',*,*,#2973,.T.);
#2249=ORIENTED_EDGE('',*,*,#2995,.F.);
#2250=ORIENTED_EDGE('',*,*,#2993,.T.);
#2251=CARTESIAN_POINT('',(2.5,2.5,-6.03));
#2252=DIRECTION('',(0.707106781186548,0.707106781186548,-8.71640405007256E-16));
#2253=DIRECTION('',(-1.23268568227364E-15,7.13995386233262E-32,-1.0));
#2254=ORIENTED_EDGE('',*,*,#2937,.T.);
#2255=ORIENTED_EDGE('',*,*,#2924,.T.);
#2256=ORIENTED_EDGE('',*,*,#2996,.T.);
#2257=ORIENTED_EDGE('',*,*,#2939,.T.);
#2258=ORIENTED_EDGE('',*,*,#2997,.T.);
#2259=ORIENTED_EDGE('',*,*,#2998,.T.);
#2260=CARTESIAN_POINT('',(2.5,-3.0,-4.03));
#2261=DIRECTION('',(6.12303176911189E-17,1.0,-1.17145536458252E-15));
#2262=DIRECTION('',(4.93038065763132E-32,1.17145536458252E-15,1.0));
#2263=ORIENTED_EDGE('',*,*,#2999,.T.);
#2264=ORIENTED_EDGE('',*,*,#3000,.T.);
#2265=ORIENTED_EDGE('',*,*,#3001,.T.);
#2266=ORIENTED_EDGE('',*,*,#2932,.F.);
#2267=ORIENTED_EDGE('',*,*,#3002,.T.);
#2268=ORIENTED_EDGE('',*,*,#2953,.T.);
#2269=ORIENTED_EDGE('',*,*,#2980,.T.);
#2270=ORIENTED_EDGE('',*,*,#2986,.T.);
#2271=ORIENTED_EDGE('',*,*,#3003,.F.);
#2272=ORIENTED_EDGE('',*,*,#2995,.T.);
#2273=ORIENTED_EDGE('',*,*,#2972,.T.);
#2274=ORIENTED_EDGE('',*,*,#3004,.T.);
#2275=CARTESIAN_POINT('',(3.0,-3.0,-3.34261364575661));
#2276=DIRECTION('',(1.0,-6.1230317691119E-17,-6.12303176911183E-17));
#2277=DIRECTION('',(-6.12303176911183E-17,7.7283526145258E-49,-1.0));
#2278=ORIENTED_EDGE('',*,*,#3000,.F.);
#2279=ORIENTED_EDGE('',*,*,#3005,.T.);
#2280=ORIENTED_EDGE('',*,*,#2936,.T.);
#2281=ORIENTED_EDGE('',*,*,#2933,.T.);
#2282=ORIENTED_EDGE('',*,*,#3001,.F.);
#2283=ORIENTED_EDGE('',*,*,#2997,.F.);
#2284=ORIENTED_EDGE('',*,*,#2938,.F.);
#2285=ORIENTED_EDGE('',*,*,#2998,.F.);
#2286=CARTESIAN_POINT('',(-3.67381906146712E-17,-3.3,-6.53));
#2287=DIRECTION('',(-1.22460635382238E-16,-1.0,1.1102250468914E-15));
#2288=DIRECTION('',(-6.12323399573676E-17,1.1102250468914E-15,1.0));
#2289=ORIENTED_EDGE('',*,*,#2934,.T.);
#2290=ORIENTED_EDGE('',*,*,#3005,.F.);
#2291=ORIENTED_EDGE('',*,*,#2999,.F.);
#2292=ORIENTED_EDGE('',*,*,#3006,.T.);
#2293=CARTESIAN_POINT('',(2.5,-3.0,-4.03));
#2294=DIRECTION('',(6.12303176911189E-17,1.0,-1.17145536458252E-15));
#2295=DIRECTION('',(5.07539185344401E-32,1.17145536458252E-15,1.0));
#2296=ORIENTED_EDGE('',*,*,#2926,.T.);
#2297=ORIENTED_EDGE('',*,*,#2893,.T.);
#2298=ORIENTED_EDGE('',*,*,#2928,.T.);
#2299=ORIENTED_EDGE('',*,*,#3007,.T.);
#2300=CARTESIAN_POINT('',(-2.5,-3.0,-4.03));
#2301=DIRECTION('',(-6.56858655152258E-47,1.0,-1.17145536458252E-15));
#2302=DIRECTION('',(-1.0,-7.92865680706472E-48,4.93038065763132E-32));
#2303=ORIENTED_EDGE('',*,*,#2921,.T.);
#2304=ORIENTED_EDGE('',*,*,#2940,.F.);
#2305=ORIENTED_EDGE('',*,*,#2996,.F.);
#2306=ORIENTED_EDGE('',*,*,#2923,.T.);
#2307=ORIENTED_EDGE('',*,*,#3008,.T.);
#2308=CARTESIAN_POINT('',(2.5,-7.0,-4.03));
#2309=DIRECTION('',(-6.06910452410916E-18,1.0,-1.17145536458252E-15));
#2310=DIRECTION('',(-1.0,-6.06910452410916E-18,5.39260384428426E-32));
#2311=ORIENTED_EDGE('',*,*,#2917,.T.);
#2312=ORIENTED_EDGE('',*,*,#3009,.T.);
#2313=ORIENTED_EDGE('',*,*,#2898,.T.);
#2314=ORIENTED_EDGE('',*,*,#2919,.T.);
#2315=ORIENTED_EDGE('',*,*,#3010,.T.);
#2316=ORIENTED_EDGE('',*,*,#3011,.T.);
#2317=CARTESIAN_POINT('',(-2.5,-3.0,-9.03));
#2318=DIRECTION('',(6.12303176911189E-17,1.0,-1.17145536458252E-15));
#2319=DIRECTION('',(-4.93038065763132E-32,-1.17145536458252E-15,-1.0));
#2320=ORIENTED_EDGE('',*,*,#2988,.T.);
#2321=ORIENTED_EDGE('',*,*,#3012,.F.);
#2322=ORIENTED_EDGE('',*,*,#3013,.T.);
#2323=ORIENTED_EDGE('',*,*,#3014,.T.);
#2324=ORIENTED_EDGE('',*,*,#2915,.F.);
#2325=ORIENTED_EDGE('',*,*,#3015,.T.);
#2326=ORIENTED_EDGE('',*,*,#3016,.F.);
#2327=ORIENTED_EDGE('',*,*,#3017,.T.);
#2328=ORIENTED_EDGE('',*,*,#3018,.T.);
#2329=ORIENTED_EDGE('',*,*,#2908,.T.);
#2330=ORIENTED_EDGE('',*,*,#3019,.T.);
#2331=ORIENTED_EDGE('',*,*,#2976,.T.);
#2332=CARTESIAN_POINT('',(-3.0,3.65000239999999,-9.53));
#2333=DIRECTION('',(-1.0,1.22460635382238E-16,-1.4791141972894E-31));
#2334=DIRECTION('',(-1.4791141972894E-31,-4.34719834567076E-49,1.0));
#2335=ORIENTED_EDGE('',*,*,#2913,.T.);
#2336=ORIENTED_EDGE('',*,*,#3020,.F.);
#2337=ORIENTED_EDGE('',*,*,#3021,.F.);
#2338=ORIENTED_EDGE('',*,*,#3022,.T.);
#2339=CARTESIAN_POINT('',(-2.5,-3.0,-9.03));
#2340=DIRECTION('',(-5.47382212626882E-47,1.0,-1.1102250468914E-15));
#2341=DIRECTION('',(1.0,-1.61005032213289E-48,-5.07539185344401E-32));
#2342=ORIENTED_EDGE('',*,*,#2927,.F.);
#2343=ORIENTED_EDGE('',*,*,#3017,.F.);
#2344=ORIENTED_EDGE('',*,*,#3023,.T.);
#2345=ORIENTED_EDGE('',*,*,#2909,.T.);
#2346=ORIENTED_EDGE('',*,*,#3018,.F.);
#2347=ORIENTED_EDGE('',*,*,#3007,.F.);
#2348=CARTESIAN_POINT('',(-3.67381906146712E-17,-3.3,-6.53));
#2349=DIRECTION('',(-1.22460635382238E-16,-1.0,1.1102250468914E-15));
#2350=DIRECTION('',(-6.12323399573676E-17,1.1102250468914E-15,1.0));
#2351=ORIENTED_EDGE('',*,*,#2991,.T.);
#2352=ORIENTED_EDGE('',*,*,#3003,.T.);
#2353=ORIENTED_EDGE('',*,*,#2985,.T.);
#2354=ORIENTED_EDGE('',*,*,#2978,.T.);
#2355=ORIENTED_EDGE('',*,*,#2982,.F.);
#2356=ORIENTED_EDGE('',*,*,#3024,.T.);
#2357=ORIENTED_EDGE('',*,*,#3021,.T.);
#2358=ORIENTED_EDGE('',*,*,#3025,.T.);
#2359=ORIENTED_EDGE('',*,*,#3026,.T.);
#2360=ORIENTED_EDGE('',*,*,#3012,.T.);
#2361=CARTESIAN_POINT('',(3.0,3.65000239999999,-9.53));
#2362=DIRECTION('',(-4.93038065763132E-32,-1.1102250468914E-15,-1.0));
#2363=DIRECTION('',(-6.79816775004387E-32,-1.0,1.1102250468914E-15));
#2364=ORIENTED_EDGE('',*,*,#2910,.T.);
#2365=ORIENTED_EDGE('',*,*,#3027,.T.);
#2366=ORIENTED_EDGE('',*,*,#2912,.T.);
#2367=ORIENTED_EDGE('',*,*,#2979,.T.);
#2368=ORIENTED_EDGE('',*,*,#2987,.T.);
#2369=CARTESIAN_POINT('',(2.5,-3.0,-9.03));
#2370=DIRECTION('',(-4.37905770101505E-47,1.0,-1.1102250468914E-15));
#2371=DIRECTION('',(1.0,-1.09477439579614E-47,-4.93038065763132E-32));
#2372=ORIENTED_EDGE('',*,*,#2906,.T.);
#2373=ORIENTED_EDGE('',*,*,#3023,.F.);
#2374=ORIENTED_EDGE('',*,*,#3016,.T.);
#2375=ORIENTED_EDGE('',*,*,#3028,.T.);
#2376=CARTESIAN_POINT('',(-2.5,-3.0,-4.03));
#2377=DIRECTION('',(-5.47382212626882E-47,1.0,-1.1102250468914E-15));
#2378=DIRECTION('',(1.0,-1.61005032213289E-48,-5.07539185344401E-32));
#2379=ORIENTED_EDGE('',*,*,#2903,.T.);
#2380=ORIENTED_EDGE('',*,*,#1556,.T.);
#2381=ORIENTED_EDGE('',*,*,#1376,.T.);
#2382=ORIENTED_EDGE('',*,*,#2905,.T.);
#2383=ORIENTED_EDGE('',*,*,#3029,.T.);
#2384=CARTESIAN_POINT('',(1.22460635382238E-17,-2.9,-6.53));
#2385=DIRECTION('',(-1.24663230133076E-16,-1.0,1.17145536458252E-15));
#2386=DIRECTION('',(1.0,-1.24663230133076E-16,1.42721545352486E-31));
#2387=ORIENTED_EDGE('',*,*,#3030,.F.);
#2388=ORIENTED_EDGE('',*,*,#2900,.F.);
#2389=CARTESIAN_POINT('',(-2.44921270764476E-16,-7.0,-2.03));
#2390=DIRECTION('',(-6.12303176911189E-17,-1.0,1.17145536458252E-15));
#2391=DIRECTION('',(-6.12323399573676E-17,1.17145536458252E-15,1.0));
#2392=ORIENTED_EDGE('',*,*,#3031,.F.);
#2393=ORIENTED_EDGE('',*,*,#2895,.F.);
#2394=CARTESIAN_POINT('',(-2.44921270764476E-16,-7.0,-2.03));
#2395=DIRECTION('',(-6.12303176911189E-17,-1.0,1.17145536458252E-15));
#2396=DIRECTION('',(-6.12323399573676E-17,1.17145536458252E-15,1.0));
#2397=ORIENTED_EDGE('',*,*,#3008,.F.);
#2398=ORIENTED_EDGE('',*,*,#2922,.F.);
#2399=CARTESIAN_POINT('',(-2.44921270764476E-16,-7.0,-2.03));
#2400=DIRECTION('',(-6.12303176911189E-17,-1.0,1.17145536458252E-15));
#2401=DIRECTION('',(-6.12323399573676E-17,1.17145536458252E-15,1.0));
#2402=ORIENTED_EDGE('',*,*,#2899,.T.);
#2403=ORIENTED_EDGE('',*,*,#3027,.F.);
#2404=ORIENTED_EDGE('',*,*,#2901,.T.);
#2405=ORIENTED_EDGE('',*,*,#3030,.T.);
#2406=CARTESIAN_POINT('',(2.5,-7.0,-9.03));
#2407=DIRECTION('',(-6.06910452410916E-18,1.0,-1.17145536458252E-15));
#2408=DIRECTION('',(-1.0,-6.06910452410916E-18,5.39260384428426E-32));
#2409=ORIENTED_EDGE('',*,*,#2894,.T.);
#2410=ORIENTED_EDGE('',*,*,#3009,.F.);
#2411=ORIENTED_EDGE('',*,*,#2920,.F.);
#2412=ORIENTED_EDGE('',*,*,#2896,.T.);
#2413=ORIENTED_EDGE('',*,*,#3031,.T.);
#2414=CARTESIAN_POINT('',(-2.5,-7.0,-9.03));
#2415=DIRECTION('',(-6.06910452410919E-18,1.0,-1.17145536458252E-15));
#2416=DIRECTION('',(-1.0,-6.06910452410919E-18,5.39260384428426E-32));
#2417=ORIENTED_EDGE('',*,*,#3032,.F.);
#2418=ORIENTED_EDGE('',*,*,#2891,.F.);
#2419=CARTESIAN_POINT('',(-2.44921270764476E-16,-7.0,-2.03));
#2420=DIRECTION('',(-6.12303176911189E-17,-1.0,1.17145536458252E-15));
#2421=DIRECTION('',(-6.12323399573676E-17,1.17145536458252E-15,1.0));
#2422=ORIENTED_EDGE('',*,*,#2890,.T.);
#2423=ORIENTED_EDGE('',*,*,#2929,.F.);
#2424=ORIENTED_EDGE('',*,*,#2892,.T.);
#2425=ORIENTED_EDGE('',*,*,#3032,.T.);
#2426=CARTESIAN_POINT('',(-2.5,-7.0,-4.03));
#2427=DIRECTION('',(-6.06910452410916E-18,1.0,-1.17145536458252E-15));
#2428=DIRECTION('',(-1.0,-6.06910452410916E-18,5.39260384428426E-32));
#2429=ORIENTED_EDGE('',*,*,#2994,.T.);
#2430=ORIENTED_EDGE('',*,*,#2992,.T.);
#2431=ORIENTED_EDGE('',*,*,#2989,.T.);
#2432=ORIENTED_EDGE('',*,*,#2974,.T.);
#2433=CARTESIAN_POINT('',(3.0,3.0,-2.03));
#2434=DIRECTION('',(-6.88766221184934E-47,1.0,-1.17145536458252E-15));
#2435=DIRECTION('',(6.12323399573676E-17,-1.17145536458252E-15,-1.0));
#2436=ORIENTED_EDGE('',*,*,#3029,.F.);
#2437=ORIENTED_EDGE('',*,*,#2904,.F.);
#2438=ORIENTED_EDGE('',*,*,#2971,.T.);
#2439=ORIENTED_EDGE('',*,*,#3019,.F.);
#2440=ORIENTED_EDGE('',*,*,#2907,.F.);
#2441=ORIENTED_EDGE('',*,*,#3028,.F.);
#2442=ORIENTED_EDGE('',*,*,#3015,.F.);
#2443=ORIENTED_EDGE('',*,*,#2914,.F.);
#2444=ORIENTED_EDGE('',*,*,#3022,.F.);
#2445=ORIENTED_EDGE('',*,*,#3024,.F.);
#2446=ORIENTED_EDGE('',*,*,#2981,.F.);
#2447=ORIENTED_EDGE('',*,*,#2954,.F.);
#2448=ORIENTED_EDGE('',*,*,#3002,.F.);
#2449=ORIENTED_EDGE('',*,*,#2931,.F.);
#2450=ORIENTED_EDGE('',*,*,#2935,.F.);
#2451=ORIENTED_EDGE('',*,*,#3006,.F.);
#2452=ORIENTED_EDGE('',*,*,#3004,.F.);
#2453=CARTESIAN_POINT('',(-3.0,-3.0,-2.03));
#2454=DIRECTION('',(6.88766221184934E-47,-1.0,1.17145536458252E-15));
#2455=DIRECTION('',(-6.12323399573676E-17,1.17145536458252E-15,1.0));
#2456=ORIENTED_EDGE('',*,*,#2918,.F.);
#2457=ORIENTED_EDGE('',*,*,#3025,.F.);
#2458=ORIENTED_EDGE('',*,*,#3020,.T.);
#2459=ORIENTED_EDGE('',*,*,#2916,.T.);
#2460=ORIENTED_EDGE('',*,*,#3014,.F.);
#2461=ORIENTED_EDGE('',*,*,#3010,.F.);
#2462=CARTESIAN_POINT('',(-3.67381906146712E-17,-3.3,-6.53));
#2463=DIRECTION('',(-1.22460635382238E-16,-1.0,1.1102250468914E-15));
#2464=DIRECTION('',(-6.12323399573676E-17,1.1102250468914E-15,1.0));
#2465=ORIENTED_EDGE('',*,*,#3013,.F.);
#2466=ORIENTED_EDGE('',*,*,#3026,.F.);
#2467=ORIENTED_EDGE('',*,*,#3011,.F.);
#2468=CARTESIAN_POINT('',(-3.67381906146712E-17,-3.3,-6.53));
#2469=DIRECTION('',(-1.22460635382238E-16,-1.0,1.1102250468914E-15));
#2470=DIRECTION('',(-6.12323399573676E-17,1.1102250468914E-15,1.0));
#2471=ORIENTED_EDGE('',*,*,#1393,.F.);
#2472=ORIENTED_EDGE('',*,*,#1541,.F.);
#2473=ORIENTED_EDGE('',*,*,#1412,.T.);
#2474=ORIENTED_EDGE('',*,*,#1493,.T.);
#2475=ORIENTED_EDGE('',*,*,#1413,.T.);
#2476=CARTESIAN_POINT('',(-4.93038065763132E-32,-5.84277282846252E-15,-4.98));
#2477=DIRECTION('',(4.93038065763132E-32,1.17145536458252E-15,1.0));
#2478=DIRECTION('',(1.0,1.38617300899587E-48,-4.93038065763132E-32));
#2479=ORIENTED_EDGE('',*,*,#1361,.F.);
#2480=ORIENTED_EDGE('',*,*,#1360,.F.);
#2481=ORIENTED_EDGE('',*,*,#1568,.F.);
#2482=ORIENTED_EDGE('',*,*,#1368,.T.);
#2483=ORIENTED_EDGE('',*,*,#1561,.T.);
#2484=CARTESIAN_POINT('',(1.10214571844014E-16,-2.1,-6.53));
#2485=DIRECTION('',(-1.22460635382238E-16,-1.0,1.1102250468914E-15));
#2486=DIRECTION('',(-6.12323399573676E-17,1.1102250468914E-15,1.0));
#2487=COLOUR_RGB('',0.764705896377563,0.709803938865662,0.243137255311012);
#2488=CARTESIAN_POINT('',(-0.459999999999996,-6.7,-6.531));
#2489=CARTESIAN_POINT('',(-0.459999999999996,-2.1,-6.531));
#2490=CARTESIAN_POINT('',(-0.459999999999996,-4.4,-6.531));
#2491=VECTOR('',#3033,1.0);
#2492=CARTESIAN_POINT('',(0.460000000000004,-6.7,-6.531));
#2493=AXIS2_PLACEMENT_3D('',#3034,#3035,#3036);
#2494=CARTESIAN_POINT('',(0.460000000000004,-2.1,-6.531));
#2495=CARTESIAN_POINT('',(0.460000000000004,-4.4,-6.531));
#2496=VECTOR('',#3037,1.0);
#2497=CARTESIAN_POINT('',(4.30621797257496E-15,-2.1,-6.071));
#2498=AXIS2_PLACEMENT_3D('',#3038,#3039,#3040);
#2499=AXIS2_PLACEMENT_3D('',#3041,#3042,#3043);
#2500=COLOUR_RGB('',0.764705896377563,0.709803938865662,0.243137255311012);
#2501=CARTESIAN_POINT('',(-0.259999999999996,-6.9,-6.531));
#2502=CARTESIAN_POINT('',(-0.259999999999996,-6.9,-6.531));
#2503=VECTOR('',#3044,1.0);
#2504=CARTESIAN_POINT('',(0.260000000000004,-6.9,-6.531));
#2505=AXIS2_PLACEMENT_3D('',#3045,#3046,#3047);
#2506=CARTESIAN_POINT('',(0.260000000000004,-6.9,-6.531));
#2507=VECTOR('',#3048,1.0);
#2508=COLOUR_RGB('',1.0,1.0,0.992156863212585);
#2509=CARTESIAN_POINT('',(5.70956136152993E-16,-2.1,-7.02));
#2510=CARTESIAN_POINT('',(4.60741564308981E-16,-3.0,-7.02));
#2511=CARTESIAN_POINT('',(5.15848850230988E-16,-2.55,-7.02));
#2512=VECTOR('',#3049,1.0);
#2513=CARTESIAN_POINT('',(-3.05600158198341E-18,-2.1,-6.04));
#2514=AXIS2_PLACEMENT_3D('',#3050,#3051,#3052);
#2515=CARTESIAN_POINT('',(-6.87282711160979E-16,-3.0,-6.04));
#2516=CARTESIAN_POINT('',(-5.72167732080746E-16,-2.55,-6.04));
#2517=VECTOR('',#3053,1.0);
#2518=AXIS2_PLACEMENT_3D('',#3054,#3055,#3056);
#2519=COLOUR_RGB('',1.0,1.0,0.992156863212585);
#2520=CARTESIAN_POINT('',(2.09276643777659E-15,-3.0,-8.49));
#2521=CARTESIAN_POINT('',(2.09766486319187E-15,-2.96,-8.49));
#2522=CARTESIAN_POINT('',(2.09521565048423E-15,-2.98,-8.49));
#2523=VECTOR('',#3057,1.0);
#2524=CARTESIAN_POINT('',(-2.49933066410324E-15,-3.0,-4.57));
#2525=AXIS2_PLACEMENT_3D('',#3058,#3059,#3060);
#2526=CARTESIAN_POINT('',(-1.15116960901151E-16,-2.96,-4.57));
#2527=CARTESIAN_POINT('',(-2.25685067876271E-15,-2.98,-4.57));
#2528=VECTOR('',#3061,1.0);
#2529=CARTESIAN_POINT('',(-1.96,-2.96,-6.53));
#2530=AXIS2_PLACEMENT_3D('',#3062,#3063,#3064);
#2531=AXIS2_PLACEMENT_3D('',#3065,#3066,#3067);
#2532=COLOUR_RGB('',0.764705896377563,0.709803938865662,0.243137255311012);
#2533=CARTESIAN_POINT('',(4.29887009178007E-15,0.190138217066739,-1.59262612426823));
#2534=CARTESIAN_POINT('',(4.28662362378859E-15,0.284744116687714,-1.4875084580227));
#2535=CARTESIAN_POINT('',(4.29887009178007E-15,0.190138217066739,-1.59262612426823));
#2536=VECTOR('',#3068,1.0);
#2537=CARTESIAN_POINT('',(0.248193472919821,0.0503317209601878,-1.59998436090541));
#2538=AXIS2_PLACEMENT_3D('',#3069,#3070,#3071);
#2539=CARTESIAN_POINT('',(0.36,0.0450758376479115,-1.50012257797217));
#2540=CARTESIAN_POINT('',(0.248193472919821,0.0503317209601878,-1.59998436090541));
#2541=CARTESIAN_POINT('',(0.257690326477783,0.0499045341704922,-1.5918678119012));
#2542=CARTESIAN_POINT('',(0.267125942442093,0.0494735932343956,-1.58367993412008));
#2543=CARTESIAN_POINT('',(0.285903646364369,0.0486060806546598,-1.56719719510511));
#2544=CARTESIAN_POINT('',(0.29524570263277,0.0481694965595636,-1.55890209729996));
#2545=CARTESIAN_POINT('',(0.313856630922792,0.0472919889564186,-1.54222945284021));
#2546=CARTESIAN_POINT('',(0.323125469241138,0.0468510585068825,-1.53385177429387));
#2547=CARTESIAN_POINT('',(0.341604334542836,0.0459658100688447,-1.51703205397115));
#2548=CARTESIAN_POINT('',(0.350814330662511,0.0455214881665241,-1.5085899378258));
#2549=CARTESIAN_POINT('',(0.35999999999999,0.0450758376479124,-1.50012257797218));
#2550=AXIS2_PLACEMENT_3D('',#3072,#3073,#3074);
#2551=COLOUR_RGB('',0.764705896377563,0.709803938865662,0.243137255311012);
#2552=CARTESIAN_POINT('',(-0.459999999999996,-1.13862464552343E-14,-4.6));
#2553=CARTESIAN_POINT('',(-0.459999999999996,-1.13862464552343E-14,-3.49));
#2554=CARTESIAN_POINT('',(-0.459999999999996,-1.13862464552343E-14,-4.04488235238487));
#2555=VECTOR('',#3075,1.0);
#2556=CARTESIAN_POINT('',(0.460000000000004,-1.07607065619186E-14,-4.6));
#2557=AXIS2_PLACEMENT_3D('',#3076,#3077,#3078);
#2558=CARTESIAN_POINT('',(0.460000000000004,-1.12735789497127E-14,-3.49));
#2559=CARTESIAN_POINT('',(0.460000000000004,-1.12735789497127E-14,-4.04488235238487));
#2560=VECTOR('',#3079,1.0);
#2561=CARTESIAN_POINT('',(0.357071552485629,-0.289999838518413,-3.49));
#2562=AXIS2_PLACEMENT_3D('',#3080,#3081,#3082);
#2563=CARTESIAN_POINT('',(-0.357071552485621,-0.289999838518414,-3.49));
#2564=AXIS2_PLACEMENT_3D('',#3083,#3084,#3085);
#2565=AXIS2_PLACEMENT_3D('',#3086,#3087,#3088);
#2566=COLOUR_RGB('',0.764705896377563,0.709803938865662,0.243137255311012);
#2567=CARTESIAN_POINT('',(4.21092882854006E-15,-0.350000000000011,-4.6));
#2568=CARTESIAN_POINT('',(4.18766130781744E-15,-0.350000000000011,-4.98));
#2569=CARTESIAN_POINT('',(4.19868276500184E-15,-0.350000000000011,-4.8));
#2570=VECTOR('',#3089,1.0);
#2571=CARTESIAN_POINT('',(4.25379146651021E-15,0.349999999999989,-4.6));
#2572=AXIS2_PLACEMENT_3D('',#3090,#3091,#3092);
#2573=CARTESIAN_POINT('',(4.23052394578759E-15,0.349999999999989,-4.98));
#2574=CARTESIAN_POINT('',(4.28440804094215E-15,0.349999999999989,-4.8));
#2575=VECTOR('',#3093,1.0);
#2576=AXIS2_PLACEMENT_3D('',#3094,#3095,#3096);
#2577=COLOUR_RGB('',0.764705896377563,0.709803938865662,0.243137255311012);
#2578=CARTESIAN_POINT('',(-0.289999999999996,-1.11079294436835E-14,-3.49));
#2579=CARTESIAN_POINT('',(-0.289999999999996,-1.11756864330401E-14,-4.14));
#2580=CARTESIAN_POINT('',(-0.289999999999996,-1.11079294436835E-14,-3.815));
#2581=VECTOR('',#3097,1.0);
#2582=CARTESIAN_POINT('',(-0.248251975946838,-0.149806228280977,-3.49));
#2583=AXIS2_PLACEMENT_3D('',#3098,#3099,#3100);
#2584=CARTESIAN_POINT('',(4.32550615966153E-15,-0.290000000000011,-3.49));
#2585=AXIS2_PLACEMENT_3D('',#3101,#3102,#3103);
#2586=CARTESIAN_POINT('',(0.248251975946846,-0.149806228280977,-3.49));
#2587=AXIS2_PLACEMENT_3D('',#3104,#3105,#3106);
#2588=CARTESIAN_POINT('',(0.290000000000004,-1.10368999293329E-14,-3.49));
#2589=AXIS2_PLACEMENT_3D('',#3107,#3108,#3109);
#2590=CARTESIAN_POINT('',(0.290000000000004,-1.11401773222886E-14,-4.14));
#2591=CARTESIAN_POINT('',(0.290000000000004,-1.10368999293329E-14,-3.815));
#2592=VECTOR('',#3110,1.0);
#2593=AXIS2_PLACEMENT_3D('',#3111,#3112,#3113);
#2594=COLOUR_RGB('',0.764705896377563,0.709803938865662,0.243137255311012);
#2595=CARTESIAN_POINT('',(4.38989600018661E-15,-1.11537298494446E-14,-4.31424957951799));
#2596=CARTESIAN_POINT('',(0.290000000000004,-1.11046682115371E-14,-4.14));
#2597=VECTOR('',#3114,1.0);
#2598=CARTESIAN_POINT('',(-0.289999999999996,-1.11756864330401E-14,-4.14));
#2599=VECTOR('',#3115,1.0);
#2600=COLOUR_RGB('',0.764705896377563,0.709803938865662,0.243137255311012);
#2601=CARTESIAN_POINT('',(4.36989960613062E-15,-0.190138217066762,-1.59262612426823));
#2602=CARTESIAN_POINT('',(4.38214607412209E-15,-0.284744116687736,-1.4875084580227));
#2603=CARTESIAN_POINT('',(4.36989960613062E-15,-0.190138217066762,-1.59262612426823));
#2604=VECTOR('',#3116,1.0);
#2605=CARTESIAN_POINT('',(-0.248193472919813,-0.0503317209602099,-1.59998436090541));
#2606=AXIS2_PLACEMENT_3D('',#3117,#3118,#3119);
#2607=CARTESIAN_POINT('',(-0.35999999999999,-0.0450758376479335,-1.50012257797217));
#2608=CARTESIAN_POINT('',(-0.248193472919813,-0.0503317209602098,-1.59998436090541));
#2609=CARTESIAN_POINT('',(-0.257690326477774,-0.0499045341705142,-1.5918678119012));
#2610=CARTESIAN_POINT('',(-0.267125942442084,-0.0494735932344173,-1.58367993412008));
#2611=CARTESIAN_POINT('',(-0.285903646364361,-0.0486060806546814,-1.56719719510511));
#2612=CARTESIAN_POINT('',(-0.295245702632762,-0.0481694965595857,-1.55890209729996));
#2613=CARTESIAN_POINT('',(-0.313856630922782,-0.0472919889564406,-1.54222945284021));
#2614=CARTESIAN_POINT('',(-0.32312546924113,-0.0468510585069048,-1.53385177429387));
#2615=CARTESIAN_POINT('',(-0.341604334542827,-0.0459658100688671,-1.51703205397115));
#2616=CARTESIAN_POINT('',(-0.350814330662502,-0.0455214881665456,-1.5085899378258));
#2617=CARTESIAN_POINT('',(-0.359999999999982,-0.0450758376479339,-1.50012257797218));
#2618=AXIS2_PLACEMENT_3D('',#3120,#3121,#3122);
#2619=COLOUR_RGB('',1.0,1.0,0.992156863212585);
#2620=CARTESIAN_POINT('',(-0.375,-6.88854093195252E-15,-4.98));
#2621=CARTESIAN_POINT('',(-0.375000000000001,-6.02073000254616E-15,-4.72));
#2622=CARTESIAN_POINT('',(-0.375,-6.43167333976534E-15,-4.85));
#2623=VECTOR('',#3123,1.0);
#2624=CARTESIAN_POINT('',(-4.68582145833101E-17,0.374999999999994,-4.98));
#2625=AXIS2_PLACEMENT_3D('',#3124,#3125,#3126);
#2626=CARTESIAN_POINT('',(0.375,-4.34461487157789E-15,-4.98));
#2627=AXIS2_PLACEMENT_3D('',#3127,#3128,#3129);
#2628=CARTESIAN_POINT('',(0.375,-3.43087968720352E-15,-4.72));
#2629=CARTESIAN_POINT('',(0.375,-3.8877472793907E-15,-4.85));
#2630=VECTOR('',#3130,1.0);
#2631=AXIS2_PLACEMENT_3D('',#3131,#3132,#3133);
#2632=COLOUR_RGB('',1.0,1.0,0.992156863212585);
#2633=CARTESIAN_POINT('',(-0.840000000000004,4.25623016998141E-15,-1.36));
#2634=CARTESIAN_POINT('',(-0.940000000000004,3.56560341922337E-15,-1.46));
#2635=CARTESIAN_POINT('',(-0.940000000000004,3.56560341922337E-15,-1.46));
#2636=VECTOR('',#3134,1.0);
#2637=CARTESIAN_POINT('',(0.839999999999996,1.0057494876349E-14,-1.36));
#2638=AXIS2_PLACEMENT_3D('',#3135,#3136,#3137);
#2639=CARTESIAN_POINT('',(0.939999999999996,1.0057494876349E-14,-1.46));
#2640=CARTESIAN_POINT('',(0.939999999999996,9.94237807722911E-15,-1.46));
#2641=VECTOR('',#3138,1.0);
#2642=AXIS2_PLACEMENT_3D('',#3139,#3140,#3141);
#2643=COLOUR_RGB('',1.0,1.0,0.992156863212585);
#2644=CARTESIAN_POINT('',(-0.940000000000001,-6.88174969551433E-15,-4.4));
#2645=CARTESIAN_POINT('',(-0.940000000000002,-1.60051473858556E-15,-2.93));
#2646=VECTOR('',#3142,1.0);
#2647=CARTESIAN_POINT('',(0.939999999999999,-3.89858238388741E-16,-4.4));
#2648=CARTESIAN_POINT('',(0.939999999999998,4.77625991942019E-15,-2.93));
#2649=VECTOR('',#3143,1.0);
#2650=AXIS2_PLACEMENT_3D('',#3144,#3145,#3146);
#2651=COLOUR_RGB('',1.0,1.0,0.992156863212585);
#2652=CARTESIAN_POINT('',(-0.475000000000001,-6.37216661192092E-15,-4.72));
#2653=CARTESIAN_POINT('',(-0.475000000000004,5.4361034630709E-15,-1.36));
#2654=CARTESIAN_POINT('',(-0.475000000000004,5.4942741860304E-15,-1.36));
#2655=VECTOR('',#3147,1.0);
#2656=CARTESIAN_POINT('',(0.475,-3.09168954582024E-15,-4.72));
#2657=AXIS2_PLACEMENT_3D('',#3148,#3149,#3150);
#2658=CARTESIAN_POINT('',(0.474999999999996,8.7165805291716E-15,-1.36));
#2659=CARTESIAN_POINT('',(0.474999999999996,8.7165805291716E-15,-1.36));
#2660=VECTOR('',#3151,1.0);
#2661=AXIS2_PLACEMENT_3D('',#3152,#3153,#3154);
#2662=COLOUR_RGB('',0.721568644046783,0.721568644046783,0.721568644046783);
#2663=CARTESIAN_POINT('',(2.54114210823076E-16,2.075,-2.77555756156289E-17));
#2664=CARTESIAN_POINT('',(2.66360678814549E-16,2.175,-0.1));
#2665=CARTESIAN_POINT('',(2.66360678814549E-16,2.175,-0.1));
#2666=VECTOR('',#3155,1.0);
#2667=CARTESIAN_POINT('',(-7.18439154072782E-48,-2.075,-2.77555756156289E-17));
#2668=AXIS2_PLACEMENT_3D('',#3156,#3157,#3158);
#2669=CARTESIAN_POINT('',(-5.39260384428426E-33,-2.175,-0.1));
#2670=CARTESIAN_POINT('',(-2.66360678814549E-16,-2.175,-0.1));
#2671=VECTOR('',#3159,1.0);
#2672=AXIS2_PLACEMENT_3D('',#3160,#3161,#3162);
#2673=COLOUR_RGB('',0.721568644046783,0.721568644046783,0.721568644046783);
#2674=CARTESIAN_POINT('',(-1.23259516440783E-31,1.855,-3.25));
#2675=CARTESIAN_POINT('',(7.39557098644699E-32,1.725,-3.12));
#2676=CARTESIAN_POINT('',(2.11251572852918E-16,1.725,-3.12));
#2677=VECTOR('',#3163,1.0);
#2678=CARTESIAN_POINT('',(-2.27171981241834E-16,-1.855,-3.25));
#2679=AXIS2_PLACEMENT_3D('',#3164,#3165,#3166);
#2680=CARTESIAN_POINT('',(-2.11251572852919E-16,-1.725,-3.12));
#2681=CARTESIAN_POINT('',(-2.11251572852918E-16,-1.725,-3.12));
#2682=VECTOR('',#3167,1.0);
#2683=AXIS2_PLACEMENT_3D('',#3168,#3169,#3170);
#2684=COLOUR_RGB('',0.721568644046783,0.721568644046783,0.721568644046783);
#2685=CARTESIAN_POINT('',(2.3145824503885E-16,-1.89,-5.55111512312578E-17));
#2686=CARTESIAN_POINT('',(-2.11251572852918E-16,-1.725,-0.453333774210014));
#2687=CARTESIAN_POINT('',(2.3145824503885E-16,-1.89,-5.52243857782222E-17));
#2688=VECTOR('',#3171,1.0);
#2689=CARTESIAN_POINT('',(5.47382212626882E-48,1.89,-5.55111512312578E-17));
#2690=AXIS2_PLACEMENT_3D('',#3172,#3173,#3174);
#2691=CARTESIAN_POINT('',(-7.39557098644699E-32,1.725,-0.453333774210014));
#2692=CARTESIAN_POINT('',(-2.3145824503885E-16,1.89,-5.57979166842935E-17));
#2693=VECTOR('',#3175,1.0);
#2694=AXIS2_PLACEMENT_3D('',#3176,#3177,#3178);
#2695=COLOUR_RGB('',0.721568644046783,0.721568644046783,0.721568644046783);
#2696=CARTESIAN_POINT('',(-9.86076131526265E-32,2.175,-2.6));
#2697=CARTESIAN_POINT('',(2.66360678814549E-16,2.175,-1.35));
#2698=VECTOR('',#3179,1.0);
#2699=CARTESIAN_POINT('',(-2.66360678814549E-16,-2.175,-2.6));
#2700=CARTESIAN_POINT('',(-2.66360678814549E-16,-2.175,-1.35));
#2701=VECTOR('',#3180,1.0);
#2702=AXIS2_PLACEMENT_3D('',#3181,#3182,#3183);
#2703=COLOUR_RGB('',0.721568644046783,0.721568644046783,0.721568644046783);
#2704=CARTESIAN_POINT('',(-3.45126646034193E-31,1.05,-4.4));
#2705=CARTESIAN_POINT('',(0.0,1.05,-4.05));
#2706=CARTESIAN_POINT('',(1.28587913910472E-16,1.05,-4.225));
#2707=VECTOR('',#3184,1.0);
#2708=CARTESIAN_POINT('',(-1.28587913910472E-16,-1.05,-4.4));
#2709=AXIS2_PLACEMENT_3D('',#3185,#3186,#3187);
#2710=CARTESIAN_POINT('',(-1.28587913910472E-16,-1.05,-4.05));
#2711=CARTESIAN_POINT('',(-1.28587913910472E-16,-1.05,-4.225));
#2712=VECTOR('',#3188,1.0);
#2713=AXIS2_PLACEMENT_3D('',#3189,#3190,#3191);
#2714=COLOUR_RGB('',0.721568644046783,0.721568644046783,0.721568644046783);
#2715=CARTESIAN_POINT('',(0.0,1.855,-4.05));
#2716=CARTESIAN_POINT('',(2.27171981241834E-16,1.855,-3.65));
#2717=VECTOR('',#3192,1.0);
#2718=CARTESIAN_POINT('',(-2.27171981241834E-16,-1.855,-4.05));
#2719=AXIS2_PLACEMENT_3D('',#3193,#3194,#3195);
#2720=CARTESIAN_POINT('',(-2.27171981241834E-16,-1.855,-3.65));
#2721=VECTOR('',#3196,1.0);
#2722=COLOUR_RGB('',0.721568644046783,0.721568644046783,0.721568644046783);
#2723=CARTESIAN_POINT('',(2.11251572852918E-16,1.725,-1.78666688710501));
#2724=VECTOR('',#3197,1.0);
#2725=CARTESIAN_POINT('',(-2.11251572852918E-16,-1.725,-1.78666688710501));
#2726=VECTOR('',#3198,1.0);
#2727=COLOUR_RGB('',0.721568644046783,0.721568644046783,0.721568644046783);
#2728=AXIS2_PLACEMENT_3D('',#3199,#3200,#3201);
#2729=AXIS2_PLACEMENT_3D('',#3202,#3203,#3204);
#2730=COLOUR_RGB('',0.721568644046783,0.721568644046783,0.721568644046783);
#2731=AXIS2_PLACEMENT_3D('',#3205,#3206,#3207);
#2732=AXIS2_PLACEMENT_3D('',#3208,#3209,#3210);
#2733=COLOUR_RGB('',0.721568644046783,0.721568644046783,0.721568644046783);
#2734=AXIS2_PLACEMENT_3D('',#3211,#3212,#3213);
#2735=COLOUR_RGB('',0.721568644046783,0.721568644046783,0.721568644046783);
#2736=AXIS2_PLACEMENT_3D('',#3214,#3215,#3216);
#2737=COLOUR_RGB('',0.721568644046783,0.721568644046783,0.721568644046783);
#2738=AXIS2_PLACEMENT_3D('',#3217,#3218,#3219);
#2739=AXIS2_PLACEMENT_3D('',#3220,#3221,#3222);
#2740=COLOUR_RGB('',0.721568644046783,0.721568644046783,0.721568644046783);
#2741=AXIS2_PLACEMENT_3D('',#3223,#3224,#3225);
#2742=AXIS2_PLACEMENT_3D('',#3226,#3227,#3228);
#2743=COLOUR_RGB('',0.721568644046783,0.721568644046783,0.721568644046783);
#2744=COLOUR_RGB('',0.721568644046783,0.721568644046783,0.721568644046783);
#2745=COLOUR_RGB('',0.721568644046783,0.721568644046783,0.721568644046783);
#2746=COLOUR_RGB('',1.0,1.0,0.992156863212585);
#2747=AXIS2_PLACEMENT_3D('',#3229,#3230,#3231);
#2748=AXIS2_PLACEMENT_3D('',#3232,#3233,#3234);
#2749=COLOUR_RGB('',1.0,1.0,0.992156863212585);
#2750=AXIS2_PLACEMENT_3D('',#3235,#3236,#3237);
#2751=COLOUR_RGB('',1.0,1.0,0.992156863212585);
#2752=AXIS2_PLACEMENT_3D('',#3238,#3239,#3240);
#2753=AXIS2_PLACEMENT_3D('',#3241,#3242,#3243);
#2754=COLOUR_RGB('',1.0,1.0,0.992156863212585);
#2755=AXIS2_PLACEMENT_3D('',#3244,#3245,#3246);
#2756=COLOUR_RGB('',1.0,1.0,0.992156863212585);
#2757=COLOUR_RGB('',1.0,1.0,0.992156863212585);
#2758=COLOUR_RGB('',1.0,1.0,0.992156863212585);
#2759=AXIS2_PLACEMENT_3D('',#3247,#3248,#3249);
#2760=COLOUR_RGB('',0.721568644046783,0.721568644046783,0.721568644046783);
#2761=CARTESIAN_POINT('',(2.4,-3.05470906075613E-15,-2.6));
#2762=CARTESIAN_POINT('',(-2.4,-3.34862429255149E-15,-2.6));
#2763=AXIS2_PLACEMENT_3D('',#3250,#3251,#3252);
#2764=AXIS2_PLACEMENT_3D('',#3253,#3254,#3255);
#2765=COLOUR_RGB('',0.764705896377563,0.709803938865662,0.243137255311012);
#2766=CARTESIAN_POINT('',(0.248251975946846,0.149806228280954,-3.49));
#2767=CARTESIAN_POINT('',(0.248193472919821,0.088436874974191,-2.32398228717148));
#2768=VECTOR('',#3256,1000.0);
#2769=CARTESIAN_POINT('',(0.434856298103182,0.149806228280954,-3.49));
#2770=CARTESIAN_POINT('',(4.33438484895534E-15,0.149806228280954,-3.49));
#2771=VECTOR('',#3257,1000.0);
#2772=CARTESIAN_POINT('',(0.434856298103182,0.0450758376479115,-1.50012257797217));
#2773=CARTESIAN_POINT('',(0.434856298103182,0.0450758376479115,-1.50012257797217));
#2774=VECTOR('',#3258,1000.0);
#2775=CARTESIAN_POINT('',(4.33438484895534E-15,0.0450758376479115,-1.50012257797217));
#2776=VECTOR('',#3259,1000.0);
#2777=COLOUR_RGB('',0.764705896377563,0.709803938865662,0.243137255311012);
#2778=CARTESIAN_POINT('',(-0.434856298103174,0.0450758376479115,-1.50012257797217));
#2779=AXIS2_PLACEMENT_3D('',#3260,#3261,#3262);
#2780=CARTESIAN_POINT('',(-0.35999999999999,0.0450758376479115,-1.50012257797217));
#2781=CARTESIAN_POINT('',(4.33438484895534E-15,0.0450758376479115,-1.50012257797217));
#2782=VECTOR('',#3263,1000.0);
#2783=AXIS2_PLACEMENT_3D('',#3264,#3265,#3266);
#2784=COLOUR_RGB('',0.764705896377563,0.709803938865662,0.243137255311012);
#2785=CARTESIAN_POINT('',(-0.434856298103174,-0.0450758376479335,-1.50012257797217));
#2786=CARTESIAN_POINT('',(4.33438484895534E-15,-0.0450758376479335,-1.50012257797217));
#2787=VECTOR('',#3267,1000.0);
#2788=CARTESIAN_POINT('',(0.434856298103182,-0.0450758376479335,-1.50012257797217));
#2789=AXIS2_PLACEMENT_3D('',#3268,#3269,#3270);
#2790=CARTESIAN_POINT('',(0.36,-0.0450758376479335,-1.50012257797217));
#2791=CARTESIAN_POINT('',(4.33438484895534E-15,-0.0450758376479335,-1.50012257797217));
#2792=VECTOR('',#3271,1000.0);
#2793=AXIS2_PLACEMENT_3D('',#3272,#3273,#3274);
#2794=COLOUR_RGB('',0.764705896377563,0.709803938865662,0.243137255311012);
#2795=CARTESIAN_POINT('',(-0.248193472919813,-0.0884368749742132,-2.32398228717148));
#2796=VECTOR('',#3275,1000.0);
#2797=CARTESIAN_POINT('',(-0.434856298103174,-0.149806228280976,-3.49));
#2798=CARTESIAN_POINT('',(4.33438484895534E-15,-0.149806228280976,-3.49));
#2799=VECTOR('',#3276,1000.0);
#2800=CARTESIAN_POINT('',(-0.434856298103174,-0.0450758376479335,-1.50012257797217));
#2801=VECTOR('',#3277,1000.0);
#2802=COLOUR_RGB('',0.764705896377563,0.709803938865662,0.243137255311012);
#2803=CARTESIAN_POINT('',(0.248193472919821,-0.0503317209602098,-1.59998436090541));
#2804=AXIS2_PLACEMENT_3D('',#3278,#3279,#3280);
#2805=CARTESIAN_POINT('',(0.248193472919821,-0.0884368749742131,-2.32398228717148));
#2806=VECTOR('',#3281,1000.0);
#2807=COLOUR_RGB('',0.764705896377563,0.709803938865662,0.243137255311012);
#2808=CARTESIAN_POINT('',(0.35999999999999,-0.0450758376479339,-1.50012257797218));
#2809=CARTESIAN_POINT('',(0.350814330662511,-0.0455214881665457,-1.5085899378258));
#2810=CARTESIAN_POINT('',(0.341604334542836,-0.0459658100688671,-1.51703205397115));
#2811=CARTESIAN_POINT('',(0.323125469241139,-0.0468510585069048,-1.53385177429387));
#2812=CARTESIAN_POINT('',(0.313856630922791,-0.0472919889564406,-1.54222945284021));
#2813=CARTESIAN_POINT('',(0.29524570263277,-0.0481694965595856,-1.55890209729996));
#2814=CARTESIAN_POINT('',(0.285903646364369,-0.0486060806546814,-1.56719719510511));
#2815=CARTESIAN_POINT('',(0.267125942442093,-0.0494735932344173,-1.58367993412008));
#2816=CARTESIAN_POINT('',(0.257690326477783,-0.0499045341705142,-1.5918678119012));
#2817=CARTESIAN_POINT('',(0.248193472919821,-0.0503317209602098,-1.59998436090541));
#2818=COLOUR_RGB('',0.764705896377563,0.709803938865662,0.243137255311012);
#2819=CARTESIAN_POINT('',(0.434856298103182,-0.149806228280976,-3.49));
#2820=CARTESIAN_POINT('',(0.434856298103182,-0.0450758376479335,-1.50012257797217));
#2821=VECTOR('',#3282,1000.0);
#2822=CARTESIAN_POINT('',(4.33438484895534E-15,-0.149806228280976,-3.49));
#2823=VECTOR('',#3283,1000.0);
#2824=COLOUR_RGB('',0.764705896377563,0.709803938865662,0.243137255311012);
#2825=AXIS2_PLACEMENT_3D('',#3284,#3285,#3286);
#2826=AXIS2_PLACEMENT_3D('',#3287,#3288,#3289);
#2827=COLOUR_RGB('',0.764705896377563,0.709803938865662,0.243137255311012);
#2828=CARTESIAN_POINT('',(-0.248251975946838,0.149806228280954,-3.49));
#2829=AXIS2_PLACEMENT_3D('',#3290,#3291,#3292);
#2830=CARTESIAN_POINT('',(-0.434856298103174,0.149806228280954,-3.49));
#2831=CARTESIAN_POINT('',(4.33438484895534E-15,0.149806228280954,-3.49));
#2832=VECTOR('',#3293,1000.0);
#2833=CARTESIAN_POINT('',(-0.357071421427162,0.28999999999996,-3.49));
#2834=AXIS2_PLACEMENT_3D('',#3294,#3295,#3296);
#2835=AXIS2_PLACEMENT_3D('',#3297,#3298,#3299);
#2836=COLOUR_RGB('',0.764705896377563,0.709803938865662,0.243137255311012);
#2837=AXIS2_PLACEMENT_3D('',#3300,#3301,#3302);
#2838=COLOUR_RGB('',0.764705896377563,0.709803938865662,0.243137255311012);
#2839=AXIS2_PLACEMENT_3D('',#3303,#3304,#3305);
#2840=CARTESIAN_POINT('',(4.62747017492923E-15,0.289999999999989,-3.49));
#2841=AXIS2_PLACEMENT_3D('',#3306,#3307,#3308);
#2842=AXIS2_PLACEMENT_3D('',#3309,#3310,#3311);
#2843=COLOUR_RGB('',0.764705896377563,0.709803938865662,0.243137255311012);
#2844=CARTESIAN_POINT('',(0.357071421427161,0.289999999999972,-3.49));
#2845=AXIS2_PLACEMENT_3D('',#3312,#3313,#3314);
#2846=AXIS2_PLACEMENT_3D('',#3315,#3316,#3317);
#2847=COLOUR_RGB('',0.764705896377563,0.709803938865662,0.243137255311012);
#2848=AXIS2_PLACEMENT_3D('',#3318,#3319,#3320);
#2849=AXIS2_PLACEMENT_3D('',#3321,#3322,#3323);
#2850=COLOUR_RGB('',0.764705896377563,0.709803938865662,0.243137255311012);
#2851=AXIS2_PLACEMENT_3D('',#3324,#3325,#3326);
#2852=COLOUR_RGB('',0.764705896377563,0.709803938865662,0.243137255311012);
#2853=AXIS2_PLACEMENT_3D('',#3327,#3328,#3329);
#2854=COLOUR_RGB('',0.764705896377563,0.709803938865662,0.243137255311012);
#2855=CARTESIAN_POINT('',(-0.248193472919813,0.0503317209601878,-1.59998436090541));
#2856=CARTESIAN_POINT('',(-0.248193472919813,0.088436874974191,-2.32398228717148));
#2857=VECTOR('',#3330,1000.0);
#2858=CARTESIAN_POINT('',(-0.359999999999982,0.0450758376479124,-1.50012257797218));
#2859=CARTESIAN_POINT('',(-0.350814330662502,0.0455214881665241,-1.5085899378258));
#2860=CARTESIAN_POINT('',(-0.341604334542827,0.0459658100688447,-1.51703205397115));
#2861=CARTESIAN_POINT('',(-0.32312546924113,0.0468510585068825,-1.53385177429387));
#2862=CARTESIAN_POINT('',(-0.313856630922782,0.0472919889564186,-1.54222945284021));
#2863=CARTESIAN_POINT('',(-0.295245702632762,0.0481694965595636,-1.55890209729996));
#2864=CARTESIAN_POINT('',(-0.285903646364361,0.0486060806546598,-1.56719719510511));
#2865=CARTESIAN_POINT('',(-0.267125942442084,0.0494735932343956,-1.58367993412008));
#2866=CARTESIAN_POINT('',(-0.257690326477774,0.0499045341704922,-1.5918678119012));
#2867=CARTESIAN_POINT('',(-0.248193472919813,0.0503317209601878,-1.59998436090541));
#2868=CARTESIAN_POINT('',(-0.434856298103174,0.0450758376479115,-1.50012257797217));
#2869=VECTOR('',#3331,1000.0);
#2870=COLOUR_RGB('',0.764705896377563,0.709803938865662,0.243137255311012);
#2871=AXIS2_PLACEMENT_3D('',#3332,#3333,#3334);
#2872=COLOUR_RGB('',0.764705896377563,0.709803938865662,0.243137255311012);
#2873=COLOUR_RGB('',0.764705896377563,0.709803938865662,0.243137255311012);
#2874=COLOUR_RGB('',1.0,1.0,0.992156863212585);
#2875=CARTESIAN_POINT('',(1.96,-2.96,-6.53));
#2876=AXIS2_PLACEMENT_3D('',#3335,#3336,#3337);
#2877=AXIS2_PLACEMENT_3D('',#3338,#3339,#3340);
#2878=AXIS2_PLACEMENT_3D('',#3341,#3342,#3343);
#2879=COLOUR_RGB('',1.0,1.0,0.992156863212585);
#2880=AXIS2_PLACEMENT_3D('',#3344,#3345,#3346);
#2881=AXIS2_PLACEMENT_3D('',#3347,#3348,#3349);
#2882=COLOUR_RGB('',1.0,1.0,0.992156863212585);
#2883=COLOUR_RGB('',0.764705896377563,0.709803938865662,0.243137255311012);
#2884=AXIS2_PLACEMENT_3D('',#3350,#3351,#3352);
#2885=COLOUR_RGB('',0.764705896377563,0.709803938865662,0.243137255311012);
#2886=AXIS2_PLACEMENT_3D('',#3353,#3354,#3355);
#2887=COLOUR_RGB('',0.764705896377563,0.709803938865662,0.243137255311012);
#2888=AXIS2_PLACEMENT_3D('',#3356,#3357,#3358);
#2889=COLOUR_RGB('',0.584313750267029,0.584313750267029,0.580392181873322);
#2890=EDGE_CURVE('',#3359,#3360,#3361,.T.);
#2891=EDGE_CURVE('',#3359,#3362,#3363,.T.);
#2892=EDGE_CURVE('',#3364,#3362,#3365,.T.);
#2893=EDGE_CURVE('',#3360,#3364,#3366,.T.);
#2894=EDGE_CURVE('',#3367,#3368,#3369,.T.);
#2895=EDGE_CURVE('',#3367,#3370,#3371,.T.);
#2896=EDGE_CURVE('',#3372,#3370,#3373,.T.);
#2897=EDGE_CURVE('',#3374,#3372,#3375,.T.);
#2898=EDGE_CURVE('',#3368,#3374,#3376,.T.);
#2899=EDGE_CURVE('',#3377,#3378,#3379,.T.);
#2900=EDGE_CURVE('',#3377,#3380,#3381,.T.);
#2901=EDGE_CURVE('',#3382,#3380,#3383,.T.);
#2902=EDGE_CURVE('',#3378,#3382,#3384,.T.);
#2903=EDGE_CURVE('',#3385,#1990,#3386,.T.);
#2904=EDGE_CURVE('',#3385,#3387,#3388,.T.);
#2905=EDGE_CURVE('',#1728,#3387,#3389,.T.);
#2906=EDGE_CURVE('',#3390,#3391,#3392,.T.);
#2907=EDGE_CURVE('',#3390,#3393,#3394,.T.);
#2908=EDGE_CURVE('',#3395,#3393,#3396,.T.);
#2909=EDGE_CURVE('',#3391,#3395,#3397,.T.);
#2910=EDGE_CURVE('',#3398,#3382,#3399,.T.);
#2911=EDGE_CURVE('',#3398,#3400,#3401,.T.);
#2912=EDGE_CURVE('',#3378,#3400,#3402,.T.);
#2913=EDGE_CURVE('',#3403,#3404,#3405,.T.);
#2914=EDGE_CURVE('',#3403,#3406,#3407,.T.);
#2915=EDGE_CURVE('',#3406,#3408,#3409,.T.);
#2916=EDGE_CURVE('',#3404,#3408,#3410,.T.);
#2917=EDGE_CURVE('',#3411,#3412,#3413,.T.);
#2918=EDGE_CURVE('',#3411,#3414,#3415,.T.);
#2919=EDGE_CURVE('',#3374,#3414,#3416,.T.);
#2920=EDGE_CURVE('',#3372,#3412,#3417,.T.);
#2921=EDGE_CURVE('',#3418,#3419,#3420,.T.);
#2922=EDGE_CURVE('',#3418,#3421,#3422,.T.);
#2923=EDGE_CURVE('',#3423,#3421,#3424,.T.);
#2924=EDGE_CURVE('',#3425,#3423,#3426,.T.);
#2925=EDGE_CURVE('',#3419,#3425,#3427,.T.);
#2926=EDGE_CURVE('',#3428,#3360,#3429,.T.);
#2927=EDGE_CURVE('',#3428,#3430,#3431,.T.);
#2928=EDGE_CURVE('',#3364,#3430,#3432,.T.);
#2929=EDGE_CURVE('',#3364,#3360,#3433,.T.);
#2930=EDGE_CURVE('',#3434,#3435,#3436,.T.);
#2931=EDGE_CURVE('',#3435,#3437,#3438,.T.);
#2932=EDGE_CURVE('',#3437,#3439,#3440,.T.);
#2933=EDGE_CURVE('',#3434,#3439,#3441,.T.);
#2934=EDGE_CURVE('',#3442,#3443,#3444,.T.);
#2935=EDGE_CURVE('',#3442,#3435,#3445,.T.);
#2936=EDGE_CURVE('',#3443,#3434,#3446,.T.);
#2937=EDGE_CURVE('',#3447,#3425,#3448,.T.);
#2938=EDGE_CURVE('',#3447,#3449,#3450,.T.);
#2939=EDGE_CURVE('',#3451,#3449,#3452,.T.);
#2940=EDGE_CURVE('',#3451,#3419,#3453,.T.);
#2941=EDGE_CURVE('',#3454,#1911,#3455,.T.);
#2942=EDGE_CURVE('',#3454,#3456,#3457,.T.);
#2943=EDGE_CURVE('',#1910,#3456,#3458,.T.);
#2944=EDGE_CURVE('',#3459,#3460,#3461,.T.);
#2945=EDGE_CURVE('',#3462,#3459,#3463,.T.);
#2946=EDGE_CURVE('',#3464,#3462,#3465,.T.);
#2947=EDGE_CURVE('',#3460,#3464,#3466,.T.);
#2948=EDGE_CURVE('',#3467,#3459,#3468,.T.);
#2949=EDGE_CURVE('',#3469,#3467,#3470,.T.);
#2950=EDGE_CURVE('',#3462,#3469,#3471,.T.);
#2951=EDGE_CURVE('',#3472,#3473,#3474,.T.);
#2952=EDGE_CURVE('',#3475,#3472,#3476,.T.);
#2953=EDGE_CURVE('',#3477,#3475,#3478,.T.);
#2954=EDGE_CURVE('',#3477,#3473,#3479,.T.);
#2955=EDGE_CURVE('',#3456,#3480,#3481,.T.);
#2956=EDGE_CURVE('',#3482,#3454,#3483,.T.);
#2957=EDGE_CURVE('',#3482,#3480,#3484,.T.);
#2958=EDGE_CURVE('',#3485,#3482,#3486,.T.);
#2959=EDGE_CURVE('',#3485,#3487,#3488,.T.);
#2960=EDGE_CURVE('',#3480,#3487,#3489,.T.);
#2961=EDGE_CURVE('',#3487,#3467,#3490,.T.);
#2962=EDGE_CURVE('',#3469,#3485,#3491,.T.);
#2963=EDGE_CURVE('',#3467,#3492,#3493,.T.);
#2964=EDGE_CURVE('',#3492,#3469,#3494,.T.);
#2965=EDGE_CURVE('',#3495,#3485,#3496,.T.);
#2966=EDGE_CURVE('',#3487,#3495,#3497,.T.);
#2967=EDGE_CURVE('',#3498,#3482,#3499,.T.);
#2968=EDGE_CURVE('',#3480,#3498,#3500,.T.);
#2969=EDGE_CURVE('',#3456,#3454,#3501,.T.);
#2970=EDGE_CURVE('',#3464,#3460,#3502,.T.);
#2971=EDGE_CURVE('',#3503,#3504,#3505,.T.);
#2972=EDGE_CURVE('',#3506,#3503,#3507,.T.);
#2973=EDGE_CURVE('',#3508,#3506,#3509,.T.);
#2974=EDGE_CURVE('',#3510,#3508,#3511,.T.);
#2975=EDGE_CURVE('',#3512,#3510,#3513,.T.);
#2976=EDGE_CURVE('',#3504,#3512,#3514,.T.);
#2977=EDGE_CURVE('',#3472,#3515,#3516,.T.);
#2978=EDGE_CURVE('',#3517,#3515,#3518,.T.);
#2979=EDGE_CURVE('',#3400,#3517,#3519,.T.);
#2980=EDGE_CURVE('',#3475,#3398,#3520,.T.);
#2981=EDGE_CURVE('',#3473,#3521,#3522,.T.);
#2982=EDGE_CURVE('',#3521,#3515,#3523,.T.);
#2983=EDGE_CURVE('',#3459,#3524,#3525,.T.);
#2984=EDGE_CURVE('',#3524,#3462,#3526,.T.);
#2985=EDGE_CURVE('',#3527,#3517,#3528,.T.);
#2986=EDGE_CURVE('',#3398,#3527,#3529,.T.);
#2987=EDGE_CURVE('',#3517,#3398,#3530,.T.);
#2988=EDGE_CURVE('',#3512,#3531,#3532,.T.);
#2989=EDGE_CURVE('',#3533,#3510,#3534,.T.);
#2990=EDGE_CURVE('',#3533,#3531,#3535,.T.);
#2991=EDGE_CURVE('',#3531,#3536,#3537,.T.);
#2992=EDGE_CURVE('',#3538,#3533,#3539,.T.);
#2993=EDGE_CURVE('',#3536,#3538,#3540,.T.);
#2994=EDGE_CURVE('',#3508,#3538,#3541,.T.);
#2995=EDGE_CURVE('',#3536,#3506,#3542,.T.);
#2996=EDGE_CURVE('',#3423,#3451,#3543,.T.);
#2997=EDGE_CURVE('',#3449,#3544,#3545,.T.);
#2998=EDGE_CURVE('',#3544,#3447,#3546,.T.);
#2999=EDGE_CURVE('',#3547,#3548,#3549,.T.);
#3000=EDGE_CURVE('',#3548,#3544,#3550,.T.);
#3001=EDGE_CURVE('',#3544,#3439,#3551,.T.);
#3002=EDGE_CURVE('',#3437,#3477,#3552,.T.);
#3003=EDGE_CURVE('',#3536,#3527,#3553,.T.);
#3004=EDGE_CURVE('',#3503,#3547,#3554,.T.);
#3005=EDGE_CURVE('',#3548,#3443,#3555,.T.);
#3006=EDGE_CURVE('',#3547,#3442,#3556,.T.);
#3007=EDGE_CURVE('',#3430,#3428,#3557,.T.);
#3008=EDGE_CURVE('',#3421,#3418,#3558,.T.);
#3009=EDGE_CURVE('',#3412,#3368,#3559,.T.);
#3010=EDGE_CURVE('',#3414,#3560,#3561,.T.);
#3011=EDGE_CURVE('',#3560,#3411,#3562,.T.);
#3012=EDGE_CURVE('',#3563,#3531,#3564,.T.);
#3013=EDGE_CURVE('',#3563,#3560,#3565,.T.);
#3014=EDGE_CURVE('',#3560,#3408,#3566,.T.);
#3015=EDGE_CURVE('',#3406,#3567,#3568,.T.);
#3016=EDGE_CURVE('',#3569,#3567,#3570,.T.);
#3017=EDGE_CURVE('',#3569,#3428,#3571,.T.);
#3018=EDGE_CURVE('',#3428,#3395,#3572,.T.);
#3019=EDGE_CURVE('',#3393,#3504,#3573,.T.);
#3020=EDGE_CURVE('',#3574,#3404,#3575,.T.);
#3021=EDGE_CURVE('',#3576,#3574,#3577,.T.);
#3022=EDGE_CURVE('',#3576,#3403,#3578,.T.);
#3023=EDGE_CURVE('',#3569,#3391,#3579,.T.);
#3024=EDGE_CURVE('',#3521,#3576,#3580,.T.);
#3025=EDGE_CURVE('',#3574,#3411,#3581,.T.);
#3026=EDGE_CURVE('',#3411,#3563,#3582,.T.);
#3027=EDGE_CURVE('',#3382,#3378,#3583,.T.);
#3028=EDGE_CURVE('',#3567,#3390,#3584,.T.);
#3029=EDGE_CURVE('',#3387,#3385,#3585,.T.);
#3030=EDGE_CURVE('',#3380,#3377,#3586,.T.);
#3031=EDGE_CURVE('',#3370,#3367,#3587,.T.);
#3032=EDGE_CURVE('',#3362,#3359,#3588,.T.);
#3033=DIRECTION('',(-0.0,1.0,-0.0));
#3034=CARTESIAN_POINT('',(4.33438484895535E-15,-6.7,-6.531));
#3035=DIRECTION('',(0.0,1.0,0.0));
#3036=DIRECTION('',(1.0,0.0,-5.35910941046883E-32));
#3037=DIRECTION('',(0.0,-1.0,0.0));
#3038=CARTESIAN_POINT('',(4.33438484895535E-15,-2.1,-6.531));
#3039=DIRECTION('',(-1.22460635382238E-16,-1.0,1.1102250468914E-15));
#3040=DIRECTION('',(-6.12323399573676E-17,1.1102250468914E-15,1.0));
#3041=CARTESIAN_POINT('',(4.33438484895535E-15,-2.1,-6.531));
#3042=DIRECTION('',(-1.22460635382238E-16,-1.0,1.1102250468914E-15));
#3043=DIRECTION('',(-6.12323399573676E-17,1.1102250468914E-15,1.0));
#3044=DIRECTION('',(-0.707106781186549,0.707106781186546,-6.37850061340283E-16));
#3045=CARTESIAN_POINT('',(4.33438484895535E-15,-6.9,-6.531));
#3046=DIRECTION('',(0.0,1.0,0.0));
#3047=DIRECTION('',(1.0,0.0,-5.92593829042227E-32));
#3048=DIRECTION('',(-0.707106781186549,-0.707106781186546,6.37850061340283E-16));
#3049=DIRECTION('',(-1.22460635382238E-16,-1.0,1.11022504689141E-15));
#3050=CARTESIAN_POINT('',(2.69478449971267E-17,-2.1,-6.53));
#3051=DIRECTION('',(-1.22460635382238E-16,-1.0,1.1102250468914E-15));
#3052=DIRECTION('',(-6.12323399573676E-17,1.1102250468914E-15,1.0));
#3053=DIRECTION('',(1.22460635382238E-16,1.0,-1.11022504689141E-15));
#3054=CARTESIAN_POINT('',(-8.32667268468872E-17,-3.0,-6.53));
#3055=DIRECTION('',(1.22460635382238E-16,1.0,-1.11022504689141E-15));
#3056=DIRECTION('',(-1.23268568227365E-15,1.11022504689141E-15,1.0));
#3057=DIRECTION('',(1.22460635382238E-16,1.0,-1.11022504689141E-15));
#3058=CARTESIAN_POINT('',(-8.32667268468872E-17,-3.0,-6.53));
#3059=DIRECTION('',(1.22460635382238E-16,1.0,-1.11022504689141E-15));
#3060=DIRECTION('',(-1.23268568227365E-15,1.11022504689141E-15,1.0));
#3061=DIRECTION('',(-1.22460635382238E-16,-1.0,1.11022504689141E-15));
#3062=CARTESIAN_POINT('',(4.89842541528974E-18,-2.96,-6.53));
#3063=DIRECTION('',(-1.22460635382238E-16,-1.0,1.17145536458252E-15));
#3064=DIRECTION('',(-6.12323399573676E-17,1.17145536458252E-15,1.0));
#3065=CARTESIAN_POINT('',(4.89842541528974E-18,-2.96,-6.53));
#3066=DIRECTION('',(-1.22460635382238E-16,-1.0,1.17145536458252E-15));
#3067=DIRECTION('',(-6.12323399573676E-17,1.17145536458252E-15,1.0));
#3068=DIRECTION('',(-8.65956056235494E-17,0.66896473162245,0.743294146247166));
#3069=CARTESIAN_POINT('',(4.33438484895534E-15,-0.0994609534396887,-1.60786818587383));
#3070=DIRECTION('',(0.0,-0.052558833122763,0.99861782933251));
#3071=DIRECTION('',(6.64113773926633E-34,0.99861782933251,0.052558833122763));
#3072=CARTESIAN_POINT('',(4.33438484895534E-15,-0.104716836751965,-1.50800640294058));
#3073=DIRECTION('',(0.0,-0.052558833122763,0.99861782933251));
#3074=DIRECTION('',(4.93828190868522E-34,0.99861782933251,0.052558833122763));
#3075=DIRECTION('',(4.93038065763132E-32,-0.0,1.0));
#3076=CARTESIAN_POINT('',(4.33438484895535E-15,-1.07607065619186E-14,-4.6));
#3077=DIRECTION('',(4.93038065763132E-32,0.0,1.0));
#3078=DIRECTION('',(1.0,0.0,-4.93038065763132E-32));
#3079=DIRECTION('',(-4.93038065763132E-32,0.0,-1.0));
#3080=CARTESIAN_POINT('',(4.33438484895534E-15,-1.09639944692597E-14,-3.49));
#3081=DIRECTION('',(4.93038065763132E-32,0.0,1.0));
#3082=DIRECTION('',(1.0,0.0,-4.93038065763132E-32));
#3083=CARTESIAN_POINT('',(4.33438484895534E-15,0.000401384275131679,-3.49));
#3084=DIRECTION('',(-4.93038065763132E-32,0.0,-1.0));
#3085=DIRECTION('',(0.0,1.0,0.0));
#3086=CARTESIAN_POINT('',(4.33438484895534E-15,-1.09639944692597E-14,-3.49));
#3087=DIRECTION('',(4.93038065763132E-32,0.0,1.0));
#3088=DIRECTION('',(1.0,0.0,-4.93038065763132E-32));
#3089=DIRECTION('',(-6.12303176911183E-17,3.88578058618805E-16,-1.0));
#3090=CARTESIAN_POINT('',(4.25379146651021E-15,-1.07607065619186E-14,-4.6));
#3091=DIRECTION('',(6.12303176911183E-17,-3.88578058618805E-16,1.0));
#3092=DIRECTION('',(3.90987294733487E-48,1.0,3.88578058618805E-16));
#3093=DIRECTION('',(6.12303176911183E-17,-3.88578058618805E-16,1.0));
#3094=CARTESIAN_POINT('',(4.23052394578759E-15,-1.0828469197699E-14,-4.98));
#3095=DIRECTION('',(3.69778549322349E-32,1.17145536458252E-15,1.0));
#3096=DIRECTION('',(7.17309531289989E-32,1.0,-1.17145536458252E-15));
#3097=DIRECTION('',(-4.93038065763132E-32,0.0,-1.0));
#3098=CARTESIAN_POINT('',(4.33438484895534E-15,-1.10859672136643E-14,-3.49));
#3099=DIRECTION('',(4.93038065763132E-32,0.0,1.0));
#3100=DIRECTION('',(1.0,0.0,-4.93038065763132E-32));
#3101=CARTESIAN_POINT('',(4.33438484895534E-15,0.000401384275132086,-3.49));
#3102=DIRECTION('',(-4.93038065763132E-32,0.0,-1.0));
#3103=DIRECTION('',(0.0,1.0,0.0));
#3104=CARTESIAN_POINT('',(4.33438484895534E-15,0.000401384275132086,-3.49));
#3105=DIRECTION('',(-4.93038065763132E-32,0.0,-1.0));
#3106=DIRECTION('',(0.0,1.0,0.0));
#3107=CARTESIAN_POINT('',(4.33438484895534E-15,-1.10859672136643E-14,-3.49));
#3108=DIRECTION('',(4.93038065763132E-32,0.0,1.0));
#3109=DIRECTION('',(1.0,0.0,-4.93038065763132E-32));
#3110=DIRECTION('',(4.93038065763132E-32,0.0,1.0));
#3111=CARTESIAN_POINT('',(4.33438484895534E-15,-1.11401773222886E-14,-4.14));
#3112=DIRECTION('',(4.93038065763132E-32,0.0,1.0));
#3113=DIRECTION('',(1.0,0.0,-4.93038065763132E-32));
#3114=DIRECTION('',(0.857167300702115,1.58562948074861E-16,0.515038074910049));
#3115=DIRECTION('',(0.857167300702115,5.1349111326658E-17,-0.515038074910049));
#3116=DIRECTION('',(8.65956056235494E-17,-0.66896473162245,0.743294146247167));
#3117=CARTESIAN_POINT('',(4.33438484895534E-15,0.0994609534396662,-1.60786818587383));
#3118=DIRECTION('',(0.0,0.0525588331227635,0.99861782933251));
#3119=DIRECTION('',(0.0,-0.99861782933251,0.0525588331227635));
#3120=CARTESIAN_POINT('',(4.33438484895534E-15,0.104716836751943,-1.50800640294058));
#3121=DIRECTION('',(0.0,0.0525588331227635,0.99861782933251));
#3122=DIRECTION('',(0.0,-0.99861782933251,0.0525588331227635));
#3123=DIRECTION('',(-1.17145536458252E-15,3.51436609374757E-15,1.0));
#3124=CARTESIAN_POINT('',(-4.68582145833101E-17,-5.61657790176519E-15,-4.98));
#3125=DIRECTION('',(4.93038065763132E-32,1.17145536458252E-15,1.0));
#3126=DIRECTION('',(7.17309531289989E-32,1.0,-1.17145536458252E-15));
#3127=CARTESIAN_POINT('',(-4.68582145833101E-17,-5.61657790176519E-15,-4.98));
#3128=DIRECTION('',(4.93038065763132E-32,1.17145536458252E-15,1.0));
#3129=DIRECTION('',(7.17309531289989E-32,1.0,-1.17145536458252E-15));
#3130=DIRECTION('',(1.17145536458252E-15,-3.51436609374757E-15,-1.0));
#3131=CARTESIAN_POINT('',(-3.51436609374766E-16,-4.70284271739082E-15,-4.72));
#3132=DIRECTION('',(1.17145536458252E-15,-3.51436609374757E-15,-1.0));
#3133=DIRECTION('',(-1.0,-3.51436609374758E-15,-1.17145536458251E-15));
#3134=DIRECTION('',(-0.707106781186546,-4.88346858729843E-15,-0.707106781186549));
#3135=CARTESIAN_POINT('',(-4.28752663437204E-15,7.105427357601E-15,-1.36));
#3136=DIRECTION('',(-1.17145536458252E-15,3.51436609374757E-15,1.0));
#3137=DIRECTION('',(1.0,3.51436609374758E-15,1.17145536458251E-15));
#3138=DIRECTION('',(-0.707106781186548,8.65956056235446E-17,0.707106781186547));
#3139=CARTESIAN_POINT('',(-4.17038109791378E-15,6.75399074822624E-15,-1.46));
#3140=DIRECTION('',(1.17145536458252E-15,-3.51436609374757E-15,-1.0));
#3141=DIRECTION('',(1.0,3.51436609374758E-15,1.17145536458251E-15));
#3142=DIRECTION('',(1.17145536458252E-15,-3.51436609374757E-15,-1.0));
#3143=DIRECTION('',(-1.17145536458252E-15,3.51436609374757E-15,1.0));
#3144=CARTESIAN_POINT('',(-7.26302326041173E-16,-3.5782455673916E-15,-4.4));
#3145=DIRECTION('',(1.17145536458252E-15,-3.51436609374757E-15,-1.0));
#3146=DIRECTION('',(-1.0,-3.51436609374758E-15,-1.17145536458251E-15));
#3147=DIRECTION('',(-1.17145536458252E-15,3.51436609374757E-15,1.0));
#3148=CARTESIAN_POINT('',(-3.51436609374766E-16,-4.70284271739082E-15,-4.72));
#3149=DIRECTION('',(1.17145536458252E-15,-3.51436609374757E-15,-1.0));
#3150=DIRECTION('',(-1.0,-3.51436609374758E-15,-1.17145536458251E-15));
#3151=DIRECTION('',(1.17145536458252E-15,-3.51436609374757E-15,-1.0));
#3152=CARTESIAN_POINT('',(-4.28752663437204E-15,7.105427357601E-15,-1.36));
#3153=DIRECTION('',(1.17145536458252E-15,-3.51436609374757E-15,-1.0));
#3154=DIRECTION('',(-1.0,-3.51436609374758E-15,-1.17145536458251E-15));
#3155=DIRECTION('',(8.65956056235493E-17,0.707106781186547,-0.707106781186548));
#3156=CARTESIAN_POINT('',(-7.18439154072782E-48,0.0,-2.77555756156289E-17));
#3157=DIRECTION('',(4.93038065763132E-32,0.0,1.0));
#3158=DIRECTION('',(0.0,-1.0,0.0));
#3159=DIRECTION('',(8.65956056235493E-17,0.707106781186547,0.707106781186548));
#3160=CARTESIAN_POINT('',(-5.39260384428426E-33,0.0,-0.1));
#3161=DIRECTION('',(-4.93038065763132E-32,-0.0,-1.0));
#3162=DIRECTION('',(0.0,-1.0,0.0));
#3163=DIRECTION('',(-8.65956056235493E-17,-0.707106781186547,0.707106781186548));
#3164=CARTESIAN_POINT('',(-1.23259516440783E-31,0.0,-3.25));
#3165=DIRECTION('',(-4.93038065763132E-32,0.0,-1.0));
#3166=DIRECTION('',(0.0,1.0,0.0));
#3167=DIRECTION('',(-8.65956056235493E-17,-0.707106781186547,-0.707106781186548));
#3168=CARTESIAN_POINT('',(7.39557098644699E-32,0.0,-3.12));
#3169=DIRECTION('',(-4.93038065763132E-32,0.0,-1.0));
#3170=DIRECTION('',(0.0,1.0,0.0));
#3171=DIRECTION('',(-4.188538737677E-17,0.342020143325669,-0.939692620785908));
#3172=CARTESIAN_POINT('',(5.47382212626882E-48,0.0,-5.55111512312578E-17));
#3173=DIRECTION('',(-4.93038065763132E-32,0.0,-1.0));
#3174=DIRECTION('',(0.0,1.0,0.0));
#3175=DIRECTION('',(-4.18853873767699E-17,0.342020143325669,0.939692620785908));
#3176=CARTESIAN_POINT('',(-7.39557098644699E-32,0.0,-0.453333774210014));
#3177=DIRECTION('',(-4.93038065763132E-32,0.0,-1.0));
#3178=DIRECTION('',(0.0,1.0,0.0));
#3179=DIRECTION('',(-4.93038065763132E-32,-0.0,-1.0));
#3180=DIRECTION('',(4.93038065763132E-32,0.0,1.0));
#3181=CARTESIAN_POINT('',(-9.86076131526265E-32,0.0,-2.6));
#3182=DIRECTION('',(-4.93038065763132E-32,0.0,-1.0));
#3183=DIRECTION('',(0.0,1.0,0.0));
#3184=DIRECTION('',(4.93038065763132E-32,-0.0,1.0));
#3185=CARTESIAN_POINT('',(-3.45126646034193E-31,0.0,-4.4));
#3186=DIRECTION('',(-1.17145536458252E-15,3.51436609374757E-15,1.0));
#3187=DIRECTION('',(2.15192859386998E-31,1.0,-3.51436609374757E-15));
#3188=DIRECTION('',(-4.93038065763132E-32,-0.0,-1.0));
#3189=CARTESIAN_POINT('',(0.0,0.0,-4.05));
#3190=DIRECTION('',(-4.93038065763132E-32,0.0,-1.0));
#3191=DIRECTION('',(0.0,1.0,0.0));
#3192=DIRECTION('',(4.93038065763132E-32,-0.0,1.0));
#3193=CARTESIAN_POINT('',(0.0,0.0,-4.05));
#3194=DIRECTION('',(-4.93038065763132E-32,0.0,-1.0));
#3195=DIRECTION('',(0.0,1.0,0.0));
#3196=DIRECTION('',(-4.93038065763132E-32,-0.0,-1.0));
#3197=DIRECTION('',(4.93038065763132E-32,-0.0,1.0));
#3198=DIRECTION('',(-4.93038065763132E-32,-0.0,-1.0));
#3199=CARTESIAN_POINT('',(-7.39557098644699E-32,0.0,-0.453333774210014));
#3200=DIRECTION('',(-4.93038065763132E-32,0.0,-1.0));
#3201=DIRECTION('',(0.0,1.0,0.0));
#3202=CARTESIAN_POINT('',(7.39557098644699E-32,0.0,-3.12));
#3203=DIRECTION('',(-4.93038065763132E-32,0.0,-1.0));
#3204=DIRECTION('',(0.0,1.0,0.0));
#3205=CARTESIAN_POINT('',(-1.23259516440783E-31,0.0,-3.25));
#3206=DIRECTION('',(-4.93038065763132E-32,0.0,-1.0));
#3207=DIRECTION('',(0.0,1.0,0.0));
#3208=CARTESIAN_POINT('',(0.0,0.0,-4.05));
#3209=DIRECTION('',(-4.93038065763132E-32,0.0,-1.0));
#3210=DIRECTION('',(0.0,1.0,0.0));
#3211=CARTESIAN_POINT('',(0.0,0.0,-4.05));
#3212=DIRECTION('',(-4.93038065763132E-32,0.0,-1.0));
#3213=DIRECTION('',(0.0,1.0,0.0));
#3214=CARTESIAN_POINT('',(-3.45126646034193E-31,0.0,-4.4));
#3215=DIRECTION('',(-1.17145536458252E-15,3.51436609374757E-15,1.0));
#3216=DIRECTION('',(2.15192859386998E-31,1.0,-3.51436609374757E-15));
#3217=CARTESIAN_POINT('',(-9.86076131526265E-32,0.0,-2.6));
#3218=DIRECTION('',(-4.93038065763132E-32,0.0,-1.0));
#3219=DIRECTION('',(0.0,1.0,0.0));
#3220=CARTESIAN_POINT('',(-5.39260384428426E-33,0.0,-0.1));
#3221=DIRECTION('',(-4.93038065763132E-32,-0.0,-1.0));
#3222=DIRECTION('',(0.0,-1.0,0.0));
#3223=CARTESIAN_POINT('',(5.47382212626882E-48,0.0,-5.55111512312578E-17));
#3224=DIRECTION('',(-4.93038065763132E-32,0.0,-1.0));
#3225=DIRECTION('',(0.0,1.0,0.0));
#3226=CARTESIAN_POINT('',(-7.18439154072782E-48,0.0,-2.77555756156289E-17));
#3227=DIRECTION('',(4.93038065763132E-32,0.0,1.0));
#3228=DIRECTION('',(0.0,-1.0,0.0));
#3229=CARTESIAN_POINT('',(-4.28752663437204E-15,7.105427357601E-15,-1.36));
#3230=DIRECTION('',(1.17145536458252E-15,-3.51436609374757E-15,-1.0));
#3231=DIRECTION('',(-1.0,-3.51436609374758E-15,-1.17145536458251E-15));
#3232=CARTESIAN_POINT('',(-3.51436609374766E-16,-4.70284271739082E-15,-4.72));
#3233=DIRECTION('',(1.17145536458252E-15,-3.51436609374757E-15,-1.0));
#3234=DIRECTION('',(-1.0,-3.51436609374758E-15,-1.17145536458251E-15));
#3235=CARTESIAN_POINT('',(-3.51436609374766E-16,-4.70284271739082E-15,-4.72));
#3236=DIRECTION('',(1.17145536458252E-15,-3.51436609374757E-15,-1.0));
#3237=DIRECTION('',(-1.0,-3.51436609374758E-15,-1.17145536458251E-15));
#3238=CARTESIAN_POINT('',(-7.26302326041173E-16,-3.5782455673916E-15,-4.4));
#3239=DIRECTION('',(1.17145536458252E-15,-3.51436609374757E-15,-1.0));
#3240=DIRECTION('',(-1.0,-3.51436609374758E-15,-1.17145536458251E-15));
#3241=CARTESIAN_POINT('',(-4.17038109791378E-15,6.75399074822624E-15,-1.46));
#3242=DIRECTION('',(1.17145536458252E-15,-3.51436609374757E-15,-1.0));
#3243=DIRECTION('',(1.0,3.51436609374758E-15,1.17145536458251E-15));
#3244=CARTESIAN_POINT('',(-4.28752663437204E-15,7.105427357601E-15,-1.36));
#3245=DIRECTION('',(-1.17145536458252E-15,3.51436609374757E-15,1.0));
#3246=DIRECTION('',(1.0,3.51436609374758E-15,1.17145536458251E-15));
#3247=CARTESIAN_POINT('',(-4.68582145833101E-17,-5.61657790176519E-15,-4.98));
#3248=DIRECTION('',(4.93038065763132E-32,1.17145536458252E-15,1.0));
#3249=DIRECTION('',(7.17309531289989E-32,1.0,-1.17145536458252E-15));
#3250=CARTESIAN_POINT('',(-9.86076131526265E-32,-3.05470906075613E-15,-2.6));
#3251=DIRECTION('',(4.93038065763132E-32,0.0,1.0));
#3252=DIRECTION('',(1.0,0.0,-4.93038065763132E-32));
#3253=CARTESIAN_POINT('',(-9.86076131526265E-32,-3.05470906075613E-15,-2.6));
#3254=DIRECTION('',(4.93038065763132E-32,0.0,1.0));
#3255=DIRECTION('',(1.0,0.0,-4.93038065763132E-32));
#3256=DIRECTION('',(0.0,-0.052558833122763,0.99861782933251));
#3257=DIRECTION('',(-1.0,0.0,5.04870979341448E-32));
#3258=DIRECTION('',(0.0,-0.0525588331227631,0.99861782933251));
#3259=DIRECTION('',(-1.0,0.0,5.04870979341448E-32));
#3260=CARTESIAN_POINT('',(4.33438484895534E-15,-0.104716836751965,-1.50800640294058));
#3261=DIRECTION('',(3.69778549322349E-32,-0.0525588331227631,0.99861782933251));
#3262=DIRECTION('',(1.0,-8.69279325392918E-34,-3.70747869222227E-32));
#3263=DIRECTION('',(-1.0,0.0,5.04870979341448E-32));
#3264=CARTESIAN_POINT('',(4.33438484895534E-15,-0.104716836751965,-1.50800640294058));
#3265=DIRECTION('',(0.0,-0.052558833122763,0.99861782933251));
#3266=DIRECTION('',(4.93828190868522E-34,0.99861782933251,0.052558833122763));
#3267=DIRECTION('',(1.0,0.0,-5.04870979341448E-32));
#3268=CARTESIAN_POINT('',(4.33438484895534E-15,0.104716836751943,-1.50800640294058));
#3269=DIRECTION('',(3.69778549322349E-32,0.0525588331227635,0.99861782933251));
#3270=DIRECTION('',(-1.0,-8.69279325392925E-34,3.70747869222227E-32));
#3271=DIRECTION('',(1.0,0.0,-5.04870979341448E-32));
#3272=CARTESIAN_POINT('',(4.33438484895534E-15,0.104716836751943,-1.50800640294058));
#3273=DIRECTION('',(0.0,0.0525588331227635,0.99861782933251));
#3274=DIRECTION('',(0.0,-0.99861782933251,0.0525588331227635));
#3275=DIRECTION('',(0.0,0.0525588331227635,0.99861782933251));
#3276=DIRECTION('',(-1.0,0.0,5.04870979341448E-32));
#3277=DIRECTION('',(0.0,0.0525588331227635,0.99861782933251));
#3278=CARTESIAN_POINT('',(4.33438484895534E-15,0.0994609534396662,-1.60786818587383));
#3279=DIRECTION('',(0.0,0.0525588331227635,0.99861782933251));
#3280=DIRECTION('',(0.0,-0.99861782933251,0.0525588331227635));
#3281=DIRECTION('',(0.0,0.0525588331227635,0.99861782933251));
#3282=DIRECTION('',(0.0,0.0525588331227635,0.99861782933251));
#3283=DIRECTION('',(-1.0,0.0,5.04870979341448E-32));
#3284=CARTESIAN_POINT('',(4.33438484895534E-15,0.00040138427513214,-3.49));
#3285=DIRECTION('',(-4.93038065763132E-32,-0.0,-1.0));
#3286=DIRECTION('',(0.0,-1.0,0.0));
#3287=CARTESIAN_POINT('',(4.33438484895534E-15,0.00040138427513214,-3.49));
#3288=DIRECTION('',(-4.93038065763132E-32,-0.0,-1.0));
#3289=DIRECTION('',(0.0,-1.0,0.0));
#3290=CARTESIAN_POINT('',(4.33438484895534E-15,-1.10859672136643E-14,-3.49));
#3291=DIRECTION('',(4.93038065763132E-32,0.0,1.0));
#3292=DIRECTION('',(1.0,0.0,-4.93038065763132E-32));
#3293=DIRECTION('',(-1.0,0.0,5.04870979341448E-32));
#3294=CARTESIAN_POINT('',(4.33438484895534E-15,-0.000401384275154827,-3.49));
#3295=DIRECTION('',(-4.93038065763132E-32,-0.0,-1.0));
#3296=DIRECTION('',(0.0,-1.0,0.0));
#3297=CARTESIAN_POINT('',(4.33438484895534E-15,-1.09639944692597E-14,-3.49));
#3298=DIRECTION('',(4.93038065763132E-32,0.0,1.0));
#3299=DIRECTION('',(1.0,0.0,-4.93038065763132E-32));
#3300=CARTESIAN_POINT('',(4.33438484895534E-15,-1.11401773222886E-14,-4.14));
#3301=DIRECTION('',(4.93038065763132E-32,0.0,1.0));
#3302=DIRECTION('',(1.0,0.0,-4.93038065763132E-32));
#3303=CARTESIAN_POINT('',(4.33438484895534E-15,-1.10859672136643E-14,-3.49));
#3304=DIRECTION('',(4.93038065763132E-32,0.0,1.0));
#3305=DIRECTION('',(1.0,0.0,-4.93038065763132E-32));
#3306=CARTESIAN_POINT('',(4.33438484895534E-15,-0.000401384275154827,-3.49));
#3307=DIRECTION('',(-4.93038065763132E-32,-0.0,-1.0));
#3308=DIRECTION('',(0.0,-1.0,0.0));
#3309=CARTESIAN_POINT('',(4.33438484895534E-15,-0.000401384275154827,-3.49));
#3310=DIRECTION('',(-4.93038065763132E-32,-0.0,-1.0));
#3311=DIRECTION('',(0.0,-1.0,0.0));
#3312=CARTESIAN_POINT('',(4.33438484895534E-15,-1.09639944692597E-14,-3.49));
#3313=DIRECTION('',(4.93038065763132E-32,0.0,1.0));
#3314=DIRECTION('',(1.0,0.0,-4.93038065763132E-32));
#3315=CARTESIAN_POINT('',(4.33438484895534E-15,-0.000401384275154827,-3.49));
#3316=DIRECTION('',(-4.93038065763132E-32,-0.0,-1.0));
#3317=DIRECTION('',(0.0,-1.0,0.0));
#3318=CARTESIAN_POINT('',(4.23052394578759E-15,-1.0828469197699E-14,-4.98));
#3319=DIRECTION('',(3.69778549322349E-32,1.17145536458252E-15,1.0));
#3320=DIRECTION('',(7.17309531289989E-32,1.0,-1.17145536458252E-15));
#3321=CARTESIAN_POINT('',(4.25379146651021E-15,-1.07607065619186E-14,-4.6));
#3322=DIRECTION('',(6.12303176911183E-17,-3.88578058618805E-16,1.0));
#3323=DIRECTION('',(3.90987294733487E-48,1.0,3.88578058618805E-16));
#3324=CARTESIAN_POINT('',(4.33438484895535E-15,-1.07607065619186E-14,-4.6));
#3325=DIRECTION('',(4.93038065763132E-32,0.0,1.0));
#3326=DIRECTION('',(1.0,0.0,-4.93038065763132E-32));
#3327=CARTESIAN_POINT('',(4.33438484895534E-15,-1.09639944692597E-14,-3.49));
#3328=DIRECTION('',(4.93038065763132E-32,0.0,1.0));
#3329=DIRECTION('',(1.0,0.0,-4.93038065763132E-32));
#3330=DIRECTION('',(0.0,-0.052558833122763,0.99861782933251));
#3331=DIRECTION('',(0.0,-0.0525588331227631,0.99861782933251));
#3332=CARTESIAN_POINT('',(4.33438484895534E-15,-0.0994609534396887,-1.60786818587383));
#3333=DIRECTION('',(0.0,-0.052558833122763,0.99861782933251));
#3334=DIRECTION('',(6.64113773926633E-34,0.99861782933251,0.052558833122763));
#3335=CARTESIAN_POINT('',(4.89842541528974E-18,-2.96,-6.53));
#3336=DIRECTION('',(-1.22460635382238E-16,-1.0,1.17145536458252E-15));
#3337=DIRECTION('',(-6.12323399573676E-17,1.17145536458252E-15,1.0));
#3338=CARTESIAN_POINT('',(4.89842541528974E-18,-2.96,-6.53));
#3339=DIRECTION('',(-1.22460635382238E-16,-1.0,1.17145536458252E-15));
#3340=DIRECTION('',(-6.12323399573676E-17,1.17145536458252E-15,1.0));
#3341=CARTESIAN_POINT('',(-8.32667268468872E-17,-3.0,-6.53));
#3342=DIRECTION('',(1.22460635382238E-16,1.0,-1.11022504689141E-15));
#3343=DIRECTION('',(-1.23268568227365E-15,1.11022504689141E-15,1.0));
#3344=CARTESIAN_POINT('',(-8.32667268468872E-17,-3.0,-6.53));
#3345=DIRECTION('',(1.22460635382238E-16,1.0,-1.11022504689141E-15));
#3346=DIRECTION('',(-1.23268568227365E-15,1.11022504689141E-15,1.0));
#3347=CARTESIAN_POINT('',(2.69478449971267E-17,-2.1,-6.53));
#3348=DIRECTION('',(-1.22460635382238E-16,-1.0,1.1102250468914E-15));
#3349=DIRECTION('',(-6.12323399573676E-17,1.1102250468914E-15,1.0));
#3350=CARTESIAN_POINT('',(4.33438484895535E-15,-6.9,-6.531));
#3351=DIRECTION('',(0.0,1.0,0.0));
#3352=DIRECTION('',(1.0,0.0,-5.92593829042227E-32));
#3353=CARTESIAN_POINT('',(4.33438484895535E-15,-6.7,-6.531));
#3354=DIRECTION('',(0.0,1.0,0.0));
#3355=DIRECTION('',(1.0,0.0,-5.35910941046883E-32));
#3356=CARTESIAN_POINT('',(4.33438484895535E-15,-2.1,-6.531));
#3357=DIRECTION('',(-1.22460635382238E-16,-1.0,1.1102250468914E-15));
#3358=DIRECTION('',(-6.12323399573676E-17,1.1102250468914E-15,1.0));
#3359=VERTEX_POINT('',#3589);
#3360=VERTEX_POINT('',#3590);
#3361=LINE('',#3591,#3592);
#3362=VERTEX_POINT('',#3593);
#3363=CIRCLE('',#3594,0.4);
#3364=VERTEX_POINT('',#3595);
#3365=LINE('',#3596,#3597);
#3366=CIRCLE('',#3598,0.5);
#3367=VERTEX_POINT('',#3599);
#3368=VERTEX_POINT('',#3600);
#3369=LINE('',#3601,#3602);
#3370=VERTEX_POINT('',#3603);
#3371=CIRCLE('',#3604,0.4);
#3372=VERTEX_POINT('',#3605);
#3373=LINE('',#3606,#3607);
#3374=VERTEX_POINT('',#3608);
#3375=CIRCLE('',#3609,0.5);
#3376=CIRCLE('',#3610,0.5);
#3377=VERTEX_POINT('',#3611);
#3378=VERTEX_POINT('',#3612);
#3379=LINE('',#3613,#3614);
#3380=VERTEX_POINT('',#3615);
#3381=CIRCLE('',#3616,0.4);
#3382=VERTEX_POINT('',#3617);
#3383=LINE('',#3618,#3619);
#3384=CIRCLE('',#3620,0.5);
#3385=VERTEX_POINT('',#3621);
#3386=LINE('',#3622,#3623);
#3387=VERTEX_POINT('',#3624);
#3388=CIRCLE('',#3625,2.0);
#3389=LINE('',#3626,#3627);
#3390=VERTEX_POINT('',#3628);
#3391=VERTEX_POINT('',#3629);
#3392=LINE('',#3630,#3631);
#3393=VERTEX_POINT('',#3632);
#3394=CIRCLE('',#3633,0.85);
#3395=VERTEX_POINT('',#3634);
#3396=LINE('',#3635,#3636);
#3397=CIRCLE('',#3637,0.85);
#3398=VERTEX_POINT('',#3638);
#3399=LINE('',#3639,#3640);
#3400=VERTEX_POINT('',#3641);
#3401=CIRCLE('',#3642,0.5);
#3402=LINE('',#3643,#3644);
#3403=VERTEX_POINT('',#3645);
#3404=VERTEX_POINT('',#3646);
#3405=LINE('',#3647,#3648);
#3406=VERTEX_POINT('',#3649);
#3407=CIRCLE('',#3650,0.85);
#3408=VERTEX_POINT('',#3651);
#3409=LINE('',#3652,#3653);
#3410=CIRCLE('',#3654,0.85);
#3411=VERTEX_POINT('',#3655);
#3412=VERTEX_POINT('',#3656);
#3413=LINE('',#3657,#3658);
#3414=VERTEX_POINT('',#3659);
#3415=CIRCLE('',#3660,0.5);
#3416=LINE('',#3661,#3662);
#3417=CIRCLE('',#3663,0.5);
#3418=VERTEX_POINT('',#3664);
#3419=VERTEX_POINT('',#3665);
#3420=LINE('',#3666,#3667);
#3421=VERTEX_POINT('',#3668);
#3422=CIRCLE('',#3669,0.4);
#3423=VERTEX_POINT('',#3670);
#3424=LINE('',#3671,#3672);
#3425=VERTEX_POINT('',#3673);
#3426=CIRCLE('',#3674,0.5);
#3427=CIRCLE('',#3675,0.5);
#3428=VERTEX_POINT('',#3676);
#3429=LINE('',#3677,#3678);
#3430=VERTEX_POINT('',#3679);
#3431=CIRCLE('',#3680,0.5);
#3432=LINE('',#3681,#3682);
#3433=CIRCLE('',#3683,0.5);
#3434=VERTEX_POINT('',#3684);
#3435=VERTEX_POINT('',#3685);
#3436=LINE('',#3686,#3687);
#3437=VERTEX_POINT('',#3688);
#3438=CIRCLE('',#3689,0.85);
#3439=VERTEX_POINT('',#3690);
#3440=LINE('',#3691,#3692);
#3441=CIRCLE('',#3693,0.85);
#3442=VERTEX_POINT('',#3694);
#3443=VERTEX_POINT('',#3695);
#3444=LINE('',#3696,#3697);
#3445=CIRCLE('',#3698,0.85);
#3446=CIRCLE('',#3699,0.85);
#3447=VERTEX_POINT('',#3700);
#3448=LINE('',#3701,#3702);
#3449=VERTEX_POINT('',#3703);
#3450=CIRCLE('',#3704,0.5);
#3451=VERTEX_POINT('',#3705);
#3452=LINE('',#3706,#3707);
#3453=CIRCLE('',#3708,0.5);
#3454=VERTEX_POINT('',#3709);
#3455=LINE('',#3710,#3711);
#3456=VERTEX_POINT('',#3712);
#3457=CIRCLE('',#3713,2.4);
#3458=LINE('',#3714,#3715);
#3459=VERTEX_POINT('',#3716);
#3460=VERTEX_POINT('',#3717);
#3461=LINE('',#3718,#3719);
#3462=VERTEX_POINT('',#3720);
#3463=CIRCLE('',#3721,2.84997083448766);
#3464=VERTEX_POINT('',#3722);
#3465=LINE('',#3723,#3724);
#3466=CIRCLE('',#3725,2.87053079228339);
#3467=VERTEX_POINT('',#3726);
#3468=LINE('',#3727,#3728);
#3469=VERTEX_POINT('',#3729);
#3470=CIRCLE('',#3730,2.66557322049612);
#3471=LINE('',#3731,#3732);
#3472=VERTEX_POINT('',#3733);
#3473=VERTEX_POINT('',#3734);
#3474=LINE('',#3735,#3736);
#3475=VERTEX_POINT('',#3737);
#3476=CIRCLE('',#3738,0.85);
#3477=VERTEX_POINT('',#3739);
#3478=LINE('',#3740,#3741);
#3479=CIRCLE('',#3742,0.85);
#3480=VERTEX_POINT('',#3743);
#3481=LINE('',#3744,#3745);
#3482=VERTEX_POINT('',#3746);
#3483=LINE('',#3747,#3748);
#3484=CIRCLE('',#3749,2.25381414763863);
#3485=VERTEX_POINT('',#3750);
#3486=LINE('',#3751,#3752);
#3487=VERTEX_POINT('',#3753);
#3488=CIRCLE('',#3754,2.63633605002385);
#3489=LINE('',#3755,#3756);
#3490=LINE('',#3757,#3758);
#3491=LINE('',#3759,#3760);
#3492=VERTEX_POINT('',#3761);
#3493=CIRCLE('',#3762,2.66557322049612);
#3494=CIRCLE('',#3763,2.66557322049612);
#3495=VERTEX_POINT('',#3764);
#3496=CIRCLE('',#3765,2.63633605002385);
#3497=CIRCLE('',#3766,2.63633605002385);
#3498=VERTEX_POINT('',#3767);
#3499=CIRCLE('',#3768,2.25381414763863);
#3500=CIRCLE('',#3769,2.25381414763863);
#3501=CIRCLE('',#3770,2.4);
#3502=CIRCLE('',#3771,2.87053079228339);
#3503=VERTEX_POINT('',#3772);
#3504=VERTEX_POINT('',#3773);
#3505=LINE('',#3774,#3775);
#3506=VERTEX_POINT('',#3776);
#3507=LINE('',#3777,#3778);
#3508=VERTEX_POINT('',#3779);
#3509=LINE('',#3780,#3781);
#3510=VERTEX_POINT('',#3782);
#3511=LINE('',#3783,#3784);
#3512=VERTEX_POINT('',#3785);
#3513=LINE('',#3786,#3787);
#3514=LINE('',#3788,#3789);
#3515=VERTEX_POINT('',#3790);
#3516=CIRCLE('',#3791,0.85);
#3517=VERTEX_POINT('',#3792);
#3518=LINE('',#3793,#3794);
#3519=CIRCLE('',#3795,0.5);
#3520=LINE('',#3796,#3797);
#3521=VERTEX_POINT('',#3798);
#3522=CIRCLE('',#3799,0.85);
#3523=LINE('',#3800,#3801);
#3524=VERTEX_POINT('',#3802);
#3525=CIRCLE('',#3803,2.84997083448766);
#3526=CIRCLE('',#3804,2.84997083448766);
#3527=VERTEX_POINT('',#3805);
#3528=LINE('',#3806,#3807);
#3529=LINE('',#3808,#3809);
#3530=CIRCLE('',#3810,0.5);
#3531=VERTEX_POINT('',#3811);
#3532=LINE('',#3812,#3813);
#3533=VERTEX_POINT('',#3814);
#3534=LINE('',#3815,#3816);
#3535=LINE('',#3817,#3818);
#3536=VERTEX_POINT('',#3819);
#3537=LINE('',#3820,#3821);
#3538=VERTEX_POINT('',#3822);
#3539=LINE('',#3823,#3824);
#3540=LINE('',#3825,#3826);
#3541=LINE('',#3827,#3828);
#3542=LINE('',#3829,#3830);
#3543=CIRCLE('',#3831,0.5);
#3544=VERTEX_POINT('',#3832);
#3545=CIRCLE('',#3833,0.5);
#3546=CIRCLE('',#3834,0.5);
#3547=VERTEX_POINT('',#3835);
#3548=VERTEX_POINT('',#3836);
#3549=LINE('',#3837,#3838);
#3550=LINE('',#3839,#3840);
#3551=LINE('',#3841,#3842);
#3552=LINE('',#3843,#3844);
#3553=LINE('',#3845,#3846);
#3554=LINE('',#3847,#3848);
#3555=CIRCLE('',#3849,0.85);
#3556=CIRCLE('',#3850,0.85);
#3557=CIRCLE('',#3851,0.5);
#3558=CIRCLE('',#3852,0.4);
#3559=CIRCLE('',#3853,0.5);
#3560=VERTEX_POINT('',#3854);
#3561=CIRCLE('',#3855,0.5);
#3562=CIRCLE('',#3856,0.5);
#3563=VERTEX_POINT('',#3857);
#3564=LINE('',#3858,#3859);
#3565=LINE('',#3860,#3861);
#3566=LINE('',#3862,#3863);
#3567=VERTEX_POINT('',#3864);
#3568=LINE('',#3865,#3866);
#3569=VERTEX_POINT('',#3867);
#3570=LINE('',#3868,#3869);
#3571=LINE('',#3870,#3871);
#3572=LINE('',#3872,#3873);
#3573=LINE('',#3874,#3875);
#3574=VERTEX_POINT('',#3876);
#3575=CIRCLE('',#3877,0.85);
#3576=VERTEX_POINT('',#3878);
#3577=LINE('',#3879,#3880);
#3578=CIRCLE('',#3881,0.85);
#3579=CIRCLE('',#3882,0.85);
#3580=LINE('',#3883,#3884);
#3581=LINE('',#3885,#3886);
#3582=LINE('',#3887,#3888);
#3583=CIRCLE('',#3889,0.5);
#3584=CIRCLE('',#3890,0.85);
#3585=CIRCLE('',#3891,2.0);
#3586=CIRCLE('',#3892,0.4);
#3587=CIRCLE('',#3893,0.4);
#3588=CIRCLE('',#3894,0.4);
#3589=CARTESIAN_POINT('',(-2.9,-7.0,-4.03));
#3590=CARTESIAN_POINT('',(-3.0,-6.9,-4.02999999999999));
#3591=CARTESIAN_POINT('',(-2.9,-7.0,-4.03));
#3592=VECTOR('',#3895,1.0);
#3593=CARTESIAN_POINT('',(-2.1,-7.0,-4.03));
#3594=AXIS2_PLACEMENT_3D('',#3896,#3897,#3898);
#3595=CARTESIAN_POINT('',(-2.0,-6.9,-4.03));
#3596=CARTESIAN_POINT('',(-2.1,-7.0,-4.03));
#3597=VECTOR('',#3899,1.0);
#3598=AXIS2_PLACEMENT_3D('',#3900,#3901,#3902);
#3599=CARTESIAN_POINT('',(-2.9,-7.0,-9.03));
#3600=CARTESIAN_POINT('',(-3.0,-6.9,-9.03));
#3601=CARTESIAN_POINT('',(-2.9,-7.0,-9.03));
#3602=VECTOR('',#3903,1.0);
#3603=CARTESIAN_POINT('',(-2.1,-7.0,-9.03));
#3604=AXIS2_PLACEMENT_3D('',#3904,#3905,#3906);
#3605=CARTESIAN_POINT('',(-2.0,-6.9,-9.03));
#3606=CARTESIAN_POINT('',(-2.1,-7.0,-9.03));
#3607=VECTOR('',#3907,1.0);
#3608=CARTESIAN_POINT('',(-2.5,-6.9,-8.53));
#3609=AXIS2_PLACEMENT_3D('',#3908,#3909,#3910);
#3610=AXIS2_PLACEMENT_3D('',#3911,#3912,#3913);
#3611=CARTESIAN_POINT('',(2.1,-7.0,-9.03));
#3612=CARTESIAN_POINT('',(2.0,-6.9,-9.03));
#3613=CARTESIAN_POINT('',(2.1,-7.0,-9.03));
#3614=VECTOR('',#3914,1.0);
#3615=CARTESIAN_POINT('',(2.9,-7.0,-9.03));
#3616=AXIS2_PLACEMENT_3D('',#3915,#3916,#3917);
#3617=CARTESIAN_POINT('',(3.0,-6.9,-9.03));
#3618=CARTESIAN_POINT('',(2.9,-7.0,-9.03));
#3619=VECTOR('',#3918,1.0);
#3620=AXIS2_PLACEMENT_3D('',#3919,#3920,#3921);
#3621=CARTESIAN_POINT('',(2.0,-3.0,-6.53));
#3622=CARTESIAN_POINT('',(1.9,-2.9,-6.53));
#3623=VECTOR('',#3922,1.0);
#3624=CARTESIAN_POINT('',(-2.0,-3.0,-6.53));
#3625=AXIS2_PLACEMENT_3D('',#3923,#3924,#3925);
#3626=CARTESIAN_POINT('',(-1.9,-2.9,-6.53));
#3627=VECTOR('',#3926,1.0);
#3628=CARTESIAN_POINT('',(-1.65,-3.0,-4.03));
#3629=CARTESIAN_POINT('',(-1.65,-3.3,-4.03));
#3630=CARTESIAN_POINT('',(-1.65,-3.0,-4.03));
#3631=VECTOR('',#3927,1.0);
#3632=CARTESIAN_POINT('',(-3.0,-3.0,-3.34261364575661));
#3633=AXIS2_PLACEMENT_3D('',#3928,#3929,#3930);
#3634=CARTESIAN_POINT('',(-3.0,-3.3,-3.34261364575661));
#3635=CARTESIAN_POINT('',(-3.0,-3.0,-3.34261364575661));
#3636=VECTOR('',#3931,1000.0);
#3637=AXIS2_PLACEMENT_3D('',#3932,#3933,#3934);
#3638=CARTESIAN_POINT('',(3.0,-3.3,-9.03));
#3639=CARTESIAN_POINT('',(3.0,-5.1,-9.03));
#3640=VECTOR('',#3935,1.0);
#3641=CARTESIAN_POINT('',(2.0,-3.3,-9.03));
#3642=AXIS2_PLACEMENT_3D('',#3936,#3937,#3938);
#3643=CARTESIAN_POINT('',(2.0,-5.1,-9.03));
#3644=VECTOR('',#3939,1.0);
#3645=CARTESIAN_POINT('',(-1.65,-3.0,-9.03));
#3646=CARTESIAN_POINT('',(-1.65,-3.3,-9.03));
#3647=CARTESIAN_POINT('',(-1.65,-3.0,-9.03));
#3648=VECTOR('',#3940,1.0);
#3649=CARTESIAN_POINT('',(-3.0,-3.0,-8.34261364575663));
#3650=AXIS2_PLACEMENT_3D('',#3941,#3942,#3943);
#3651=CARTESIAN_POINT('',(-3.0,-3.3,-8.34261364575663));
#3652=CARTESIAN_POINT('',(-3.0,-3.0,-8.34261364575663));
#3653=VECTOR('',#3944,1000.0);
#3654=AXIS2_PLACEMENT_3D('',#3945,#3946,#3947);
#3655=CARTESIAN_POINT('',(-2.5,-3.3,-9.53));
#3656=CARTESIAN_POINT('',(-2.5,-6.9,-9.53));
#3657=CARTESIAN_POINT('',(-2.5,-5.1,-9.53));
#3658=VECTOR('',#3948,1.0);
#3659=CARTESIAN_POINT('',(-2.5,-3.3,-8.53));
#3660=AXIS2_PLACEMENT_3D('',#3949,#3950,#3951);
#3661=CARTESIAN_POINT('',(-2.5,-5.1,-8.53));
#3662=VECTOR('',#3952,1.0);
#3663=AXIS2_PLACEMENT_3D('',#3953,#3954,#3955);
#3664=CARTESIAN_POINT('',(2.1,-7.0,-4.03));
#3665=CARTESIAN_POINT('',(2.0,-6.9,-4.03));
#3666=CARTESIAN_POINT('',(2.1,-7.0,-4.03));
#3667=VECTOR('',#3956,1.0);
#3668=CARTESIAN_POINT('',(2.9,-7.0,-4.03));
#3669=AXIS2_PLACEMENT_3D('',#3957,#3958,#3959);
#3670=CARTESIAN_POINT('',(3.0,-6.9,-4.03));
#3671=CARTESIAN_POINT('',(2.9,-7.0,-4.03));
#3672=VECTOR('',#3960,1.0);
#3673=CARTESIAN_POINT('',(2.5,-6.9,-3.53));
#3674=AXIS2_PLACEMENT_3D('',#3961,#3962,#3963);
#3675=AXIS2_PLACEMENT_3D('',#3964,#3965,#3966);
#3676=CARTESIAN_POINT('',(-3.0,-3.3,-4.03));
#3677=CARTESIAN_POINT('',(-3.0,-5.1,-4.03));
#3678=VECTOR('',#3967,1.0);
#3679=CARTESIAN_POINT('',(-2.0,-3.3,-4.03));
#3680=AXIS2_PLACEMENT_3D('',#3968,#3969,#3970);
#3681=CARTESIAN_POINT('',(-2.0,-5.1,-4.03));
#3682=VECTOR('',#3971,1.0);
#3683=AXIS2_PLACEMENT_3D('',#3972,#3973,#3974);
#3684=CARTESIAN_POINT('',(2.5,-3.3,-4.88));
#3685=CARTESIAN_POINT('',(2.5,-3.0,-4.88));
#3686=CARTESIAN_POINT('',(2.5,-3.0,-4.88));
#3687=VECTOR('',#3975,1.0);
#3688=CARTESIAN_POINT('',(3.0,-3.0,-4.71738635424338));
#3689=AXIS2_PLACEMENT_3D('',#3976,#3977,#3978);
#3690=CARTESIAN_POINT('',(3.0,-3.3,-4.71738635424338));
#3691=CARTESIAN_POINT('',(3.0,-3.0,-4.71738635424338));
#3692=VECTOR('',#3979,1000.0);
#3693=AXIS2_PLACEMENT_3D('',#3980,#3981,#3982);
#3694=CARTESIAN_POINT('',(2.5,-3.0,-3.18));
#3695=CARTESIAN_POINT('',(2.5,-3.3,-3.18));
#3696=CARTESIAN_POINT('',(2.5,-3.0,-3.18));
#3697=VECTOR('',#3983,1.0);
#3698=AXIS2_PLACEMENT_3D('',#3984,#3985,#3986);
#3699=AXIS2_PLACEMENT_3D('',#3987,#3988,#3989);
#3700=CARTESIAN_POINT('',(2.5,-3.3,-3.53));
#3701=CARTESIAN_POINT('',(2.5,-5.1,-3.53));
#3702=VECTOR('',#3990,1.0);
#3703=CARTESIAN_POINT('',(2.5,-3.3,-4.53));
#3704=AXIS2_PLACEMENT_3D('',#3991,#3992,#3993);
#3705=CARTESIAN_POINT('',(2.5,-6.9,-4.53));
#3706=CARTESIAN_POINT('',(2.5,-5.1,-4.53));
#3707=VECTOR('',#3994,1.0);
#3708=AXIS2_PLACEMENT_3D('',#3995,#3996,#3997);
#3709=CARTESIAN_POINT('',(-2.4,-2.67879195343999E-15,-2.53));
#3710=CARTESIAN_POINT('',(-2.4,-3.26662241703071E-15,-2.53));
#3711=VECTOR('',#3998,1.0);
#3712=CARTESIAN_POINT('',(2.4,-2.97270718523535E-15,-2.53));
#3713=AXIS2_PLACEMENT_3D('',#3999,#4000,#4001);
#3714=CARTESIAN_POINT('',(2.4,-2.67879195343998E-15,-2.53));
#3715=VECTOR('',#4002,1.0);
#3716=CARTESIAN_POINT('',(2.84997083448766,-3.16057096576051E-15,-2.39243011013557));
#3717=CARTESIAN_POINT('',(2.87053079228339,-3.32424581989773E-15,-2.53));
#3718=CARTESIAN_POINT('',(2.87053079228339,-3.32424581989772E-15,-2.53));
#3719=VECTOR('',#4003,1.0);
#3720=CARTESIAN_POINT('',(-2.84997083448766,-2.46252943373678E-15,-2.39243011013557));
#3721=AXIS2_PLACEMENT_3D('',#4004,#4005,#4006);
#3722=CARTESIAN_POINT('',(-2.87053079228339,-2.97270718523535E-15,-2.53));
#3723=CARTESIAN_POINT('',(-2.87053079228339,-2.62116855057297E-15,-2.53));
#3724=VECTOR('',#4007,1.0);
#3725=AXIS2_PLACEMENT_3D('',#4008,#4009,#4010);
#3726=CARTESIAN_POINT('',(2.66557322049612,-2.7140382610734E-15,-2.03052941572569));
#3727=CARTESIAN_POINT('',(2.66557322049612,-2.7140382610734E-15,-2.03052941572569));
#3728=VECTOR('',#4011,1.0);
#3729=CARTESIAN_POINT('',(-2.66557322049612,-2.0611611185987E-15,-2.03052941572569));
#3730=AXIS2_PLACEMENT_3D('',#4012,#4013,#4014);
#3731=CARTESIAN_POINT('',(-2.66557322049612,-2.0611611185987E-15,-2.03052941572569));
#3732=VECTOR('',#4015,1.0);
#3733=CARTESIAN_POINT('',(1.65,-3.3,-9.03));
#3734=CARTESIAN_POINT('',(1.65,-3.0,-9.03));
#3735=CARTESIAN_POINT('',(1.65,-3.0,-9.03));
#3736=VECTOR('',#4016,1.0);
#3737=CARTESIAN_POINT('',(3.0,-3.3,-8.34261364575663));
#3738=AXIS2_PLACEMENT_3D('',#4017,#4018,#4019);
#3739=CARTESIAN_POINT('',(3.0,-3.0,-8.34261364575663));
#3740=CARTESIAN_POINT('',(3.0,-3.0,-8.34261364575663));
#3741=VECTOR('',#4020,1000.0);
#3742=AXIS2_PLACEMENT_3D('',#4021,#4022,#4023);
#3743=CARTESIAN_POINT('',(2.25381414763863,-2.13656038878314E-15,-2.05184762201848));
#3744=CARTESIAN_POINT('',(2.4,-3.26662241703071E-15,-2.53));
#3745=VECTOR('',#4024,1.0);
#3746=CARTESIAN_POINT('',(-2.25381414763863,-2.68858564513888E-15,-2.05184762201848));
#3747=CARTESIAN_POINT('',(-2.4,-2.67879195343999E-15,-2.53));
#3748=VECTOR('',#4025,1.0);
#3749=AXIS2_PLACEMENT_3D('',#4026,#4027,#4028);
#3750=CARTESIAN_POINT('',(-2.63633605002385,-1.95271480566734E-15,-1.93489894012939));
#3751=CARTESIAN_POINT('',(-2.25381414763863,-2.68858564513888E-15,-2.05184762201848));
#3752=VECTOR('',#4029,1.0);
#3753=CARTESIAN_POINT('',(2.63633605002385,-2.59843090669504E-15,-1.93489894012939));
#3754=AXIS2_PLACEMENT_3D('',#4030,#4031,#4032);
#3755=CARTESIAN_POINT('',(2.25381414763863,-2.13656038878314E-15,-2.05184762201848));
#3756=VECTOR('',#4033,1.0);
#3757=CARTESIAN_POINT('',(2.66557322049612,-2.7140382610734E-15,-2.03052941572569));
#3758=VECTOR('',#4034,1.0);
#3759=CARTESIAN_POINT('',(-2.66557322049612,-2.0611611185987E-15,-2.03052941572569));
#3760=VECTOR('',#4035,1.0);
#3761=CARTESIAN_POINT('',(-3.24162930744494E-20,2.66557322049612,-2.03052941572569));
#3762=AXIS2_PLACEMENT_3D('',#4036,#4037,#4038);
#3763=AXIS2_PLACEMENT_3D('',#4039,#4040,#4041);
#3764=CARTESIAN_POINT('',(5.82306810864019E-18,2.63633605002385,-1.93489894012939));
#3765=AXIS2_PLACEMENT_3D('',#4042,#4043,#4044);
#3766=AXIS2_PLACEMENT_3D('',#4045,#4046,#4047);
#3767=CARTESIAN_POINT('',(-1.33773683698704E-18,2.25381414763863,-2.05184762201848));
#3768=AXIS2_PLACEMENT_3D('',#4048,#4049,#4050);
#3769=AXIS2_PLACEMENT_3D('',#4051,#4052,#4053);
#3770=AXIS2_PLACEMENT_3D('',#4054,#4055,#4056);
#3771=AXIS2_PLACEMENT_3D('',#4057,#4058,#4059);
#3772=CARTESIAN_POINT('',(3.0,-3.0,-2.53));
#3773=CARTESIAN_POINT('',(-3.0,-3.0,-2.53));
#3774=CARTESIAN_POINT('',(1.72563323017096E-31,-3.0,-2.53));
#3775=VECTOR('',#4060,1000.0);
#3776=CARTESIAN_POINT('',(3.0,2.0,-2.53));
#3777=CARTESIAN_POINT('',(3.0,-2.97270718523535E-15,-2.53));
#3778=VECTOR('',#4061,1000.0);
#3779=CARTESIAN_POINT('',(2.0,3.0,-2.53));
#3780=CARTESIAN_POINT('',(5.0,-2.97270718523535E-15,-2.53));
#3781=VECTOR('',#4062,1000.0);
#3782=CARTESIAN_POINT('',(-2.0,3.0,-2.53));
#3783=CARTESIAN_POINT('',(-8.13512808509168E-31,3.0,-2.53));
#3784=VECTOR('',#4063,1000.0);
#3785=CARTESIAN_POINT('',(-3.0,2.0,-2.53));
#3786=CARTESIAN_POINT('',(-5.0,-2.97270718523535E-15,-2.53));
#3787=VECTOR('',#4064,1000.0);
#3788=CARTESIAN_POINT('',(-3.0,-2.97270718523535E-15,-2.53));
#3789=VECTOR('',#4065,1000.0);
#3790=CARTESIAN_POINT('',(1.81261364575662,-3.3,-9.53));
#3791=AXIS2_PLACEMENT_3D('',#4066,#4067,#4068);
#3792=CARTESIAN_POINT('',(2.5,-3.3,-9.53));
#3793=CARTESIAN_POINT('',(-1.97215226305253E-31,-3.3,-9.53));
#3794=VECTOR('',#4069,1000.0);
#3795=AXIS2_PLACEMENT_3D('',#4070,#4071,#4072);
#3796=CARTESIAN_POINT('',(3.0,-3.3,-2.03));
#3797=VECTOR('',#4073,1000.0);
#3798=CARTESIAN_POINT('',(1.81261364575662,-3.0,-9.53));
#3799=AXIS2_PLACEMENT_3D('',#4074,#4075,#4076);
#3800=CARTESIAN_POINT('',(1.81261364575662,-3.0,-9.53));
#3801=VECTOR('',#4077,1000.0);
#3802=CARTESIAN_POINT('',(-2.21917107844282E-17,2.84997083448766,-2.39243011013557));
#3803=AXIS2_PLACEMENT_3D('',#4078,#4079,#4080);
#3804=AXIS2_PLACEMENT_3D('',#4081,#4082,#4083);
#3805=CARTESIAN_POINT('',(3.0,-3.3,-9.53));
#3806=CARTESIAN_POINT('',(-1.97215226305253E-31,-3.3,-9.53));
#3807=VECTOR('',#4084,1000.0);
#3808=CARTESIAN_POINT('',(3.0,-3.3,-2.03));
#3809=VECTOR('',#4085,1000.0);
#3810=AXIS2_PLACEMENT_3D('',#4086,#4087,#4088);
#3811=CARTESIAN_POINT('',(-3.0,2.0,-9.53));
#3812=CARTESIAN_POINT('',(-3.0,2.0,-2.03));
#3813=VECTOR('',#4089,1000.0);
#3814=CARTESIAN_POINT('',(-2.0,3.0,-8.53));
#3815=CARTESIAN_POINT('',(-2.0,3.0,-2.03));
#3816=VECTOR('',#4090,1000.0);
#3817=CARTESIAN_POINT('',(4.5,9.5,-2.03));
#3818=VECTOR('',#4091,1000.0);
#3819=CARTESIAN_POINT('',(3.0,2.0,-9.53));
#3820=CARTESIAN_POINT('',(-1.97215226305253E-31,2.0,-9.53));
#3821=VECTOR('',#4092,1000.0);
#3822=CARTESIAN_POINT('',(2.0,3.0,-8.53));
#3823=CARTESIAN_POINT('',(0.0,3.0,-8.53));
#3824=VECTOR('',#4093,1000.0);
#3825=CARTESIAN_POINT('',(-4.5,9.5,-2.03));
#3826=VECTOR('',#4094,1000.0);
#3827=CARTESIAN_POINT('',(2.0,3.0,-2.03));
#3828=VECTOR('',#4095,1000.0);
#3829=CARTESIAN_POINT('',(3.0,2.0,-2.03));
#3830=VECTOR('',#4096,1000.0);
#3831=AXIS2_PLACEMENT_3D('',#4097,#4098,#4099);
#3832=CARTESIAN_POINT('',(3.0,-3.3,-4.03));
#3833=AXIS2_PLACEMENT_3D('',#4100,#4101,#4102);
#3834=AXIS2_PLACEMENT_3D('',#4103,#4104,#4105);
#3835=CARTESIAN_POINT('',(3.0,-3.0,-3.34261364575663));
#3836=CARTESIAN_POINT('',(3.0,-3.3,-3.34261364575662));
#3837=CARTESIAN_POINT('',(3.0,-3.0,-3.34261364575661));
#3838=VECTOR('',#4106,1000.0);
#3839=CARTESIAN_POINT('',(3.0,-3.3,-3.34261364575661));
#3840=VECTOR('',#4107,1000.0);
#3841=CARTESIAN_POINT('',(3.0,-3.3,-3.34261364575661));
#3842=VECTOR('',#4108,1000.0);
#3843=CARTESIAN_POINT('',(3.0,-3.0,-2.03));
#3844=VECTOR('',#4109,1000.0);
#3845=CARTESIAN_POINT('',(3.0,-1.1172894737313E-14,-9.53));
#3846=VECTOR('',#4110,1000.0);
#3847=CARTESIAN_POINT('',(3.0,-3.0,-2.03));
#3848=VECTOR('',#4111,1000.0);
#3849=AXIS2_PLACEMENT_3D('',#4112,#4113,#4114);
#3850=AXIS2_PLACEMENT_3D('',#4115,#4116,#4117);
#3851=AXIS2_PLACEMENT_3D('',#4118,#4119,#4120);
#3852=AXIS2_PLACEMENT_3D('',#4121,#4122,#4123);
#3853=AXIS2_PLACEMENT_3D('',#4124,#4125,#4126);
#3854=CARTESIAN_POINT('',(-3.0,-3.3,-9.03));
#3855=AXIS2_PLACEMENT_3D('',#4127,#4128,#4129);
#3856=AXIS2_PLACEMENT_3D('',#4130,#4131,#4132);
#3857=CARTESIAN_POINT('',(-3.0,-3.3,-9.53));
#3858=CARTESIAN_POINT('',(-3.0,-1.1172894737313E-14,-9.53));
#3859=VECTOR('',#4133,1000.0);
#3860=CARTESIAN_POINT('',(-3.0,-3.3,-2.03));
#3861=VECTOR('',#4134,1000.0);
#3862=CARTESIAN_POINT('',(-3.0,-3.3,-2.03));
#3863=VECTOR('',#4135,1000.0);
#3864=CARTESIAN_POINT('',(-3.0,-3.0,-4.71738635424338));
#3865=CARTESIAN_POINT('',(-3.0,-3.0,-2.03));
#3866=VECTOR('',#4136,1000.0);
#3867=CARTESIAN_POINT('',(-3.0,-3.3,-4.71738635424338));
#3868=CARTESIAN_POINT('',(-3.0,-3.0,-4.71738635424338));
#3869=VECTOR('',#4137,1000.0);
#3870=CARTESIAN_POINT('',(-3.0,-3.3,-2.03));
#3871=VECTOR('',#4138,1000.0);
#3872=CARTESIAN_POINT('',(-3.0,-3.3,-2.03));
#3873=VECTOR('',#4139,1000.0);
#3874=CARTESIAN_POINT('',(-3.0,-3.0,-2.03));
#3875=VECTOR('',#4140,1000.0);
#3876=CARTESIAN_POINT('',(-1.81261364575662,-3.3,-9.53));
#3877=AXIS2_PLACEMENT_3D('',#4141,#4142,#4143);
#3878=CARTESIAN_POINT('',(-1.81261364575662,-3.0,-9.53));
#3879=CARTESIAN_POINT('',(-1.81261364575662,-3.0,-9.53));
#3880=VECTOR('',#4144,1000.0);
#3881=AXIS2_PLACEMENT_3D('',#4145,#4146,#4147);
#3882=AXIS2_PLACEMENT_3D('',#4148,#4149,#4150);
#3883=CARTESIAN_POINT('',(-1.97215226305253E-31,-3.0,-9.53));
#3884=VECTOR('',#4151,1000.0);
#3885=CARTESIAN_POINT('',(-1.97215226305253E-31,-3.3,-9.53));
#3886=VECTOR('',#4152,1000.0);
#3887=CARTESIAN_POINT('',(-1.97215226305253E-31,-3.3,-9.53));
#3888=VECTOR('',#4153,1000.0);
#3889=AXIS2_PLACEMENT_3D('',#4154,#4155,#4156);
#3890=AXIS2_PLACEMENT_3D('',#4157,#4158,#4159);
#3891=AXIS2_PLACEMENT_3D('',#4160,#4161,#4162);
#3892=AXIS2_PLACEMENT_3D('',#4163,#4164,#4165);
#3893=AXIS2_PLACEMENT_3D('',#4166,#4167,#4168);
#3894=AXIS2_PLACEMENT_3D('',#4169,#4170,#4171);
#3895=DIRECTION('',(-0.707106781186549,0.707106781186546,-8.28344032153658E-16));
#3896=CARTESIAN_POINT('',(-2.5,-7.0,-4.03));
#3897=DIRECTION('',(-4.37905770101505E-47,1.0,-1.17145536458252E-15));
#3898=DIRECTION('',(1.0,-1.93813700144007E-47,-5.39260384428426E-32));
#3899=DIRECTION('',(-0.707106781186549,-0.707106781186546,8.28344032153658E-16));
#3900=CARTESIAN_POINT('',(-2.5,-6.9,-4.03));
#3901=DIRECTION('',(-6.56858655152258E-47,1.0,-1.17145536458252E-15));
#3902=DIRECTION('',(1.0,7.92865680706472E-48,-4.93038065763132E-32));
#3903=DIRECTION('',(-0.707106781186547,0.707106781186548,-8.2834403215366E-16));
#3904=CARTESIAN_POINT('',(-2.5,-7.0,-9.03));
#3905=DIRECTION('',(-4.37905770101505E-47,1.0,-1.17145536458252E-15));
#3906=DIRECTION('',(1.0,-1.93813700144007E-47,-5.39260384428426E-32));
#3907=DIRECTION('',(-0.707106781186547,-0.707106781186548,8.2834403215366E-16));
#3908=CARTESIAN_POINT('',(-2.5,-6.9,-9.03));
#3909=DIRECTION('',(-6.56858655152258E-47,1.0,-1.17145536458252E-15));
#3910=DIRECTION('',(1.0,7.92865680706472E-48,-4.93038065763132E-32));
#3911=CARTESIAN_POINT('',(-2.5,-6.9,-9.03));
#3912=DIRECTION('',(-6.56858655152258E-47,1.0,-1.17145536458252E-15));
#3913=DIRECTION('',(1.0,7.92865680706472E-48,-4.93038065763132E-32));
#3914=DIRECTION('',(-0.707106781186549,0.707106781186546,-8.28344032153658E-16));
#3915=CARTESIAN_POINT('',(2.5,-7.0,-9.03));
#3916=DIRECTION('',(-4.37905770101505E-47,1.0,-1.17145536458252E-15));
#3917=DIRECTION('',(1.0,-1.93813700144007E-47,-5.39260384428426E-32));
#3918=DIRECTION('',(-0.707106781186549,-0.707106781186546,8.28344032153658E-16));
#3919=CARTESIAN_POINT('',(2.5,-6.9,-9.03));
#3920=DIRECTION('',(-6.56858655152258E-47,1.0,-1.17145536458252E-15));
#3921=DIRECTION('',(1.0,7.92865680706472E-48,-4.93038065763132E-32));
#3922=DIRECTION('',(-0.707106781186551,0.707106781186544,-4.97798251378122E-16));
#3923=CARTESIAN_POINT('',(7.39557098644699E-31,-3.0,-6.53));
#3924=DIRECTION('',(-2.16840434497101E-16,-1.0,1.17145536458252E-15));
#3925=DIRECTION('',(-1.0,2.16840434497101E-16,-2.46519032881566E-31));
#3926=DIRECTION('',(-0.707106781186551,-0.707106781186544,4.97798251378122E-16));
#3927=DIRECTION('',(5.47382212626882E-47,-1.0,1.1102250468914E-15));
#3928=CARTESIAN_POINT('',(-2.5,-3.0,-4.03));
#3929=DIRECTION('',(5.47382212626882E-47,-1.0,1.17145536458252E-15));
#3930=DIRECTION('',(1.0,-4.71772887806588E-48,-5.07539185344401E-32));
#3931=DIRECTION('',(1.22460635382238E-16,1.0,-1.1102250468914E-15));
#3932=CARTESIAN_POINT('',(-2.5,-3.3,-4.03));
#3933=DIRECTION('',(5.47382212626882E-47,-1.0,1.17145536458252E-15));
#3934=DIRECTION('',(1.0,-4.71772887806588E-48,-5.07539185344401E-32));
#3935=DIRECTION('',(4.37905770101505E-47,-1.0,1.1102250468914E-15));
#3936=CARTESIAN_POINT('',(2.5,-3.3,-9.03));
#3937=DIRECTION('',(4.37905770101505E-47,-1.0,1.1102250468914E-15));
#3938=DIRECTION('',(-1.0,1.09477439579614E-47,4.93038065763132E-32));
#3939=DIRECTION('',(-4.37905770101505E-47,1.0,-1.1102250468914E-15));
#3940=DIRECTION('',(5.47382212626882E-47,-1.0,1.1102250468914E-15));
#3941=CARTESIAN_POINT('',(-2.5,-3.0,-9.03));
#3942=DIRECTION('',(5.47382212626882E-47,-1.0,1.1102250468914E-15));
#3943=DIRECTION('',(-1.0,1.61005032213289E-48,5.07539185344401E-32));
#3944=DIRECTION('',(-1.22460635382238E-16,-1.0,1.1102250468914E-15));
#3945=CARTESIAN_POINT('',(-2.5,-3.3,-9.03));
#3946=DIRECTION('',(-6.12303176911189E-17,-1.0,1.17145536458252E-15));
#3947=DIRECTION('',(5.07539185344401E-32,1.17145536458252E-15,1.0));
#3948=DIRECTION('',(-6.12303176911189E-17,-1.0,1.17145536458252E-15));
#3949=CARTESIAN_POINT('',(-2.5,-3.3,-9.03));
#3950=DIRECTION('',(-6.12303176911189E-17,-1.0,1.17145536458252E-15));
#3951=DIRECTION('',(4.93038065763132E-32,1.17145536458252E-15,1.0));
#3952=DIRECTION('',(6.12303176911189E-17,1.0,-1.17145536458252E-15));
#3953=CARTESIAN_POINT('',(-2.5,-6.9,-9.03));
#3954=DIRECTION('',(-6.56858655152258E-47,1.0,-1.17145536458252E-15));
#3955=DIRECTION('',(1.0,7.92865680706472E-48,-4.93038065763132E-32));
#3956=DIRECTION('',(-0.707106781186549,0.707106781186546,-8.28344032153658E-16));
#3957=CARTESIAN_POINT('',(2.5,-7.0,-4.03));
#3958=DIRECTION('',(-4.37905770101505E-47,1.0,-1.17145536458252E-15));
#3959=DIRECTION('',(1.0,-1.93813700144007E-47,-5.39260384428426E-32));
#3960=DIRECTION('',(-0.707106781186549,-0.707106781186546,8.28344032153658E-16));
#3961=CARTESIAN_POINT('',(2.5,-6.9,-4.03));
#3962=DIRECTION('',(-6.56858655152258E-47,1.0,-1.17145536458252E-15));
#3963=DIRECTION('',(1.0,7.92865680706472E-48,-4.93038065763132E-32));
#3964=CARTESIAN_POINT('',(2.5,-6.9,-4.03));
#3965=DIRECTION('',(-6.56858655152258E-47,1.0,-1.17145536458252E-15));
#3966=DIRECTION('',(1.0,7.92865680706472E-48,-4.93038065763132E-32));
#3967=DIRECTION('',(6.56858655152258E-47,-1.0,1.17145536458252E-15));
#3968=CARTESIAN_POINT('',(-2.5,-3.3,-4.03));
#3969=DIRECTION('',(6.56858655152258E-47,-1.0,1.17145536458252E-15));
#3970=DIRECTION('',(1.0,7.92865680706472E-48,-4.93038065763132E-32));
#3971=DIRECTION('',(-6.56858655152258E-47,1.0,-1.17145536458252E-15));
#3972=CARTESIAN_POINT('',(-2.5,-6.9,-4.03));
#3973=DIRECTION('',(-6.56858655152258E-47,1.0,-1.17145536458252E-15));
#3974=DIRECTION('',(1.0,7.92865680706472E-48,-4.93038065763132E-32));
#3975=DIRECTION('',(6.12303176911189E-17,1.0,-1.17145536458252E-15));
#3976=CARTESIAN_POINT('',(2.5,-3.0,-4.03));
#3977=DIRECTION('',(-6.12303176911189E-17,-1.0,1.17145536458252E-15));
#3978=DIRECTION('',(-5.07539185344401E-32,-1.17145536458252E-15,-1.0));
#3979=DIRECTION('',(-6.12303176911189E-17,-1.0,1.17145536458252E-15));
#3980=CARTESIAN_POINT('',(2.5,-3.3,-4.03));
#3981=DIRECTION('',(-1.22460635382238E-16,-1.0,1.1102250468914E-15));
#3982=DIRECTION('',(1.0,-1.22460635382238E-16,1.5226175560332E-31));
#3983=DIRECTION('',(-6.12303176911189E-17,-1.0,1.17145536458252E-15));
#3984=CARTESIAN_POINT('',(2.5,-3.0,-4.03));
#3985=DIRECTION('',(-6.12303176911189E-17,-1.0,1.17145536458252E-15));
#3986=DIRECTION('',(-5.07539185344401E-32,-1.17145536458252E-15,-1.0));
#3987=CARTESIAN_POINT('',(2.5,-3.3,-4.03));
#3988=DIRECTION('',(-1.22460635382238E-16,-1.0,1.1102250468914E-15));
#3989=DIRECTION('',(1.0,-1.22460635382238E-16,1.5226175560332E-31));
#3990=DIRECTION('',(-6.12303176911189E-17,-1.0,1.17145536458252E-15));
#3991=CARTESIAN_POINT('',(2.5,-3.3,-4.03));
#3992=DIRECTION('',(-1.22460635382238E-16,-1.0,1.1102250468914E-15));
#3993=DIRECTION('',(1.0,-1.22460635382238E-16,1.4791141972894E-31));
#3994=DIRECTION('',(6.12303176911189E-17,1.0,-1.17145536458252E-15));
#3995=CARTESIAN_POINT('',(2.5,-6.9,-4.03));
#3996=DIRECTION('',(-6.56858655152258E-47,1.0,-1.17145536458252E-15));
#3997=DIRECTION('',(1.0,7.92865680706472E-48,-4.93038065763132E-32));
#3998=DIRECTION('',(-4.93038065763132E-32,-1.17145536458252E-15,-1.0));
#3999=CARTESIAN_POINT('',(1.72563323017096E-31,-2.97270718523535E-15,-2.53));
#4000=DIRECTION('',(4.93038065763132E-32,1.17145536458252E-15,1.0));
#4001=DIRECTION('',(1.0,2.40655036284005E-48,-4.93038065763132E-32));
#4002=DIRECTION('',(4.93038065763132E-32,1.17145536458252E-15,1.0));
#4003=DIRECTION('',(0.147809411129612,-1.1766893710149E-15,-0.989015863361917));
#4004=CARTESIAN_POINT('',(-2.2186712959341E-31,-2.81155019974863E-15,-2.39243011013557));
#4005=DIRECTION('',(4.93038065763132E-32,1.17145536458252E-15,1.0));
#4006=DIRECTION('',(-7.7866448722509E-18,1.0,-1.17145536458252E-15));
#4007=DIRECTION('',(0.147809411129611,1.14048650657016E-15,0.989015863361917));
#4008=CARTESIAN_POINT('',(1.72563323017096E-31,-2.97270718523535E-15,-2.53));
#4009=DIRECTION('',(-4.93038065763132E-32,-1.17145536458252E-15,-1.0));
#4010=DIRECTION('',(-1.0,-2.60501649084218E-48,4.93038065763132E-32));
#4011=DIRECTION('',(0.453990499739547,-1.09937217387342E-15,-0.891006524188368));
#4012=CARTESIAN_POINT('',(5.42341872339446E-31,-2.38759968983605E-15,-2.03052941572569));
#4013=DIRECTION('',(4.93038065763132E-32,1.17145536458252E-15,1.0));
#4014=DIRECTION('',(-1.21610964671165E-20,1.0,-1.17145536458252E-15));
#4015=DIRECTION('',(0.453990499739547,9.88176571403554E-16,0.891006524188368));
#4016=DIRECTION('',(-5.47382212626882E-47,1.0,-1.1102250468914E-15));
#4017=CARTESIAN_POINT('',(2.5,-3.3,-9.03));
#4018=DIRECTION('',(5.47382212626882E-47,-1.0,1.1102250468914E-15));
#4019=DIRECTION('',(-1.0,1.61005032213289E-48,5.07539185344401E-32));
#4020=DIRECTION('',(-1.22460635382238E-16,-1.0,1.1102250468914E-15));
#4021=CARTESIAN_POINT('',(2.5,-3.0,-9.03));
#4022=DIRECTION('',(5.47382212626882E-47,-1.0,1.1102250468914E-15));
#4023=DIRECTION('',(-1.0,1.61005032213289E-48,5.07539185344401E-32));
#4024=DIRECTION('',(-0.292371704722737,1.15607354378367E-15,0.956304755963036));
#4025=DIRECTION('',(-0.292371704722736,-1.08446312931368E-15,-0.956304755963036));
#4026=CARTESIAN_POINT('',(-4.93038065763132E-32,-2.41257301696101E-15,-2.05184762201848));
#4027=DIRECTION('',(4.93038065763132E-32,1.17145536458252E-15,1.0));
#4028=DIRECTION('',(-5.93543544124401E-19,1.0,-1.17145536458252E-15));
#4029=DIRECTION('',(0.956304755963035,-2.25386846109635E-16,-0.292371704722737));
#4030=CARTESIAN_POINT('',(1.72563323017096E-31,-2.27557285618117E-15,-1.93489894012939));
#4031=DIRECTION('',(4.93038065763132E-32,1.17145536458252E-15,1.0));
#4032=DIRECTION('',(2.20877308436724E-18,1.0,-1.17145536458252E-15));
#4033=DIRECTION('',(0.956304755963035,4.59613957789539E-16,0.292371704722737));
#4034=DIRECTION('',(0.292371704722736,-1.15607354378367E-15,-0.956304755963036));
#4035=DIRECTION('',(0.292371704722737,1.08446312931368E-15,0.956304755963036));
#4036=CARTESIAN_POINT('',(5.42341872339446E-31,-2.38759968983605E-15,-2.03052941572569));
#4037=DIRECTION('',(4.93038065763132E-32,1.17145536458252E-15,1.0));
#4038=DIRECTION('',(-1.21610964671165E-20,1.0,-1.17145536458252E-15));
#4039=CARTESIAN_POINT('',(5.42341872339446E-31,-2.38759968983605E-15,-2.03052941572569));
#4040=DIRECTION('',(4.93038065763132E-32,1.17145536458252E-15,1.0));
#4041=DIRECTION('',(-1.21610964671165E-20,1.0,-1.17145536458252E-15));
#4042=CARTESIAN_POINT('',(1.72563323017096E-31,-2.27557285618117E-15,-1.93489894012939));
#4043=DIRECTION('',(4.93038065763132E-32,1.17145536458252E-15,1.0));
#4044=DIRECTION('',(2.20877308436724E-18,1.0,-1.17145536458252E-15));
#4045=CARTESIAN_POINT('',(1.72563323017096E-31,-2.27557285618117E-15,-1.93489894012939));
#4046=DIRECTION('',(4.93038065763132E-32,1.17145536458252E-15,1.0));
#4047=DIRECTION('',(2.20877308436724E-18,1.0,-1.17145536458252E-15));
#4048=CARTESIAN_POINT('',(-4.93038065763132E-32,-2.41257301696101E-15,-2.05184762201848));
#4049=DIRECTION('',(4.93038065763132E-32,1.17145536458252E-15,1.0));
#4050=DIRECTION('',(-5.93543544124401E-19,1.0,-1.17145536458252E-15));
#4051=CARTESIAN_POINT('',(-4.93038065763132E-32,-2.41257301696101E-15,-2.05184762201848));
#4052=DIRECTION('',(4.93038065763132E-32,1.17145536458252E-15,1.0));
#4053=DIRECTION('',(-5.93543544124401E-19,1.0,-1.17145536458252E-15));
#4054=CARTESIAN_POINT('',(1.72563323017096E-31,-2.97270718523535E-15,-2.53));
#4055=DIRECTION('',(4.93038065763132E-32,1.17145536458252E-15,1.0));
#4056=DIRECTION('',(1.0,2.40655036284005E-48,-4.93038065763132E-32));
#4057=CARTESIAN_POINT('',(1.72563323017096E-31,-2.97270718523535E-15,-2.53));
#4058=DIRECTION('',(-4.93038065763132E-32,-1.17145536458252E-15,-1.0));
#4059=DIRECTION('',(-1.0,-2.60501649084218E-48,4.93038065763132E-32));
#4060=DIRECTION('',(-1.0,7.17285841343532E-32,6.12303176911183E-17));
#4061=DIRECTION('',(-6.12303176911189E-17,-1.0,1.17145536458252E-15));
#4062=DIRECTION('',(0.707106781186547,-0.707106781186547,7.72832880922401E-16));
#4063=DIRECTION('',(1.0,-7.17285841343532E-32,-6.12303176911183E-17));
#4064=DIRECTION('',(0.707106781186547,0.707106781186547,-8.83855183384917E-16));
#4065=DIRECTION('',(1.22460635382238E-16,1.0,-1.17145536458252E-15));
#4066=CARTESIAN_POINT('',(2.5,-3.3,-9.03));
#4067=DIRECTION('',(5.47382212626882E-47,-1.0,1.1102250468914E-15));
#4068=DIRECTION('',(-1.0,1.61005032213289E-48,5.07539185344401E-32));
#4069=DIRECTION('',(-1.0,1.22460635382238E-16,-1.51461293802434E-31));
#4070=CARTESIAN_POINT('',(2.5,-3.3,-9.03));
#4071=DIRECTION('',(4.37905770101505E-47,-1.0,1.1102250468914E-15));
#4072=DIRECTION('',(-1.0,1.09477439579614E-47,4.93038065763132E-32));
#4073=DIRECTION('',(-6.12303176911183E-17,-1.1102250468914E-15,-1.0));
#4074=CARTESIAN_POINT('',(2.5,-3.0,-9.03));
#4075=DIRECTION('',(5.47382212626882E-47,-1.0,1.1102250468914E-15));
#4076=DIRECTION('',(-1.0,1.61005032213289E-48,5.07539185344401E-32));
#4077=DIRECTION('',(-1.22460635382238E-16,-1.0,1.1102250468914E-15));
#4078=CARTESIAN_POINT('',(-2.2186712959341E-31,-2.81155019974863E-15,-2.39243011013557));
#4079=DIRECTION('',(4.93038065763132E-32,1.17145536458252E-15,1.0));
#4080=DIRECTION('',(-7.7866448722509E-18,1.0,-1.17145536458252E-15));
#4081=CARTESIAN_POINT('',(-2.2186712959341E-31,-2.81155019974863E-15,-2.39243011013557));
#4082=DIRECTION('',(4.93038065763132E-32,1.17145536458252E-15,1.0));
#4083=DIRECTION('',(-7.7866448722509E-18,1.0,-1.17145536458252E-15));
#4084=DIRECTION('',(-1.0,1.22460635382238E-16,-1.51461293802434E-31));
#4085=DIRECTION('',(-6.12303176911183E-17,-1.1102250468914E-15,-1.0));
#4086=CARTESIAN_POINT('',(2.5,-3.3,-9.03));
#4087=DIRECTION('',(4.37905770101505E-47,-1.0,1.1102250468914E-15));
#4088=DIRECTION('',(-1.0,1.09477439579614E-47,4.93038065763132E-32));
#4089=DIRECTION('',(-5.04870979341448E-32,-1.17145536458252E-15,-1.0));
#4090=DIRECTION('',(5.04870979341448E-32,1.17145536458252E-15,1.0));
#4091=DIRECTION('',(-0.577350269189626,-0.577350269189627,-0.577350269189625));
#4092=DIRECTION('',(1.0,0.0,-5.04870979341448E-32));
#4093=DIRECTION('',(-1.0,0.0,5.04870979341448E-32));
#4094=DIRECTION('',(-0.577350269189626,0.577350269189627,0.577350269189625));
#4095=DIRECTION('',(-6.12303176911183E-17,-1.17145536458252E-15,-1.0));
#4096=DIRECTION('',(6.12303176911183E-17,1.17145536458252E-15,1.0));
#4097=CARTESIAN_POINT('',(2.5,-6.9,-4.03));
#4098=DIRECTION('',(-6.56858655152258E-47,1.0,-1.17145536458252E-15));
#4099=DIRECTION('',(1.0,7.92865680706472E-48,-4.93038065763132E-32));
#4100=CARTESIAN_POINT('',(2.5,-3.3,-4.03));
#4101=DIRECTION('',(-1.22460635382238E-16,-1.0,1.1102250468914E-15));
#4102=DIRECTION('',(1.0,-1.22460635382238E-16,1.4791141972894E-31));
#4103=CARTESIAN_POINT('',(2.5,-3.3,-4.03));
#4104=DIRECTION('',(-1.22460635382238E-16,-1.0,1.1102250468914E-15));
#4105=DIRECTION('',(1.0,-1.22460635382238E-16,1.4791141972894E-31));
#4106=DIRECTION('',(-6.12303176911189E-17,-1.0,1.17145536458252E-15));
#4107=DIRECTION('',(-6.12303176911183E-17,-1.1102250468914E-15,-1.0));
#4108=DIRECTION('',(-6.12303176911183E-17,-1.1102250468914E-15,-1.0));
#4109=DIRECTION('',(-6.12303176911183E-17,-1.17145536458252E-15,-1.0));
#4110=DIRECTION('',(-6.12303176911189E-17,-1.0,1.1102250468914E-15));
#4111=DIRECTION('',(-6.12303176911183E-17,-1.17145536458252E-15,-1.0));
#4112=CARTESIAN_POINT('',(2.5,-3.3,-4.03));
#4113=DIRECTION('',(-1.22460635382238E-16,-1.0,1.1102250468914E-15));
#4114=DIRECTION('',(1.0,-1.22460635382238E-16,1.5226175560332E-31));
#4115=CARTESIAN_POINT('',(2.5,-3.0,-4.03));
#4116=DIRECTION('',(-6.12303176911189E-17,-1.0,1.17145536458252E-15));
#4117=DIRECTION('',(-5.07539185344401E-32,-1.17145536458252E-15,-1.0));
#4118=CARTESIAN_POINT('',(-2.5,-3.3,-4.03));
#4119=DIRECTION('',(6.56858655152258E-47,-1.0,1.17145536458252E-15));
#4120=DIRECTION('',(1.0,7.92865680706472E-48,-4.93038065763132E-32));
#4121=CARTESIAN_POINT('',(2.5,-7.0,-4.03));
#4122=DIRECTION('',(-4.37905770101505E-47,1.0,-1.17145536458252E-15));
#4123=DIRECTION('',(1.0,-1.93813700144007E-47,-5.39260384428426E-32));
#4124=CARTESIAN_POINT('',(-2.5,-6.9,-9.03));
#4125=DIRECTION('',(-6.56858655152258E-47,1.0,-1.17145536458252E-15));
#4126=DIRECTION('',(1.0,7.92865680706472E-48,-4.93038065763132E-32));
#4127=CARTESIAN_POINT('',(-2.5,-3.3,-9.03));
#4128=DIRECTION('',(-6.12303176911189E-17,-1.0,1.17145536458252E-15));
#4129=DIRECTION('',(4.93038065763132E-32,1.17145536458252E-15,1.0));
#4130=CARTESIAN_POINT('',(-2.5,-3.3,-9.03));
#4131=DIRECTION('',(-6.12303176911189E-17,-1.0,1.17145536458252E-15));
#4132=DIRECTION('',(4.93038065763132E-32,1.17145536458252E-15,1.0));
#4133=DIRECTION('',(1.22460635382238E-16,1.0,-1.1102250468914E-15));
#4134=DIRECTION('',(5.04870979341448E-32,1.1102250468914E-15,1.0));
#4135=DIRECTION('',(5.04870979341448E-32,1.1102250468914E-15,1.0));
#4136=DIRECTION('',(5.04870979341448E-32,1.17145536458252E-15,1.0));
#4137=DIRECTION('',(1.22460635382238E-16,1.0,-1.1102250468914E-15));
#4138=DIRECTION('',(5.04870979341448E-32,1.1102250468914E-15,1.0));
#4139=DIRECTION('',(5.04870979341448E-32,1.1102250468914E-15,1.0));
#4140=DIRECTION('',(5.04870979341448E-32,1.17145536458252E-15,1.0));
#4141=CARTESIAN_POINT('',(-2.5,-3.3,-9.03));
#4142=DIRECTION('',(-6.12303176911189E-17,-1.0,1.17145536458252E-15));
#4143=DIRECTION('',(5.07539185344401E-32,1.17145536458252E-15,1.0));
#4144=DIRECTION('',(-1.22460635382238E-16,-1.0,1.1102250468914E-15));
#4145=CARTESIAN_POINT('',(-2.5,-3.0,-9.03));
#4146=DIRECTION('',(5.47382212626882E-47,-1.0,1.1102250468914E-15));
#4147=DIRECTION('',(-1.0,1.61005032213289E-48,5.07539185344401E-32));
#4148=CARTESIAN_POINT('',(-2.5,-3.3,-4.03));
#4149=DIRECTION('',(5.47382212626882E-47,-1.0,1.17145536458252E-15));
#4150=DIRECTION('',(1.0,-4.71772887806588E-48,-5.07539185344401E-32));
#4151=DIRECTION('',(-1.0,0.0,5.04870979341448E-32));
#4152=DIRECTION('',(-1.0,1.22460635382238E-16,-1.51461293802434E-31));
#4153=DIRECTION('',(-1.0,1.22460635382238E-16,-1.51461293802434E-31));
#4154=CARTESIAN_POINT('',(2.5,-6.9,-9.03));
#4155=DIRECTION('',(-6.56858655152258E-47,1.0,-1.17145536458252E-15));
#4156=DIRECTION('',(1.0,7.92865680706472E-48,-4.93038065763132E-32));
#4157=CARTESIAN_POINT('',(-2.5,-3.0,-4.03));
#4158=DIRECTION('',(5.47382212626882E-47,-1.0,1.17145536458252E-15));
#4159=DIRECTION('',(1.0,-4.71772887806588E-48,-5.07539185344401E-32));
#4160=CARTESIAN_POINT('',(7.39557098644699E-31,-3.0,-6.53));
#4161=DIRECTION('',(-2.16840434497101E-16,-1.0,1.17145536458252E-15));
#4162=DIRECTION('',(-1.0,2.16840434497101E-16,-2.46519032881566E-31));
#4163=CARTESIAN_POINT('',(2.5,-7.0,-9.03));
#4164=DIRECTION('',(-4.37905770101505E-47,1.0,-1.17145536458252E-15));
#4165=DIRECTION('',(1.0,-1.93813700144007E-47,-5.39260384428426E-32));
#4166=CARTESIAN_POINT('',(-2.5,-7.0,-9.03));
#4167=DIRECTION('',(-4.37905770101505E-47,1.0,-1.17145536458252E-15));
#4168=DIRECTION('',(1.0,-1.93813700144007E-47,-5.39260384428426E-32));
#4169=CARTESIAN_POINT('',(-2.5,-7.0,-4.03));
#4170=DIRECTION('',(-4.37905770101505E-47,1.0,-1.17145536458252E-15));
#4171=DIRECTION('',(1.0,-1.93813700144007E-47,-5.39260384428426E-32));
#4172=PRESENTATION_LAYER_ASSIGNMENT('','',(#88,#90,#92,#94,#96,#98,#100,#102,#104,#106,#108,#110,#112,#114,#116,#118,#120,#122,#124,#126,#128,#130,#132,#134,#136,#138,#140,#142,#144,#146,#148,#150,#152,#154,#156,#158,#160,#162,#164,#166,#168,#170,#172,#174,#176,#178,#180,#182,#184,#186,#188,#190,#192,#194,#196,#198,#200,#202,#204,#206,#208,#210,#212,#214,#634,#635,#636,#637,#638,#639,#640,#641,#642,#643,#644,#645,#646,#647,#648,#649,#650,#651,#652,#653,#654,#655,#656,#657,#658,#659,#660,#661,#662,#663,#664,#665,#666,#667,#668,#669,#670,#671,#672,#673,#674,#675,#676,#677,#678,#679,#680,#681,#682,#683,#684,#685,#686,#687,#688,#689,#690,#691,#692,#693,#1358,#1360,#1361,#1364,#1368,#1370,#1373,#1375,#1376,#1379,#1380,#1381,#1384,#1386,#1387,#1388,#1391,#1393,#1396,#1397,#1398,#1399,#1401,#1407,#1408,#1409,#1412,#1413,#1415,#1418,#1420,#1424,#1427,#1429,#1432,#1434,#1437,#1439,#1442,#1444,#1448,#1451,#1453,#1456,#1462,#1463,#1465,#1466,#1468,#1470,#1472,#1473,#1475,#1476,#1481,#1482,#1484,#1486,#1487,#1489,#1493,#1495,#1496,#1498,#1499,#1500,#1501,#1503,#1504,#1505,#1507,#1508,#1509,#1510,#1512,#1513,#1514,#1516,#1517,#1519,#1521,#1522,#1524,#1525,#1527,#1528,#1529,#1530,#1532,#1534,#1535,#1536,#1538,#1539,#1541,#1542,#1544,#1546,#1548,#1549,#1550,#1552,#1556,#1557,#1558,#1560,#1561,#1564,#1566,#1568,#1698,#1702,#1708,#1715,#1717,#1724,#1726,#1735,#1737,#1744,#1748,#1750,#1757,#1759,#1766,#1768,#1770,#1774,#1778,#1785,#1787,#1792,#1794,#1805,#1807,#1811,#1817,#1818,#1829,#1831,#1835,#1836,#1847,#1849,#1853,#1859,#1860,#1868,#1910,#1915,#1917,#1919,#1923,#1925,#1929,#1931,#1933,#1938,#1942,#1948,#1955,#1957,#1959,#1966,#1970,#1981,#2891,#2893,#2895,#2897,#2898,#2900,#2902,#2904,#2907,#2908,#2909,#2911,#2914,#2915,#2916,#2918,#2920,#2922,#2924,#2925,#2927,#2929,#2931,#2932,#2933,#2935,#2936,#2938,#2940,#2942,#2945,#2947,#2949,#2952,#2953,#2954,#2957,#2959,#2963,#2964,#2965,#2966,#2967,#2968,#2969,#2970,#2971,#2972,#2973,#2974,#2975,#2976,#2977,#2978,#2979,#2980,#2981,#2982,#2983,#2984,#2985,#2986,#2987,#2988,#2989,#2990,#2991,#2992,#2993,#2994,#2995,#2996,#2997,#2998,#2999,#3000,#3001,#3002,#3003,#3004,#3005,#3006,#3007,#3008,#3009,#3010,#3011,#3012,#3013,#3014,#3015,#3016,#3017,#3018,#3019,#3020,#3021,#3022,#3023,#3024,#3025,#3026,#3027,#3028,#3029,#3030,#3031,#3032,#3362,#3364,#3370,#3372,#3380,#3382,#3387,#3393,#3395,#3398,#3406,#3408,#3411,#3421,#3423,#3428,#3437,#3439,#3456,#3464,#3475,#3477,#3492,#3495,#3498,#3503,#3504,#3506,#3508,#3510,#3512,#3515,#3517,#3521,#3524,#3527,#3531,#3533,#3536,#3538,#3544,#3547,#3548,#3560,#3563,#3567,#3569,#3574,#3576));
ENDSEC;
END-ISO-10303-21;
