ISO-10303-21;
HEADER;
FILE_DESCRIPTION (( 'STEP AP214' ),
    '1' );
FILE_NAME ('NPPC031KFXC-RC.STEP',
    '2025-01-10T14:34:28',
    ( '' ),
    ( '' ),
    'SwSTEP 2.0',
    'SolidWorks 2021',
    '' );
FILE_SCHEMA (( 'AUTOMOTIVE_DESIGN' ));
ENDSEC;

DATA;
#1 = PLANE ( 'NONE',  #1889 ) ;
#2 = DIRECTION ( 'NONE',  ( 0.000000000000000000, -0.000000000000000000, -1.000000000000000000 ) ) ;
#3 = EDGE_LOOP ( 'NONE', ( #30, #804, #1228, #1139 ) ) ;
#4 = ADVANCED_FACE ( 'NONE', ( #178 ), #1492, .F. ) ;
#5 = DIRECTION ( 'NONE',  ( -1.000000000000000000, 0.000000000000000000, 0.000000000000000000 ) ) ;
#6 = CARTESIAN_POINT ( 'NONE',  ( -0.04999999999999999584, 0.01500000000000001159, 0.03649999999999996997 ) ) ;
#7 = EDGE_CURVE ( 'NONE', #1975, #386, #1174, .T. ) ;
#8 = ORIENTED_EDGE ( 'NONE', *, *, #1101, .T. ) ;
#9 = CLOSED_SHELL ( 'NONE', ( #638, #961, #2057, #1464, #580, #1928, #1580, #998, #1416, #1481, #614, #230, #1034, #360, #1735, #417, #1344, #2120, #2026 ) ) ;
#10 = DIRECTION ( 'NONE',  ( 1.000000000000000000, 0.000000000000000000, 0.000000000000000000 ) ) ;
#11 = FACE_OUTER_BOUND ( 'NONE', #1440, .T. ) ;
#12 = VERTEX_POINT ( 'NONE', #1653 ) ;
#13 = VECTOR ( 'NONE', #1442, 39.37007874015748143 ) ;
#14 = CARTESIAN_POINT ( 'NONE',  ( -0.04999999999999999584, 0.03500000000000001027, 0.03114101615137766441 ) ) ;
#15 = CARTESIAN_POINT ( 'NONE',  ( -0.01499999999999995955, 0.2449999999999999400, 0.01499999999999997169 ) ) ;
#16 = FACE_OUTER_BOUND ( 'NONE', #1613, .T. ) ;
#17 = VECTOR ( 'NONE', #1853, 39.37007874015748854 ) ;
#18 = CARTESIAN_POINT ( 'NONE',  ( 0.01200000000000000025, 3.791200677927629740E-33, 0.08450000000000001954 ) ) ;
#19 = ORIENTED_EDGE ( 'NONE', *, *, #1087, .T. ) ;
#20 = VECTOR ( 'NONE', #856, 39.37007874015748143 ) ;
#21 = EDGE_CURVE ( 'NONE', #1433, #1353, #28, .T. ) ;
#22 = PRESENTATION_LAYER_ASSIGNMENT (  '', '', ( #1189 ) ) ;
#23 = MECHANICAL_DESIGN_GEOMETRIC_PRESENTATION_REPRESENTATION (  '', ( #566 ), #1119 ) ;
#24 = CARTESIAN_POINT ( 'NONE',  ( 0.1500000000000000222, 0.03500000000000001721, -0.03114101615137772686 ) ) ;
#25 = LINE ( 'NONE', #219, #1885 ) ;
#26 = VERTEX_POINT ( 'NONE', #342 ) ;
#27 = LINE ( 'NONE', #1683, #634 ) ;
#28 = LINE ( 'NONE', #167, #1670 ) ;
#29 = DIRECTION ( 'NONE',  ( 0.000000000000000000, -1.370704305007583992E-16, 1.000000000000000000 ) ) ;
#30 = ORIENTED_EDGE ( 'NONE', *, *, #46, .T. ) ;
#31 = ADVANCED_FACE ( 'NONE', ( #16 ), #1998, .F. ) ;
#32 = EDGE_CURVE ( 'NONE', #1469, #26, #744, .T. ) ;
#33 = PLANE ( 'NONE',  #1980 ) ;
#34 = LINE ( 'NONE', #1994, #438 ) ;
#35 = VERTEX_POINT ( 'NONE', #1571 ) ;
#36 = DIRECTION ( 'NONE',  ( 0.000000000000000000, -2.213302772644657947E-15, -1.000000000000000000 ) ) ;
#37 = LINE ( 'NONE', #15, #88 ) ;
#38 = EDGE_LOOP ( 'NONE', ( #1235, #881, #819, #335 ) ) ;
#39 = DIRECTION ( 'NONE',  ( 0.000000000000000000, 0.000000000000000000, -1.000000000000000000 ) ) ;
#40 = ORIENTED_EDGE ( 'NONE', *, *, #682, .F. ) ;
#41 = EDGE_CURVE ( 'NONE', #1215, #1692, #561, .T. ) ;
#42 = CARTESIAN_POINT ( 'NONE',  ( 0.08500000000000004774, 0.2449999999999999400, 0.01499999999999997169 ) ) ;
#43 = EDGE_CURVE ( 'NONE', #674, #101, #223, .T. ) ;
#44 = CARTESIAN_POINT ( 'NONE',  ( -0.04999999999999999584, 0.03500000000000001721, -0.03114101615137772686 ) ) ;
#45 = ORIENTED_EDGE ( 'NONE', *, *, #577, .T. ) ;
#46 = EDGE_CURVE ( 'NONE', #12, #1995, #928, .T. ) ;
#47 = LINE ( 'NONE', #2013, #955 ) ;
#48 = DIRECTION ( 'NONE',  ( 0.000000000000000000, 1.000000000000000000, 2.845674993400277884E-15 ) ) ;
#49 = AXIS2_PLACEMENT_3D ( 'NONE', #899, #99, #879 ) ;
#50 = EDGE_CURVE ( 'NONE', #1801, #266, #81, .T. ) ;
#51 = ORIENTED_EDGE ( 'NONE', *, *, #144, .T. ) ;
#52 = DIRECTION ( 'NONE',  ( 0.000000000000000000, 0.000000000000000000, 1.000000000000000000 ) ) ;
#53 = DIRECTION ( 'NONE',  ( -1.000000000000000000, -0.000000000000000000, -0.000000000000000000 ) ) ;
#54 = EDGE_LOOP ( 'NONE', ( #1835, #1182, #1430, #834 ) ) ;
#55 = VECTOR ( 'NONE', #1997, 39.37007874015748143 ) ;
#56 = VECTOR ( 'NONE', #550, 39.37007874015748143 ) ;
#57 = AXIS2_PLACEMENT_3D ( 'NONE', #904, #425, #1557 ) ;
#58 = CARTESIAN_POINT ( 'NONE',  ( 0.01200000000000000025, 0.03200000000000000761, 0.01750000000000000167 ) ) ;
#59 = VERTEX_POINT ( 'NONE', #407 ) ;
#60 =( GEOMETRIC_REPRESENTATION_CONTEXT ( 3 ) GLOBAL_UNCERTAINTY_ASSIGNED_CONTEXT ( ( #1257 ) ) GLOBAL_UNIT_ASSIGNED_CONTEXT ( ( #2004, #1601, #613 ) ) REPRESENTATION_CONTEXT ( 'NONE', 'WORKASPACE' ) );
#61 = CARTESIAN_POINT ( 'NONE',  ( -0.1149999999999999634, 0.2775000000000000244, -0.01499999999999997516 ) ) ;
#62 = DIRECTION ( 'NONE',  ( 0.000000000000000000, -1.000000000000000000, -1.733406087350420004E-16 ) ) ;
#63 = CARTESIAN_POINT ( 'NONE',  ( -0.04999999999999999584, 0.03500000000000001027, 0.03114101615137766441 ) ) ;
#64 = CARTESIAN_POINT ( 'NONE',  ( 0.05000000000000000971, 0.03500000000000001027, 0.03114101615137766441 ) ) ;
#65 = VERTEX_POINT ( 'NONE', #724 ) ;
#66 = PRODUCT_DEFINITION_SHAPE ( 'NONE', 'NONE',  #2138 ) ;
#67 = FILL_AREA_STYLE_COLOUR ( '', #1529 ) ;
#68 = CARTESIAN_POINT ( 'NONE',  ( -0.04999999999999999584, 0.01499999999999998904, -0.05000000000000003747 ) ) ;
#69 = EDGE_LOOP ( 'NONE', ( #2044, #249, #650, #1588 ) ) ;
#70 = CARTESIAN_POINT ( 'NONE',  ( 0.01499999999999999424, 0.2449999999999999400, -0.01499999999999998036 ) ) ;
#71 = CARTESIAN_POINT ( 'NONE',  ( -0.1499999999999999944, 0.2949999999999999845, -0.05000000000000003053 ) ) ;
#72 = FACE_OUTER_BOUND ( 'NONE', #1117, .T. ) ;
#73 = EDGE_CURVE ( 'NONE', #101, #1975, #1062, .T. ) ;
#74 = DIRECTION ( 'NONE',  ( 0.000000000000000000, -3.048937492928865815E-17, 1.000000000000000000 ) ) ;
#75 = EDGE_LOOP ( 'NONE', ( #1947, #846, #1401, #654 ) ) ;
#76 = EDGE_CURVE ( 'NONE', #328, #691, #1404, .T. ) ;
#77 = CARTESIAN_POINT ( 'NONE',  ( 0.01200000000000000025, 0.01000000000000000194, 0.08450000000000001954 ) ) ;
#78 = ORIENTED_EDGE ( 'NONE', *, *, #1009, .T. ) ;
#79 = CARTESIAN_POINT ( 'NONE',  ( 0.05000000000000000971, 0.01499999999999998904, -0.05000000000000003747 ) ) ;
#80 = CARTESIAN_POINT ( 'NONE',  ( -0.04999999999999999584, 0.03500000000000001721, -0.03114101615137772686 ) ) ;
#81 = LINE ( 'NONE', #255, #292 ) ;
#82 = VECTOR ( 'NONE', #1888, 39.37007874015748143 ) ;
#83 = PRODUCT_CONTEXT ( 'NONE', #293, 'mechanical' ) ;
#84 = DIRECTION ( 'NONE',  ( 0.000000000000000000, 1.000000000000000000, 2.134256245050206194E-16 ) ) ;
#85 = ORIENTED_EDGE ( 'NONE', *, *, #1273, .F. ) ;
#86 = AXIS2_PLACEMENT_3D ( 'NONE', #208, #10, #496 ) ;
#87 = VECTOR ( 'NONE', #1868, 39.37007874015748143 ) ;
#88 = VECTOR ( 'NONE', #2014, 39.37007874015748143 ) ;
#89 = CARTESIAN_POINT ( 'NONE',  ( 0.1500000000000000222, 0.03500000000000001721, -0.03114101615137772686 ) ) ;
#90 = ORIENTED_EDGE ( 'NONE', *, *, #1025, .T. ) ;
#91 = AXIS2_PLACEMENT_3D ( 'NONE', #497, #1169, #668 ) ;
#92 = LINE ( 'NONE', #267, #256 ) ;
#93 = CARTESIAN_POINT ( 'NONE',  ( -0.01499999999999995955, 0.2449999999999999400, 0.01499999999999997169 ) ) ;
#94 = ORIENTED_EDGE ( 'NONE', *, *, #1827, .F. ) ;
#95 = LINE ( 'NONE', #1372, #1631 ) ;
#96 = DIRECTION ( 'NONE',  ( 0.000000000000000000, 1.000000000000000000, 2.134256245050206194E-16 ) ) ;
#97 = VERTEX_POINT ( 'NONE', #1589 ) ;
#98 = ADVANCED_FACE ( 'NONE', ( #1865 ), #543, .F. ) ;
#99 = DIRECTION ( 'NONE',  ( 1.000000000000000000, 0.000000000000000000, -0.000000000000000000 ) ) ;
#100 = DIRECTION ( 'NONE',  ( -1.000000000000000000, -0.000000000000000000, -0.000000000000000000 ) ) ;
#101 = VERTEX_POINT ( 'NONE', #2029 ) ;
#102 = CARTESIAN_POINT ( 'NONE',  ( 0.1500000000000000222, 0.03500000000000001721, -0.03114101615137772686 ) ) ;
#103 = DIRECTION ( 'NONE',  ( 1.000000000000000000, 0.000000000000000000, -0.000000000000000000 ) ) ;
#104 = ORIENTED_EDGE ( 'NONE', *, *, #676, .T. ) ;
#105 = CARTESIAN_POINT ( 'NONE',  ( -0.04999999999999999584, 0.01499999999999998904, -0.05000000000000003747 ) ) ;
#106 = DIRECTION ( 'NONE',  ( -0.000000000000000000, 0.000000000000000000, 1.000000000000000000 ) ) ;
#107 = ORIENTED_EDGE ( 'NONE', *, *, #41, .F. ) ;
#108 = EDGE_CURVE ( 'NONE', #1378, #691, #896, .T. ) ;
#109 = EDGE_CURVE ( 'NONE', #1619, #202, #1538, .T. ) ;
#110 = FACE_OUTER_BOUND ( 'NONE', #1002, .T. ) ;
#111 = ORIENTED_EDGE ( 'NONE', *, *, #479, .F. ) ;
#112 = APPLICATION_CONTEXT ( 'automotive_design' ) ;
#113 = LINE ( 'NONE', #771, #1774 ) ;
#114 = CARTESIAN_POINT ( 'NONE',  ( 0.01200000000000000025, 0.03500000000000000333, 0.01750000000000000860 ) ) ;
#115 = EDGE_LOOP ( 'NONE', ( #1422, #1484, #2064, #1803 ) ) ;
#116 = ADVANCED_FACE ( 'NONE', ( #1394 ), #427, .F. ) ;
#117 = DIRECTION ( 'NONE',  ( -1.000000000000000000, -0.000000000000000000, 0.000000000000000000 ) ) ;
#118 = EDGE_LOOP ( 'NONE', ( #1153, #143, #790, #1472 ) ) ;
#119 = AXIS2_PLACEMENT_3D ( 'NONE', #282, #938, #1598 ) ;
#120 =( NAMED_UNIT ( * ) PLANE_ANGLE_UNIT ( ) SI_UNIT ( $, .RADIAN. ) );
#121 = ORIENTED_EDGE ( 'NONE', *, *, #1583, .F. ) ;
#122 = VECTOR ( 'NONE', #1927, 39.37007874015748143 ) ;
#123 = DIRECTION ( 'NONE',  ( -0.000000000000000000, 1.000000000000000000, 1.370704305007583992E-16 ) ) ;
#124 = CARTESIAN_POINT ( 'NONE',  ( 0.000000000000000000, 0.000000000000000000, 0.000000000000000000 ) ) ;
#125 = CARTESIAN_POINT ( 'NONE',  ( -0.1499999999999999944, 0.01499999999999998904, -0.05000000000000003747 ) ) ;
#126 = ORIENTED_EDGE ( 'NONE', *, *, #488, .T. ) ;
#127 = DIRECTION ( 'NONE',  ( 0.000000000000000000, 0.000000000000000000, -1.000000000000000000 ) ) ;
#128 = ORIENTED_EDGE ( 'NONE', *, *, #2093, .F. ) ;
#129 = EDGE_CURVE ( 'NONE', #1995, #1256, #886, .T. ) ;
#130 = CARTESIAN_POINT ( 'NONE',  ( -0.01499999999999995955, 0.2449999999999999400, -0.01499999999999998036 ) ) ;
#131 = CARTESIAN_POINT ( 'NONE',  ( 0.1500000000000000222, 0.01499999999999997689, 0.04999999999999996808 ) ) ;
#132 = EDGE_CURVE ( 'NONE', #782, #65, #95, .T. ) ;
#133 = LINE ( 'NONE', #300, #954 ) ;
#134 = ORIENTED_EDGE ( 'NONE', *, *, #1060, .T. ) ;
#135 = FACE_OUTER_BOUND ( 'NONE', #419, .T. ) ;
#136 = EDGE_CURVE ( 'NONE', #1754, #1215, #428, .T. ) ;
#137 = ORIENTED_EDGE ( 'NONE', *, *, #1239, .T. ) ;
#138 = PLANE ( 'NONE',  #271 ) ;
#139 = ADVANCED_FACE ( 'NONE', ( #72 ), #551, .F. ) ;
#140 = LINE ( 'NONE', #799, #465 ) ;
#141 = CARTESIAN_POINT ( 'NONE',  ( 0.08500000000000004774, 0.2775000000000000244, 0.01499999999999997863 ) ) ;
#142 = FACE_OUTER_BOUND ( 'NONE', #870, .T. ) ;
#143 = ORIENTED_EDGE ( 'NONE', *, *, #108, .F. ) ;
#144 = EDGE_CURVE ( 'NONE', #1136, #595, #584, .T. ) ;
#145 = CARTESIAN_POINT ( 'NONE',  ( -0.04999999999999999584, 0.2949999999999999845, 0.05000000000000003053 ) ) ;
#146 = EDGE_LOOP ( 'NONE', ( #768, #1789, #1077, #796 ) ) ;
#147 = FILL_AREA_STYLE ('',( #952 ) ) ;
#148 = DIRECTION ( 'NONE',  ( 0.000000000000000000, -0.9659258262890699775, 0.2588190451025140781 ) ) ;
#149 = VECTOR ( 'NONE', #221, 39.37007874015748143 ) ;
#150 = LINE ( 'NONE', #962, #532 ) ;
#151 = CARTESIAN_POINT ( 'NONE',  ( 0.1150000000000000050, 0.2775000000000000244, 0.01499999999999997169 ) ) ;
#152 = ORIENTED_EDGE ( 'NONE', *, *, #1991, .T. ) ;
#153 = AXIS2_PLACEMENT_3D ( 'NONE', #1455, #480, #318 ) ;
#154 = FACE_OUTER_BOUND ( 'NONE', #576, .T. ) ;
#155 = ORIENTED_EDGE ( 'NONE', *, *, #306, .F. ) ;
#156 = VECTOR ( 'NONE', #1623, 39.37007874015748143 ) ;
#157 = LENGTH_MEASURE_WITH_UNIT ( LENGTH_MEASURE( 0.02539999999999999897 ), #1457 );
#158 = DIRECTION ( 'NONE',  ( 0.000000000000000000, -0.000000000000000000, -1.000000000000000000 ) ) ;
#159 = VERTEX_POINT ( 'NONE', #1381 ) ;
#160 = EDGE_CURVE ( 'NONE', #317, #220, #237, .T. ) ;
#161 = CARTESIAN_POINT ( 'NONE',  ( -0.08500000000000001998, 0.2449999999999999400, 0.01499999999999997169 ) ) ;
#162 = EDGE_CURVE ( 'NONE', #2041, #1694, #766, .T. ) ;
#163 = DIRECTION ( 'NONE',  ( 0.000000000000000000, 0.000000000000000000, 1.000000000000000000 ) ) ;
#164 = ORIENTED_EDGE ( 'NONE', *, *, #1963, .T. ) ;
#165 = DIRECTION ( 'NONE',  ( 0.000000000000000000, 0.000000000000000000, 1.000000000000000000 ) ) ;
#166 = CARTESIAN_POINT ( 'NONE',  ( -0.01200000000000000025, 2.341264892254350321E-33, 0.04950000000000000233 ) ) ;
#167 = CARTESIAN_POINT ( 'NONE',  ( 0.05000000000000000971, 0.01500000000000001159, 0.03649999999999996997 ) ) ;
#168 =( NAMED_UNIT ( * ) PLANE_ANGLE_UNIT ( ) SI_UNIT ( $, .RADIAN. ) );
#169 = LINE ( 'NONE', #830, #562 ) ;
#170 = ORIENTED_EDGE ( 'NONE', *, *, #495, .F. ) ;
#171 = DIMENSIONAL_EXPONENTS ( 1.000000000000000000, 0.000000000000000000, 0.000000000000000000, 0.000000000000000000, 0.000000000000000000, 0.000000000000000000, 0.000000000000000000 ) ;
#172 = EDGE_CURVE ( 'NONE', #291, #1608, #1761, .T. ) ;
#173 = LINE ( 'NONE', #353, #1672 ) ;
#174 = CARTESIAN_POINT ( 'NONE',  ( 0.1150000000000000050, 0.2775000000000000244, 0.01499999999999997863 ) ) ;
#175 = EDGE_LOOP ( 'NONE', ( #1656, #889, #1965, #1839 ) ) ;
#176 = FILL_AREA_STYLE ('',( #1163 ) ) ;
#177 = CARTESIAN_POINT ( 'NONE',  ( 0.01200000000000000025, 3.791200677927629740E-33, 0.08450000000000001954 ) ) ;
#178 = FACE_OUTER_BOUND ( 'NONE', #1029, .T. ) ;
#179 = ADVANCED_FACE ( 'NONE', ( #1925 ), #443, .F. ) ;
#180 = APPLICATION_CONTEXT ( 'automotive_design' ) ;
#181 = CARTESIAN_POINT ( 'NONE',  ( 0.1000000000000000611, 1.642004555071904095E-18, 2.063300006455210017E-32 ) ) ;
#182 = CYLINDRICAL_SURFACE ( 'NONE', #1676, 0.004999999999999997502 ) ;
#183 = VERTEX_POINT ( 'NONE', #79 ) ;
#184 = CARTESIAN_POINT ( 'NONE',  ( 0.1500000000000000222, 0.2949999999999999845, 0.05000000000000003053 ) ) ;
#185 = LINE ( 'NONE', #1978, #1188 ) ;
#186 = ORIENTED_EDGE ( 'NONE', *, *, #1800, .T. ) ;
#187 = STYLED_ITEM ( 'NONE', ( #1696 ), #662 ) ;
#188 = DIRECTION ( 'NONE',  ( 1.000000000000000000, 0.000000000000000000, 0.000000000000000000 ) ) ;
#189 = VERTEX_POINT ( 'NONE', #253 ) ;
#190 = AXIS2_PLACEMENT_3D ( 'NONE', #225, #887, #839 ) ;
#192 = CARTESIAN_POINT ( 'NONE',  ( 0.05000000000000000971, 0.01500000000000001853, -0.03650000000000003936 ) ) ;
#191 = AXIS2_PLACEMENT_3D ( 'NONE', #181, #619, #1605 ) ;
#193 = AXIS2_PLACEMENT_3D ( 'NONE', #2103, #1465, #2130 ) ;
#194 = ORIENTED_EDGE ( 'NONE', *, *, #1445, .T. ) ;
#195 = VECTOR ( 'NONE', #1292, 39.37007874015748143 ) ;
#196 = PRESENTATION_LAYER_ASSIGNMENT (  '', '', ( #566 ) ) ;
#197 = LINE ( 'NONE', #1511, #2051 ) ;
#198 = FACE_OUTER_BOUND ( 'NONE', #964, .T. ) ;
#199 = ORIENTED_EDGE ( 'NONE', *, *, #1859, .F. ) ;
#200 = CARTESIAN_POINT ( 'NONE',  ( 0.05000000000000000971, 0.03500000000000001721, -0.03114101615137772686 ) ) ;
#201 = CARTESIAN_POINT ( 'NONE',  ( 0.01200000000000000025, 0.03200000000000000761, 0.04950000000000000233 ) ) ;
#202 = VERTEX_POINT ( 'NONE', #1059 ) ;
#203 = CARTESIAN_POINT ( 'NONE',  ( 0.000000000000000000, 0.000000000000000000, 0.000000000000000000 ) ) ;
#204 = LINE ( 'NONE', #1518, #261 ) ;
#205 = ORIENTED_EDGE ( 'NONE', *, *, #552, .F. ) ;
#206 = EDGE_CURVE ( 'NONE', #213, #1314, #1586, .T. ) ;
#207 = EDGE_CURVE ( 'NONE', #2111, #183, #741, .T. ) ;
#208 = CARTESIAN_POINT ( 'NONE',  ( 0.1150000000000000050, 0.2449999999999999400, 0.01499999999999997169 ) ) ;
#209 = DIRECTION ( 'NONE',  ( 0.000000000000000000, 0.000000000000000000, -1.000000000000000000 ) ) ;
#210 = VERTEX_POINT ( 'NONE', #1392 ) ;
#211 = PLANE ( 'NONE',  #1322 ) ;
#212 = DIRECTION ( 'NONE',  ( -1.000000000000000000, -0.000000000000000000, -0.000000000000000000 ) ) ;
#213 = VERTEX_POINT ( 'NONE', #1070 ) ;
#214 = PRODUCT_RELATED_PRODUCT_CATEGORY ( 'part', '', ( #1860 ) ) ;
#215 = SHAPE_REPRESENTATION_RELATIONSHIP ( 'NONE' , 'NONE' ,  #1915, #875 ) ;
#216 = LINE ( 'NONE', #1190, #1607 ) ;
#217 = ORIENTED_EDGE ( 'NONE', *, *, #1509, .T. ) ;
#218 = SURFACE_STYLE_USAGE ( .BOTH. , #1894 ) ;
#219 = CARTESIAN_POINT ( 'NONE',  ( -0.08500000000000001998, 0.2449999999999999400, 0.01499999999999997169 ) ) ;
#220 = VERTEX_POINT ( 'NONE', #1699 ) ;
#221 = DIRECTION ( 'NONE',  ( -1.000000000000000000, -0.000000000000000000, -0.000000000000000000 ) ) ;
#222 = CARTESIAN_POINT ( 'NONE',  ( 0.08500000000000004774, 0.2449999999999999400, -0.01499999999999998036 ) ) ;
#223 = LINE ( 'NONE', #1701, #492 ) ;
#224 = ITEM_DEFINED_TRANSFORMATION ( 'NONE', 'NONE', #191,  #1089 ) ;
#225 = CARTESIAN_POINT ( 'NONE',  ( -0.04999999999999999584, 0.01499999999999998904, -0.05000000000000003747 ) ) ;
#226 = ORIENTED_EDGE ( 'NONE', *, *, #728, .T. ) ;
#227 = AXIS2_PLACEMENT_3D ( 'NONE', #1811, #330, #990 ) ;
#228 = VECTOR ( 'NONE', #1807, 39.37007874015748143 ) ;
#229 = DIRECTION ( 'NONE',  ( 0.000000000000000000, 2.529488883022466337E-15, -1.000000000000000000 ) ) ;
#230 = ADVANCED_FACE ( 'NONE', ( #2059 ), #1556, .F. ) ;
#231 = CARTESIAN_POINT ( 'NONE',  ( 0.006999999999999999278, 0.000000000000000000, 0.07950000000000001510 ) ) ;
#232 = VERTEX_POINT ( 'NONE', #1229 ) ;
#233 = EDGE_CURVE ( 'NONE', #2104, #2024, #2075, .T. ) ;
#234 = LINE ( 'NONE', #1722, #1562 ) ;
#235 = EDGE_CURVE ( 'NONE', #1256, #674, #722, .T. ) ;
#236 = LINE ( 'NONE', #1548, #671 ) ;
#237 = LINE ( 'NONE', #2047, #1350 ) ;
#238 = EDGE_CURVE ( 'NONE', #1519, #1619, #2045, .T. ) ;
#239 = LENGTH_MEASURE_WITH_UNIT ( LENGTH_MEASURE( 0.02539999999999999897 ), #2030 );
#240 = CARTESIAN_POINT ( 'NONE',  ( -0.01499999999999995955, 0.2775000000000000244, 0.01499999999999997169 ) ) ;
#241 = VERTEX_POINT ( 'NONE', #405 ) ;
#242 = FACE_OUTER_BOUND ( 'NONE', #787, .T. ) ;
#243 = LINE ( 'NONE', #2055, #1150 ) ;
#244 = ORIENTED_EDGE ( 'NONE', *, *, #132, .T. ) ;
#245 = DIRECTION ( 'NONE',  ( 0.000000000000000000, -0.9659258262890699775, -0.2588190451025145222 ) ) ;
#246 = PLANE ( 'NONE',  #603 ) ;
#247 = DIRECTION ( 'NONE',  ( 0.000000000000000000, 0.9659258262890699775, -0.2588190451025140781 ) ) ;
#248 = CARTESIAN_POINT ( 'NONE',  ( 0.1150000000000000050, 0.2449999999999999400, 0.01499999999999997169 ) ) ;
#249 = ORIENTED_EDGE ( 'NONE', *, *, #1855, .F. ) ;
#250 = SURFACE_SIDE_STYLE ('',( #378 ) ) ;
#251 = PLANE ( 'NONE',  #368 ) ;
#252 = ORIENTED_EDGE ( 'NONE', *, *, #233, .F. ) ;
#253 = CARTESIAN_POINT ( 'NONE',  ( -0.1499999999999999944, 0.01500000000000001159, 0.03649999999999996997 ) ) ;
#254 = CARTESIAN_POINT ( 'NONE',  ( 0.06750000000000003220, 0.2949999999999999845, -0.05000000000000003053 ) ) ;
#255 = CARTESIAN_POINT ( 'NONE',  ( 0.01499999999999999424, 0.2449999999999999400, 0.01499999999999997169 ) ) ;
#256 = VECTOR ( 'NONE', #753, 39.37007874015748143 ) ;
#257 = CARTESIAN_POINT ( 'NONE',  ( -0.006999999999999999278, 0.01000000000000000194, 0.08450000000000001954 ) ) ;
#258 = EDGE_CURVE ( 'NONE', #1476, #1763, #559, .T. ) ;
#259 = VERTEX_POINT ( 'NONE', #102 ) ;
#260 = EDGE_CURVE ( 'NONE', #755, #534, #234, .T. ) ;
#261 = VECTOR ( 'NONE', #1054, 39.37007874015748143 ) ;
#262 = VECTOR ( 'NONE', #1262, 39.37007874015748854 ) ;
#263 = DIRECTION ( 'NONE',  ( -1.000000000000000000, -0.000000000000000000, -0.000000000000000000 ) ) ;
#264 = DIRECTION ( 'NONE',  ( 0.000000000000000000, -1.733406087350420004E-16, 1.000000000000000000 ) ) ;
#265 = VECTOR ( 'NONE', #1951, 39.37007874015748143 ) ;
#266 = VERTEX_POINT ( 'NONE', #1899 ) ;
#267 = CARTESIAN_POINT ( 'NONE',  ( -0.01499999999999995955, 0.2775000000000000244, -0.01499999999999997516 ) ) ;
#268 = CARTESIAN_POINT ( 'NONE',  ( 0.05000000000000000971, 0.03500000000000001027, 0.03114101615137766441 ) ) ;
#269 = VERTEX_POINT ( 'NONE', #763 ) ;
#270 = CARTESIAN_POINT ( 'NONE',  ( -0.01200000000000000025, 0.03500000000000000333, 0.01750000000000000860 ) ) ;
#271 = AXIS2_PLACEMENT_3D ( 'NONE', #1641, #1627, #1281 ) ;
#272 = PLANE ( 'NONE',  #1317 ) ;
#273 = ORIENTED_EDGE ( 'NONE', *, *, #1253, .F. ) ;
#274 = EDGE_CURVE ( 'NONE', #1261, #1256, #1402, .T. ) ;
#275 = CARTESIAN_POINT ( 'NONE',  ( -0.1149999999999999634, 0.2449999999999999400, 0.01499999999999997169 ) ) ;
#276 = EDGE_CURVE ( 'NONE', #978, #232, #414, .T. ) ;
#277 = ORIENTED_EDGE ( 'NONE', *, *, #336, .F. ) ;
#278 = EDGE_CURVE ( 'NONE', #854, #1957, #1236, .T. ) ;
#279 = CARTESIAN_POINT ( 'NONE',  ( -0.04999999999999999584, 0.2949999999999999845, 0.05000000000000003053 ) ) ;
#280 = FACE_OUTER_BOUND ( 'NONE', #422, .T. ) ;
#281 = ORIENTED_EDGE ( 'NONE', *, *, #943, .T. ) ;
#282 = CARTESIAN_POINT ( 'NONE',  ( -0.04999999999999999584, 0.000000000000000000, 0.000000000000000000 ) ) ;
#283 = CARTESIAN_POINT ( 'NONE',  ( -0.03249999999999998029, 0.2949999999999999845, -0.05000000000000003053 ) ) ;
#284 = ORIENTED_EDGE ( 'NONE', *, *, #323, .T. ) ;
#285 = ORIENTED_EDGE ( 'NONE', *, *, #943, .F. ) ;
#286 = LINE ( 'NONE', #1520, #842 ) ;
#287 = SHAPE_DEFINITION_REPRESENTATION ( #2099, #1171 ) ;
#288 = PLANE ( 'NONE',  #193 ) ;
#289 = ORIENTED_EDGE ( 'NONE', *, *, #2053, .T. ) ;
#290 = DIRECTION ( 'NONE',  ( 0.000000000000000000, -0.000000000000000000, -1.000000000000000000 ) ) ;
#291 = VERTEX_POINT ( 'NONE', #70 ) ;
#292 = VECTOR ( 'NONE', #1549, 39.37007874015748143 ) ;
#293 = APPLICATION_CONTEXT ( 'automotive_design' ) ;
#294 = MECHANICAL_DESIGN_GEOMETRIC_PRESENTATION_REPRESENTATION (  '', ( #2082 ), #2052 ) ;
#295 = AXIS2_PLACEMENT_3D ( 'NONE', #1155, #1661, #62 ) ;
#296 = EDGE_CURVE ( 'NONE', #1146, #1476, #2067, .T. ) ;
#298 = DIRECTION ( 'NONE',  ( 0.000000000000000000, -1.370704305007583992E-16, 1.000000000000000000 ) ) ;
#297 = VECTOR ( 'NONE', #1131, 39.37007874015748143 ) ;
#299 = DIRECTION ( 'NONE',  ( 1.000000000000000000, 0.000000000000000000, 0.000000000000000000 ) ) ;
#300 = CARTESIAN_POINT ( 'NONE',  ( 0.1500000000000000222, 0.01500000000000001159, 0.03649999999999996997 ) ) ;
#301 = VERTEX_POINT ( 'NONE', #593 ) ;
#302 = VECTOR ( 'NONE', #1544, 39.37007874015748143 ) ;
#303 = SHAPE_REPRESENTATION ( 'NPPC021KFXC-RC_C03', ( #1089 ), #2025 ) ;
#304 = DIRECTION ( 'NONE',  ( 0.000000000000000000, 0.000000000000000000, 1.000000000000000000 ) ) ;
#305 = ORIENTED_EDGE ( 'NONE', *, *, #713, .F. ) ;
#306 = EDGE_CURVE ( 'NONE', #1314, #59, #915, .T. ) ;
#307 = EDGE_CURVE ( 'NONE', #1608, #2024, #92, .T. ) ;
#308 = FACE_OUTER_BOUND ( 'NONE', #2106, .T. ) ;
#309 = LINE ( 'NONE', #646, #1493 ) ;
#310 = CARTESIAN_POINT ( 'NONE',  ( 0.01200000000000000025, 0.03500000000000000333, 0.01750000000000000860 ) ) ;
#311 = ORIENTED_EDGE ( 'NONE', *, *, #43, .T. ) ;
#312 = CARTESIAN_POINT ( 'NONE',  ( -0.01200000000000000025, 0.03200000000000000761, 0.04950000000000000233 ) ) ;
#313 = ORIENTED_EDGE ( 'NONE', *, *, #1706, .T. ) ;
#314 = LENGTH_MEASURE_WITH_UNIT ( LENGTH_MEASURE( 0.02539999999999999897 ), #490 );
#315 = DIRECTION ( 'NONE',  ( -1.000000000000000000, -0.000000000000000000, -0.000000000000000000 ) ) ;
#316 = CARTESIAN_POINT ( 'NONE',  ( -0.1049999999999999545, 0.2675000000000000711, -0.004999999999999963675 ) ) ;
#317 = VERTEX_POINT ( 'NONE', #1245 ) ;
#318 = DIRECTION ( 'NONE',  ( 0.000000000000000000, -1.000000000000000000, -3.048937492928865815E-17 ) ) ;
#319 = VERTEX_POINT ( 'NONE', #1908 ) ;
#320 = EDGE_CURVE ( 'NONE', #2024, #1704, #883, .T. ) ;
#321 = PRESENTATION_STYLE_ASSIGNMENT (( #2127 ) ) ;
#322 = ORIENTED_EDGE ( 'NONE', *, *, #948, .F. ) ;
#323 = EDGE_CURVE ( 'NONE', #1479, #1819, #925, .T. ) ;
#324 = EDGE_CURVE ( 'NONE', #595, #1418, #637, .T. ) ;
#325 = LINE ( 'NONE', #1993, #356 ) ;
#326 = DIRECTION ( 'NONE',  ( 1.000000000000000000, 0.000000000000000000, 0.000000000000000000 ) ) ;
#327 = VECTOR ( 'NONE', #1328, 39.37007874015748143 ) ;
#328 = VERTEX_POINT ( 'NONE', #1617 ) ;
#329 = VECTOR ( 'NONE', #1093, 39.37007874015748143 ) ;
#330 = DIRECTION ( 'NONE',  ( 1.000000000000000000, 0.000000000000000000, 0.000000000000000000 ) ) ;
#331 = VERTEX_POINT ( 'NONE', #468 ) ;
#332 = AXIS2_PLACEMENT_3D ( 'NONE', #58, #1582, #2043 ) ;
#333 = FILL_AREA_STYLE ('',( #852 ) ) ;
#334 = FILL_AREA_STYLE ('',( #436 ) ) ;
#335 = ORIENTED_EDGE ( 'NONE', *, *, #972, .F. ) ;
#336 = EDGE_CURVE ( 'NONE', #624, #1525, #1796, .T. ) ;
#337 = DIRECTION ( 'NONE',  ( -1.000000000000000000, -0.000000000000000000, -0.000000000000000000 ) ) ;
#338 = CARTESIAN_POINT ( 'NONE',  ( 0.05000000000000000971, 0.01500000000000001159, 0.03649999999999996997 ) ) ;
#339 = ORIENTED_EDGE ( 'NONE', *, *, #479, .T. ) ;
#340 = DIRECTION ( 'NONE',  ( 0.000000000000000000, 0.000000000000000000, 1.000000000000000000 ) ) ;
#341 = CARTESIAN_POINT ( 'NONE',  ( 0.1049999999999999961, 0.2675000000000000711, 0.004999999999999969746 ) ) ;
#342 = CARTESIAN_POINT ( 'NONE',  ( -0.1499999999999999944, 0.2949999999999999845, 0.05000000000000003053 ) ) ;
#343 = ORIENTED_EDGE ( 'NONE', *, *, #1485, .T. ) ;
#344 = CARTESIAN_POINT ( 'NONE',  ( -0.01499999999999995955, 0.2449999999999999400, 0.01499999999999997169 ) ) ;
#345 = LINE ( 'NONE', #2023, #1752 ) ;
#346 = ORIENTED_EDGE ( 'NONE', *, *, #495, .T. ) ;
#347 = DIRECTION ( 'NONE',  ( -0.000000000000000000, 1.000000000000000000, 2.529488883022466337E-15 ) ) ;
#348 = CARTESIAN_POINT ( 'NONE',  ( 0.08500000000000004774, 0.2449999999999999400, 0.01499999999999997169 ) ) ;
#349 = ORIENTED_EDGE ( 'NONE', *, *, #323, .F. ) ;
#350 = LINE ( 'NONE', #1166, #1707 ) ;
#351 = ORIENTED_EDGE ( 'NONE', *, *, #235, .F. ) ;
#352 = AXIS2_PLACEMENT_3D ( 'NONE', #572, #1922, #1205 ) ;
#353 = CARTESIAN_POINT ( 'NONE',  ( 0.08500000000000004774, 0.2449999999999999400, -0.01499999999999998036 ) ) ;
#354 = CARTESIAN_POINT ( 'NONE',  ( -0.08500000000000001998, 0.2775000000000000244, 0.01499999999999997863 ) ) ;
#355 = ORIENTED_EDGE ( 'NONE', *, *, #206, .T. ) ;
#356 = VECTOR ( 'NONE', #1137, 39.37007874015748143 ) ;
#357 = DIRECTION ( 'NONE',  ( -0.000000000000000000, 0.000000000000000000, -1.000000000000000000 ) ) ;
#358 = CARTESIAN_POINT ( 'NONE',  ( 0.05000000000000000971, 0.03500000000000001721, -0.03114101615137772686 ) ) ;
#359 = ORIENTED_EDGE ( 'NONE', *, *, #238, .F. ) ;
#360 = ADVANCED_FACE ( 'NONE', ( #1632 ), #2119, .F. ) ;
#361 = VECTOR ( 'NONE', #1762, 39.37007874015748143 ) ;
#362 =( LENGTH_UNIT ( ) NAMED_UNIT ( * ) SI_UNIT ( $, .METRE. ) );
#364 = DIRECTION ( 'NONE',  ( 0.000000000000000000, -4.142673673352226284E-32, -1.000000000000000000 ) ) ;
#363 = AXIS2_PLACEMENT_3D ( 'NONE', #1856, #52, #505 ) ;
#365 = EDGE_CURVE ( 'NONE', #1957, #1479, #973, .T. ) ;
#366 = ORIENTED_EDGE ( 'NONE', *, *, #2093, .T. ) ;
#367 = EDGE_CURVE ( 'NONE', #1973, #1204, #2109, .T. ) ;
#368 = AXIS2_PLACEMENT_3D ( 'NONE', #89, #922, #892 ) ;
#369 = CARTESIAN_POINT ( 'NONE',  ( 0.01499999999999999424, 0.2449999999999999400, 0.01499999999999997169 ) ) ;
#370 = CARTESIAN_POINT ( 'NONE',  ( -0.1149999999999999634, 0.2775000000000000244, -0.01499999999999997516 ) ) ;
#371 = ORIENTED_EDGE ( 'NONE', *, *, #1103, .T. ) ;
#372 = CARTESIAN_POINT ( 'NONE',  ( -0.01200000000000000025, 0.01000000000000000368, 0.04950000000000000233 ) ) ;
#373 = DIRECTION ( 'NONE',  ( 0.000000000000000000, 0.2588190451025145777, -0.9659258262890699775 ) ) ;
#374 = DIRECTION ( 'NONE',  ( -1.000000000000000000, 0.000000000000000000, -0.000000000000000000 ) ) ;
#375 = LENGTH_MEASURE_WITH_UNIT ( LENGTH_MEASURE( 0.02539999999999999897 ), #362 );
#376 = CARTESIAN_POINT ( 'NONE',  ( 0.05000000000000000971, 0.2949999999999999845, 0.03249999999999999417 ) ) ;
#377 = ORIENTED_EDGE ( 'NONE', *, *, #651, .T. ) ;
#378 = SURFACE_STYLE_FILL_AREA ( #411 ) ;
#379 = DIRECTION ( 'NONE',  ( 0.000000000000000000, 6.097874985857729166E-17, 1.000000000000000000 ) ) ;
#380 = ORIENTED_EDGE ( 'NONE', *, *, #2022, .T. ) ;
#381 = PLANE ( 'NONE',  #783 ) ;
#382 = CARTESIAN_POINT ( 'NONE',  ( -0.01200000000000000025, 0.03500000000000000333, 0.02749999999999999667 ) ) ;
#383 = DIRECTION ( 'NONE',  ( 0.000000000000000000, 1.000000000000000000, 3.048937492928865815E-17 ) ) ;
#384 = SHAPE_DEFINITION_REPRESENTATION ( #1546, #1915 ) ;
#385 = CARTESIAN_POINT ( 'NONE',  ( -0.1324999999999999789, 0.2949999999999999845, -0.05000000000000003053 ) ) ;
#386 = VERTEX_POINT ( 'NONE', #1604 ) ;
#387 = DIRECTION ( 'NONE',  ( 0.000000000000000000, 0.000000000000000000, 1.000000000000000000 ) ) ;
#388 = VERTEX_POINT ( 'NONE', #1775 ) ;
#389 = CARTESIAN_POINT ( 'NONE',  ( 0.05000000000000000971, 0.03500000000000001027, 0.03114101615137766441 ) ) ;
#390 = LINE ( 'NONE', #254, #1573 ) ;
#391 = VECTOR ( 'NONE', #606, 39.37007874015748143 ) ;
#392 = DIRECTION ( 'NONE',  ( 1.000000000000000000, 0.000000000000000000, 0.000000000000000000 ) ) ;
#393 = FACE_OUTER_BOUND ( 'NONE', #737, .T. ) ;
#394 = EDGE_CURVE ( 'NONE', #1664, #978, #1424, .T. ) ;
#395 = ORIENTED_EDGE ( 'NONE', *, *, #1183, .F. ) ;
#396 = VECTOR ( 'NONE', #1116, 39.37007874015748143 ) ;
#397 = VECTOR ( 'NONE', #379, 39.37007874015748143 ) ;
#398 = APPLICATION_CONTEXT ( 'automotive_design' ) ;
#399 =( NAMED_UNIT ( * ) PLANE_ANGLE_UNIT ( ) SI_UNIT ( $, .RADIAN. ) );
#400 = DIRECTION ( 'NONE',  ( 0.000000000000000000, -1.000000000000000000, -1.733406087350420004E-16 ) ) ;
#401 = VERTEX_POINT ( 'NONE', #813 ) ;
#402 = UNCERTAINTY_MEASURE_WITH_UNIT (LENGTH_MEASURE( 1.000000000000000082E-05 ), #2102, 'distance_accuracy_value', 'NONE');
#403 = PRODUCT_DEFINITION_FORMATION_WITH_SPECIFIED_SOURCE ( 'ANY', '', #1860, .NOT_KNOWN. ) ;
#404 = EDGE_CURVE ( 'NONE', #1057, #317, #150, .T. ) ;
#405 = CARTESIAN_POINT ( 'NONE',  ( -0.1499999999999999944, 0.03500000000000001027, 0.03114101615137766441 ) ) ;
#406 = LINE ( 'NONE', #1909, #2087 ) ;
#407 = CARTESIAN_POINT ( 'NONE',  ( 0.05000000000000000971, 0.2949999999999999845, 0.05000000000000003053 ) ) ;
#408 = ITEM_DEFINED_TRANSFORMATION ( 'NONE', 'NONE', #1284,  #1089 ) ;
#409 = CARTESIAN_POINT ( 'NONE',  ( 0.05000000000000000971, 0.2949999999999999845, 0.05000000000000003053 ) ) ;
#410 = ORIENTED_EDGE ( 'NONE', *, *, #172, .F. ) ;
#411 = FILL_AREA_STYLE ('',( #67 ) ) ;
#412 = LINE ( 'NONE', #1906, #1318 ) ;
#413 = ORIENTED_EDGE ( 'NONE', *, *, #1022, .T. ) ;
#414 = LINE ( 'NONE', #61, #630 ) ;
#415 = LINE ( 'NONE', #916, #1497 ) ;
#416 = DIRECTION ( 'NONE',  ( -0.000000000000000000, 1.000000000000000000, 1.733406087350420004E-16 ) ) ;
#417 = ADVANCED_FACE ( 'NONE', ( #1435 ), #2129, .F. ) ;
#418 = LINE ( 'NONE', #1405, #122 ) ;
#419 = EDGE_LOOP ( 'NONE', ( #2036, #706, #1721, #478 ) ) ;
#420 = FACE_OUTER_BOUND ( 'NONE', #1406, .T. ) ;
#421 = CARTESIAN_POINT ( 'NONE',  ( 0.01200000000000000025, 0.03200000000000000761, 0.04950000000000000233 ) ) ;
#422 = EDGE_LOOP ( 'NONE', ( #1962, #1508, #1760, #499 ) ) ;
#423 = UNCERTAINTY_MEASURE_WITH_UNIT (LENGTH_MEASURE( 1.000000000000000082E-05 ), #474, 'distance_accuracy_value', 'NONE');
#424 = CARTESIAN_POINT ( 'NONE',  ( 0.01200000000000000025, 0.03500000000000000333, 0.01750000000000000860 ) ) ;
#425 = DIRECTION ( 'NONE',  ( -0.000000000000000000, 0.2588190451025141336, 0.9659258262890700886 ) ) ;
#426 = ORIENTED_EDGE ( 'NONE', *, *, #1063, .F. ) ;
#427 = PLANE ( 'NONE',  #1385 ) ;
#428 = CIRCLE ( 'NONE', #1114, 0.004999999999999997502 ) ;
#429 = ADVANCED_FACE ( 'NONE', ( #1463 ), #2101, .F. ) ;
#430 = LINE ( 'NONE', #587, #1391 ) ;
#431 = EDGE_CURVE ( 'NONE', #967, #189, #309, .T. ) ;
#432 = ORIENTED_EDGE ( 'NONE', *, *, #50, .T. ) ;
#433 = EDGE_CURVE ( 'NONE', #1167, #1469, #625, .T. ) ;
#434 = EDGE_CURVE ( 'NONE', #386, #1819, #1272, .T. ) ;
#435 = AXIS2_PLACEMENT_3D ( 'NONE', #409, #1575, #96 ) ;
#436 = FILL_AREA_STYLE_COLOUR ( '', #709 ) ;
#437 = DIRECTION ( 'NONE',  ( -1.000000000000000000, -0.000000000000000000, 0.000000000000000000 ) ) ;
#438 = VECTOR ( 'NONE', #1028, 39.37007874015748143 ) ;
#439 = EDGE_LOOP ( 'NONE', ( #366, #524, #1369, #1209, #1689, #1910, #1201, #1783 ) ) ;
#440 = CARTESIAN_POINT ( 'NONE',  ( 0.05000000000000000971, 0.2949999999999999845, -0.05000000000000003053 ) ) ;
#441 = CARTESIAN_POINT ( 'NONE',  ( -0.04999999999999999584, 0.01500000000000001159, 0.03649999999999996997 ) ) ;
#442 = ORIENTED_EDGE ( 'NONE', *, *, #260, .F. ) ;
#443 = PLANE ( 'NONE',  #119 ) ;
#444 = VECTOR ( 'NONE', #447, 39.37007874015748143 ) ;
#445 = LINE ( 'NONE', #736, #1954 ) ;
#446 = ORIENTED_EDGE ( 'NONE', *, *, #682, .T. ) ;
#447 = DIRECTION ( 'NONE',  ( 0.000000000000000000, 1.000000000000000000, 3.048937492928865815E-17 ) ) ;
#448 = EDGE_LOOP ( 'NONE', ( #2000, #1293, #51, #1662 ) ) ;
#449 = DIRECTION ( 'NONE',  ( 0.000000000000000000, 2.529488883022466337E-15, -1.000000000000000000 ) ) ;
#450 = PLANE ( 'NONE',  #1120 ) ;
#451 = ORIENTED_EDGE ( 'NONE', *, *, #41, .T. ) ;
#452 = FACE_OUTER_BOUND ( 'NONE', #54, .T. ) ;
#453 = EDGE_LOOP ( 'NONE', ( #432, #1375, #410, #1389 ) ) ;
#454 = DIRECTION ( 'NONE',  ( 1.000000000000000000, 0.000000000000000000, 0.000000000000000000 ) ) ;
#455 = EDGE_CURVE ( 'NONE', #65, #1694, #935, .T. ) ;
#456 = EDGE_CURVE ( 'NONE', #388, #629, #113, .T. ) ;
#457 = DIRECTION ( 'NONE',  ( 0.000000000000000000, 2.529488883022466337E-15, -1.000000000000000000 ) ) ;
#458 = APPLICATION_PROTOCOL_DEFINITION ( 'draft international standard', 'automotive_design', 1998, #180 ) ;
#459 = CARTESIAN_POINT ( 'NONE',  ( -0.04999999999999999584, 0.01499999999999997689, 0.04999999999999996808 ) ) ;
#460 = ORIENTED_EDGE ( 'NONE', *, *, #1374, .T. ) ;
#461 = CARTESIAN_POINT ( 'NONE',  ( -0.03249999999999998029, 0.2949999999999999845, -0.03249999999999999417 ) ) ;
#462 = ORIENTED_EDGE ( 'NONE', *, *, #1574, .T. ) ;
#463 = SURFACE_SIDE_STYLE ('',( #1448 ) ) ;
#464 = VECTOR ( 'NONE', #1848, 39.37007874015748143 ) ;
#465 = VECTOR ( 'NONE', #1001, 39.37007874015748854 ) ;
#466 = AXIS2_PLACEMENT_3D ( 'NONE', #64, #1044, #29 ) ;
#468 = CARTESIAN_POINT ( 'NONE',  ( 0.01200000000000000025, 0.03500000000000000333, 0.02749999999999999667 ) ) ;
#467 = VECTOR ( 'NONE', #1777, 39.37007874015748143 ) ;
#469 = LINE ( 'NONE', #151, #716 ) ;
#470 = VERTEX_POINT ( 'NONE', #1258 ) ;
#471 = CIRCLE ( 'NONE', #1535, 0.004999999999999997502 ) ;
#472 = CARTESIAN_POINT ( 'NONE',  ( -0.006999999999999999278, 0.000000000000000000, 0.07950000000000001510 ) ) ;
#473 = ORIENTED_EDGE ( 'NONE', *, *, #1239, .F. ) ;
#474 =( CONVERSION_BASED_UNIT ( 'INCH', #1941 ) LENGTH_UNIT ( ) NAMED_UNIT ( #780 ) );
#475 = PLANE ( 'NONE',  #1778 ) ;
#476 = DIRECTION ( 'NONE',  ( 0.7071067811865461294, -0.7071067811865489050, 0.000000000000000000 ) ) ;
#477 = DIRECTION ( 'NONE',  ( 0.5773502691896265082, -0.5773502691896241767, -0.5773502691896263972 ) ) ;
#478 = ORIENTED_EDGE ( 'NONE', *, *, #791, .T. ) ;
#479 = EDGE_CURVE ( 'NONE', #1525, #1146, #1935, .T. ) ;
#480 = DIRECTION ( 'NONE',  ( 0.000000000000000000, -3.048937492928865815E-17, 1.000000000000000000 ) ) ;
#481 = ORIENTED_EDGE ( 'NONE', *, *, #1950, .F. ) ;
#482 = ADVANCED_FACE ( 'NONE', ( #800 ), #1104, .F. ) ;
#483 = ORIENTED_EDGE ( 'NONE', *, *, #278, .T. ) ;
#484 = FACE_OUTER_BOUND ( 'NONE', #923, .T. ) ;
#485 = CARTESIAN_POINT ( 'NONE',  ( 0.05000000000000000971, 0.03500000000000001721, -0.03114101615137772686 ) ) ;
#486 = EDGE_LOOP ( 'NONE', ( #186, #2032, #1879, #1698 ) ) ;
#487 = CARTESIAN_POINT ( 'NONE',  ( 0.004999999999999981022, 0.2675000000000000711, 0.004999999999999969746 ) ) ;
#488 = EDGE_CURVE ( 'NONE', #210, #388, #286, .T. ) ;
#489 = ORIENTED_EDGE ( 'NONE', *, *, #817, .F. ) ;
#490 =( LENGTH_UNIT ( ) NAMED_UNIT ( * ) SI_UNIT ( $, .METRE. ) );
#491 = ORIENTED_EDGE ( 'NONE', *, *, #1009, .F. ) ;
#492 = VECTOR ( 'NONE', #1219, 39.37007874015748143 ) ;
#493 = ADVANCED_FACE ( 'NONE', ( #1015 ), #1837, .F. ) ;
#494 = VECTOR ( 'NONE', #449, 39.37007874015748143 ) ;
#495 = EDGE_CURVE ( 'NONE', #2003, #269, #1356, .T. ) ;
#496 = DIRECTION ( 'NONE',  ( 0.000000000000000000, 0.000000000000000000, -1.000000000000000000 ) ) ;
#497 = CARTESIAN_POINT ( 'NONE',  ( 0.01200000000000000025, 0.03200000000000000761, 0.04950000000000000233 ) ) ;
#498 = VECTOR ( 'NONE', #39, 39.37007874015748143 ) ;
#499 = ORIENTED_EDGE ( 'NONE', *, *, #367, .T. ) ;
#500 = CARTESIAN_POINT ( 'NONE',  ( 0.1500000000000000222, 0.01499999999999998904, -0.05000000000000003747 ) ) ;
#501 = CARTESIAN_POINT ( 'NONE',  ( 0.05000000000000000971, 0.01499999999999997689, 0.04999999999999996808 ) ) ;
#502 = DIRECTION ( 'NONE',  ( 0.000000000000000000, 0.9659258262890699775, -0.2588190451025140781 ) ) ;
#503 = VECTOR ( 'NONE', #1090, 39.37007874015748143 ) ;
#504 = VECTOR ( 'NONE', #1863, 39.37007874015748143 ) ;
#505 = DIRECTION ( 'NONE',  ( 1.000000000000000000, 0.000000000000000000, 0.000000000000000000 ) ) ;
#506 = DIRECTION ( 'NONE',  ( 0.000000000000000000, -1.000000000000000000, 6.097874985857729166E-17 ) ) ;
#507 = ORIENTED_EDGE ( 'NONE', *, *, #296, .F. ) ;
#508 = ADVANCED_FACE ( 'NONE', ( #1806 ), #518, .F. ) ;
#509 = CARTESIAN_POINT ( 'NONE',  ( -0.1149999999999999634, 0.2449999999999999400, -0.01499999999999998036 ) ) ;
#510 = DIRECTION ( 'NONE',  ( -1.000000000000000000, 0.000000000000000000, 0.000000000000000000 ) ) ;
#511 = ORIENTED_EDGE ( 'NONE', *, *, #1614, .F. ) ;
#512 =( REPRESENTATION_RELATIONSHIP ('NONE','NONE', #1171, #303 ) REPRESENTATION_RELATIONSHIP_WITH_TRANSFORMATION ( #408 )SHAPE_REPRESENTATION_RELATIONSHIP( ) );
#513 = SURFACE_STYLE_FILL_AREA ( #176 ) ;
#514 = LINE ( 'NONE', #1491, #1118 ) ;
#515 = EDGE_LOOP ( 'NONE', ( #661, #1897, #1671, #1275 ) ) ;
#516 = DIRECTION ( 'NONE',  ( 1.000000000000000000, 0.000000000000000000, 0.000000000000000000 ) ) ;
#517 = ORIENTED_EDGE ( 'NONE', *, *, #2108, .F. ) ;
#518 = PLANE ( 'NONE',  #1843 ) ;
#519 = EDGE_CURVE ( 'NONE', #1366, #2113, #197, .T. ) ;
#520 = DIRECTION ( 'NONE',  ( -0.000000000000000000, -0.7071067811865490160, -0.7071067811865461294 ) ) ;
#521 = ORIENTED_EDGE ( 'NONE', *, *, #1376, .F. ) ;
#522 = DIRECTION ( 'NONE',  ( -0.000000000000000000, 1.000000000000000000, 1.733406087350420004E-16 ) ) ;
#523 = EDGE_CURVE ( 'NONE', #534, #241, #1665, .T. ) ;
#524 = ORIENTED_EDGE ( 'NONE', *, *, #948, .T. ) ;
#525 = FACE_OUTER_BOUND ( 'NONE', #2123, .T. ) ;
#526 = ORIENTED_EDGE ( 'NONE', *, *, #585, .F. ) ;
#527 = PRODUCT_DEFINITION_SHAPE ( 'NONE', 'NONE',  #590 ) ;
#528 = VECTOR ( 'NONE', #838, 39.37007874015748143 ) ;
#529 = FACE_OUTER_BOUND ( 'NONE', #453, .T. ) ;
#530 = DIRECTION ( 'NONE',  ( 0.5773502691896263972, 0.5773502691896241767, -0.5773502691896265082 ) ) ;
#531 = ORIENTED_EDGE ( 'NONE', *, *, #238, .T. ) ;
#532 = VECTOR ( 'NONE', #2088, 39.37007874015748143 ) ;
#533 = DIRECTION ( 'NONE',  ( 0.000000000000000000, 1.000000000000000000, 1.733406087350420004E-16 ) ) ;
#534 = VERTEX_POINT ( 'NONE', #1159 ) ;
#535 = VECTOR ( 'NONE', #1335, 39.37007874015748143 ) ;
#536 = CARTESIAN_POINT ( 'NONE',  ( -0.04999999999999999584, 0.01499999999999997689, 0.04999999999999996808 ) ) ;
#537 = VECTOR ( 'NONE', #1138, 39.37007874015748143 ) ;
#538 = ORIENTED_EDGE ( 'NONE', *, *, #365, .F. ) ;
#539 = CARTESIAN_POINT ( 'NONE',  ( 0.006999999999999999278, 0.01000000000000000194, 0.08450000000000001954 ) ) ;
#540 = ORIENTED_EDGE ( 'NONE', *, *, #791, .F. ) ;
#541 = PLANE ( 'NONE',  #1715 ) ;
#542 = FACE_OUTER_BOUND ( 'NONE', #118, .T. ) ;
#543 = PLANE ( 'NONE',  #1702 ) ;
#544 = CARTESIAN_POINT ( 'NONE',  ( 0.08500000000000004774, 0.2449999999999999400, 0.01499999999999997169 ) ) ;
#545 = ORIENTED_EDGE ( 'NONE', *, *, #1060, .F. ) ;
#546 = EDGE_CURVE ( 'NONE', #259, #1763, #1826, .T. ) ;
#547 = DIRECTION ( 'NONE',  ( 0.000000000000000000, 0.000000000000000000, 1.000000000000000000 ) ) ;
#548 = ORIENTED_EDGE ( 'NONE', *, *, #129, .T. ) ;
#549 = CARTESIAN_POINT ( 'NONE',  ( 0.1500000000000000222, 0.2949999999999999845, -0.05000000000000003053 ) ) ;
#550 = DIRECTION ( 'NONE',  ( 0.000000000000000000, 1.370704305007583992E-16, -1.000000000000000000 ) ) ;
#551 = PLANE ( 'NONE',  #1075 ) ;
#552 = EDGE_CURVE ( 'NONE', #1798, #624, #1168, .T. ) ;
#553 = LINE ( 'NONE', #1352, #1280 ) ;
#554 = ORIENTED_EDGE ( 'NONE', *, *, #160, .T. ) ;
#555 = SURFACE_STYLE_FILL_AREA ( #729 ) ;
#556 = CARTESIAN_POINT ( 'NONE',  ( -0.1149999999999999634, 0.2449999999999999400, -0.01499999999999998036 ) ) ;
#557 = ORIENTED_EDGE ( 'NONE', *, *, #433, .F. ) ;
#558 = VECTOR ( 'NONE', #1199, 39.37007874015748143 ) ;
#559 = LINE ( 'NONE', #389, #1276 ) ;
#560 = DIRECTION ( 'NONE',  ( 0.000000000000000000, -0.000000000000000000, -1.000000000000000000 ) ) ;
#561 = LINE ( 'NONE', #1724, #2081 ) ;
#562 = VECTOR ( 'NONE', #1629, 39.37007874015748143 ) ;
#563 = PLANE ( 'NONE',  #1530 ) ;
#564 = ORIENTED_EDGE ( 'NONE', *, *, #109, .T. ) ;
#565 = VECTOR ( 'NONE', #1972, 39.37007874015748854 ) ;
#566 = STYLED_ITEM ( 'NONE', ( #675 ), #875 ) ;
#567 = AXIS2_PLACEMENT_3D ( 'NONE', #946, #824, #326 ) ;
#569 = DIRECTION ( 'NONE',  ( 0.000000000000000000, 1.000000000000000000, 1.733406087350420004E-16 ) ) ;
#568 = VECTOR ( 'NONE', #1490, 39.37007874015748143 ) ;
#570 = LINE ( 'NONE', #2065, #1989 ) ;
#571 = VERTEX_POINT ( 'NONE', #683 ) ;
#572 = CARTESIAN_POINT ( 'NONE',  ( 0.08500000000000004774, 0.2449999999999999400, 0.01499999999999997169 ) ) ;
#573 = PLANE ( 'NONE',  #1184 ) ;
#574 = CARTESIAN_POINT ( 'NONE',  ( -0.1499999999999999944, 0.2949999999999999845, -0.05000000000000003053 ) ) ;
#575 = FACE_OUTER_BOUND ( 'NONE', #115, .T. ) ;
#576 = EDGE_LOOP ( 'NONE', ( #1396, #1824, #128, #857 ) ) ;
#577 = EDGE_CURVE ( 'NONE', #2080, #470, #173, .T. ) ;
#578 = CARTESIAN_POINT ( 'NONE',  ( 0.01499999999999999424, 0.2449999999999999400, 0.01499999999999997169 ) ) ;
#579 = ORIENTED_EDGE ( 'NONE', *, *, #1630, .T. ) ;
#580 = ADVANCED_FACE ( 'NONE', ( #1331 ), #33, .F. ) ;
#581 = CARTESIAN_POINT ( 'NONE',  ( -0.04999999999999999584, 0.03500000000000001721, -0.03114101615137772686 ) ) ;
#582 = FACE_OUTER_BOUND ( 'NONE', #1384, .T. ) ;
#583 = ORIENTED_EDGE ( 'NONE', *, *, #1895, .F. ) ;
#584 = LINE ( 'NONE', #1911, #1948 ) ;
#585 = EDGE_CURVE ( 'NONE', #470, #782, #855, .T. ) ;
#586 = ADVANCED_FACE ( 'NONE', ( #529 ), #1179, .F. ) ;
#587 = CARTESIAN_POINT ( 'NONE',  ( 0.1500000000000000222, 0.03500000000000001721, -0.03114101615137772686 ) ) ;
#588 = ORIENTED_EDGE ( 'NONE', *, *, #2033, .F. ) ;
#589 = APPLICATION_CONTEXT ( 'automotive_design' ) ;
#590 = PRODUCT_DEFINITION ( 'UNKNOWN', '', #403, #635 ) ;
#591 = CARTESIAN_POINT ( 'NONE',  ( -0.04999999999999999584, 0.2949999999999999845, 0.03249999999999999417 ) ) ;
#592 = ORIENTED_EDGE ( 'NONE', *, *, #434, .F. ) ;
#593 = CARTESIAN_POINT ( 'NONE',  ( 0.01200000000000000025, 0.01000000000000000368, 0.04950000000000000233 ) ) ;
#594 = DIRECTION ( 'NONE',  ( -0.000000000000000000, 0.000000000000000000, -1.000000000000000000 ) ) ;
#595 = VERTEX_POINT ( 'NONE', #995 ) ;
#596 = CARTESIAN_POINT ( 'NONE',  ( 0.1150000000000000050, 0.2449999999999999400, 0.01499999999999997169 ) ) ;
#597 = CLOSED_SHELL ( 'NONE', ( #1193, #969, #139, #721, #429, #1990, #1766, #910, #1966, #645, #934, #1902, #4, #633, #680, #482, #1648, #31, #116 ) ) ;
#598 = VECTOR ( 'NONE', #1092, 39.37007874015748143 ) ;
#599 = LINE ( 'NONE', #283, #1181 ) ;
#600 = ORIENTED_EDGE ( 'NONE', *, *, #908, .F. ) ;
#601 = PRESENTATION_LAYER_ASSIGNMENT (  '', '', ( #187 ) ) ;
#602 = VECTOR ( 'NONE', #1096, 39.37007874015748143 ) ;
#603 = AXIS2_PLACEMENT_3D ( 'NONE', #1403, #103, #936 ) ;
#604 = CARTESIAN_POINT ( 'NONE',  ( -0.04999999999999999584, 0.2949999999999999845, 0.05000000000000003053 ) ) ;
#605 = VERTEX_POINT ( 'NONE', #1486 ) ;
#606 = DIRECTION ( 'NONE',  ( -1.000000000000000000, -0.000000000000000000, -0.000000000000000000 ) ) ;
#607 = CONTEXT_DEPENDENT_SHAPE_REPRESENTATION ( #701, #1654 ) ;
#608 = CARTESIAN_POINT ( 'NONE',  ( 0.006999999999999999278, 3.791200677927629740E-33, 0.08450000000000001954 ) ) ;
#609 = VERTEX_POINT ( 'NONE', #890 ) ;
#610 = MECHANICAL_DESIGN_GEOMETRIC_PRESENTATION_REPRESENTATION (  '', ( #1646 ), #752 ) ;
#611 = CARTESIAN_POINT ( 'NONE',  ( 0.004999999999999981022, 0.2675000000000000711, -0.004999999999999963675 ) ) ;
#612 = EDGE_LOOP ( 'NONE', ( #1170, #1600, #1074, #1644 ) ) ;
#613 =( NAMED_UNIT ( * ) SI_UNIT ( $, .STERADIAN. ) SOLID_ANGLE_UNIT ( ) );
#614 = ADVANCED_FACE ( 'NONE', ( #484 ), #1687, .F. ) ;
#615 = EDGE_CURVE ( 'NONE', #901, #909, #832, .T. ) ;
#616 = EDGE_CURVE ( 'NONE', #183, #1314, #325, .T. ) ;
#617 = EDGE_LOOP ( 'NONE', ( #1427, #281, #1288, #526 ) ) ;
#618 = DIRECTION ( 'NONE',  ( 0.000000000000000000, -1.000000000000000000, -2.134256245050206194E-16 ) ) ;
#619 = DIRECTION ( 'NONE',  ( -0.000000000000000000, -2.958228394578794270E-31, -1.000000000000000000 ) ) ;
#620 = DIRECTION ( 'NONE',  ( -0.000000000000000000, 1.000000000000000000, 1.733406087350420004E-16 ) ) ;
#621 = EDGE_LOOP ( 'NONE', ( #1081, #1338, #94, #107 ) ) ;
#622 =( REPRESENTATION_RELATIONSHIP ('NONE','NONE', #1171, #1915 ) REPRESENTATION_RELATIONSHIP_WITH_TRANSFORMATION ( #1943 )SHAPE_REPRESENTATION_RELATIONSHIP( ) );
#623 = PLANE ( 'NONE',  #953 ) ;
#624 = VERTEX_POINT ( 'NONE', #1647 ) ;
#625 = LINE ( 'NONE', #1969, #2017 ) ;
#626 = CARTESIAN_POINT ( 'NONE',  ( 0.05000000000000000971, 0.2949999999999999845, -0.05000000000000003053 ) ) ;
#627 = ORIENTED_EDGE ( 'NONE', *, *, #274, .F. ) ;
#628 = CARTESIAN_POINT ( 'NONE',  ( -0.1499999999999999944, 0.01500000000000001159, 0.03649999999999996997 ) ) ;
#629 = VERTEX_POINT ( 'NONE', #161 ) ;
#630 = VECTOR ( 'NONE', #903, 39.37007874015748143 ) ;
#631 = CARTESIAN_POINT ( 'NONE',  ( 0.01499999999999999424, 0.2775000000000000244, 0.01499999999999997169 ) ) ;
#632 =( CONVERSION_BASED_UNIT ( 'INCH', #314 ) LENGTH_UNIT ( ) NAMED_UNIT ( #1932 ) );
#633 = ADVANCED_FACE ( 'NONE', ( #656 ), #1304, .F. ) ;
#634 = VECTOR ( 'NONE', #48, 39.37007874015748143 ) ;
#635 = PRODUCT_DEFINITION_CONTEXT ( 'detailed design', #398, 'design' ) ;
#637 = LINE ( 'NONE', #1942, #598 ) ;
#636 = VECTOR ( 'NONE', #1887, 39.37007874015748143 ) ;
#638 = ADVANCED_FACE ( 'NONE', ( #1194, #420 ), #891, .F. ) ;
#639 = CARTESIAN_POINT ( 'NONE',  ( 0.05000000000000000971, 0.01499999999999997689, 0.04999999999999996808 ) ) ;
#640 = ORIENTED_EDGE ( 'NONE', *, *, #1574, .F. ) ;
#641 = CARTESIAN_POINT ( 'NONE',  ( -0.01200000000000000025, 0.03200000000000000761, 0.01749999999999999820 ) ) ;
#642 = AXIS2_PLACEMENT_3D ( 'NONE', #1690, #826, #165 ) ;
#643 = ORIENTED_EDGE ( 'NONE', *, *, #1793, .F. ) ;
#644 = CARTESIAN_POINT ( 'NONE',  ( -0.006999999999999999278, 0.01000000000000000194, 0.07950000000000001510 ) ) ;
#645 = ADVANCED_FACE ( 'NONE', ( #242 ), #1882, .F. ) ;
#646 = CARTESIAN_POINT ( 'NONE',  ( -0.1499999999999999944, 0.01499999999999997689, 0.04999999999999996808 ) ) ;
#647 = LINE ( 'NONE', #1295, #1460 ) ;
#648 = EDGE_LOOP ( 'NONE', ( #1452, #517, #1667, #1621 ) ) ;
#649 = CARTESIAN_POINT ( 'NONE',  ( 0.1150000000000000050, 0.2449999999999999400, -0.01499999999999998036 ) ) ;
#650 = ORIENTED_EDGE ( 'NONE', *, *, #1764, .F. ) ;
#651 = EDGE_CURVE ( 'NONE', #1957, #386, #1564, .T. ) ;
#652 =( LENGTH_UNIT ( ) NAMED_UNIT ( * ) SI_UNIT ( $, .METRE. ) );
#653 = CARTESIAN_POINT ( 'NONE',  ( 0.01200000000000000025, 0.01000000000000000368, 0.04950000000000000233 ) ) ;
#654 = ORIENTED_EDGE ( 'NONE', *, *, #1441, .F. ) ;
#655 = MANIFOLD_SOLID_BREP ( 'LPattern1[2]', #9 ) ;
#656 = FACE_OUTER_BOUND ( 'NONE', #950, .T. ) ;
#657 = DIRECTION ( 'NONE',  ( 0.000000000000000000, 0.000000000000000000, -1.000000000000000000 ) ) ;
#658 = ORIENTED_EDGE ( 'NONE', *, *, #109, .F. ) ;
#659 = CARTESIAN_POINT ( 'NONE',  ( 0.1500000000000000222, 0.01499999999999997689, 0.04999999999999996808 ) ) ;
#660 = FACE_OUTER_BOUND ( 'NONE', #867, .T. ) ;
#661 = ORIENTED_EDGE ( 'NONE', *, *, #1737, .T. ) ;
#662 = MANIFOLD_SOLID_BREP ( 'Fillet1', #841 ) ;
#663 = DIRECTION ( 'NONE',  ( -0.000000000000000000, 0.2588190451025141336, 0.9659258262890700886 ) ) ;
#664 = ORIENTED_EDGE ( 'NONE', *, *, #336, .T. ) ;
#665 = VECTOR ( 'NONE', #1886, 39.37007874015748143 ) ;
#666 = MECHANICAL_DESIGN_GEOMETRIC_PRESENTATION_REPRESENTATION (  '', ( #187 ), #1916 ) ;
#667 = CARTESIAN_POINT ( 'NONE',  ( -0.04999999999999999584, 0.03500000000000001027, 0.03114101615137766441 ) ) ;
#668 = DIRECTION ( 'NONE',  ( 0.000000000000000000, 0.000000000000000000, 1.000000000000000000 ) ) ;
#669 = CIRCLE ( 'NONE', #882, 0.004999999999999997502 ) ;
#670 = ORIENTED_EDGE ( 'NONE', *, *, #1022, .F. ) ;
#671 = VECTOR ( 'NONE', #1079, 39.37007874015748143 ) ;
#672 = FACE_OUTER_BOUND ( 'NONE', #69, .T. ) ;
#673 = CARTESIAN_POINT ( 'NONE',  ( 0.08500000000000004774, 0.2775000000000000244, -0.01499999999999997516 ) ) ;
#674 = VERTEX_POINT ( 'NONE', #1213 ) ;
#675 = PRESENTATION_STYLE_ASSIGNMENT (( #1033 ) ) ;
#676 = EDGE_CURVE ( 'NONE', #624, #609, #1553, .T. ) ;
#677 = CARTESIAN_POINT ( 'NONE',  ( 0.08500000000000004774, 0.2775000000000000244, 0.01499999999999997169 ) ) ;
#678 = EDGE_LOOP ( 'NONE', ( #1552, #1241, #1597, #351, #1299, #1187, #1638, #592 ) ) ;
#679 = ADVANCED_FACE ( 'NONE', ( #1129 ), #1313, .F. ) ;
#680 = ADVANCED_FACE ( 'NONE', ( #2072 ), #1407, .F. ) ;
#681 = EDGE_CURVE ( 'NONE', #301, #2003, #1795, .T. ) ;
#682 = EDGE_CURVE ( 'NONE', #1008, #259, #1157, .T. ) ;
#683 = CARTESIAN_POINT ( 'NONE',  ( -0.1324999999999999789, 0.2949999999999999845, 0.03249999999999999417 ) ) ;
#684 = CARTESIAN_POINT ( 'NONE',  ( 0.01499999999999999424, 0.2449999999999999400, 0.01499999999999997169 ) ) ;
#685 = ORIENTED_EDGE ( 'NONE', *, *, #455, .T. ) ;
#686 = CARTESIAN_POINT ( 'NONE',  ( -0.04999999999999999584, 0.01499999999999997689, 0.04999999999999996808 ) ) ;
#687 = CARTESIAN_POINT ( 'NONE',  ( 0.05000000000000000971, 0.2949999999999999845, -0.05000000000000003053 ) ) ;
#688 = ORIENTED_EDGE ( 'NONE', *, *, #1506, .F. ) ;
#689 =( NAMED_UNIT ( * ) SI_UNIT ( $, .STERADIAN. ) SOLID_ANGLE_UNIT ( ) );
#690 = DIRECTION ( 'NONE',  ( 0.000000000000000000, -1.000000000000000000, 0.000000000000000000 ) ) ;
#691 = VERTEX_POINT ( 'NONE', #1471 ) ;
#692 = DIRECTION ( 'NONE',  ( -1.000000000000000000, -0.000000000000000000, -0.000000000000000000 ) ) ;
#693 = CARTESIAN_POINT ( 'NONE',  ( 0.2000000000000000111, 0.2449999999999999400, -8.667030436752101562E-18 ) ) ;
#694 = ORIENTED_EDGE ( 'NONE', *, *, #704, .T. ) ;
#695 = DIRECTION ( 'NONE',  ( -0.000000000000000000, 1.000000000000000000, 2.529488883022466337E-15 ) ) ;
#696 = DIRECTION ( 'NONE',  ( 0.000000000000000000, 0.9659258262890699775, 0.2588190451025145777 ) ) ;
#697 = ORIENTED_EDGE ( 'NONE', *, *, #1098, .T. ) ;
#698 = MANIFOLD_SOLID_BREP ( 'LPattern1[1]', #1420 ) ;
#699 = DIRECTION ( 'NONE',  ( -1.000000000000000000, 0.000000000000000000, 0.000000000000000000 ) ) ;
#700 = EDGE_LOOP ( 'NONE', ( #1091, #777, #1495, #1971 ) ) ;
#701 =( REPRESENTATION_RELATIONSHIP ('NONE','NONE', #1171, #1915 ) REPRESENTATION_RELATIONSHIP_WITH_TRANSFORMATION ( #224 )SHAPE_REPRESENTATION_RELATIONSHIP( ) );
#702 = VECTOR ( 'NONE', #2009, 39.37007874015748143 ) ;
#703 = DIRECTION ( 'NONE',  ( -0.000000000000000000, 0.000000000000000000, 1.000000000000000000 ) ) ;
#704 = EDGE_CURVE ( 'NONE', #1353, #1995, #1890, .T. ) ;
#705 = DIRECTION ( 'NONE',  ( 0.000000000000000000, 2.213302772644657947E-15, 1.000000000000000000 ) ) ;
#706 = ORIENTED_EDGE ( 'NONE', *, *, #1539, .F. ) ;
#707 = ADVANCED_FACE ( 'NONE', ( #1301 ), #1145, .F. ) ;
#709 = COLOUR_RGB ( '',0.2509803921568627416, 0.2509803921568627416, 0.2509803921568627416 ) ;
#708 = LINE ( 'NONE', #1996, #2096 ) ;
#710 = LINE ( 'NONE', #177, #1216 ) ;
#711 = DIRECTION ( 'NONE',  ( -0.000000000000000000, 0.000000000000000000, 1.000000000000000000 ) ) ;
#712 = VECTOR ( 'NONE', #1620, 39.37007874015748143 ) ;
#713 = EDGE_CURVE ( 'NONE', #319, #1069, #169, .T. ) ;
#714 = CARTESIAN_POINT ( 'NONE',  ( 0.000000000000000000, 0.000000000000000000, 0.000000000000000000 ) ) ;
#715 = DIRECTION ( 'NONE',  ( -0.5773502691896265082, -0.5773502691896241767, -0.5773502691896263972 ) ) ;
#716 = VECTOR ( 'NONE', #2121, 39.37007874015748143 ) ;
#717 = ORIENTED_EDGE ( 'NONE', *, *, #1264, .T. ) ;
#718 =( CONVERSION_BASED_UNIT ( 'INCH', #1543 ) LENGTH_UNIT ( ) NAMED_UNIT ( #1291 ) );
#719 = FACE_OUTER_BOUND ( 'NONE', #621, .T. ) ;
#720 = EDGE_LOOP ( 'NONE', ( #564, #850, #1765, #531 ) ) ;
#721 = ADVANCED_FACE ( 'NONE', ( #1483 ), #475, .F. ) ;
#722 = LINE ( 'NONE', #581, #1309 ) ;
#723 = CARTESIAN_POINT ( 'NONE',  ( 0.05000000000000000971, 0.03500000000000001027, 0.03114101615137766441 ) ) ;
#724 = CARTESIAN_POINT ( 'NONE',  ( 0.08500000000000004774, 0.2775000000000000244, 0.01499999999999997863 ) ) ;
#725 = LINE ( 'NONE', #1703, #747 ) ;
#726 = EDGE_CURVE ( 'NONE', #2024, #1136, #1663, .T. ) ;
#727 = ORIENTED_EDGE ( 'NONE', *, *, #676, .F. ) ;
#728 = EDGE_CURVE ( 'NONE', #759, #65, #140, .T. ) ;
#729 = FILL_AREA_STYLE ('',( #1531 ) ) ;
#730 = DIRECTION ( 'NONE',  ( 0.000000000000000000, 4.142673673352227379E-32, 1.000000000000000000 ) ) ;
#731 = EDGE_LOOP ( 'NONE', ( #19, #2126, #442, #343 ) ) ;
#732 = PRODUCT_DEFINITION_CONTEXT ( 'detailed design', #112, 'design' ) ;
#733 = DIRECTION ( 'NONE',  ( 0.000000000000000000, 0.000000000000000000, 1.000000000000000000 ) ) ;
#734 = CARTESIAN_POINT ( 'NONE',  ( -0.006999999999999999278, 0.01000000000000000194, 0.08450000000000001954 ) ) ;
#735 = DIRECTION ( 'NONE',  ( 0.000000000000000000, 0.000000000000000000, 1.000000000000000000 ) ) ;
#736 = CARTESIAN_POINT ( 'NONE',  ( 0.1500000000000000222, 0.2949999999999999845, 0.03249999999999999417 ) ) ;
#737 = EDGE_LOOP ( 'NONE', ( #462, #557, #481, #90 ) ) ;
#738 = DIRECTION ( 'NONE',  ( -1.000000000000000000, 0.000000000000000000, 0.000000000000000000 ) ) ;
#739 = ORIENTED_EDGE ( 'NONE', *, *, #681, .T. ) ;
#740 = VECTOR ( 'NONE', #735, 39.37007874015748143 ) ;
#741 = LINE ( 'NONE', #1379, #1013 ) ;
#742 = LINE ( 'NONE', #734, #329 ) ;
#743 = AXIS2_PLACEMENT_3D ( 'NONE', #369, #1027, #1474 ) ;
#744 = LINE ( 'NONE', #574, #82 ) ;
#745 = PLANE ( 'NONE',  #435 ) ;
#746 = ORIENTED_EDGE ( 'NONE', *, *, #1510, .T. ) ;
#747 = VECTOR ( 'NONE', #715, 39.37007874015748854 ) ;
#748 = ADVANCED_FACE ( 'NONE', ( #1458 ), #182, .T. ) ;
#749 = DIRECTION ( 'NONE',  ( -0.000000000000000000, 1.000000000000000000, 1.733406087350420004E-16 ) ) ;
#750 = EDGE_CURVE ( 'NONE', #901, #674, #216, .T. ) ;
#751 = ORIENTED_EDGE ( 'NONE', *, *, #1551, .T. ) ;
#752 =( GEOMETRIC_REPRESENTATION_CONTEXT ( 3 ) GLOBAL_UNCERTAINTY_ASSIGNED_CONTEXT ( ( #1434 ) ) GLOBAL_UNIT_ASSIGNED_CONTEXT ( ( #1470, #120, #1833 ) ) REPRESENTATION_CONTEXT ( 'NONE', 'WORKASPACE' ) );
#753 = DIRECTION ( 'NONE',  ( -1.000000000000000000, 0.000000000000000000, 0.000000000000000000 ) ) ;
#754 = DIRECTION ( 'NONE',  ( -1.000000000000000000, 0.000000000000000000, -0.000000000000000000 ) ) ;
#755 = VERTEX_POINT ( 'NONE', #1365 ) ;
#756 = DIRECTION ( 'NONE',  ( -0.000000000000000000, 1.000000000000000000, 2.529488883022466337E-15 ) ) ;
#757 = DIRECTION ( 'NONE',  ( 0.000000000000000000, -1.000000000000000000, -3.048937492928865815E-17 ) ) ;
#758 = PRODUCT_DEFINITION ( 'UNKNOWN', '', #1992, #732 ) ;
#759 = VERTEX_POINT ( 'NONE', #1844 ) ;
#760 = PRESENTATION_STYLE_ASSIGNMENT (( #218 ) ) ;
#761 = CARTESIAN_POINT ( 'NONE',  ( -0.01200000000000000025, 0.03200000000000000761, 0.04950000000000000233 ) ) ;
#762 = ORIENTED_EDGE ( 'NONE', *, *, #207, .T. ) ;
#763 = CARTESIAN_POINT ( 'NONE',  ( -0.01200000000000000025, 0.01000000000000000194, 0.07950000000000000122 ) ) ;
#764 = LINE ( 'NONE', #268, #56 ) ;
#765 = EDGE_LOOP ( 'NONE', ( #1224, #988, #1489, #1244 ) ) ;
#766 = LINE ( 'NONE', #596, #774 ) ;
#767 = LINE ( 'NONE', #248, #361 ) ;
#768 = ORIENTED_EDGE ( 'NONE', *, *, #1183, .T. ) ;
#769 = DIRECTION ( 'NONE',  ( 0.000000000000000000, 1.000000000000000000, -4.142673673352226284E-32 ) ) ;
#770 = ORIENTED_EDGE ( 'NONE', *, *, #456, .F. ) ;
#771 = CARTESIAN_POINT ( 'NONE',  ( -0.1149999999999999634, 0.2449999999999999400, 0.01499999999999997169 ) ) ;
#772 = DIRECTION ( 'NONE',  ( 0.000000000000000000, -1.000000000000000000, 0.000000000000000000 ) ) ;
#773 = ORIENTED_EDGE ( 'NONE', *, *, #1804, .T. ) ;
#774 = VECTOR ( 'NONE', #1248, 39.37007874015748143 ) ;
#775 = VECTOR ( 'NONE', #2001, 39.37007874015748143 ) ;
#776 = DIRECTION ( 'NONE',  ( 0.000000000000000000, 0.000000000000000000, 1.000000000000000000 ) ) ;
#777 = ORIENTED_EDGE ( 'NONE', *, *, #519, .F. ) ;
#778 = FACE_OUTER_BOUND ( 'NONE', #38, .T. ) ;
#779 = AXIS2_PLACEMENT_3D ( 'NONE', #853, #516, #1541 ) ;
#780 = DIMENSIONAL_EXPONENTS ( 1.000000000000000000, 0.000000000000000000, 0.000000000000000000, 0.000000000000000000, 0.000000000000000000, 0.000000000000000000, 0.000000000000000000 ) ;
#781 = VECTOR ( 'NONE', #738, 39.37007874015748143 ) ;
#782 = VERTEX_POINT ( 'NONE', #544 ) ;
#783 = AXIS2_PLACEMENT_3D ( 'NONE', #659, #695, #1502 ) ;
#784 = CARTESIAN_POINT ( 'NONE',  ( 0.05000000000000000971, 0.01499999999999997689, 0.04999999999999996808 ) ) ;
#785 = CONTEXT_DEPENDENT_SHAPE_REPRESENTATION ( #512, #1349 ) ;
#786 = CARTESIAN_POINT ( 'NONE',  ( 0.1500000000000000222, 0.01500000000000001853, -0.03650000000000003936 ) ) ;
#787 = EDGE_LOOP ( 'NONE', ( #1279, #640, #1744, #2071, #2016, #1165, #1333, #1681 ) ) ;
#788 = CARTESIAN_POINT ( 'NONE',  ( -0.03249999999999998029, 0.2949999999999999845, 0.03249999999999999417 ) ) ;
#789 = CARTESIAN_POINT ( 'NONE',  ( 0.08500000000000004774, 0.2775000000000000244, -0.01499999999999997516 ) ) ;
#790 = ORIENTED_EDGE ( 'NONE', *, *, #1103, .F. ) ;
#791 = EDGE_CURVE ( 'NONE', #909, #101, #1337, .T. ) ;
#792 = CARTESIAN_POINT ( 'NONE',  ( -0.01200000000000000025, 0.03200000000000000761, 0.02749999999999999667 ) ) ;
#793 = PRODUCT_DEFINITION_CONTEXT ( 'detailed design', #180, 'design' ) ;
#794 = CARTESIAN_POINT ( 'NONE',  ( 0.1150000000000000050, 0.2775000000000000244, 0.01499999999999997169 ) ) ;
#795 = DIRECTION ( 'NONE',  ( 0.000000000000000000, 1.000000000000000000, -2.213302772644657947E-15 ) ) ;
#796 = ORIENTED_EDGE ( 'NONE', *, *, #805, .F. ) ;
#797 = PLANE ( 'NONE',  #153 ) ;
#798 = ORIENTED_EDGE ( 'NONE', *, *, #577, .F. ) ;
#799 = CARTESIAN_POINT ( 'NONE',  ( 0.08500000000000004774, 0.2775000000000000244, 0.01499999999999997169 ) ) ;
#800 = FACE_OUTER_BOUND ( 'NONE', #1097, .T. ) ;
#801 = FACE_OUTER_BOUND ( 'NONE', #146, .T. ) ;
#802 = EDGE_LOOP ( 'NONE', ( #1005, #451, #1290, #1192, #137, #893, #194, #134 ) ) ;
#803 = LINE ( 'NONE', #501, #396 ) ;
#804 = ORIENTED_EDGE ( 'NONE', *, *, #704, .F. ) ;
#805 = EDGE_CURVE ( 'NONE', #1418, #1686, #1834, .T. ) ;
#806 = VECTOR ( 'NONE', #1363, 39.37007874015748854 ) ;
#807 = PRESENTATION_STYLE_ASSIGNMENT (( #968 ) ) ;
#808 = VECTOR ( 'NONE', #618, 39.37007874015748143 ) ;
#809 = EDGE_CURVE ( 'NONE', #1704, #266, #1717, .T. ) ;
#810 = VECTOR ( 'NONE', #949, 39.37007874015748143 ) ;
#811 = EDGE_CURVE ( 'NONE', #909, #854, #553, .T. ) ;
#812 = UNCERTAINTY_MEASURE_WITH_UNIT (LENGTH_MEASURE( 1.000000000000000082E-05 ), #1312, 'distance_accuracy_value', 'NONE');
#813 = CARTESIAN_POINT ( 'NONE',  ( -0.06749999999999999056, 0.2949999999999999845, 0.03249999999999999417 ) ) ;
#814 = EDGE_CURVE ( 'NONE', #534, #1466, #204, .T. ) ;
#815 = FACE_OUTER_BOUND ( 'NONE', #515, .T. ) ;
#816 = ORIENTED_EDGE ( 'NONE', *, *, #1800, .F. ) ;
#817 = EDGE_CURVE ( 'NONE', #1798, #59, #2019, .T. ) ;
#818 = PLANE ( 'NONE',  #1048 ) ;
#819 = ORIENTED_EDGE ( 'NONE', *, *, #728, .F. ) ;
#820 = CARTESIAN_POINT ( 'NONE',  ( 0.1325000000000000344, 0.2949999999999999845, -0.05000000000000003053 ) ) ;
#821 = CARTESIAN_POINT ( 'NONE',  ( 0.05000000000000000971, 0.03500000000000001027, 0.03114101615137766441 ) ) ;
#822 = ORIENTED_EDGE ( 'NONE', *, *, #1439, .T. ) ;
#823 = CARTESIAN_POINT ( 'NONE',  ( -0.01200000000000000025, 0.01000000000000000021, 0.04950000000000000233 ) ) ;
#824 = DIRECTION ( 'NONE',  ( 0.000000000000000000, -0.7071067811865489050, 0.7071067811865462405 ) ) ;
#825 = ORIENTED_EDGE ( 'NONE', *, *, #885, .F. ) ;
#826 = DIRECTION ( 'NONE',  ( -0.7071067811865461294, -0.7071067811865489050, 0.000000000000000000 ) ) ;
#827 = CARTESIAN_POINT ( 'NONE',  ( 0.01200000000000000025, 0.01000000000000000194, 0.07950000000000000122 ) ) ;
#828 = ORIENTED_EDGE ( 'NONE', *, *, #1651, .T. ) ;
#829 = DIRECTION ( 'NONE',  ( 0.000000000000000000, 0.000000000000000000, 1.000000000000000000 ) ) ;
#830 = CARTESIAN_POINT ( 'NONE',  ( -0.04999999999999999584, 0.2949999999999999845, -0.03249999999999999417 ) ) ;
#831 = ORIENTED_EDGE ( 'NONE', *, *, #1467, .F. ) ;
#832 = LINE ( 'NONE', #1151, #1277 ) ;
#833 = CARTESIAN_POINT ( 'NONE',  ( 0.01200000000000000025, 0.01000000000000000021, 0.04950000000000000233 ) ) ;
#834 = ORIENTED_EDGE ( 'NONE', *, *, #1539, .T. ) ;
#835 = EDGE_CURVE ( 'NONE', #571, #319, #1999, .T. ) ;
#836 = SURFACE_SIDE_STYLE ('',( #513 ) ) ;
#837 = CARTESIAN_POINT ( 'NONE',  ( -0.04999999999999999584, 0.01499999999999997689, 0.04999999999999996808 ) ) ;
#838 = DIRECTION ( 'NONE',  ( 0.000000000000000000, 0.000000000000000000, 1.000000000000000000 ) ) ;
#839 = DIRECTION ( 'NONE',  ( 0.000000000000000000, -1.000000000000000000, -3.048937492928865815E-17 ) ) ;
#840 = VERTEX_POINT ( 'NONE', #536 ) ;
#841 = CLOSED_SHELL ( 'NONE', ( #1480, #1959, #1408, #1805, #1462, #508, #1711, #707, #1836, #1088, #748, #1825 ) ) ;
#842 = VECTOR ( 'NONE', #1657, 39.37007874015748143 ) ;
#843 = DIRECTION ( 'NONE',  ( -1.000000000000000000, 0.000000000000000000, -0.000000000000000000 ) ) ;
#844 = DIRECTION ( 'NONE',  ( 0.000000000000000000, -0.9659258262890699775, 0.2588190451025140781 ) ) ;
#845 = AXIS2_PLACEMENT_3D ( 'NONE', #1599, #117, #776 ) ;
#846 = ORIENTED_EDGE ( 'NONE', *, *, #320, .T. ) ;
#847 = VECTOR ( 'NONE', #1759, 39.37007874015748143 ) ;
#848 = CARTESIAN_POINT ( 'NONE',  ( -0.04999999999999999584, 0.03500000000000001721, -0.03114101615137772686 ) ) ;
#849 = DIRECTION ( 'NONE',  ( 0.000000000000000000, 1.733406087350420004E-16, -1.000000000000000000 ) ) ;
#850 = ORIENTED_EDGE ( 'NONE', *, *, #877, .F. ) ;
#851 = VECTOR ( 'NONE', #547, 39.37007874015748143 ) ;
#852 = FILL_AREA_STYLE_COLOUR ( '', #1782 ) ;
#853 = CARTESIAN_POINT ( 'NONE',  ( -0.08500000000000001998, 0.2449999999999999400, 0.01499999999999997169 ) ) ;
#854 = VERTEX_POINT ( 'NONE', #1857 ) ;
#855 = LINE ( 'NONE', #42, #702 ) ;
#856 = DIRECTION ( 'NONE',  ( -0.000000000000000000, 1.000000000000000000, 1.733406087350420004E-16 ) ) ;
#857 = ORIENTED_EDGE ( 'NONE', *, *, #433, .T. ) ;
#858 = LINE ( 'NONE', #1030, #568 ) ;
#859 = CARTESIAN_POINT ( 'NONE',  ( -0.04999999999999999584, 0.03500000000000001721, -0.03114101615137772686 ) ) ;
#860 = ORIENTED_EDGE ( 'NONE', *, *, #306, .T. ) ;
#861 = SHAPE_REPRESENTATION_RELATIONSHIP ( 'NONE' , 'NONE' ,  #303, #1487 ) ;
#862 = PLANE ( 'NONE',  #779 ) ;
#863 = VERTEX_POINT ( 'NONE', #1527 ) ;
#864 = EDGE_CURVE ( 'NONE', #1437, #269, #350, .T. ) ;
#865 = DIRECTION ( 'NONE',  ( 0.000000000000000000, -2.213302772644657947E-15, -1.000000000000000000 ) ) ;
#866 = DIRECTION ( 'NONE',  ( 0.000000000000000000, -0.9659258262890699775, -0.2588190451025145222 ) ) ;
#867 = EDGE_LOOP ( 'NONE', ( #491, #1156, #170, #1953, #1522, #658, #688, #2066 ) ) ;
#868 = DIRECTION ( 'NONE',  ( -0.000000000000000000, 1.000000000000000000, 1.733406087350420004E-16 ) ) ;
#869 = DIRECTION ( 'NONE',  ( 0.000000000000000000, -1.000000000000000000, 0.000000000000000000 ) ) ;
#870 = EDGE_LOOP ( 'NONE', ( #762, #831, #1447, #828 ) ) ;
#871 =( NAMED_UNIT ( * ) SI_UNIT ( $, .STERADIAN. ) SOLID_ANGLE_UNIT ( ) );
#872 = LINE ( 'NONE', #18, #1358 ) ;
#873 = ADVANCED_FACE ( 'NONE', ( #525 ), #1507, .F. ) ;
#874 = ORIENTED_EDGE ( 'NONE', *, *, #324, .F. ) ;
#875 = ADVANCED_BREP_SHAPE_REPRESENTATION ( '', ( #662, #1089 ), #1325 ) ;
#876 = AXIS2_PLACEMENT_3D ( 'NONE', #1326, #374, #711 ) ;
#877 = EDGE_CURVE ( 'NONE', #331, #202, #1208, .T. ) ;
#878 = COLOUR_RGB ( '',0.2509803921568627416, 0.2509803921568627416, 0.2509803921568627416 ) ;
#879 = DIRECTION ( 'NONE',  ( -0.000000000000000000, 0.000000000000000000, -1.000000000000000000 ) ) ;
#880 = CARTESIAN_POINT ( 'NONE',  ( 0.006999999999999999278, 0.03200000000000000761, 0.07950000000000001510 ) ) ;
#881 = ORIENTED_EDGE ( 'NONE', *, *, #455, .F. ) ;
#883 = LINE ( 'NONE', #1078, #1453 ) ;
#882 = AXIS2_PLACEMENT_3D ( 'NONE', #1126, #1652, #127 ) ;
#884 = FACE_OUTER_BOUND ( 'NONE', #2077, .T. ) ;
#885 = EDGE_CURVE ( 'NONE', #401, #1664, #725, .T. ) ;
#886 = LINE ( 'NONE', #63, #1773 ) ;
#887 = DIRECTION ( 'NONE',  ( 0.000000000000000000, -3.048937492928865815E-17, 1.000000000000000000 ) ) ;
#888 = VECTOR ( 'NONE', #749, 39.37007874015748143 ) ;
#889 = ORIENTED_EDGE ( 'NONE', *, *, #1412, .T. ) ;
#890 = CARTESIAN_POINT ( 'NONE',  ( 0.1500000000000000222, 0.01500000000000001159, 0.03649999999999996997 ) ) ;
#891 = PLANE ( 'NONE',  #1423 ) ;
#892 = DIRECTION ( 'NONE',  ( 0.000000000000000000, 0.9659258262890699775, 0.2588190451025145777 ) ) ;
#893 = ORIENTED_EDGE ( 'NONE', *, *, #1898, .T. ) ;
#894 = CARTESIAN_POINT ( 'NONE',  ( 0.05000000000000000971, 0.03500000000000001721, -0.03114101615137772686 ) ) ;
#895 = CARTESIAN_POINT ( 'NONE',  ( 0.05000000000000000971, 0.01500000000000001159, 0.03649999999999996997 ) ) ;
#896 = LINE ( 'NONE', #1751, #558 ) ;
#897 = DIRECTION ( 'NONE',  ( -0.7071067811865461294, -0.7071067811865489050, 0.000000000000000000 ) ) ;
#898 = ORIENTED_EDGE ( 'NONE', *, *, #1398, .F. ) ;
#899 = CARTESIAN_POINT ( 'NONE',  ( -0.1499999999999999944, 0.000000000000000000, 0.000000000000000000 ) ) ;
#900 = PLANE ( 'NONE',  #1023 ) ;
#901 = VERTEX_POINT ( 'NONE', #192 ) ;
#902 = UNCERTAINTY_MEASURE_WITH_UNIT (LENGTH_MEASURE( 1.000000000000000082E-05 ), #718, 'distance_accuracy_value', 'NONE');
#903 = DIRECTION ( 'NONE',  ( -1.000000000000000000, 0.000000000000000000, 0.000000000000000000 ) ) ;
#904 = CARTESIAN_POINT ( 'NONE',  ( 0.1500000000000000222, 0.01500000000000001159, 0.03649999999999996997 ) ) ;
#905 = DIRECTION ( 'NONE',  ( 0.7071067811865461294, -0.7071067811865489050, 0.000000000000000000 ) ) ;
#906 = PRODUCT_CONTEXT ( 'NONE', #1592, 'mechanical' ) ;
#907 = FACE_OUTER_BOUND ( 'NONE', #1247, .T. ) ;
#908 = EDGE_CURVE ( 'NONE', #1692, #1973, #872, .T. ) ;
#909 = VERTEX_POINT ( 'NONE', #1373 ) ;
#910 = ADVANCED_FACE ( 'NONE', ( #393 ), #2031, .F. ) ;
#911 = SURFACE_STYLE_USAGE ( .BOTH. , #250 ) ;
#912 = DIRECTION ( 'NONE',  ( -1.000000000000000000, -0.000000000000000000, -0.000000000000000000 ) ) ;
#913 = ORIENTED_EDGE ( 'NONE', *, *, #162, .F. ) ;
#914 = VECTOR ( 'NONE', #1732, 39.37007874015748143 ) ;
#915 = LINE ( 'NONE', #440, #1178 ) ;
#916 = CARTESIAN_POINT ( 'NONE',  ( -0.1149999999999999634, 0.2775000000000000244, 0.01499999999999997169 ) ) ;
#917 = DIRECTION ( 'NONE',  ( 0.000000000000000000, -0.7071067811865489050, 0.7071067811865462405 ) ) ;
#918 = FACE_OUTER_BOUND ( 'NONE', #982, .T. ) ;
#919 = ORIENTED_EDGE ( 'NONE', *, *, #1412, .F. ) ;
#920 = CIRCLE ( 'NONE', #1881, 0.03200000000000000761 ) ;
#921 = AXIS2_PLACEMENT_3D ( 'NONE', #693, #1342, #1688 ) ;
#922 = DIRECTION ( 'NONE',  ( 0.000000000000000000, 0.2588190451025145777, -0.9659258262890699775 ) ) ;
#923 = EDGE_LOOP ( 'NONE', ( #1127, #746, #1907, #1321 ) ) ;
#924 = UNCERTAINTY_MEASURE_WITH_UNIT (LENGTH_MEASURE( 1.000000000000000082E-05 ), #2034, 'distance_accuracy_value', 'NONE');
#925 = LINE ( 'NONE', #1536, #1635 ) ;
#926 = CARTESIAN_POINT ( 'NONE',  ( 0.05000000000000000971, 0.01499999999999997689, 0.04999999999999996808 ) ) ;
#927 = ORIENTED_EDGE ( 'NONE', *, *, #431, .T. ) ;
#928 = LINE ( 'NONE', #1072, #2015 ) ;
#929 = DIRECTION ( 'NONE',  ( -1.000000000000000000, 0.000000000000000000, -0.000000000000000000 ) ) ;
#930 = ORIENTED_EDGE ( 'NONE', *, *, #1149, .T. ) ;
#931 =( NAMED_UNIT ( * ) SI_UNIT ( $, .STERADIAN. ) SOLID_ANGLE_UNIT ( ) );
#932 = CARTESIAN_POINT ( 'NONE',  ( 0.05000000000000000971, 0.2949999999999999845, 0.05000000000000003053 ) ) ;
#933 = ORIENTED_EDGE ( 'NONE', *, *, #1859, .T. ) ;
#934 = ADVANCED_FACE ( 'NONE', ( #1878 ), #862, .F. ) ;
#935 = LINE ( 'NONE', #141, #1563 ) ;
#936 = DIRECTION ( 'NONE',  ( -0.000000000000000000, 0.000000000000000000, -1.000000000000000000 ) ) ;
#937 = EDGE_LOOP ( 'NONE', ( #933, #997, #1940, #1584 ) ) ;
#938 = DIRECTION ( 'NONE',  ( 1.000000000000000000, 0.000000000000000000, -0.000000000000000000 ) ) ;
#939 = DIRECTION ( 'NONE',  ( 0.000000000000000000, 0.000000000000000000, 1.000000000000000000 ) ) ;
#940 = ORIENTED_EDGE ( 'NONE', *, *, #546, .T. ) ;
#941 = DIRECTION ( 'NONE',  ( 0.000000000000000000, 0.000000000000000000, 1.000000000000000000 ) ) ;
#942 = PRODUCT ( 'NPPC031KFXC-RC', 'NPPC031KFXC-RC', '', ( #1064 ) ) ;
#943 = EDGE_CURVE ( 'NONE', #1348, #65, #1494, .T. ) ;
#944 = EDGE_LOOP ( 'NONE', ( #773, #2020, #1968, #1594 ) ) ;
#945 = CARTESIAN_POINT ( 'NONE',  ( -0.08500000000000001998, 0.2775000000000000244, 0.01499999999999997169 ) ) ;
#946 = CARTESIAN_POINT ( 'NONE',  ( -0.01499999999999995955, 0.2775000000000000244, 0.01499999999999997863 ) ) ;
#947 = EDGE_LOOP ( 'NONE', ( #1124, #359, #473, #717 ) ) ;
#948 = EDGE_CURVE ( 'NONE', #1945, #840, #418, .T. ) ;
#949 = DIRECTION ( 'NONE',  ( -0.000000000000000000, 1.000000000000000000, 1.733406087350420004E-16 ) ) ;
#950 = EDGE_LOOP ( 'NONE', ( #1534, #1869, #1142, #85 ) ) ;
#951 = VECTOR ( 'NONE', #53, 39.37007874015748143 ) ;
#952 = FILL_AREA_STYLE_COLOUR ( '', #1364 ) ;
#953 = AXIS2_PLACEMENT_3D ( 'NONE', #312, #2105, #1269 ) ;
#954 = VECTOR ( 'NONE', #957, 39.37007874015748854 ) ;
#955 = VECTOR ( 'NONE', #340, 39.37007874015748143 ) ;
#956 = DIRECTION ( 'NONE',  ( 0.7071067811865461294, -0.7071067811865489050, 0.000000000000000000 ) ) ;
#957 = DIRECTION ( 'NONE',  ( 0.000000000000000000, 0.9659258262890699775, -0.2588190451025140781 ) ) ;
#958 = EDGE_LOOP ( 'NONE', ( #339, #643, #727, #664 ) ) ;
#959 = DIRECTION ( 'NONE',  ( -0.5773502691896265082, -0.5773502691896241767, -0.5773502691896263972 ) ) ;
#960 = ORIENTED_EDGE ( 'NONE', *, *, #1610, .T. ) ;
#961 = ADVANCED_FACE ( 'NONE', ( #918 ), #563, .F. ) ;
#962 = CARTESIAN_POINT ( 'NONE',  ( -0.1499999999999999944, 0.03500000000000001721, -0.03114101615137772686 ) ) ;
#963 = LINE ( 'NONE', #626, #467 ) ;
#964 = EDGE_LOOP ( 'NONE', ( #1938, #45, #1842, #2008 ) ) ;
#965 = CARTESIAN_POINT ( 'NONE',  ( -0.04999999999999999584, 0.01500000000000001853, -0.03650000000000003936 ) ) ;
#966 = ADVANCED_FACE ( 'NONE', ( #1221 ), #2079, .F. ) ;
#967 = VERTEX_POINT ( 'NONE', #1560 ) ;
#968 = SURFACE_STYLE_USAGE ( .BOTH. , #463 ) ;
#969 = ADVANCED_FACE ( 'NONE', ( #907 ), #1073, .F. ) ;
#970 = DIRECTION ( 'NONE',  ( -1.000000000000000000, -0.000000000000000000, -0.000000000000000000 ) ) ;
#971 = ADVANCED_FACE ( 'NONE', ( #1892 ), #745, .F. ) ;
#972 = EDGE_CURVE ( 'NONE', #1675, #759, #445, .T. ) ;
#973 = LINE ( 'NONE', #1758, #1454 ) ;
#974 = DIRECTION ( 'NONE',  ( -0.5773502691896263972, 0.5773502691896241767, -0.5773502691896265082 ) ) ;
#975 = ORIENTED_EDGE ( 'NONE', *, *, #885, .T. ) ;
#976 = PRODUCT_RELATED_PRODUCT_CATEGORY ( 'part', '', ( #1175 ) ) ;
#977 = CARTESIAN_POINT ( 'NONE',  ( 0.09500000000000005662, 0.2675000000000000711, -0.004999999999999963675 ) ) ;
#978 = VERTEX_POINT ( 'NONE', #1550 ) ;
#979 = AXIS2_PLACEMENT_3D ( 'NONE', #1294, #1949, #1265 ) ;
#980 = PLANE ( 'NONE',  #2062 ) ;
#981 = DIRECTION ( 'NONE',  ( 0.000000000000000000, 1.370704305007583992E-16, -1.000000000000000000 ) ) ;
#982 = EDGE_LOOP ( 'NONE', ( #217, #277, #205, #1750 ) ) ;
#983 = AXIS2_PLACEMENT_3D ( 'NONE', #1864, #849, #533 ) ;
#984 = AXIS2_PLACEMENT_3D ( 'NONE', #472, #1438, #1611 ) ;
#985 = UNCERTAINTY_MEASURE_WITH_UNIT (LENGTH_MEASURE( 1.000000000000000082E-05 ), #2018, 'distance_accuracy_value', 'NONE');
#986 = DIRECTION ( 'NONE',  ( -1.000000000000000000, -0.000000000000000000, -0.000000000000000000 ) ) ;
#987 = LINE ( 'NONE', #459, #265 ) ;
#988 = ORIENTED_EDGE ( 'NONE', *, *, #864, .F. ) ;
#989 = VECTOR ( 'NONE', #912, 39.37007874015748143 ) ;
#990 = DIRECTION ( 'NONE',  ( 0.000000000000000000, 0.000000000000000000, -1.000000000000000000 ) ) ;
#991 = EDGE_LOOP ( 'NONE', ( #2012, #583, #1650, #1053 ) ) ;
#992 = CARTESIAN_POINT ( 'NONE',  ( -0.09999999999999996392, 1.642004555071904095E-18, 2.063300006455210017E-32 ) ) ;
#993 = DIRECTION ( 'NONE',  ( 0.000000000000000000, -6.097874985857729166E-17, -1.000000000000000000 ) ) ;
#994 = ORIENTED_EDGE ( 'NONE', *, *, #1725, .F. ) ;
#995 = CARTESIAN_POINT ( 'NONE',  ( 0.03250000000000001499, 0.2949999999999999845, -0.03249999999999999417 ) ) ;
#996 = CARTESIAN_POINT ( 'NONE',  ( -0.09500000000000002887, 0.2675000000000000711, -0.004999999999999963675 ) ) ;
#997 = ORIENTED_EDGE ( 'NONE', *, *, #835, .T. ) ;
#998 = ADVANCED_FACE ( 'NONE', ( #575 ), #1736, .F. ) ;
#999 = LINE ( 'NONE', #837, #55 ) ;
#1000 = ORIENTED_EDGE ( 'NONE', *, *, #1509, .F. ) ;
#1001 = DIRECTION ( 'NONE',  ( 0.5773502691896265082, -0.5773502691896241767, -0.5773502691896263972 ) ) ;
#1002 = EDGE_LOOP ( 'NONE', ( #1270, #1566, #78, #1162, #600, #1873 ) ) ;
#1003 = CARTESIAN_POINT ( 'NONE',  ( 0.01200000000000000025, 0.03500000000000000333, 0.02749999999999999667 ) ) ;
#1004 = FACE_OUTER_BOUND ( 'NONE', #1659, .T. ) ;
#1005 = ORIENTED_EDGE ( 'NONE', *, *, #1695, .T. ) ;
#1006 = DIRECTION ( 'NONE',  ( 0.000000000000000000, 0.9659258262890699775, 0.2588190451025145777 ) ) ;
#1007 = DIRECTION ( 'NONE',  ( 0.000000000000000000, 0.000000000000000000, -1.000000000000000000 ) ) ;
#1008 = VERTEX_POINT ( 'NONE', #2049 ) ;
#1009 = EDGE_CURVE ( 'NONE', #1437, #1204, #1065, .T. ) ;
#1010 = SURFACE_STYLE_FILL_AREA ( #333 ) ;
#1011 = DIRECTION ( 'NONE',  ( 0.000000000000000000, 1.000000000000000000, 3.048937492928865815E-17 ) ) ;
#1012 = ORIENTED_EDGE ( 'NONE', *, *, #681, .F. ) ;
#1013 = VECTOR ( 'NONE', #1049, 39.37007874015748143 ) ;
#1014 = AXIS2_PLACEMENT_3D ( 'NONE', #1974, #1135, #158 ) ;
#1015 = FACE_OUTER_BOUND ( 'NONE', #75, .T. ) ;
#1016 = CARTESIAN_POINT ( 'NONE',  ( 0.1325000000000000344, 0.2949999999999999845, 0.03249999999999999417 ) ) ;
#1017 = VECTOR ( 'NONE', #1298, 39.37007874015748143 ) ;
#1018 = ORIENTED_EDGE ( 'NONE', *, *, #1645, .F. ) ;
#1019 = CARTESIAN_POINT ( 'NONE',  ( 0.05000000000000000971, 0.01499999999999997689, 0.04999999999999996808 ) ) ;
#1020 = CARTESIAN_POINT ( 'NONE',  ( 0.05000000000000000971, 0.03500000000000001721, -0.03114101615137772686 ) ) ;
#1021 = ORIENTED_EDGE ( 'NONE', *, *, #2033, .T. ) ;
#1022 = EDGE_CURVE ( 'NONE', #259, #1196, #430, .T. ) ;
#1023 = AXIS2_PLACEMENT_3D ( 'NONE', #1068, #264, #400 ) ;
#1024 = CARTESIAN_POINT ( 'NONE',  ( 0.1500000000000000222, 0.2949999999999999845, 0.05000000000000003053 ) ) ;
#1025 = EDGE_CURVE ( 'NONE', #1808, #220, #1903, .T. ) ;
#1026 = ORIENTED_EDGE ( 'NONE', *, *, #2117, .F. ) ;
#1027 = DIRECTION ( 'NONE',  ( 1.000000000000000000, 0.000000000000000000, 0.000000000000000000 ) ) ;
#1028 = DIRECTION ( 'NONE',  ( -1.000000000000000000, -0.000000000000000000, -0.000000000000000000 ) ) ;
#1029 = EDGE_LOOP ( 'NONE', ( #1934, #1268, #1624, #1576 ) ) ;
#1030 = CARTESIAN_POINT ( 'NONE',  ( -0.1149999999999999634, 0.2775000000000000244, 0.01499999999999997863 ) ) ;
#1031 = FACE_OUTER_BOUND ( 'NONE', #1177, .T. ) ;
#1032 = VERTEX_POINT ( 'NONE', #257 ) ;
#1033 = SURFACE_STYLE_USAGE ( .BOTH. , #1482 ) ;
#1034 = ADVANCED_FACE ( 'NONE', ( #1727 ), #272, .F. ) ;
#1035 = DIRECTION ( 'NONE',  ( -1.000000000000000000, -0.000000000000000000, -0.000000000000000000 ) ) ;
#1036 = ORIENTED_EDGE ( 'NONE', *, *, #320, .F. ) ;
#1037 = EDGE_CURVE ( 'NONE', #2041, #2080, #767, .T. ) ;
#1038 = DIRECTION ( 'NONE',  ( 0.000000000000000000, -1.000000000000000000, 0.000000000000000000 ) ) ;
#1039 = CARTESIAN_POINT ( 'NONE',  ( -0.1499999999999999944, 0.2949999999999999845, 0.05000000000000003053 ) ) ;
#1040 = ORIENTED_EDGE ( 'NONE', *, *, #1768, .F. ) ;
#1041 = LINE ( 'NONE', #200, #504 ) ;
#1042 = DIRECTION ( 'NONE',  ( -0.000000000000000000, -0.7071067811865490160, -0.7071067811865461294 ) ) ;
#1043 = DIRECTION ( 'NONE',  ( -0.7071067811865461294, -0.7071067811865489050, 0.000000000000000000 ) ) ;
#1044 = DIRECTION ( 'NONE',  ( -0.000000000000000000, 1.000000000000000000, 1.370704305007583992E-16 ) ) ;
#1045 = ORIENTED_EDGE ( 'NONE', *, *, #1485, .F. ) ;
#1046 = LINE ( 'NONE', #591, #781 ) ;
#1047 = ORIENTED_EDGE ( 'NONE', *, *, #546, .F. ) ;
#1049 = DIRECTION ( 'NONE',  ( 0.000000000000000000, -2.213302772644657947E-15, -1.000000000000000000 ) ) ;
#1048 = AXIS2_PLACEMENT_3D ( 'NONE', #1468, #2132, #2 ) ;
#1050 = LINE ( 'NONE', #93, #636 ) ;
#1051 = DIRECTION ( 'NONE',  ( 0.000000000000000000, 1.370704305007583992E-16, -1.000000000000000000 ) ) ;
#1052 = VECTOR ( 'NONE', #163, 39.37007874015748143 ) ;
#1053 = ORIENTED_EDGE ( 'NONE', *, *, #1793, .T. ) ;
#1054 = DIRECTION ( 'NONE',  ( 0.000000000000000000, 1.370704305007583992E-16, -1.000000000000000000 ) ) ;
#1055 = EDGE_LOOP ( 'NONE', ( #1718, #1779, #960, #1036 ) ) ;
#1056 = PLANE ( 'NONE',  #1784 ) ;
#1057 = VERTEX_POINT ( 'NONE', #1417 ) ;
#1058 = EDGE_CURVE ( 'NONE', #1686, #1136, #599, .T. ) ;
#1059 = CARTESIAN_POINT ( 'NONE',  ( -0.01200000000000000025, 0.03500000000000000333, 0.02749999999999999667 ) ) ;
#1060 = EDGE_CURVE ( 'NONE', #1366, #301, #1813, .T. ) ;
#1061 = PLANE ( 'NONE',  #57 ) ;
#1062 = LINE ( 'NONE', #105, #1740 ) ;
#1063 = EDGE_CURVE ( 'NONE', #1608, #595, #1429, .T. ) ;
#1064 = PRODUCT_CONTEXT ( 'NONE', #589, 'mechanical' ) ;
#1065 = LINE ( 'NONE', #2095, #1677 ) ;
#1066 = ORIENTED_EDGE ( 'NONE', *, *, #552, .T. ) ;
#1067 = ADVANCED_FACE ( 'NONE', ( #1939, #452 ), #1955, .F. ) ;
#1068 = CARTESIAN_POINT ( 'NONE',  ( -0.1149999999999999634, 0.2449999999999999400, 0.01499999999999997169 ) ) ;
#1069 = VERTEX_POINT ( 'NONE', #1446 ) ;
#1070 = CARTESIAN_POINT ( 'NONE',  ( 0.1500000000000000222, 0.2949999999999999845, -0.05000000000000003053 ) ) ;
#1071 = CARTESIAN_POINT ( 'NONE',  ( -0.04999999999999999584, 0.01500000000000001853, -0.03650000000000003936 ) ) ;
#1072 = CARTESIAN_POINT ( 'NONE',  ( -0.04999999999999999584, 0.01500000000000001159, 0.03649999999999996997 ) ) ;
#1073 = PLANE ( 'NONE',  #1567 ) ;
#1074 = ORIENTED_EDGE ( 'NONE', *, *, #1639, .F. ) ;
#1075 = AXIS2_PLACEMENT_3D ( 'NONE', #1876, #756, #2069 ) ;
#1076 = CARTESIAN_POINT ( 'NONE',  ( 0.1500000000000000222, 0.01500000000000001159, 0.03649999999999996997 ) ) ;
#1077 = ORIENTED_EDGE ( 'NONE', *, *, #1610, .F. ) ;
#1078 = CARTESIAN_POINT ( 'NONE',  ( -0.01499999999999995955, 0.2775000000000000244, 0.01499999999999997169 ) ) ;
#1079 = DIRECTION ( 'NONE',  ( -1.000000000000000000, -0.000000000000000000, -0.000000000000000000 ) ) ;
#1080 = VECTOR ( 'NONE', #337, 39.37007874015748143 ) ;
#1081 = ORIENTED_EDGE ( 'NONE', *, *, #136, .F. ) ;
#1082 = DIRECTION ( 'NONE',  ( 0.000000000000000000, -1.000000000000000000, 0.000000000000000000 ) ) ;
#1083 = DIRECTION ( 'NONE',  ( 0.000000000000000000, 2.134256245050206194E-16, -1.000000000000000000 ) ) ;
#1084 = EDGE_CURVE ( 'NONE', #269, #1032, #669, .T. ) ;
#1085 = VERTEX_POINT ( 'NONE', #641 ) ;
#1086 = VECTOR ( 'NONE', #1176, 39.37007874015748143 ) ;
#1087 = EDGE_CURVE ( 'NONE', #189, #241, #1478, .T. ) ;
#1088 = ADVANCED_FACE ( 'NONE', ( #660 ), #623, .F. ) ;
#1089 = AXIS2_PLACEMENT_3D ( 'NONE', #2134, #941, #454 ) ;
#1090 = DIRECTION ( 'NONE',  ( 0.000000000000000000, 1.370704305007583992E-16, -1.000000000000000000 ) ) ;
#1091 = ORIENTED_EDGE ( 'NONE', *, *, #1223, .T. ) ;
#1092 = DIRECTION ( 'NONE',  ( 0.000000000000000000, 0.000000000000000000, 1.000000000000000000 ) ) ;
#1093 = DIRECTION ( 'NONE',  ( 0.000000000000000000, -1.000000000000000000, 0.000000000000000000 ) ) ;
#1094 = ORIENTED_EDGE ( 'NONE', *, *, #258, .T. ) ;
#1095 = DIRECTION ( 'NONE',  ( -0.000000000000000000, 1.000000000000000000, 1.733406087350420004E-16 ) ) ;
#1096 = DIRECTION ( 'NONE',  ( -1.000000000000000000, -0.000000000000000000, -0.000000000000000000 ) ) ;
#1097 = EDGE_LOOP ( 'NONE', ( #825, #121, #994, #1555 ) ) ;
#1098 = EDGE_CURVE ( 'NONE', #213, #1798, #1289, .T. ) ;
#1099 =( NAMED_UNIT ( * ) PLANE_ANGLE_UNIT ( ) SI_UNIT ( $, .RADIAN. ) );
#1100 = CARTESIAN_POINT ( 'NONE',  ( 0.01200000000000000025, 3.791200677927629740E-33, 0.08450000000000001954 ) ) ;
#1101 = EDGE_CURVE ( 'NONE', #328, #1348, #2125, .T. ) ;
#1102 = ORIENTED_EDGE ( 'NONE', *, *, #1025, .F. ) ;
#1103 = EDGE_CURVE ( 'NONE', #1348, #1378, #1278, .T. ) ;
#1104 = PLANE ( 'NONE',  #1212 ) ;
#1105 = CARTESIAN_POINT ( 'NONE',  ( -0.01499999999999995955, 0.2775000000000000244, 0.01499999999999997169 ) ) ;
#1106 = ORIENTED_EDGE ( 'NONE', *, *, #1121, .T. ) ;
#1107 = DIRECTION ( 'NONE',  ( 0.000000000000000000, 1.000000000000000000, 2.134256245050206194E-16 ) ) ;
#1108 = ORIENTED_EDGE ( 'NONE', *, *, #1741, .F. ) ;
#1109 = LINE ( 'NONE', #631, #195 ) ;
#1110 = DIRECTION ( 'NONE',  ( 1.000000000000000000, 0.000000000000000000, 0.000000000000000000 ) ) ;
#1111 =( NAMED_UNIT ( * ) PLANE_ANGLE_UNIT ( ) SI_UNIT ( $, .RADIAN. ) );
#1112 = CARTESIAN_POINT ( 'NONE',  ( 0.05000000000000000971, 0.2949999999999999845, 0.05000000000000003053 ) ) ;
#1113 = ORIENTED_EDGE ( 'NONE', *, *, #1273, .T. ) ;
#1114 = AXIS2_PLACEMENT_3D ( 'NONE', #1734, #1238, #1207 ) ;
#1115 = AXIS2_PLACEMENT_3D ( 'NONE', #1787, #123, #298 ) ;
#1116 = DIRECTION ( 'NONE',  ( 0.000000000000000000, 2.529488883022466337E-15, -1.000000000000000000 ) ) ;
#1117 = EDGE_LOOP ( 'NONE', ( #927, #1045, #1850, #380 ) ) ;
#1118 = VECTOR ( 'NONE', #1362, 39.37007874015748143 ) ;
#1119 =( GEOMETRIC_REPRESENTATION_CONTEXT ( 3 ) GLOBAL_UNCERTAINTY_ASSIGNED_CONTEXT ( ( #985 ) ) GLOBAL_UNIT_ASSIGNED_CONTEXT ( ( #2018, #1505, #689 ) ) REPRESENTATION_CONTEXT ( 'NONE', 'WORKASPACE' ) );
#1120 = AXIS2_PLACEMENT_3D ( 'NONE', #786, #795, #1618 ) ;
#1121 = EDGE_CURVE ( 'NONE', #2080, #328, #1625, .T. ) ;
#1122 = DIRECTION ( 'NONE',  ( -1.000000000000000000, -0.000000000000000000, -0.000000000000000000 ) ) ;
#1123 = LINE ( 'NONE', #125, #297 ) ;
#1124 = ORIENTED_EDGE ( 'NONE', *, *, #1506, .T. ) ;
#1125 = EDGE_CURVE ( 'NONE', #1444, #1808, #1781, .T. ) ;
#1126 = CARTESIAN_POINT ( 'NONE',  ( -0.006999999999999999278, 0.01000000000000000194, 0.07950000000000001510 ) ) ;
#1127 = ORIENTED_EDGE ( 'NONE', *, *, #162, .T. ) ;
#1128 = DIRECTION ( 'NONE',  ( 1.000000000000000000, 0.000000000000000000, -0.000000000000000000 ) ) ;
#1129 = FACE_OUTER_BOUND ( 'NONE', #2131, .T. ) ;
#1130 = DIRECTION ( 'NONE',  ( 0.000000000000000000, 0.000000000000000000, -1.000000000000000000 ) ) ;
#1131 = DIRECTION ( 'NONE',  ( 0.000000000000000000, 1.000000000000000000, 3.048937492928865815E-17 ) ) ;
#1132 = ORIENTED_EDGE ( 'NONE', *, *, #1614, .T. ) ;
#1133 = CARTESIAN_POINT ( 'NONE',  ( -0.04999999999999999584, 0.2949999999999999845, -0.05000000000000003053 ) ) ;
#1134 = EDGE_LOOP ( 'NONE', ( #244, #685, #913, #521 ) ) ;
#1135 = DIRECTION ( 'NONE',  ( 0.000000000000000000, -1.000000000000000000, 0.000000000000000000 ) ) ;
#1136 = VERTEX_POINT ( 'NONE', #461 ) ;
#1137 = DIRECTION ( 'NONE',  ( 0.000000000000000000, 1.000000000000000000, 3.048937492928865815E-17 ) ) ;
#1138 = DIRECTION ( 'NONE',  ( 0.000000000000000000, -0.9659258262890699775, -0.2588190451025145222 ) ) ;
#1139 = ORIENTED_EDGE ( 'NONE', *, *, #1768, .T. ) ;
#1140 = PRODUCT_DEFINITION_SHAPE ( 'NONE', 'NONE',  #2137 ) ;
#1141 = CARTESIAN_POINT ( 'NONE',  ( 0.1500000000000000222, 0.01500000000000001853, -0.03650000000000003936 ) ) ;
#1142 = ORIENTED_EDGE ( 'NONE', *, *, #1830, .F. ) ;
#1143 = PRESENTATION_LAYER_ASSIGNMENT (  '', '', ( #2082 ) ) ;
#1144 = EDGE_CURVE ( 'NONE', #35, #1437, #1780, .T. ) ;
#1145 = PLANE ( 'NONE',  #1315 ) ;
#1146 = VERTEX_POINT ( 'NONE', #1791 ) ;
#1147 = VECTOR ( 'NONE', #304, 39.37007874015748143 ) ;
#1148 = AXIS2_PLACEMENT_3D ( 'NONE', #2046, #1749, #754 ) ;
#1149 = EDGE_CURVE ( 'NONE', #1945, #26, #1964, .T. ) ;
#1151 = CARTESIAN_POINT ( 'NONE',  ( 0.05000000000000000971, 0.01500000000000001853, -0.03650000000000003936 ) ) ;
#1150 = VECTOR ( 'NONE', #1400, 39.37007874015748143 ) ;
#1152 = PLANE ( 'NONE',  #1615 ) ;
#1153 = ORIENTED_EDGE ( 'NONE', *, *, #76, .T. ) ;
#1154 = CARTESIAN_POINT ( 'NONE',  ( 0.01200000000000000025, 2.341264892254350321E-33, 0.04950000000000000233 ) ) ;
#1155 = CARTESIAN_POINT ( 'NONE',  ( -0.01499999999999995955, 0.2449999999999999400, 0.01499999999999997169 ) ) ;
#1156 = ORIENTED_EDGE ( 'NONE', *, *, #864, .T. ) ;
#1157 = LINE ( 'NONE', #1282, #1810 ) ;
#1158 = EDGE_LOOP ( 'NONE', ( #313, #1113, #126, #1233 ) ) ;
#1159 = CARTESIAN_POINT ( 'NONE',  ( -0.04999999999999999584, 0.03500000000000001027, 0.03114101615137766441 ) ) ;
#1160 = EDGE_CURVE ( 'NONE', #1479, #1433, #803, .T. ) ;
#1161 = LINE ( 'NONE', #1039, #1254 ) ;
#1162 = ORIENTED_EDGE ( 'NONE', *, *, #367, .F. ) ;
#1163 = FILL_AREA_STYLE_COLOUR ( '', #1851 ) ;
#1164 = LINE ( 'NONE', #348, #1250 ) ;
#1165 = ORIENTED_EDGE ( 'NONE', *, *, #1087, .F. ) ;
#1166 = CARTESIAN_POINT ( 'NONE',  ( -0.01200000000000000025, 0.03200000000000000761, 0.07950000000000001510 ) ) ;
#1167 = VERTEX_POINT ( 'NONE', #1133 ) ;
#1168 = LINE ( 'NONE', #184, #464 ) ;
#1169 = DIRECTION ( 'NONE',  ( -1.000000000000000000, -0.000000000000000000, -0.000000000000000000 ) ) ;
#1170 = ORIENTED_EDGE ( 'NONE', *, *, #235, .T. ) ;
#1171 = SHAPE_REPRESENTATION ( 'NPPC031KFXC-RC', ( #1572, #1284, #1612, #363, #191 ), #1956 ) ;
#1172 = FACE_OUTER_BOUND ( 'NONE', #439, .T. ) ;
#1173 = CARTESIAN_POINT ( 'NONE',  ( 0.08500000000000004774, 0.2775000000000000244, -0.01499999999999997516 ) ) ;
#1174 = LINE ( 'NONE', #1504, #528 ) ;
#1175 = PRODUCT ( 'Pin - Gold', 'Pin - Gold', '', ( #906 ) ) ;
#1176 = DIRECTION ( 'NONE',  ( -1.000000000000000000, -0.000000000000000000, -0.000000000000000000 ) ) ;
#1177 = EDGE_LOOP ( 'NONE', ( #1731, #1570, #252, #273 ) ) ;
#1178 = VECTOR ( 'NONE', #733, 39.37007874015748143 ) ;
#1179 = PLANE ( 'NONE',  #743 ) ;
#1180 = CARTESIAN_POINT ( 'NONE',  ( -0.04999999999999999584, 0.01500000000000001853, -0.03650000000000003936 ) ) ;
#1181 = VECTOR ( 'NONE', #1251, 39.37007874015748143 ) ;
#1182 = ORIENTED_EDGE ( 'NONE', *, *, #651, .F. ) ;
#1183 = EDGE_CURVE ( 'NONE', #1418, #266, #1799, .T. ) ;
#1184 = AXIS2_PLACEMENT_3D ( 'NONE', #2076, #1230, #594 ) ;
#1185 = CARTESIAN_POINT ( 'NONE',  ( -0.04999999999999999584, 0.2949999999999999845, -0.05000000000000003053 ) ) ;
#1186 = DIRECTION ( 'NONE',  ( -1.000000000000000000, -0.000000000000000000, -0.000000000000000000 ) ) ;
#1187 = ORIENTED_EDGE ( 'NONE', *, *, #46, .F. ) ;
#1188 = VECTOR ( 'NONE', #1195, 39.37007874015748143 ) ;
#1189 = STYLED_ITEM ( 'NONE', ( #1345 ), #2097 ) ;
#1190 = CARTESIAN_POINT ( 'NONE',  ( 0.05000000000000000971, 0.01500000000000001853, -0.03650000000000003936 ) ) ;
#1191 = ADVANCED_FACE ( 'NONE', ( #135 ), #797, .F. ) ;
#1192 = ORIENTED_EDGE ( 'NONE', *, *, #1249, .T. ) ;
#1193 = ADVANCED_FACE ( 'NONE', ( #1637, #154 ), #818, .F. ) ;
#1194 = FACE_BOUND ( 'NONE', #175, .T. ) ;
#1195 = DIRECTION ( 'NONE',  ( -1.000000000000000000, -0.000000000000000000, -0.000000000000000000 ) ) ;
#1196 = VERTEX_POINT ( 'NONE', #1141 ) ;
#1197 = DIRECTION ( 'NONE',  ( -1.000000000000000000, -0.000000000000000000, -0.000000000000000000 ) ) ;
#1198 = PLANE ( 'NONE',  #2021 ) ;
#1199 = DIRECTION ( 'NONE',  ( 1.000000000000000000, 0.000000000000000000, 0.000000000000000000 ) ) ;
#1200 = CARTESIAN_POINT ( 'NONE',  ( 0.05000000000000000971, 0.01499999999999998904, -0.05000000000000003747 ) ) ;
#1201 = ORIENTED_EDGE ( 'NONE', *, *, #1125, .T. ) ;
#1202 =( NAMED_UNIT ( * ) PLANE_ANGLE_UNIT ( ) SI_UNIT ( $, .RADIAN. ) );
#1203 = DIRECTION ( 'NONE',  ( -1.000000000000000000, -0.000000000000000000, -0.000000000000000000 ) ) ;
#1204 = VERTEX_POINT ( 'NONE', #166 ) ;
#1205 = DIRECTION ( 'NONE',  ( 0.000000000000000000, -1.000000000000000000, -1.733406087350420004E-16 ) ) ;
#1206 = CYLINDRICAL_SURFACE ( 'NONE', #1926, 0.03200000000000000067 ) ;
#1207 = DIRECTION ( 'NONE',  ( 0.000000000000000000, 0.000000000000000000, -1.000000000000000000 ) ) ;
#1208 = LINE ( 'NONE', #1674, #1086 ) ;
#1209 = ORIENTED_EDGE ( 'NONE', *, *, #260, .T. ) ;
#1210 = AXIS2_PLACEMENT_3D ( 'NONE', #1336, #917, #392 ) ;
#1211 = EDGE_CURVE ( 'NONE', #1204, #1085, #1921, .T. ) ;
#1212 = AXIS2_PLACEMENT_3D ( 'NONE', #1450, #956, #1767 ) ;
#1213 = CARTESIAN_POINT ( 'NONE',  ( -0.04999999999999999584, 0.01500000000000001853, -0.03650000000000003936 ) ) ;
#1214 = DIRECTION ( 'NONE',  ( 1.000000000000000000, 0.000000000000000000, 0.000000000000000000 ) ) ;
#1215 = VERTEX_POINT ( 'NONE', #827 ) ;
#1217 = DIRECTION ( 'NONE',  ( 0.000000000000000000, 1.370704305007583992E-16, -1.000000000000000000 ) ) ;
#1216 = VECTOR ( 'NONE', #212, 39.37007874015748143 ) ;
#1218 = DIRECTION ( 'NONE',  ( 0.000000000000000000, 0.000000000000000000, -1.000000000000000000 ) ) ;
#1219 = DIRECTION ( 'NONE',  ( 0.000000000000000000, -2.213302772644657947E-15, -1.000000000000000000 ) ) ;
#1220 = AXIS2_PLACEMENT_3D ( 'NONE', #114, #1587, #560 ) ;
#1221 = FACE_OUTER_BOUND ( 'NONE', #1055, .T. ) ;
#1222 = VECTOR ( 'NONE', #866, 39.37007874015748143 ) ;
#1223 = EDGE_CURVE ( 'NONE', #202, #2113, #1346, .T. ) ;
#1224 = ORIENTED_EDGE ( 'NONE', *, *, #1084, .F. ) ;
#1225 = MECHANICAL_DESIGN_GEOMETRIC_PRESENTATION_REPRESENTATION (  '', ( #1189 ), #60 ) ;
#1226 = CARTESIAN_POINT ( 'NONE',  ( 0.1500000000000000222, 0.01499999999999997689, 0.04999999999999996808 ) ) ;
#1227 = CYLINDRICAL_SURFACE ( 'NONE', #1816, 0.004999999999999997502 ) ;
#1228 = ORIENTED_EDGE ( 'NONE', *, *, #21, .F. ) ;
#1229 = CARTESIAN_POINT ( 'NONE',  ( -0.1149999999999999634, 0.2775000000000000244, -0.01499999999999997516 ) ) ;
#1230 = DIRECTION ( 'NONE',  ( 1.000000000000000000, 0.000000000000000000, -0.000000000000000000 ) ) ;
#1231 = CARTESIAN_POINT ( 'NONE',  ( 0.1049999999999999961, 0.2675000000000000711, -0.004999999999999963675 ) ) ;
#1232 = CARTESIAN_POINT ( 'NONE',  ( -0.04999999999999999584, 0.2949999999999999845, 0.05000000000000003053 ) ) ;
#1233 = ORIENTED_EDGE ( 'NONE', *, *, #456, .T. ) ;
#1234 = FACE_OUTER_BOUND ( 'NONE', #802, .T. ) ;
#1235 = ORIENTED_EDGE ( 'NONE', *, *, #1330, .T. ) ;
#1236 = LINE ( 'NONE', #1370, #914 ) ;
#1237 = CARTESIAN_POINT ( 'NONE',  ( 0.03250000000000001499, 0.2949999999999999845, 0.03249999999999999417 ) ) ;
#1238 = DIRECTION ( 'NONE',  ( -0.000000000000000000, 1.000000000000000000, -6.097874985857729166E-17 ) ) ;
#1239 = EDGE_CURVE ( 'NONE', #159, #1519, #27, .T. ) ;
#1240 = DIRECTION ( 'NONE',  ( 0.000000000000000000, 2.134256245050206194E-16, -1.000000000000000000 ) ) ;
#1241 = ORIENTED_EDGE ( 'NONE', *, *, #73, .F. ) ;
#1242 = SURFACE_STYLE_FILL_AREA ( #334 ) ;
#1243 = FACE_OUTER_BOUND ( 'NONE', #2100, .T. ) ;
#1244 = ORIENTED_EDGE ( 'NONE', *, *, #1473, .F. ) ;
#1245 = CARTESIAN_POINT ( 'NONE',  ( -0.1499999999999999944, 0.01500000000000001853, -0.03650000000000003936 ) ) ;
#1246 = CARTESIAN_POINT ( 'NONE',  ( 0.01200000000000000025, 0.03200000000000000761, 0.04950000000000000233 ) ) ;
#1247 = EDGE_LOOP ( 'NONE', ( #1603, #1456, #322, #930 ) ) ;
#1248 = DIRECTION ( 'NONE',  ( -0.000000000000000000, 1.000000000000000000, 1.733406087350420004E-16 ) ) ;
#1249 = EDGE_CURVE ( 'NONE', #1973, #159, #920, .T. ) ;
#1250 = VECTOR ( 'NONE', #1875, 39.37007874015748143 ) ;
#1251 = DIRECTION ( 'NONE',  ( 0.000000000000000000, 0.000000000000000000, -1.000000000000000000 ) ) ;
#1252 = EDGE_LOOP ( 'NONE', ( #1094, #1047, #40, #1528 ) ) ;
#1253 = EDGE_CURVE ( 'NONE', #291, #2104, #514, .T. ) ;
#1254 = VECTOR ( 'NONE', #1828, 39.37007874015748143 ) ;
#1255 = LINE ( 'NONE', #1421, #444 ) ;
#1256 = VERTEX_POINT ( 'NONE', #859 ) ;
#1257 = UNCERTAINTY_MEASURE_WITH_UNIT (LENGTH_MEASURE( 1.000000000000000082E-05 ), #2004, 'distance_accuracy_value', 'NONE');
#1258 = CARTESIAN_POINT ( 'NONE',  ( 0.08500000000000004774, 0.2449999999999999400, -0.01499999999999998036 ) ) ;
#1259 =( NAMED_UNIT ( * ) SI_UNIT ( $, .STERADIAN. ) SOLID_ANGLE_UNIT ( ) );
#1260 = DIRECTION ( 'NONE',  ( 0.5773502691896265082, -0.5773502691896241767, -0.5773502691896263972 ) ) ;
#1261 = VERTEX_POINT ( 'NONE', #358 ) ;
#1262 = DIRECTION ( 'NONE',  ( 0.5773502691896263972, 0.5773502691896241767, -0.5773502691896265082 ) ) ;
#1263 = EDGE_LOOP ( 'NONE', ( #1862, #1919, #1108, #1626 ) ) ;
#1264 = EDGE_CURVE ( 'NONE', #159, #1085, #1371, .T. ) ;
#1265 = DIRECTION ( 'NONE',  ( 0.000000000000000000, 1.000000000000000000, 1.733406087350420004E-16 ) ) ;
#1266 = APPLICATION_PROTOCOL_DEFINITION ( 'draft international standard', 'automotive_design', 1998, #589 ) ;
#1267 = CARTESIAN_POINT ( 'NONE',  ( -0.1149999999999999634, 0.2775000000000000244, 0.01499999999999997169 ) ) ;
#1268 = ORIENTED_EDGE ( 'NONE', *, *, #1398, .T. ) ;
#1269 = DIRECTION ( 'NONE',  ( 0.000000000000000000, 0.000000000000000000, -1.000000000000000000 ) ) ;
#1270 = ORIENTED_EDGE ( 'NONE', *, *, #1339, .T. ) ;
#1271 =( REPRESENTATION_RELATIONSHIP ('NONE','NONE', #1171, #1915 ) REPRESENTATION_RELATIONSHIP_WITH_TRANSFORMATION ( #1891 )SHAPE_REPRESENTATION_RELATIONSHIP( ) );
#1272 = LINE ( 'NONE', #279, #808 ) ;
#1273 = EDGE_CURVE ( 'NONE', #863, #210, #1515, .T. ) ;
#1274 = LINE ( 'NONE', #1112, #156 ) ;
#1275 = ORIENTED_EDGE ( 'NONE', *, *, #1297, .T. ) ;
#1276 = VECTOR ( 'NONE', #1217, 39.37007874015748143 ) ;
#1277 = VECTOR ( 'NONE', #865, 39.37007874015748143 ) ;
#1278 = LINE ( 'NONE', #977, #565 ) ;
#1279 = ORIENTED_EDGE ( 'NONE', *, *, #32, .F. ) ;
#1280 = VECTOR ( 'NONE', #1011, 39.37007874015748143 ) ;
#1281 = DIRECTION ( 'NONE',  ( 1.000000000000000000, 0.000000000000000000, 0.000000000000000000 ) ) ;
#1282 = CARTESIAN_POINT ( 'NONE',  ( 0.1500000000000000222, 0.03500000000000001027, 0.03114101615137766441 ) ) ;
#1283 = VECTOR ( 'NONE', #2112, 39.37007874015748854 ) ;
#1284 = AXIS2_PLACEMENT_3D ( 'NONE', #203, #829, #1517 ) ;
#1285 = VECTOR ( 'NONE', #209, 39.37007874015748143 ) ;
#1286 = CARTESIAN_POINT ( 'NONE',  ( 0.01200000000000000025, 2.341264892254350321E-33, 0.04950000000000000233 ) ) ;
#1287 = FACE_OUTER_BOUND ( 'NONE', #1343, .T. ) ;
#1288 = ORIENTED_EDGE ( 'NONE', *, *, #132, .F. ) ;
#1289 = LINE ( 'NONE', #1983, #1147 ) ;
#1290 = ORIENTED_EDGE ( 'NONE', *, *, #908, .T. ) ;
#1291 = DIMENSIONAL_EXPONENTS ( 1.000000000000000000, 0.000000000000000000, 0.000000000000000000, 0.000000000000000000, 0.000000000000000000, 0.000000000000000000, 0.000000000000000000 ) ;
#1292 = DIRECTION ( 'NONE',  ( 0.000000000000000000, 0.000000000000000000, -1.000000000000000000 ) ) ;
#1293 = ORIENTED_EDGE ( 'NONE', *, *, #1058, .T. ) ;
#1294 = CARTESIAN_POINT ( 'NONE',  ( 0.08500000000000004774, 0.2449999999999999400, -0.01499999999999998036 ) ) ;
#1295 = CARTESIAN_POINT ( 'NONE',  ( -0.01499999999999995955, 0.2449999999999999400, 0.01499999999999997169 ) ) ;
#1296 = ORIENTED_EDGE ( 'NONE', *, *, #726, .F. ) ;
#1297 = EDGE_CURVE ( 'NONE', #97, #1801, #37, .T. ) ;
#1298 = DIRECTION ( 'NONE',  ( 0.000000000000000000, -2.213302772644657947E-15, -1.000000000000000000 ) ) ;
#1299 = ORIENTED_EDGE ( 'NONE', *, *, #129, .F. ) ;
#1300 = DIRECTION ( 'NONE',  ( 0.000000000000000000, 0.000000000000000000, 1.000000000000000000 ) ) ;
#1301 = FACE_OUTER_BOUND ( 'NONE', #1812, .T. ) ;
#1302 = EDGE_CURVE ( 'NONE', #2050, #213, #2005, .T. ) ;
#1303 = EDGE_LOOP ( 'NONE', ( #1913, #349, #538, #377 ) ) ;
#1304 = PLANE ( 'NONE',  #1914 ) ;
#1305 = LINE ( 'NONE', #44, #1222 ) ;
#1306 = ORIENTED_EDGE ( 'NONE', *, *, #307, .F. ) ;
#1307 = CARTESIAN_POINT ( 'NONE',  ( 0.1150000000000000050, 0.2449999999999999400, -0.01499999999999998036 ) ) ;
#1308 = DIRECTION ( 'NONE',  ( 0.000000000000000000, -1.000000000000000000, 0.000000000000000000 ) ) ;
#1309 = VECTOR ( 'NONE', #245, 39.37007874015748143 ) ;
#1310 = ADVANCED_FACE ( 'NONE', ( #1031 ), #1821, .F. ) ;
#1311 = ORIENTED_EDGE ( 'NONE', *, *, #615, .T. ) ;
#1312 =( CONVERSION_BASED_UNIT ( 'INCH', #375 ) LENGTH_UNIT ( ) NAMED_UNIT ( #1382 ) );
#1313 = PLANE ( 'NONE',  #1745 ) ;
#1314 = VERTEX_POINT ( 'NONE', #687 ) ;
#1315 = AXIS2_PLACEMENT_3D ( 'NONE', #1814, #506, #993 ) ;
#1316 = ADVANCED_FACE ( 'NONE', ( #1503 ), #1669, .F. ) ;
#1317 = AXIS2_PLACEMENT_3D ( 'NONE', #1590, #929, #106 ) ;
#1319 = DIRECTION ( 'NONE',  ( -1.000000000000000000, -0.000000000000000000, -0.000000000000000000 ) ) ;
#1318 = VECTOR ( 'NONE', #100, 39.37007874015748143 ) ;
#1320 = LINE ( 'NONE', #684, #1285 ) ;
#1321 = ORIENTED_EDGE ( 'NONE', *, *, #1037, .F. ) ;
#1322 = AXIS2_PLACEMENT_3D ( 'NONE', #1682, #1523, #357 ) ;
#1323 = SURFACE_STYLE_USAGE ( .BOTH. , #836 ) ;
#1324 = CARTESIAN_POINT ( 'NONE',  ( 0.01200000000000000025, 0.03200000000000000761, 0.01749999999999999820 ) ) ;
#1325 =( GEOMETRIC_REPRESENTATION_CONTEXT ( 3 ) GLOBAL_UNCERTAINTY_ASSIGNED_CONTEXT ( ( #812 ) ) GLOBAL_UNIT_ASSIGNED_CONTEXT ( ( #1312, #168, #871 ) ) REPRESENTATION_CONTEXT ( 'NONE', 'WORKASPACE' ) );
#1326 = CARTESIAN_POINT ( 'NONE',  ( -0.1149999999999999634, 0.2449999999999999400, 0.01499999999999997169 ) ) ;
#1327 = LENGTH_MEASURE_WITH_UNIT ( LENGTH_MEASURE( 0.02539999999999999897 ), #1673 );
#1328 = DIRECTION ( 'NONE',  ( 0.000000000000000000, 0.000000000000000000, 1.000000000000000000 ) ) ;
#1329 = ORIENTED_EDGE ( 'NONE', *, *, #1725, .T. ) ;
#1330 = EDGE_CURVE ( 'NONE', #1675, #1694, #1691, .T. ) ;
#1331 = FACE_OUTER_BOUND ( 'NONE', #1252, .T. ) ;
#1332 = PLANE ( 'NONE',  #921 ) ;
#1333 = ORIENTED_EDGE ( 'NONE', *, *, #431, .F. ) ;
#1334 = LENGTH_MEASURE_WITH_UNIT ( LENGTH_MEASURE( 0.02539999999999999897 ), #1668 );
#1335 = DIRECTION ( 'NONE',  ( -1.000000000000000000, -0.000000000000000000, -0.000000000000000000 ) ) ;
#1336 = CARTESIAN_POINT ( 'NONE',  ( -0.1149999999999999634, 0.2775000000000000244, 0.01499999999999997863 ) ) ;
#1337 = LINE ( 'NONE', #1200, #951 ) ;
#1338 = ORIENTED_EDGE ( 'NONE', *, *, #1867, .F. ) ;
#1339 = EDGE_CURVE ( 'NONE', #1513, #35, #710, .T. ) ;
#1340 = DIRECTION ( 'NONE',  ( 0.000000000000000000, -1.370704305007583992E-16, 1.000000000000000000 ) ) ;
#1341 = EDGE_CURVE ( 'NONE', #470, #1348, #1524, .T. ) ;
#1342 = DIRECTION ( 'NONE',  ( 0.000000000000000000, -1.000000000000000000, 0.000000000000000000 ) ) ;
#1343 = EDGE_LOOP ( 'NONE', ( #1591, #1929, #1296, #1306 ) ) ;
#1344 = ADVANCED_FACE ( 'NONE', ( #542 ), #1198, .F. ) ;
#1345 = PRESENTATION_STYLE_ASSIGNMENT (( #1323 ) ) ;
#1346 = LINE ( 'NONE', #382, #1459 ) ;
#1347 = ADVANCED_FACE ( 'NONE', ( #884 ), #1537, .F. ) ;
#1348 = VERTEX_POINT ( 'NONE', #673 ) ;
#1349 = PRODUCT_DEFINITION_SHAPE ( 'NONE', 'NONE',  #2136 ) ;
#1350 = VECTOR ( 'NONE', #1415, 39.37007874015748143 ) ;
#1351 = DIRECTION ( 'NONE',  ( -0.000000000000000000, -2.958228394578794270E-31, -1.000000000000000000 ) ) ;
#1352 = CARTESIAN_POINT ( 'NONE',  ( 0.05000000000000000971, 0.01499999999999998904, -0.05000000000000003747 ) ) ;
#1353 = VERTEX_POINT ( 'NONE', #723 ) ;
#1354 = DIMENSIONAL_EXPONENTS ( 1.000000000000000000, 0.000000000000000000, 0.000000000000000000, 0.000000000000000000, 0.000000000000000000, 0.000000000000000000, 0.000000000000000000 ) ;
#1355 = VECTOR ( 'NONE', #1319, 39.37007874015748143 ) ;
#1356 = LINE ( 'NONE', #823, #775 ) ;
#1357 = CARTESIAN_POINT ( 'NONE',  ( -0.01499999999999995955, 0.2775000000000000244, 0.01499999999999997863 ) ) ;
#1358 = VECTOR ( 'NONE', #364, 39.37007874015748143 ) ;
#1359 = ORIENTED_EDGE ( 'NONE', *, *, #1098, .F. ) ;
#1360 = AXIS2_PLACEMENT_3D ( 'NONE', #370, #520, #510 ) ;
#1361 = FACE_OUTER_BOUND ( 'NONE', #1561, .T. ) ;
#1362 = DIRECTION ( 'NONE',  ( -1.000000000000000000, -0.000000000000000000, -0.000000000000000000 ) ) ;
#1363 = DIRECTION ( 'NONE',  ( 0.5773502691896263972, 0.5773502691896241767, -0.5773502691896265082 ) ) ;
#1364 = COLOUR_RGB ( '',0.2509803921568627416, 0.2509803921568627416, 0.2509803921568627416 ) ;
#1365 = CARTESIAN_POINT ( 'NONE',  ( -0.04999999999999999584, 0.01500000000000001159, 0.03649999999999996997 ) ) ;
#1366 = VERTEX_POINT ( 'NONE', #1831 ) ;
#1367 = CARTESIAN_POINT ( 'NONE',  ( 0.1500000000000000222, 0.2949999999999999845, -0.05000000000000003053 ) ) ;
#1368 = LINE ( 'NONE', #2035, #851 ) ;
#1369 = ORIENTED_EDGE ( 'NONE', *, *, #1532, .T. ) ;
#1370 = CARTESIAN_POINT ( 'NONE',  ( 0.05000000000000000971, 0.2949999999999999845, -0.05000000000000003053 ) ) ;
#1371 = LINE ( 'NONE', #1324, #535 ) ;
#1372 = CARTESIAN_POINT ( 'NONE',  ( 0.08500000000000004774, 0.2449999999999999400, 0.01499999999999997169 ) ) ;
#1373 = CARTESIAN_POINT ( 'NONE',  ( 0.05000000000000000971, 0.01499999999999998904, -0.05000000000000003747 ) ) ;
#1374 = EDGE_CURVE ( 'NONE', #1819, #12, #999, .T. ) ;
#1375 = ORIENTED_EDGE ( 'NONE', *, *, #2117, .T. ) ;
#1376 = EDGE_CURVE ( 'NONE', #782, #2041, #1164, .T. ) ;
#1377 = DIRECTION ( 'NONE',  ( 0.000000000000000000, 0.000000000000000000, 1.000000000000000000 ) ) ;
#1378 = VERTEX_POINT ( 'NONE', #1900 ) ;
#1379 = CARTESIAN_POINT ( 'NONE',  ( 0.05000000000000000971, 0.01500000000000001853, -0.03650000000000003936 ) ) ;
#1380 = FACE_OUTER_BOUND ( 'NONE', #486, .T. ) ;
#1381 = CARTESIAN_POINT ( 'NONE',  ( 0.01200000000000000025, 0.03200000000000000761, 0.01749999999999999820 ) ) ;
#1382 = DIMENSIONAL_EXPONENTS ( 1.000000000000000000, 0.000000000000000000, 0.000000000000000000, 0.000000000000000000, 0.000000000000000000, 0.000000000000000000, 0.000000000000000000 ) ;
#1383 = CARTESIAN_POINT ( 'NONE',  ( 0.1500000000000000222, 0.01499999999999998904, -0.05000000000000003747 ) ) ;
#1384 = EDGE_LOOP ( 'NONE', ( #697, #1066, #104, #1988, #446, #413, #152, #1924 ) ) ;
#1385 = AXIS2_PLACEMENT_3D ( 'NONE', #2061, #1043, #1901 ) ;
#1386 = AXIS2_PLACEMENT_3D ( 'NONE', #344, #843, #703 ) ;
#1387 = DIRECTION ( 'NONE',  ( 0.000000000000000000, 1.733406087350420004E-16, -1.000000000000000000 ) ) ;
#1388 = LINE ( 'NONE', #1743, #2094 ) ;
#1389 = ORIENTED_EDGE ( 'NONE', *, *, #1737, .F. ) ;
#1390 = STYLED_ITEM ( 'NONE', ( #321 ), #698 ) ;
#1392 = CARTESIAN_POINT ( 'NONE',  ( -0.1149999999999999634, 0.2449999999999999400, -0.01499999999999998036 ) ) ;
#1391 = VECTOR ( 'NONE', #2063, 39.37007874015748143 ) ;
#1393 = CARTESIAN_POINT ( 'NONE',  ( 0.05000000000000000971, 0.03500000000000001027, 0.03114101615137766441 ) ) ;
#1394 = FACE_OUTER_BOUND ( 'NONE', #1792, .T. ) ;
#1395 = CARTESIAN_POINT ( 'NONE',  ( 0.1500000000000000222, 0.2949999999999999845, 0.05000000000000003053 ) ) ;
#1396 = ORIENTED_EDGE ( 'NONE', *, *, #32, .T. ) ;
#1397 = CIRCLE ( 'NONE', #1577, 0.02200000000000000566 ) ;
#1398 = EDGE_CURVE ( 'NONE', #232, #605, #415, .T. ) ;
#1399 = LENGTH_MEASURE_WITH_UNIT ( LENGTH_MEASURE( 0.02539999999999999897 ), #1871 );
#1400 = DIRECTION ( 'NONE',  ( -0.000000000000000000, 1.000000000000000000, -0.000000000000000000 ) ) ;
#1401 = ORIENTED_EDGE ( 'NONE', *, *, #1630, .F. ) ;
#1402 = LINE ( 'NONE', #894, #149 ) ;
#1403 = CARTESIAN_POINT ( 'NONE',  ( 0.1500000000000000222, 0.000000000000000000, 0.000000000000000000 ) ) ;
#1404 = LINE ( 'NONE', #1231, #806 ) ;
#1405 = CARTESIAN_POINT ( 'NONE',  ( -0.04999999999999999584, 0.2949999999999999845, 0.05000000000000003053 ) ) ;
#1406 = EDGE_LOOP ( 'NONE', ( #860, #489, #1359, #355 ) ) ;
#1407 = PLANE ( 'NONE',  #1014 ) ;
#1408 = ADVANCED_FACE ( 'NONE', ( #280 ), #1206, .T. ) ;
#1409 = CARTESIAN_POINT ( 'NONE',  ( -0.04999999999999999584, 0.01499999999999997689, 0.04999999999999996808 ) ) ;
#1410 = ORIENTED_EDGE ( 'NONE', *, *, #616, .F. ) ;
#1411 = CARTESIAN_POINT ( 'NONE',  ( 0.05000000000000000971, 0.01500000000000001159, 0.03649999999999996997 ) ) ;
#1412 = EDGE_CURVE ( 'NONE', #759, #1378, #390, .T. ) ;
#1413 = FACE_OUTER_BOUND ( 'NONE', #1815, .T. ) ;
#1414 = ORIENTED_EDGE ( 'NONE', *, *, #1341, .F. ) ;
#1415 = DIRECTION ( 'NONE',  ( 0.000000000000000000, -2.213302772644657947E-15, -1.000000000000000000 ) ) ;
#1416 = ADVANCED_FACE ( 'NONE', ( #582 ), #246, .T. ) ;
#1417 = CARTESIAN_POINT ( 'NONE',  ( -0.1499999999999999944, 0.03500000000000001721, -0.03114101615137772686 ) ) ;
#1418 = VERTEX_POINT ( 'NONE', #1237 ) ;
#1419 = PRODUCT_RELATED_PRODUCT_CATEGORY ( 'part', '', ( #942 ) ) ;
#1420 = CLOSED_SHELL ( 'NONE', ( #1067, #971, #2010, #1790, #873, #1316, #679, #1191, #2115, #179, #586, #1347, #493, #1310, #1628, #98, #1579, #1585, #966 ) ) ;
#1421 = CARTESIAN_POINT ( 'NONE',  ( -0.04999999999999999584, 0.01499999999999998904, -0.05000000000000003747 ) ) ;
#1422 = ORIENTED_EDGE ( 'NONE', *, *, #616, .T. ) ;
#1423 = AXIS2_PLACEMENT_3D ( 'NONE', #1367, #1038, #1719 ) ;
#1424 = LINE ( 'NONE', #945, #13 ) ;
#1425 = PLANE ( 'NONE',  #1220 ) ;
#1426 = VECTOR ( 'NONE', #970, 39.37007874015748143 ) ;
#1427 = ORIENTED_EDGE ( 'NONE', *, *, #1341, .T. ) ;
#1428 = VECTOR ( 'NONE', #2038, 39.37007874015748143 ) ;
#1429 = LINE ( 'NONE', #611, #262 ) ;
#1430 = ORIENTED_EDGE ( 'NONE', *, *, #278, .F. ) ;
#1431 = DIRECTION ( 'NONE',  ( -0.000000000000000000, 0.000000000000000000, -1.000000000000000000 ) ) ;
#1432 = VECTOR ( 'NONE', #868, 39.37007874015748143 ) ;
#1433 = VERTEX_POINT ( 'NONE', #895 ) ;
#1434 = UNCERTAINTY_MEASURE_WITH_UNIT (LENGTH_MEASURE( 1.000000000000000082E-05 ), #1470, 'distance_accuracy_value', 'NONE');
#1435 = FACE_OUTER_BOUND ( 'NONE', #648, .T. ) ;
#1436 = LINE ( 'NONE', #1105, #2056 ) ;
#1437 = VERTEX_POINT ( 'NONE', #1596 ) ;
#1438 = DIRECTION ( 'NONE',  ( -0.000000000000000000, -1.000000000000000000, 4.142673673352225737E-32 ) ) ;
#1439 = EDGE_CURVE ( 'NONE', #1353, #1261, #764, .T. ) ;
#1440 = EDGE_LOOP ( 'NONE', ( #1772, #1012, #545, #2006 ) ) ;
#1441 = EDGE_CURVE ( 'NONE', #2104, #97, #1050, .T. ) ;
#1442 = DIRECTION ( 'NONE',  ( 0.000000000000000000, 0.000000000000000000, -1.000000000000000000 ) ) ;
#1443 = LINE ( 'NONE', #1961, #1052 ) ;
#1444 = VERTEX_POINT ( 'NONE', #1071 ) ;
#1445 = EDGE_CURVE ( 'NONE', #331, #1366, #406, .T. ) ;
#1446 = CARTESIAN_POINT ( 'NONE',  ( -0.06749999999999999056, 0.2949999999999999845, -0.03249999999999999417 ) ) ;
#1447 = ORIENTED_EDGE ( 'NONE', *, *, #1991, .F. ) ;
#1448 = SURFACE_STYLE_FILL_AREA ( #147 ) ;
#1449 = DIRECTION ( 'NONE',  ( 0.000000000000000000, 2.213302772644657947E-15, 1.000000000000000000 ) ) ;
#1450 = CARTESIAN_POINT ( 'NONE',  ( -0.08500000000000001998, 0.2775000000000000244, 0.01499999999999997169 ) ) ;
#1451 = CARTESIAN_POINT ( 'NONE',  ( 0.01499999999999999424, 0.2775000000000000244, -0.01499999999999997516 ) ) ;
#1452 = ORIENTED_EDGE ( 'NONE', *, *, #1330, .F. ) ;
#1453 = VECTOR ( 'NONE', #1748, 39.37007874015748143 ) ;
#1454 = VECTOR ( 'NONE', #1960, 39.37007874015748143 ) ;
#1455 = CARTESIAN_POINT ( 'NONE',  ( 0.05000000000000000971, 0.01499999999999998904, -0.05000000000000003747 ) ) ;
#1456 = ORIENTED_EDGE ( 'NONE', *, *, #2022, .F. ) ;
#1457 =( LENGTH_UNIT ( ) NAMED_UNIT ( * ) SI_UNIT ( $, .METRE. ) );
#1458 = FACE_OUTER_BOUND ( 'NONE', #765, .T. ) ;
#1459 = VECTOR ( 'NONE', #869, 39.37007874015748143 ) ;
#1460 = VECTOR ( 'NONE', #620, 39.37007874015748143 ) ;
#1461 = DIMENSIONAL_EXPONENTS ( 1.000000000000000000, 0.000000000000000000, 0.000000000000000000, 0.000000000000000000, 0.000000000000000000, 0.000000000000000000, 0.000000000000000000 ) ;
#1462 = ADVANCED_FACE ( 'NONE', ( #1733 ), #1425, .F. ) ;
#1463 = FACE_OUTER_BOUND ( 'NONE', #944, .T. ) ;
#1464 = ADVANCED_FACE ( 'NONE', ( #1713 ), #1061, .F. ) ;
#1465 = DIRECTION ( 'NONE',  ( 0.000000000000000000, -1.000000000000000000, 0.000000000000000000 ) ) ;
#1466 = VERTEX_POINT ( 'NONE', #80 ) ;
#1467 = EDGE_CURVE ( 'NONE', #2050, #183, #236, .T. ) ;
#1468 = CARTESIAN_POINT ( 'NONE',  ( -0.04999999999999999584, 0.2949999999999999845, -0.05000000000000003053 ) ) ;
#1469 = VERTEX_POINT ( 'NONE', #71 ) ;
#1470 =( CONVERSION_BASED_UNIT ( 'INCH', #157 ) LENGTH_UNIT ( ) NAMED_UNIT ( #1354 ) );
#1471 = CARTESIAN_POINT ( 'NONE',  ( 0.1325000000000000344, 0.2949999999999999845, -0.03249999999999999417 ) ) ;
#1472 = ORIENTED_EDGE ( 'NONE', *, *, #1101, .F. ) ;
#1473 = EDGE_CURVE ( 'NONE', #1032, #35, #742, .T. ) ;
#1474 = DIRECTION ( 'NONE',  ( 0.000000000000000000, 0.000000000000000000, -1.000000000000000000 ) ) ;
#1475 = DIRECTION ( 'NONE',  ( -0.000000000000000000, 1.000000000000000000, 1.733406087350420004E-16 ) ) ;
#1476 = VERTEX_POINT ( 'NONE', #1393 ) ;
#1477 = CARTESIAN_POINT ( 'NONE',  ( -0.01499999999999995955, 0.2775000000000000244, -0.01499999999999997516 ) ) ;
#1478 = LINE ( 'NONE', #628, #1283 ) ;
#1479 = VERTEX_POINT ( 'NONE', #926 ) ;
#1480 = ADVANCED_FACE ( 'NONE', ( #1380 ), #2060, .F. ) ;
#1481 = ADVANCED_FACE ( 'NONE', ( #1413 ), #573, .F. ) ;
#1482 = SURFACE_SIDE_STYLE ('',( #1010 ) ) ;
#1483 = FACE_OUTER_BOUND ( 'NONE', #731, .T. ) ;
#1484 = ORIENTED_EDGE ( 'NONE', *, *, #206, .F. ) ;
#1485 = EDGE_CURVE ( 'NONE', #755, #189, #1923, .T. ) ;
#1486 = CARTESIAN_POINT ( 'NONE',  ( -0.1149999999999999634, 0.2775000000000000244, 0.01499999999999997863 ) ) ;
#1487 = ADVANCED_BREP_SHAPE_REPRESENTATION ( '', ( #2097, #698, #655, #1089 ), #2025 ) ;
#1488 = CYLINDRICAL_SURFACE ( 'NONE', #91, 0.02200000000000000566 ) ;
#1489 = ORIENTED_EDGE ( 'NONE', *, *, #1144, .F. ) ;
#1490 = DIRECTION ( 'NONE',  ( 1.000000000000000000, 0.000000000000000000, 0.000000000000000000 ) ) ;
#1491 = CARTESIAN_POINT ( 'NONE',  ( -0.01499999999999995955, 0.2449999999999999400, -0.01499999999999998036 ) ) ;
#1492 = PLANE ( 'NONE',  #876 ) ;
#1493 = VECTOR ( 'NONE', #457, 39.37007874015748143 ) ;
#1494 = LINE ( 'NONE', #677, #327 ) ;
#1495 = ORIENTED_EDGE ( 'NONE', *, *, #1445, .F. ) ;
#1496 = VECTOR ( 'NONE', #1655, 39.37007874015748143 ) ;
#1497 = VECTOR ( 'NONE', #1569, 39.37007874015748143 ) ;
#1499 = DIRECTION ( 'NONE',  ( -1.000000000000000000, 0.000000000000000000, -0.000000000000000000 ) ) ;
#1498 = VECTOR ( 'NONE', #530, 39.37007874015748854 ) ;
#1500 = LINE ( 'NONE', #1076, #989 ) ;
#1501 = ORIENTED_EDGE ( 'NONE', *, *, #809, .T. ) ;
#1502 = DIRECTION ( 'NONE',  ( 0.000000000000000000, -2.529488883022466337E-15, 1.000000000000000000 ) ) ;
#1503 = FACE_OUTER_BOUND ( 'NONE', #612, .T. ) ;
#1504 = CARTESIAN_POINT ( 'NONE',  ( -0.04999999999999999584, 0.2949999999999999845, -0.05000000000000003053 ) ) ;
#1505 =( NAMED_UNIT ( * ) PLANE_ANGLE_UNIT ( ) SI_UNIT ( $, .RADIAN. ) );
#1506 = EDGE_CURVE ( 'NONE', #1085, #1619, #1606, .T. ) ;
#1507 = PLANE ( 'NONE',  #466 ) ;
#1508 = ORIENTED_EDGE ( 'NONE', *, *, #1264, .F. ) ;
#1509 = EDGE_CURVE ( 'NONE', #59, #1525, #1274, .T. ) ;
#1510 = EDGE_CURVE ( 'NONE', #1694, #328, #469, .T. ) ;
#1511 = CARTESIAN_POINT ( 'NONE',  ( 0.01200000000000000025, 0.03200000000000000761, 0.02749999999999999667 ) ) ;
#1512 = CARTESIAN_POINT ( 'NONE',  ( 0.05000000000000000971, 0.03500000000000001721, -0.03114101615137772686 ) ) ;
#1513 = VERTEX_POINT ( 'NONE', #608 ) ;
#1514 = FACE_OUTER_BOUND ( 'NONE', #958, .T. ) ;
#1515 = LINE ( 'NONE', #2028, #1920 ) ;
#1516 = ORIENTED_EDGE ( 'NONE', *, *, #1160, .F. ) ;
#1517 = DIRECTION ( 'NONE',  ( 1.000000000000000000, 0.000000000000000000, 0.000000000000000000 ) ) ;
#1518 = CARTESIAN_POINT ( 'NONE',  ( -0.04999999999999999584, 0.03500000000000001027, 0.03114101615137766441 ) ) ;
#1519 = VERTEX_POINT ( 'NONE', #310 ) ;
#1520 = CARTESIAN_POINT ( 'NONE',  ( -0.1149999999999999634, 0.2449999999999999400, 0.01499999999999997169 ) ) ;
#1521 = DIRECTION ( 'NONE',  ( 0.000000000000000000, 1.000000000000000000, -2.213302772644657947E-15 ) ) ;
#1522 = ORIENTED_EDGE ( 'NONE', *, *, #1223, .F. ) ;
#1523 = DIRECTION ( 'NONE',  ( 1.000000000000000000, 0.000000000000000000, -0.000000000000000000 ) ) ;
#1524 = LINE ( 'NONE', #222, #1747 ) ;
#1525 = VERTEX_POINT ( 'NONE', #639 ) ;
#1526 = DIRECTION ( 'NONE',  ( 0.000000000000000000, 0.000000000000000000, 1.000000000000000000 ) ) ;
#1527 = CARTESIAN_POINT ( 'NONE',  ( -0.08500000000000001998, 0.2449999999999999400, -0.01499999999999998036 ) ) ;
#1528 = ORIENTED_EDGE ( 'NONE', *, *, #1895, .T. ) ;
#1529 = COLOUR_RGB ( '',1.000000000000000000, 0.8117647058823529438, 0.5019607843137254832 ) ;
#1530 = AXIS2_PLACEMENT_3D ( 'NONE', #1395, #1240, #1107 ) ;
#1531 = FILL_AREA_STYLE_COLOUR ( '', #878 ) ;
#1532 = EDGE_CURVE ( 'NONE', #840, #755, #987, .T. ) ;
#1533 = CARTESIAN_POINT ( 'NONE',  ( 0.1500000000000000222, 0.2949999999999999845, 0.05000000000000003053 ) ) ;
#1534 = ORIENTED_EDGE ( 'NONE', *, *, #1741, .T. ) ;
#1535 = AXIS2_PLACEMENT_3D ( 'NONE', #231, #1896, #730 ) ;
#1536 = CARTESIAN_POINT ( 'NONE',  ( 0.05000000000000000971, 0.01499999999999997689, 0.04999999999999996808 ) ) ;
#1537 = PLANE ( 'NONE',  #295 ) ;
#1538 = LINE ( 'NONE', #270, #740 ) ;
#1539 = EDGE_CURVE ( 'NONE', #854, #1975, #963, .T. ) ;
#1540 = APPLICATION_PROTOCOL_DEFINITION ( 'draft international standard', 'automotive_design', 1998, #293 ) ;
#1541 = DIRECTION ( 'NONE',  ( 0.000000000000000000, 0.000000000000000000, -1.000000000000000000 ) ) ;
#1542 = ORIENTED_EDGE ( 'NONE', *, *, #1084, .T. ) ;
#1543 = LENGTH_MEASURE_WITH_UNIT ( LENGTH_MEASURE( 0.02539999999999999897 ), #1581 );
#1544 = DIRECTION ( 'NONE',  ( -1.000000000000000000, -0.000000000000000000, -0.000000000000000000 ) ) ;
#1545 = ORIENTED_EDGE ( 'NONE', *, *, #1855, .T. ) ;
#1546 = PRODUCT_DEFINITION_SHAPE ( 'NONE', 'NONE',  #1746 ) ;
#1547 = DIRECTION ( 'NONE',  ( 0.000000000000000000, 0.9659258262890699775, -0.2588190451025140781 ) ) ;
#1548 = CARTESIAN_POINT ( 'NONE',  ( 0.1500000000000000222, 0.01499999999999998904, -0.05000000000000003747 ) ) ;
#1549 = DIRECTION ( 'NONE',  ( -0.000000000000000000, 1.000000000000000000, 1.733406087350420004E-16 ) ) ;
#1550 = CARTESIAN_POINT ( 'NONE',  ( -0.08500000000000001998, 0.2775000000000000244, -0.01499999999999997516 ) ) ;
#1551 = EDGE_CURVE ( 'NONE', #571, #605, #1797, .T. ) ;
#1552 = ORIENTED_EDGE ( 'NONE', *, *, #7, .F. ) ;
#1553 = LINE ( 'NONE', #1226, #1880 ) ;
#1554 = CARTESIAN_POINT ( 'NONE',  ( -0.1499999999999999944, 0.03500000000000001027, 0.03114101615137766441 ) ) ;
#1555 = ORIENTED_EDGE ( 'NONE', *, *, #394, .F. ) ;
#1556 = PLANE ( 'NONE',  #352 ) ;
#1557 = DIRECTION ( 'NONE',  ( 0.000000000000000000, -0.9659258262890699775, 0.2588190451025140781 ) ) ;
#1558 = DIRECTION ( 'NONE',  ( 0.000000000000000000, 0.000000000000000000, -1.000000000000000000 ) ) ;
#1559 = CONTEXT_DEPENDENT_SHAPE_REPRESENTATION ( #622, #66 ) ;
#1560 = CARTESIAN_POINT ( 'NONE',  ( -0.1499999999999999944, 0.01499999999999997689, 0.04999999999999996808 ) ) ;
#1561 = EDGE_LOOP ( 'NONE', ( #460, #1040, #1516, #284 ) ) ;
#1562 = VECTOR ( 'NONE', #2037, 39.37007874015748854 ) ;
#1563 = VECTOR ( 'NONE', #1595, 39.37007874015748143 ) ;
#1564 = LINE ( 'NONE', #1905, #1809 ) ;
#1565 = DIRECTION ( 'NONE',  ( -1.000000000000000000, -0.000000000000000000, -0.000000000000000000 ) ) ;
#1566 = ORIENTED_EDGE ( 'NONE', *, *, #1144, .T. ) ;
#1568 = DIRECTION ( 'NONE',  ( -1.000000000000000000, -0.000000000000000000, -0.000000000000000000 ) ) ;
#1567 = AXIS2_PLACEMENT_3D ( 'NONE', #1232, #1083, #84 ) ;
#1569 = DIRECTION ( 'NONE',  ( 0.000000000000000000, 0.000000000000000000, 1.000000000000000000 ) ) ;
#1570 = ORIENTED_EDGE ( 'NONE', *, *, #307, .T. ) ;
#1571 = CARTESIAN_POINT ( 'NONE',  ( -0.006999999999999999278, 3.791200677927629740E-33, 0.08450000000000001954 ) ) ;
#1572 = AXIS2_PLACEMENT_3D ( 'NONE', #124, #1776, #299 ) ;
#1573 = VECTOR ( 'NONE', #1218, 39.37007874015748143 ) ;
#1574 = EDGE_CURVE ( 'NONE', #220, #1469, #1123, .T. ) ;
#1575 = DIRECTION ( 'NONE',  ( 0.000000000000000000, 2.134256245050206194E-16, -1.000000000000000000 ) ) ;
#1576 = ORIENTED_EDGE ( 'NONE', *, *, #488, .F. ) ;
#1577 = AXIS2_PLACEMENT_3D ( 'NONE', #761, #437, #1377 ) ;
#1578 = EDGE_CURVE ( 'NONE', #609, #1008, #133, .T. ) ;
#1579 = ADVANCED_FACE ( 'NONE', ( #1287 ), #1944, .F. ) ;
#1580 = ADVANCED_FACE ( 'NONE', ( #142 ), #450, .F. ) ;
#1581 =( LENGTH_UNIT ( ) NAMED_UNIT ( * ) SI_UNIT ( $, .METRE. ) );
#1582 = DIRECTION ( 'NONE',  ( 0.000000000000000000, -2.845674993400278278E-15, 1.000000000000000000 ) ) ;
#1583 = EDGE_CURVE ( 'NONE', #1069, #401, #1443, .T. ) ;
#1584 = ORIENTED_EDGE ( 'NONE', *, *, #1583, .T. ) ;
#1585 = ADVANCED_FACE ( 'NONE', ( #801 ), #2110, .F. ) ;
#1586 = LINE ( 'NONE', #549, #1602 ) ;
#1587 = DIRECTION ( 'NONE',  ( 0.000000000000000000, -1.000000000000000000, 0.000000000000000000 ) ) ;
#1588 = ORIENTED_EDGE ( 'NONE', *, *, #1870, .T. ) ;
#1589 = CARTESIAN_POINT ( 'NONE',  ( -0.01499999999999995955, 0.2449999999999999400, 0.01499999999999997169 ) ) ;
#1590 = CARTESIAN_POINT ( 'NONE',  ( 0.08500000000000004774, 0.2449999999999999400, 0.01499999999999997169 ) ) ;
#1591 = ORIENTED_EDGE ( 'NONE', *, *, #1063, .T. ) ;
#1592 = APPLICATION_CONTEXT ( 'automotive_design' ) ;
#1593 = PLANE ( 'NONE',  #1616 ) ;
#1594 = ORIENTED_EDGE ( 'NONE', *, *, #523, .T. ) ;
#1595 = DIRECTION ( 'NONE',  ( 1.000000000000000000, 0.000000000000000000, 0.000000000000000000 ) ) ;
#1596 = CARTESIAN_POINT ( 'NONE',  ( -0.01200000000000000025, 3.584066994260018590E-33, 0.07950000000000001510 ) ) ;
#1597 = ORIENTED_EDGE ( 'NONE', *, *, #43, .F. ) ;
#1598 = DIRECTION ( 'NONE',  ( -0.000000000000000000, 0.000000000000000000, -1.000000000000000000 ) ) ;
#1599 = CARTESIAN_POINT ( 'NONE',  ( 0.01200000000000000025, 0.03200000000000000761, 0.04950000000000000233 ) ) ;
#1600 = ORIENTED_EDGE ( 'NONE', *, *, #750, .F. ) ;
#1601 =( NAMED_UNIT ( * ) PLANE_ANGLE_UNIT ( ) SI_UNIT ( $, .RADIAN. ) );
#1602 = VECTOR ( 'NONE', #1568, 39.37007874015748143 ) ;
#1603 = ORIENTED_EDGE ( 'NONE', *, *, #1739, .T. ) ;
#1604 = CARTESIAN_POINT ( 'NONE',  ( -0.04999999999999999584, 0.2949999999999999845, 0.05000000000000003053 ) ) ;
#1605 = DIRECTION ( 'NONE',  ( -1.000000000000000000, 0.000000000000000000, 0.000000000000000000 ) ) ;
#1606 = LINE ( 'NONE', #2091, #228 ) ;
#1607 = VECTOR ( 'NONE', #1035, 39.37007874015748143 ) ;
#1608 = VERTEX_POINT ( 'NONE', #1451 ) ;
#1609 = VECTOR ( 'NONE', #959, 39.37007874015748854 ) ;
#1610 = EDGE_CURVE ( 'NONE', #1686, #1704, #1436, .T. ) ;
#1611 = DIRECTION ( 'NONE',  ( 0.000000000000000000, 4.142673673352227379E-32, 1.000000000000000000 ) ) ;
#1612 = AXIS2_PLACEMENT_3D ( 'NONE', #992, #1351, #5 ) ;
#1613 = EDGE_LOOP ( 'NONE', ( #975, #1904, #1884, #199 ) ) ;
#1614 = EDGE_CURVE ( 'NONE', #232, #319, #1769, .T. ) ;
#1615 = AXIS2_PLACEMENT_3D ( 'NONE', #338, #1849, #844 ) ;
#1616 = AXIS2_PLACEMENT_3D ( 'NONE', #1100, #769, #2083 ) ;
#1617 = CARTESIAN_POINT ( 'NONE',  ( 0.1150000000000000050, 0.2775000000000000244, -0.01499999999999997516 ) ) ;
#1618 = DIRECTION ( 'NONE',  ( 0.000000000000000000, 2.213302772644657947E-15, 1.000000000000000000 ) ) ;
#1619 = VERTEX_POINT ( 'NONE', #1633 ) ;
#1620 = DIRECTION ( 'NONE',  ( -1.000000000000000000, -0.000000000000000000, -0.000000000000000000 ) ) ;
#1621 = ORIENTED_EDGE ( 'NONE', *, *, #1510, .F. ) ;
#1622 = DIRECTION ( 'NONE',  ( -1.000000000000000000, -0.000000000000000000, -0.000000000000000000 ) ) ;
#1623 = DIRECTION ( 'NONE',  ( 0.000000000000000000, -1.000000000000000000, -2.134256245050206194E-16 ) ) ;
#1624 = ORIENTED_EDGE ( 'NONE', *, *, #1963, .F. ) ;
#1625 = LINE ( 'NONE', #649, #810 ) ;
#1626 = ORIENTED_EDGE ( 'NONE', *, *, #1706, .F. ) ;
#1627 = DIRECTION ( 'NONE',  ( 0.000000000000000000, -0.7071067811865489050, 0.7071067811865462405 ) ) ;
#1628 = ADVANCED_FACE ( 'NONE', ( #815 ), #288, .F. ) ;
#1629 = DIRECTION ( 'NONE',  ( 1.000000000000000000, 0.000000000000000000, 0.000000000000000000 ) ) ;
#1630 = EDGE_CURVE ( 'NONE', #97, #1704, #647, .T. ) ;
#1631 = VECTOR ( 'NONE', #416, 39.37007874015748143 ) ;
#1632 = FACE_OUTER_BOUND ( 'NONE', #1757, .T. ) ;
#1633 = CARTESIAN_POINT ( 'NONE',  ( -0.01200000000000000025, 0.03500000000000000333, 0.01750000000000000860 ) ) ;
#1634 = ORIENTED_EDGE ( 'NONE', *, *, #365, .T. ) ;
#1635 = VECTOR ( 'NONE', #315, 39.37007874015748143 ) ;
#1636 = MECHANICAL_DESIGN_GEOMETRIC_PRESENTATION_REPRESENTATION (  '', ( #1390 ), #1640 ) ;
#1637 = FACE_BOUND ( 'NONE', #937, .T. ) ;
#1638 = ORIENTED_EDGE ( 'NONE', *, *, #1374, .F. ) ;
#1639 = EDGE_CURVE ( 'NONE', #1261, #901, #1970, .T. ) ;
#1640 =( GEOMETRIC_REPRESENTATION_CONTEXT ( 3 ) GLOBAL_UNCERTAINTY_ASSIGNED_CONTEXT ( ( #2086 ) ) GLOBAL_UNIT_ASSIGNED_CONTEXT ( ( #632, #1642, #931 ) ) REPRESENTATION_CONTEXT ( 'NONE', 'WORKASPACE' ) );
#1641 = CARTESIAN_POINT ( 'NONE',  ( 0.08500000000000004774, 0.2775000000000000244, 0.01499999999999997863 ) ) ;
#1642 =( NAMED_UNIT ( * ) PLANE_ANGLE_UNIT ( ) SI_UNIT ( $, .RADIAN. ) );
#1643 = AXIS2_PLACEMENT_3D ( 'NONE', #1383, #74, #757 ) ;
#1644 = ORIENTED_EDGE ( 'NONE', *, *, #274, .T. ) ;
#1645 = EDGE_CURVE ( 'NONE', #629, #1664, #345, .T. ) ;
#1646 = STYLED_ITEM ( 'NONE', ( #807 ), #1487 ) ;
#1647 = CARTESIAN_POINT ( 'NONE',  ( 0.1500000000000000222, 0.01499999999999997689, 0.04999999999999996808 ) ) ;
#1648 = ADVANCED_FACE ( 'NONE', ( #1004 ), #1658, .F. ) ;
#1649 = DIRECTION ( 'NONE',  ( -0.000000000000000000, -0.7071067811865490160, -0.7071067811865461294 ) ) ;
#1650 = ORIENTED_EDGE ( 'NONE', *, *, #1578, .F. ) ;
#1651 = EDGE_CURVE ( 'NONE', #1196, #2111, #34, .T. ) ;
#1652 = DIRECTION ( 'NONE',  ( -0.000000000000000000, 1.000000000000000000, -6.097874985857729166E-17 ) ) ;
#1653 = CARTESIAN_POINT ( 'NONE',  ( -0.04999999999999999584, 0.01500000000000001159, 0.03649999999999996997 ) ) ;
#1654 = PRODUCT_DEFINITION_SHAPE ( 'NONE', 'NONE',  #2139 ) ;
#1655 = DIRECTION ( 'NONE',  ( -1.000000000000000000, -0.000000000000000000, -0.000000000000000000 ) ) ;
#1656 = ORIENTED_EDGE ( 'NONE', *, *, #972, .T. ) ;
#1657 = DIRECTION ( 'NONE',  ( -0.000000000000000000, -0.000000000000000000, 1.000000000000000000 ) ) ;
#1658 = PLANE ( 'NONE',  #1360 ) ;
#1659 = EDGE_LOOP ( 'NONE', ( #1329, #305, #511, #2092 ) ) ;
#1660 = CARTESIAN_POINT ( 'NONE',  ( 0.1150000000000000050, 0.2449999999999999400, 0.01499999999999997169 ) ) ;
#1661 = DIRECTION ( 'NONE',  ( 0.000000000000000000, -1.733406087350420004E-16, 1.000000000000000000 ) ) ;
#1662 = ORIENTED_EDGE ( 'NONE', *, *, #324, .T. ) ;
#1663 = LINE ( 'NONE', #1967, #1982 ) ;
#1664 = VERTEX_POINT ( 'NONE', #354 ) ;
#1665 = LINE ( 'NONE', #667, #1080 ) ;
#1666 = PLANE ( 'NONE',  #1847 ) ;
#1667 = ORIENTED_EDGE ( 'NONE', *, *, #76, .F. ) ;
#1668 =( LENGTH_UNIT ( ) NAMED_UNIT ( * ) SI_UNIT ( $, .METRE. ) );
#1669 = PLANE ( 'NONE',  #1846 ) ;
#1670 = VECTOR ( 'NONE', #502, 39.37007874015748854 ) ;
#1671 = ORIENTED_EDGE ( 'NONE', *, *, #1441, .T. ) ;
#1672 = VECTOR ( 'NONE', #692, 39.37007874015748143 ) ;
#1673 =( LENGTH_UNIT ( ) NAMED_UNIT ( * ) SI_UNIT ( $, .METRE. ) );
#1674 = CARTESIAN_POINT ( 'NONE',  ( 0.01200000000000000025, 0.03500000000000000333, 0.02749999999999999667 ) ) ;
#1675 = VERTEX_POINT ( 'NONE', #1016 ) ;
#1676 = AXIS2_PLACEMENT_3D ( 'NONE', #644, #690, #2040 ) ;
#1677 = VECTOR ( 'NONE', #2070, 39.37007874015748143 ) ;
#1678 = VECTOR ( 'NONE', #974, 39.37007874015748854 ) ;
#1679 = DIRECTION ( 'NONE',  ( -0.000000000000000000, 1.000000000000000000, 1.370704305007583992E-16 ) ) ;
#1680 = LINE ( 'NONE', #996, #1498 ) ;
#1681 = ORIENTED_EDGE ( 'NONE', *, *, #1739, .F. ) ;
#1682 = CARTESIAN_POINT ( 'NONE',  ( -0.04999999999999999584, 0.000000000000000000, 0.000000000000000000 ) ) ;
#1683 = CARTESIAN_POINT ( 'NONE',  ( 0.01200000000000000025, 0.03200000000000000761, 0.01750000000000000167 ) ) ;
#1684 = ORIENTED_EDGE ( 'NONE', *, *, #1297, .F. ) ;
#1685 = CARTESIAN_POINT ( 'NONE',  ( -0.01499999999999995955, 0.2775000000000000244, 0.01499999999999997863 ) ) ;
#1686 = VERTEX_POINT ( 'NONE', #788 ) ;
#1687 = PLANE ( 'NONE',  #86 ) ;
#1688 = DIRECTION ( 'NONE',  ( 0.000000000000000000, -0.000000000000000000, -1.000000000000000000 ) ) ;
#1689 = ORIENTED_EDGE ( 'NONE', *, *, #814, .T. ) ;
#1690 = CARTESIAN_POINT ( 'NONE',  ( 0.08500000000000004774, 0.2775000000000000244, 0.01499999999999997169 ) ) ;
#1691 = LINE ( 'NONE', #341, #17 ) ;
#1692 = VERTEX_POINT ( 'NONE', #1838 ) ;
#1693 = DIRECTION ( 'NONE',  ( -0.000000000000000000, 1.000000000000000000, -0.000000000000000000 ) ) ;
#1694 = VERTEX_POINT ( 'NONE', #174 ) ;
#1695 = EDGE_CURVE ( 'NONE', #301, #1215, #2002, .T. ) ;
#1696 = PRESENTATION_STYLE_ASSIGNMENT (( #911 ) ) ;
#1697 = LINE ( 'NONE', #1818, #20 ) ;
#1698 = ORIENTED_EDGE ( 'NONE', *, *, #1867, .T. ) ;
#1699 = CARTESIAN_POINT ( 'NONE',  ( -0.1499999999999999944, 0.01499999999999998904, -0.05000000000000003747 ) ) ;
#1700 = DIRECTION ( 'NONE',  ( -1.000000000000000000, 0.000000000000000000, 0.000000000000000000 ) ) ;
#1701 = CARTESIAN_POINT ( 'NONE',  ( -0.04999999999999999584, 0.01500000000000001853, -0.03650000000000003936 ) ) ;
#1702 = AXIS2_PLACEMENT_3D ( 'NONE', #2039, #905, #1558 ) ;
#1703 = CARTESIAN_POINT ( 'NONE',  ( -0.09500000000000002887, 0.2675000000000000711, 0.004999999999999969746 ) ) ;
#1704 = VERTEX_POINT ( 'NONE', #1357 ) ;
#1705 = DIMENSIONAL_EXPONENTS ( 1.000000000000000000, 0.000000000000000000, 0.000000000000000000, 0.000000000000000000, 0.000000000000000000, 0.000000000000000000, 0.000000000000000000 ) ;
#1706 = EDGE_CURVE ( 'NONE', #629, #863, #25, .T. ) ;
#1707 = VECTOR ( 'NONE', #1693, 39.37007874015748143 ) ;
#1708 = LINE ( 'NONE', #77, #302 ) ;
#1709 = VECTOR ( 'NONE', #1260, 39.37007874015748854 ) ;
#1710 = EDGE_LOOP ( 'NONE', ( #371, #919, #226, #285 ) ) ;
#1711 = ADVANCED_FACE ( 'NONE', ( #11 ), #1488, .F. ) ;
#1712 = DIRECTION ( 'NONE',  ( -1.000000000000000000, -0.000000000000000000, -0.000000000000000000 ) ) ;
#1713 = FACE_OUTER_BOUND ( 'NONE', #991, .T. ) ;
#1714 = DIRECTION ( 'NONE',  ( 1.000000000000000000, 0.000000000000000000, 0.000000000000000000 ) ) ;
#1715 = AXIS2_PLACEMENT_3D ( 'NONE', #1019, #347, #1852 ) ;
#1716 = PRODUCT_DEFINITION_FORMATION_WITH_SPECIFIED_SOURCE ( 'ANY', '', #1175, .NOT_KNOWN. ) ;
#1717 = LINE ( 'NONE', #1685, #87 ) ;
#1718 = ORIENTED_EDGE ( 'NONE', *, *, #726, .T. ) ;
#1719 = DIRECTION ( 'NONE',  ( 0.000000000000000000, -0.000000000000000000, -1.000000000000000000 ) ) ;
#1720 = LINE ( 'NONE', #1554, #503 ) ;
#1721 = ORIENTED_EDGE ( 'NONE', *, *, #811, .F. ) ;
#1722 = CARTESIAN_POINT ( 'NONE',  ( -0.04999999999999999584, 0.01500000000000001159, 0.03649999999999996997 ) ) ;
#1723 = DIRECTION ( 'NONE',  ( -1.000000000000000000, -0.000000000000000000, -0.000000000000000000 ) ) ;
#1724 = CARTESIAN_POINT ( 'NONE',  ( 0.01200000000000000025, 0.000000000000000000, 0.07950000000000001510 ) ) ;
#1725 = EDGE_CURVE ( 'NONE', #978, #1069, #1680, .T. ) ;
#1726 = CONTEXT_DEPENDENT_SHAPE_REPRESENTATION ( #1271, #1140 ) ;
#1727 = FACE_OUTER_BOUND ( 'NONE', #617, .T. ) ;
#1728 = ORIENTED_EDGE ( 'NONE', *, *, #21, .T. ) ;
#1729 =( NAMED_UNIT ( * ) SI_UNIT ( $, .STERADIAN. ) SOLID_ANGLE_UNIT ( ) );
#1730 = DIRECTION ( 'NONE',  ( 0.000000000000000000, 0.000000000000000000, -1.000000000000000000 ) ) ;
#1731 = ORIENTED_EDGE ( 'NONE', *, *, #172, .T. ) ;
#1732 = DIRECTION ( 'NONE',  ( 0.000000000000000000, 0.000000000000000000, 1.000000000000000000 ) ) ;
#1733 = FACE_OUTER_BOUND ( 'NONE', #720, .T. ) ;
#1734 = CARTESIAN_POINT ( 'NONE',  ( 0.006999999999999999278, 0.01000000000000000021, 0.07950000000000001510 ) ) ;
#1735 = ADVANCED_FACE ( 'NONE', ( #198 ), #1332, .F. ) ;
#1736 = PLANE ( 'NONE',  #1643 ) ;
#1737 = EDGE_CURVE ( 'NONE', #1801, #291, #1320, .T. ) ;
#1738 = ORIENTED_EDGE ( 'NONE', *, *, #615, .F. ) ;
#1739 = EDGE_CURVE ( 'NONE', #26, #967, #1161, .T. ) ;
#1740 = VECTOR ( 'NONE', #383, 39.37007874015748143 ) ;
#1741 = EDGE_CURVE ( 'NONE', #863, #978, #1697, .T. ) ;
#1742 = AXIS2_PLACEMENT_3D ( 'NONE', #794, #476, #1130 ) ;
#1743 = CARTESIAN_POINT ( 'NONE',  ( -0.04999999999999999584, 0.01500000000000001853, -0.03650000000000003936 ) ) ;
#1744 = ORIENTED_EDGE ( 'NONE', *, *, #160, .F. ) ;
#1745 = AXIS2_PLACEMENT_3D ( 'NONE', #1917, #1755, #1449 ) ;
#1746 = PRODUCT_DEFINITION ( 'UNKNOWN', '', #1716, #793 ) ;
#1748 = DIRECTION ( 'NONE',  ( 0.000000000000000000, 0.000000000000000000, 1.000000000000000000 ) ) ;
#1747 = VECTOR ( 'NONE', #522, 39.37007874015748143 ) ;
#1749 = DIRECTION ( 'NONE',  ( 0.000000000000000000, 0.000000000000000000, -1.000000000000000000 ) ) ;
#1750 = ORIENTED_EDGE ( 'NONE', *, *, #817, .T. ) ;
#1751 = CARTESIAN_POINT ( 'NONE',  ( 0.1500000000000000222, 0.2949999999999999845, -0.03249999999999999417 ) ) ;
#1752 = VECTOR ( 'NONE', #1475, 39.37007874015748143 ) ;
#1753 = CARTESIAN_POINT ( 'NONE',  ( -0.04999999999999999584, 0.01499999999999998904, -0.05000000000000003747 ) ) ;
#1754 = VERTEX_POINT ( 'NONE', #539 ) ;
#1755 = DIRECTION ( 'NONE',  ( 0.000000000000000000, 1.000000000000000000, -2.213302772644657947E-15 ) ) ;
#1756 = PLANE ( 'NONE',  #332 ) ;
#1757 = EDGE_LOOP ( 'NONE', ( #1106, #8, #1414, #798 ) ) ;
#1758 = CARTESIAN_POINT ( 'NONE',  ( 0.05000000000000000971, 0.2949999999999999845, 0.05000000000000003053 ) ) ;
#1759 = DIRECTION ( 'NONE',  ( -1.000000000000000000, -0.000000000000000000, -0.000000000000000000 ) ) ;
#1760 = ORIENTED_EDGE ( 'NONE', *, *, #1249, .F. ) ;
#1761 = LINE ( 'NONE', #2078, #1976 ) ;
#1762 = DIRECTION ( 'NONE',  ( 0.000000000000000000, 0.000000000000000000, -1.000000000000000000 ) ) ;
#1763 = VERTEX_POINT ( 'NONE', #1512 ) ;
#1764 = EDGE_CURVE ( 'NONE', #1466, #1444, #1305, .T. ) ;
#1765 = ORIENTED_EDGE ( 'NONE', *, *, #1898, .F. ) ;
#1766 = ADVANCED_FACE ( 'NONE', ( #2011 ), #1666, .F. ) ;
#1767 = DIRECTION ( 'NONE',  ( 0.000000000000000000, 0.000000000000000000, -1.000000000000000000 ) ) ;
#1768 = EDGE_CURVE ( 'NONE', #1433, #12, #185, .T. ) ;
#1769 = LINE ( 'NONE', #316, #1678 ) ;
#1770 = ORIENTED_EDGE ( 'NONE', *, *, #136, .T. ) ;
#1771 = CARTESIAN_POINT ( 'NONE',  ( 0.05000000000000000971, 0.2949999999999999845, -0.05000000000000003053 ) ) ;
#1772 = ORIENTED_EDGE ( 'NONE', *, *, #1931, .T. ) ;
#1773 = VECTOR ( 'NONE', #1051, 39.37007874015748143 ) ;
#1774 = VECTOR ( 'NONE', #1110, 39.37007874015748143 ) ;
#1775 = CARTESIAN_POINT ( 'NONE',  ( -0.1149999999999999634, 0.2449999999999999400, 0.01499999999999997169 ) ) ;
#1776 = DIRECTION ( 'NONE',  ( 0.000000000000000000, 0.000000000000000000, 1.000000000000000000 ) ) ;
#1777 = DIRECTION ( 'NONE',  ( -1.000000000000000000, -0.000000000000000000, -0.000000000000000000 ) ) ;
#1778 = AXIS2_PLACEMENT_3D ( 'NONE', #6, #663, #148 ) ;
#1779 = ORIENTED_EDGE ( 'NONE', *, *, #1058, .F. ) ;
#1780 = CIRCLE ( 'NONE', #984, 0.004999999999999997502 ) ;
#1781 = LINE ( 'NONE', #965, #1017 ) ;
#1782 = COLOUR_RGB ( '',1.000000000000000000, 0.8117647058823529438, 0.5019607843137254832 ) ;
#1783 = ORIENTED_EDGE ( 'NONE', *, *, #1950, .T. ) ;
#1784 = AXIS2_PLACEMENT_3D ( 'NONE', #421, #1214, #1730 ) ;
#1785 = CARTESIAN_POINT ( 'NONE',  ( 0.05000000000000000971, 0.01500000000000001853, -0.03650000000000003936 ) ) ;
#1786 = VECTOR ( 'NONE', #1197, 39.37007874015748143 ) ;
#1787 = CARTESIAN_POINT ( 'NONE',  ( -0.04999999999999999584, 0.03500000000000001027, 0.03114101615137766441 ) ) ;
#1788 = DIRECTION ( 'NONE',  ( -1.000000000000000000, 0.000000000000000000, 0.000000000000000000 ) ) ;
#1789 = ORIENTED_EDGE ( 'NONE', *, *, #809, .F. ) ;
#1790 = ADVANCED_FACE ( 'NONE', ( #1861 ), #1152, .F. ) ;
#1791 = CARTESIAN_POINT ( 'NONE',  ( 0.05000000000000000971, 0.01500000000000001159, 0.03649999999999996997 ) ) ;
#1792 = EDGE_LOOP ( 'NONE', ( #1132, #1829, #751, #898 ) ) ;
#1793 = EDGE_CURVE ( 'NONE', #609, #1146, #1500, .T. ) ;
#1794 =( NAMED_UNIT ( * ) SI_UNIT ( $, .STERADIAN. ) SOLID_ANGLE_UNIT ( ) );
#1795 = LINE ( 'NONE', #653, #1496 ) ;
#1796 = LINE ( 'NONE', #131, #2118 ) ;
#1797 = LINE ( 'NONE', #1267, #1709 ) ;
#1798 = VERTEX_POINT ( 'NONE', #1533 ) ;
#1799 = LINE ( 'NONE', #487, #1609 ) ;
#1800 = EDGE_CURVE ( 'NONE', #1754, #1032, #1708, .T. ) ;
#1801 = VERTEX_POINT ( 'NONE', #578 ) ;
#1802 = DIRECTION ( 'NONE',  ( -0.5773502691896263972, 0.5773502691896241767, -0.5773502691896265082 ) ) ;
#1803 = ORIENTED_EDGE ( 'NONE', *, *, #1467, .T. ) ;
#1804 = EDGE_CURVE ( 'NONE', #241, #1057, #1720, .T. ) ;
#1805 = ADVANCED_FACE ( 'NONE', ( #1883 ), #1756, .F. ) ;
#1806 = FACE_OUTER_BOUND ( 'NONE', #700, .T. ) ;
#1807 = DIRECTION ( 'NONE',  ( 0.000000000000000000, 1.000000000000000000, 2.845674993400277884E-15 ) ) ;
#1808 = VERTEX_POINT ( 'NONE', #68 ) ;
#1809 = VECTOR ( 'NONE', #263, 39.37007874015748143 ) ;
#1810 = VECTOR ( 'NONE', #981, 39.37007874015748143 ) ;
#1811 = CARTESIAN_POINT ( 'NONE',  ( -0.01200000000000000025, 0.03200000000000000761, 0.04950000000000000233 ) ) ;
#1812 = EDGE_LOOP ( 'NONE', ( #346, #1542, #816, #1770, #1845, #739 ) ) ;
#1813 = CIRCLE ( 'NONE', #845, 0.02200000000000000566 ) ;
#1814 = CARTESIAN_POINT ( 'NONE',  ( 0.01200000000000000025, 0.01000000000000000021, 0.04950000000000000233 ) ) ;
#1815 = EDGE_LOOP ( 'NONE', ( #155, #1410, #1854, #588, #2133, #507, #111, #1000 ) ) ;
#1816 = AXIS2_PLACEMENT_3D ( 'NONE', #880, #1872, #387 ) ;
#1817 = DIRECTION ( 'NONE',  ( 0.000000000000000000, 0.000000000000000000, -1.000000000000000000 ) ) ;
#1818 = CARTESIAN_POINT ( 'NONE',  ( -0.08500000000000001998, 0.2449999999999999400, -0.01499999999999998036 ) ) ;
#1819 = VERTEX_POINT ( 'NONE', #1409 ) ;
#1820 = LINE ( 'NONE', #686, #1786 ) ;
#1821 = PLANE ( 'NONE',  #983 ) ;
#1822 = ORIENTED_EDGE ( 'NONE', *, *, #1125, .F. ) ;
#1823 = DIRECTION ( 'NONE',  ( 1.000000000000000000, 0.000000000000000000, 0.000000000000000000 ) ) ;
#1824 = ORIENTED_EDGE ( 'NONE', *, *, #1149, .F. ) ;
#1825 = ADVANCED_FACE ( 'NONE', ( #719 ), #1227, .T. ) ;
#1826 = LINE ( 'NONE', #24, #1355 ) ;
#1827 = EDGE_CURVE ( 'NONE', #1692, #1513, #471, .T. ) ;
#1828 = DIRECTION ( 'NONE',  ( 0.000000000000000000, -1.000000000000000000, -2.134256245050206194E-16 ) ) ;
#1829 = ORIENTED_EDGE ( 'NONE', *, *, #835, .F. ) ;
#1830 = EDGE_CURVE ( 'NONE', #210, #232, #2073, .T. ) ;
#1831 = CARTESIAN_POINT ( 'NONE',  ( 0.01200000000000000025, 0.03200000000000000761, 0.02749999999999999667 ) ) ;
#1832 = ORIENTED_EDGE ( 'NONE', *, *, #811, .T. ) ;
#1833 =( NAMED_UNIT ( * ) SI_UNIT ( $, .STERADIAN. ) SOLID_ANGLE_UNIT ( ) );
#1834 = LINE ( 'NONE', #376, #1952 ) ;
#1835 = ORIENTED_EDGE ( 'NONE', *, *, #7, .T. ) ;
#1836 = ADVANCED_FACE ( 'NONE', ( #1234 ), #1056, .T. ) ;
#1837 = PLANE ( 'NONE',  #1386 ) ;
#1838 = CARTESIAN_POINT ( 'NONE',  ( 0.01200000000000000025, 3.584066994260018590E-33, 0.07950000000000001510 ) ) ;
#1839 = ORIENTED_EDGE ( 'NONE', *, *, #2108, .T. ) ;
#1840 = DIRECTION ( 'NONE',  ( 0.000000000000000000, 0.2588190451025145777, -0.9659258262890699775 ) ) ;
#1841 = CARTESIAN_POINT ( 'NONE',  ( 0.1500000000000000222, 0.01499999999999998904, -0.05000000000000003747 ) ) ;
#1842 = ORIENTED_EDGE ( 'NONE', *, *, #585, .T. ) ;
#1843 = AXIS2_PLACEMENT_3D ( 'NONE', #1003, #1817, #1499 ) ;
#1844 = CARTESIAN_POINT ( 'NONE',  ( 0.06750000000000003220, 0.2949999999999999845, 0.03249999999999999417 ) ) ;
#1845 = ORIENTED_EDGE ( 'NONE', *, *, #1695, .F. ) ;
#1846 = AXIS2_PLACEMENT_3D ( 'NONE', #1020, #373, #696 ) ;
#1848 = DIRECTION ( 'NONE',  ( 0.000000000000000000, -1.000000000000000000, -2.134256245050206194E-16 ) ) ;
#1847 = AXIS2_PLACEMENT_3D ( 'NONE', #1180, #1521, #705 ) ;
#1849 = DIRECTION ( 'NONE',  ( -0.000000000000000000, 0.2588190451025141336, 0.9659258262890700886 ) ) ;
#1850 = ORIENTED_EDGE ( 'NONE', *, *, #1532, .F. ) ;
#1851 = COLOUR_RGB ( '',0.2509803921568627416, 0.2509803921568627416, 0.2509803921568627416 ) ;
#1852 = DIRECTION ( 'NONE',  ( 0.000000000000000000, -2.529488883022466337E-15, 1.000000000000000000 ) ) ;
#1853 = DIRECTION ( 'NONE',  ( -0.5773502691896265082, -0.5773502691896241767, -0.5773502691896263972 ) ) ;
#1854 = ORIENTED_EDGE ( 'NONE', *, *, #207, .F. ) ;
#1855 = EDGE_CURVE ( 'NONE', #1444, #317, #1388, .T. ) ;
#1856 = CARTESIAN_POINT ( 'NONE',  ( 0.000000000000000000, 0.000000000000000000, 0.000000000000000000 ) ) ;
#1857 = CARTESIAN_POINT ( 'NONE',  ( 0.05000000000000000971, 0.2949999999999999845, -0.05000000000000003053 ) ) ;
#1858 = ORIENTED_EDGE ( 'NONE', *, *, #50, .F. ) ;
#1859 = EDGE_CURVE ( 'NONE', #401, #571, #1046, .T. ) ;
#1860 = PRODUCT ( 'NPPC021KFXC-RC_C03', 'NPPC021KFXC-RC_C03', '', ( #83 ) ) ;
#1861 = FACE_OUTER_BOUND ( 'NONE', #3, .T. ) ;
#1862 = ORIENTED_EDGE ( 'NONE', *, *, #1645, .T. ) ;
#1863 = DIRECTION ( 'NONE',  ( 0.000000000000000000, -0.9659258262890699775, -0.2588190451025145222 ) ) ;
#1864 = CARTESIAN_POINT ( 'NONE',  ( -0.01499999999999995955, 0.2449999999999999400, -0.01499999999999998036 ) ) ;
#1865 = FACE_OUTER_BOUND ( 'NONE', #2135, .T. ) ;
#1866 = APPLICATION_PROTOCOL_DEFINITION ( 'draft international standard', 'automotive_design', 1998, #112 ) ;
#1867 = EDGE_CURVE ( 'NONE', #1513, #1754, #243, .T. ) ;
#1868 = DIRECTION ( 'NONE',  ( 1.000000000000000000, 0.000000000000000000, 0.000000000000000000 ) ) ;
#1869 = ORIENTED_EDGE ( 'NONE', *, *, #276, .T. ) ;
#1870 = EDGE_CURVE ( 'NONE', #1466, #1057, #570, .T. ) ;
#1871 =( LENGTH_UNIT ( ) NAMED_UNIT ( * ) SI_UNIT ( $, .METRE. ) );
#1872 = DIRECTION ( 'NONE',  ( -0.000000000000000000, 1.000000000000000000, 0.000000000000000000 ) ) ;
#1873 = ORIENTED_EDGE ( 'NONE', *, *, #1827, .T. ) ;
#1874 = CARTESIAN_POINT ( 'NONE',  ( -0.01499999999999995955, 0.2449999999999999400, -0.01499999999999998036 ) ) ;
#1875 = DIRECTION ( 'NONE',  ( 1.000000000000000000, 0.000000000000000000, 0.000000000000000000 ) ) ;
#1876 = CARTESIAN_POINT ( 'NONE',  ( -0.04999999999999999584, 0.01499999999999997689, 0.04999999999999996808 ) ) ;
#1877 = VECTOR ( 'NONE', #1712, 39.37007874015748143 ) ;
#1878 = FACE_OUTER_BOUND ( 'NONE', #1263, .T. ) ;
#1879 = ORIENTED_EDGE ( 'NONE', *, *, #1339, .F. ) ;
#1880 = VECTOR ( 'NONE', #229, 39.37007874015748143 ) ;
#1881 = AXIS2_PLACEMENT_3D ( 'NONE', #201, #188, #1007 ) ;
#1882 = PLANE ( 'NONE',  #49 ) ;
#1883 = FACE_OUTER_BOUND ( 'NONE', #947, .T. ) ;
#1884 = ORIENTED_EDGE ( 'NONE', *, *, #1551, .F. ) ;
#1885 = VECTOR ( 'NONE', #657, 39.37007874015748143 ) ;
#1886 = DIRECTION ( 'NONE',  ( -0.000000000000000000, 1.000000000000000000, 1.733406087350420004E-16 ) ) ;
#1887 = DIRECTION ( 'NONE',  ( -0.000000000000000000, -0.000000000000000000, 1.000000000000000000 ) ) ;
#1888 = DIRECTION ( 'NONE',  ( 0.000000000000000000, 0.000000000000000000, 1.000000000000000000 ) ) ;
#1889 = AXIS2_PLACEMENT_3D ( 'NONE', #848, #1840, #1006 ) ;
#1890 = LINE ( 'NONE', #821, #1426 ) ;
#1891 = ITEM_DEFINED_TRANSFORMATION ( 'NONE', 'NONE', #1612,  #1089 ) ;
#1892 = FACE_OUTER_BOUND ( 'NONE', #1303, .T. ) ;
#1893 = EDGE_LOOP ( 'NONE', ( #1021, #2098, #670, #940 ) ) ;
#1894 = SURFACE_SIDE_STYLE ('',( #555 ) ) ;
#1895 = EDGE_CURVE ( 'NONE', #1008, #1476, #412, .T. ) ;
#1896 = DIRECTION ( 'NONE',  ( -0.000000000000000000, -1.000000000000000000, 4.142673673352225737E-32 ) ) ;
#1897 = ORIENTED_EDGE ( 'NONE', *, *, #1253, .T. ) ;
#1898 = EDGE_CURVE ( 'NONE', #1519, #331, #1368, .T. ) ;
#1899 = CARTESIAN_POINT ( 'NONE',  ( 0.01499999999999999424, 0.2775000000000000244, 0.01499999999999997863 ) ) ;
#1900 = CARTESIAN_POINT ( 'NONE',  ( 0.06750000000000003220, 0.2949999999999999845, -0.03249999999999999417 ) ) ;
#1901 = DIRECTION ( 'NONE',  ( 0.000000000000000000, 0.000000000000000000, 1.000000000000000000 ) ) ;
#1902 = ADVANCED_FACE ( 'NONE', ( #1243 ), #900, .F. ) ;
#1903 = LINE ( 'NONE', #1753, #602 ) ;
#1904 = ORIENTED_EDGE ( 'NONE', *, *, #2053, .F. ) ;
#1905 = CARTESIAN_POINT ( 'NONE',  ( 0.05000000000000000971, 0.2949999999999999845, 0.05000000000000003053 ) ) ;
#1906 = CARTESIAN_POINT ( 'NONE',  ( 0.1500000000000000222, 0.03500000000000001027, 0.03114101615137766441 ) ) ;
#1907 = ORIENTED_EDGE ( 'NONE', *, *, #1121, .F. ) ;
#1908 = CARTESIAN_POINT ( 'NONE',  ( -0.1324999999999999789, 0.2949999999999999845, -0.03249999999999999417 ) ) ;
#1909 = CARTESIAN_POINT ( 'NONE',  ( 0.01200000000000000025, 0.03500000000000000333, 0.02749999999999999667 ) ) ;
#1910 = ORIENTED_EDGE ( 'NONE', *, *, #1764, .T. ) ;
#1911 = CARTESIAN_POINT ( 'NONE',  ( 0.05000000000000000971, 0.2949999999999999845, -0.03249999999999999417 ) ) ;
#1912 = DIRECTION ( 'NONE',  ( -1.000000000000000000, 0.000000000000000000, 0.000000000000000000 ) ) ;
#1913 = ORIENTED_EDGE ( 'NONE', *, *, #434, .T. ) ;
#1914 = AXIS2_PLACEMENT_3D ( 'NONE', #509, #1387, #569 ) ;
#1915 = SHAPE_REPRESENTATION ( 'Pin - Gold', ( #1089 ), #1325 ) ;
#1916 =( GEOMETRIC_REPRESENTATION_CONTEXT ( 3 ) GLOBAL_UNCERTAINTY_ASSIGNED_CONTEXT ( ( #924 ) ) GLOBAL_UNIT_ASSIGNED_CONTEXT ( ( #2034, #1202, #2042 ) ) REPRESENTATION_CONTEXT ( 'NONE', 'WORKASPACE' ) );
#1917 = CARTESIAN_POINT ( 'NONE',  ( 0.05000000000000000971, 0.01500000000000001853, -0.03650000000000003936 ) ) ;
#1918 = FACE_OUTER_BOUND ( 'NONE', #1893, .T. ) ;
#1919 = ORIENTED_EDGE ( 'NONE', *, *, #394, .T. ) ;
#1920 = VECTOR ( 'NONE', #1186, 39.37007874015748143 ) ;
#1922 = DIRECTION ( 'NONE',  ( 0.000000000000000000, -1.733406087350420004E-16, 1.000000000000000000 ) ) ;
#1921 = CIRCLE ( 'NONE', #227, 0.03200000000000000761 ) ;
#1923 = LINE ( 'NONE', #441, #847 ) ;
#1924 = ORIENTED_EDGE ( 'NONE', *, *, #1302, .T. ) ;
#1925 = FACE_OUTER_BOUND ( 'NONE', #678, .T. ) ;
#1926 = AXIS2_PLACEMENT_3D ( 'NONE', #1246, #1723, #2068 ) ;
#1927 = DIRECTION ( 'NONE',  ( 0.000000000000000000, -1.000000000000000000, -2.134256245050206194E-16 ) ) ;
#1928 = ADVANCED_FACE ( 'NONE', ( #1918 ), #251, .F. ) ;
#1929 = ORIENTED_EDGE ( 'NONE', *, *, #144, .F. ) ;
#1930 = PRESENTATION_LAYER_ASSIGNMENT (  '', '', ( #1646 ) ) ;
#1931 = EDGE_CURVE ( 'NONE', #2113, #2003, #1397, .T. ) ;
#1932 = DIMENSIONAL_EXPONENTS ( 1.000000000000000000, 0.000000000000000000, 0.000000000000000000, 0.000000000000000000, 0.000000000000000000, 0.000000000000000000, 0.000000000000000000 ) ;
#1933 = LINE ( 'NONE', #275, #1432 ) ;
#1934 = ORIENTED_EDGE ( 'NONE', *, *, #1830, .T. ) ;
#1935 = LINE ( 'NONE', #784, #494 ) ;
#1936 = APPLICATION_PROTOCOL_DEFINITION ( 'draft international standard', 'automotive_design', 1998, #398 ) ;
#1937 = CARTESIAN_POINT ( 'NONE',  ( -0.01499999999999995955, 0.2775000000000000244, -0.01499999999999997516 ) ) ;
#1938 = ORIENTED_EDGE ( 'NONE', *, *, #1037, .T. ) ;
#1939 = FACE_BOUND ( 'NONE', #448, .T. ) ;
#1940 = ORIENTED_EDGE ( 'NONE', *, *, #713, .T. ) ;
#1941 = LENGTH_MEASURE_WITH_UNIT ( LENGTH_MEASURE( 0.02539999999999999897 ), #652 );
#1942 = CARTESIAN_POINT ( 'NONE',  ( 0.03250000000000001499, 0.2949999999999999845, -0.05000000000000003053 ) ) ;
#1943 = ITEM_DEFINED_TRANSFORMATION ( 'NONE', 'NONE', #363,  #1089 ) ;
#1944 = PLANE ( 'NONE',  #1987 ) ;
#1945 = VERTEX_POINT ( 'NONE', #604 ) ;
#1946 = DIRECTION ( 'NONE',  ( -1.000000000000000000, 0.000000000000000000, 0.000000000000000000 ) ) ;
#1947 = ORIENTED_EDGE ( 'NONE', *, *, #233, .T. ) ;
#1948 = VECTOR ( 'NONE', #1714, 39.37007874015748143 ) ;
#1949 = DIRECTION ( 'NONE',  ( 0.000000000000000000, 1.733406087350420004E-16, -1.000000000000000000 ) ) ;
#1950 = EDGE_CURVE ( 'NONE', #1808, #1167, #1255, .T. ) ;
#1951 = DIRECTION ( 'NONE',  ( 0.000000000000000000, 2.529488883022466337E-15, -1.000000000000000000 ) ) ;
#1952 = VECTOR ( 'NONE', #699, 39.37007874015748143 ) ;
#1953 = ORIENTED_EDGE ( 'NONE', *, *, #1931, .F. ) ;
#1954 = VECTOR ( 'NONE', #1912, 39.37007874015748143 ) ;
#1955 = PLANE ( 'NONE',  #2085 ) ;
#1956 =( GEOMETRIC_REPRESENTATION_CONTEXT ( 3 ) GLOBAL_UNCERTAINTY_ASSIGNED_CONTEXT ( ( #402 ) ) GLOBAL_UNIT_ASSIGNED_CONTEXT ( ( #2102, #1111, #1259 ) ) REPRESENTATION_CONTEXT ( 'NONE', 'WORKASPACE' ) );
#1957 = VERTEX_POINT ( 'NONE', #932 ) ;
#1958 = CARTESIAN_POINT ( 'NONE',  ( 0.05000000000000000971, 0.000000000000000000, 0.000000000000000000 ) ) ;
#1959 = ADVANCED_FACE ( 'NONE', ( #110 ), #1593, .F. ) ;
#1960 = DIRECTION ( 'NONE',  ( 0.000000000000000000, -1.000000000000000000, -2.134256245050206194E-16 ) ) ;
#1961 = CARTESIAN_POINT ( 'NONE',  ( -0.06749999999999999056, 0.2949999999999999845, -0.05000000000000003053 ) ) ;
#1962 = ORIENTED_EDGE ( 'NONE', *, *, #1211, .T. ) ;
#1963 = EDGE_CURVE ( 'NONE', #388, #605, #1933, .T. ) ;
#1964 = LINE ( 'NONE', #145, #712 ) ;
#1965 = ORIENTED_EDGE ( 'NONE', *, *, #108, .T. ) ;
#1966 = ADVANCED_FACE ( 'NONE', ( #1172 ), #211, .T. ) ;
#1967 = CARTESIAN_POINT ( 'NONE',  ( -0.004999999999999946328, 0.2675000000000000711, -0.004999999999999963675 ) ) ;
#1968 = ORIENTED_EDGE ( 'NONE', *, *, #814, .F. ) ;
#1969 = CARTESIAN_POINT ( 'NONE',  ( -0.04999999999999999584, 0.2949999999999999845, -0.05000000000000003053 ) ) ;
#1970 = LINE ( 'NONE', #485, #537 ) ;
#1971 = ORIENTED_EDGE ( 'NONE', *, *, #877, .T. ) ;
#1972 = DIRECTION ( 'NONE',  ( -0.5773502691896263972, 0.5773502691896241767, -0.5773502691896265082 ) ) ;
#1973 = VERTEX_POINT ( 'NONE', #1154 ) ;
#1974 = CARTESIAN_POINT ( 'NONE',  ( 0.000000000000000000, 0.2449999999999999400, -8.667030436752101562E-18 ) ) ;
#1975 = VERTEX_POINT ( 'NONE', #1185 ) ;
#1976 = VECTOR ( 'NONE', #1095, 39.37007874015748143 ) ;
#1977 = CARTESIAN_POINT ( 'NONE',  ( 0.1500000000000000222, 0.03500000000000001027, 0.03114101615137766441 ) ) ;
#1978 = CARTESIAN_POINT ( 'NONE',  ( 0.05000000000000000971, 0.01500000000000001159, 0.03649999999999996997 ) ) ;
#1979 = ORIENTED_EDGE ( 'NONE', *, *, #1160, .T. ) ;
#1980 = AXIS2_PLACEMENT_3D ( 'NONE', #1977, #1679, #1340 ) ;
#1982 = VECTOR ( 'NONE', #1802, 39.37007874015748854 ) ;
#1981 = PLANE ( 'NONE',  #642 ) ;
#1983 = CARTESIAN_POINT ( 'NONE',  ( 0.1500000000000000222, 0.2949999999999999845, -0.05000000000000003053 ) ) ;
#1984 = ORIENTED_EDGE ( 'NONE', *, *, #750, .T. ) ;
#1985 = AXIS2_PLACEMENT_3D ( 'NONE', #240, #897, #939 ) ;
#1986 = AXIS2_PLACEMENT_3D ( 'NONE', #714, #1526, #1823 ) ;
#1987 = AXIS2_PLACEMENT_3D ( 'NONE', #1937, #1649, #1788 ) ;
#1988 = ORIENTED_EDGE ( 'NONE', *, *, #1578, .T. ) ;
#1989 = VECTOR ( 'NONE', #1203, 39.37007874015748143 ) ;
#1990 = ADVANCED_FACE ( 'NONE', ( #672 ), #1, .F. ) ;
#1991 = EDGE_CURVE ( 'NONE', #1196, #2050, #708, .T. ) ;
#1992 = PRODUCT_DEFINITION_FORMATION_WITH_SPECIFIED_SOURCE ( 'ANY', '', #942, .NOT_KNOWN. ) ;
#1993 = CARTESIAN_POINT ( 'NONE',  ( 0.05000000000000000971, 0.01499999999999998904, -0.05000000000000003747 ) ) ;
#1994 = CARTESIAN_POINT ( 'NONE',  ( 0.1500000000000000222, 0.01500000000000001853, -0.03650000000000003936 ) ) ;
#1995 = VERTEX_POINT ( 'NONE', #14 ) ;
#1996 = CARTESIAN_POINT ( 'NONE',  ( 0.1500000000000000222, 0.01500000000000001853, -0.03650000000000003936 ) ) ;
#1997 = DIRECTION ( 'NONE',  ( 0.000000000000000000, 2.529488883022466337E-15, -1.000000000000000000 ) ) ;
#1998 = PLANE ( 'NONE',  #1210 ) ;
#1999 = LINE ( 'NONE', #385, #498 ) ;
#2000 = ORIENTED_EDGE ( 'NONE', *, *, #805, .T. ) ;
#2001 = DIRECTION ( 'NONE',  ( 0.000000000000000000, 6.097874985857729166E-17, 1.000000000000000000 ) ) ;
#2002 = LINE ( 'NONE', #833, #397 ) ;
#2003 = VERTEX_POINT ( 'NONE', #372 ) ;
#2004 =( CONVERSION_BASED_UNIT ( 'INCH', #1334 ) LENGTH_UNIT ( ) NAMED_UNIT ( #2090 ) );
#2005 = LINE ( 'NONE', #1841, #1428 ) ;
#2006 = ORIENTED_EDGE ( 'NONE', *, *, #519, .T. ) ;
#2007 = DIRECTION ( 'NONE',  ( -1.000000000000000000, -0.000000000000000000, -0.000000000000000000 ) ) ;
#2008 = ORIENTED_EDGE ( 'NONE', *, *, #1376, .T. ) ;
#2009 = DIRECTION ( 'NONE',  ( -0.000000000000000000, -0.000000000000000000, 1.000000000000000000 ) ) ;
#2010 = ADVANCED_FACE ( 'NONE', ( #1361 ), #541, .F. ) ;
#2011 = FACE_OUTER_BOUND ( 'NONE', #2058, .T. ) ;
#2012 = ORIENTED_EDGE ( 'NONE', *, *, #296, .T. ) ;
#2013 = CARTESIAN_POINT ( 'NONE',  ( -0.04999999999999999584, 0.2949999999999999845, -0.05000000000000003053 ) ) ;
#2014 = DIRECTION ( 'NONE',  ( 1.000000000000000000, 0.000000000000000000, 0.000000000000000000 ) ) ;
#2015 = VECTOR ( 'NONE', #247, 39.37007874015748854 ) ;
#2016 = ORIENTED_EDGE ( 'NONE', *, *, #1804, .F. ) ;
#2017 = VECTOR ( 'NONE', #1622, 39.37007874015748143 ) ;
#2018 =( CONVERSION_BASED_UNIT ( 'INCH', #1327 ) LENGTH_UNIT ( ) NAMED_UNIT ( #171 ) );
#2019 = LINE ( 'NONE', #1024, #2124 ) ;
#2020 = ORIENTED_EDGE ( 'NONE', *, *, #1870, .F. ) ;
#2021 = AXIS2_PLACEMENT_3D ( 'NONE', #1173, #1042, #1700 ) ;
#2022 = EDGE_CURVE ( 'NONE', #840, #967, #1820, .T. ) ;
#2023 = CARTESIAN_POINT ( 'NONE',  ( -0.08500000000000001998, 0.2449999999999999400, 0.01499999999999997169 ) ) ;
#2024 = VERTEX_POINT ( 'NONE', #1477 ) ;
#2025 =( GEOMETRIC_REPRESENTATION_CONTEXT ( 3 ) GLOBAL_UNCERTAINTY_ASSIGNED_CONTEXT ( ( #423 ) ) GLOBAL_UNIT_ASSIGNED_CONTEXT ( ( #474, #1099, #1794 ) ) REPRESENTATION_CONTEXT ( 'NONE', 'WORKASPACE' ) );
#2026 = ADVANCED_FACE ( 'NONE', ( #2027 ), #1981, .F. ) ;
#2027 = FACE_OUTER_BOUND ( 'NONE', #1710, .T. ) ;
#2028 = CARTESIAN_POINT ( 'NONE',  ( -0.1149999999999999634, 0.2449999999999999400, -0.01499999999999998036 ) ) ;
#2029 = CARTESIAN_POINT ( 'NONE',  ( -0.04999999999999999584, 0.01499999999999998904, -0.05000000000000003747 ) ) ;
#2030 =( LENGTH_UNIT ( ) NAMED_UNIT ( * ) SI_UNIT ( $, .METRE. ) );
#2031 = PLANE ( 'NONE',  #190 ) ;
#2032 = ORIENTED_EDGE ( 'NONE', *, *, #1473, .T. ) ;
#2033 = EDGE_CURVE ( 'NONE', #1763, #2111, #1041, .T. ) ;
#2034 =( CONVERSION_BASED_UNIT ( 'INCH', #1399 ) LENGTH_UNIT ( ) NAMED_UNIT ( #1461 ) );
#2035 = CARTESIAN_POINT ( 'NONE',  ( 0.01200000000000000025, 0.03500000000000000333, 0.01750000000000000860 ) ) ;
#2036 = ORIENTED_EDGE ( 'NONE', *, *, #73, .T. ) ;
#2037 = DIRECTION ( 'NONE',  ( 0.000000000000000000, 0.9659258262890699775, -0.2588190451025140781 ) ) ;
#2038 = DIRECTION ( 'NONE',  ( 0.000000000000000000, 1.000000000000000000, 3.048937492928865815E-17 ) ) ;
#2039 = CARTESIAN_POINT ( 'NONE',  ( 0.01499999999999999424, 0.2775000000000000244, 0.01499999999999997169 ) ) ;
#2040 = DIRECTION ( 'NONE',  ( 0.000000000000000000, 0.000000000000000000, -1.000000000000000000 ) ) ;
#2041 = VERTEX_POINT ( 'NONE', #1660 ) ;
#2042 =( NAMED_UNIT ( * ) SI_UNIT ( $, .STERADIAN. ) SOLID_ANGLE_UNIT ( ) );
#2043 = DIRECTION ( 'NONE',  ( 0.000000000000000000, -1.000000000000000000, -2.845674993400278278E-15 ) ) ;
#2044 = ORIENTED_EDGE ( 'NONE', *, *, #404, .T. ) ;
#2045 = LINE ( 'NONE', #424, #1877 ) ;
#2046 = CARTESIAN_POINT ( 'NONE',  ( 0.01200000000000000025, 0.01000000000000000194, 0.08450000000000001954 ) ) ;
#2047 = CARTESIAN_POINT ( 'NONE',  ( -0.1499999999999999944, 0.01500000000000001853, -0.03650000000000003936 ) ) ;
#2048 = APPLICATION_PROTOCOL_DEFINITION ( 'draft international standard', 'automotive_design', 1998, #1592 ) ;
#2049 = CARTESIAN_POINT ( 'NONE',  ( 0.1500000000000000222, 0.03500000000000001027, 0.03114101615137766441 ) ) ;
#2050 = VERTEX_POINT ( 'NONE', #500 ) ;
#2051 = VECTOR ( 'NONE', #986, 39.37007874015748143 ) ;
#2052 =( GEOMETRIC_REPRESENTATION_CONTEXT ( 3 ) GLOBAL_UNCERTAINTY_ASSIGNED_CONTEXT ( ( #902 ) ) GLOBAL_UNIT_ASSIGNED_CONTEXT ( ( #718, #399, #1729 ) ) REPRESENTATION_CONTEXT ( 'NONE', 'WORKASPACE' ) );
#2053 = EDGE_CURVE ( 'NONE', #605, #1664, #858, .T. ) ;
#2054 = VECTOR ( 'NONE', #1946, 39.37007874015748143 ) ;
#2055 = CARTESIAN_POINT ( 'NONE',  ( 0.006999999999999999278, 0.01000000000000000368, 0.08450000000000001954 ) ) ;
#2056 = VECTOR ( 'NONE', #477, 39.37007874015748854 ) ;
#2057 = ADVANCED_FACE ( 'NONE', ( #1514 ), #381, .F. ) ;
#2058 = EDGE_LOOP ( 'NONE', ( #554, #1102, #1822, #1545 ) ) ;
#2059 = FACE_OUTER_BOUND ( 'NONE', #1134, .T. ) ;
#2060 = PLANE ( 'NONE',  #1148 ) ;
#2061 = CARTESIAN_POINT ( 'NONE',  ( -0.1149999999999999634, 0.2775000000000000244, 0.01499999999999997169 ) ) ;
#2062 = AXIS2_PLACEMENT_3D ( 'NONE', #1958, #1128, #1431 ) ;
#2063 = DIRECTION ( 'NONE',  ( 0.000000000000000000, -0.9659258262890699775, -0.2588190451025145222 ) ) ;
#2064 = ORIENTED_EDGE ( 'NONE', *, *, #1302, .F. ) ;
#2065 = CARTESIAN_POINT ( 'NONE',  ( -0.04999999999999999584, 0.03500000000000001721, -0.03114101615137772686 ) ) ;
#2066 = ORIENTED_EDGE ( 'NONE', *, *, #1211, .F. ) ;
#2067 = LINE ( 'NONE', #1411, #2116 ) ;
#2068 = DIRECTION ( 'NONE',  ( 0.000000000000000000, 0.000000000000000000, 1.000000000000000000 ) ) ;
#2069 = DIRECTION ( 'NONE',  ( 0.000000000000000000, -2.529488883022466337E-15, 1.000000000000000000 ) ) ;
#2070 = DIRECTION ( 'NONE',  ( 0.000000000000000000, -4.142673673352226284E-32, -1.000000000000000000 ) ) ;
#2071 = ORIENTED_EDGE ( 'NONE', *, *, #404, .F. ) ;
#2072 = FACE_OUTER_BOUND ( 'NONE', #1158, .T. ) ;
#2073 = LINE ( 'NONE', #556, #888 ) ;
#2074 = ORIENTED_EDGE ( 'NONE', *, *, #1439, .F. ) ;
#2075 = LINE ( 'NONE', #1874, #665 ) ;
#2076 = CARTESIAN_POINT ( 'NONE',  ( 0.05000000000000000971, 0.000000000000000000, 0.000000000000000000 ) ) ;
#2077 = EDGE_LOOP ( 'NONE', ( #579, #1501, #1858, #1684 ) ) ;
#2078 = CARTESIAN_POINT ( 'NONE',  ( 0.01499999999999999424, 0.2449999999999999400, -0.01499999999999998036 ) ) ;
#2079 = PLANE ( 'NONE',  #1985 ) ;
#2080 = VERTEX_POINT ( 'NONE', #1307 ) ;
#2081 = VECTOR ( 'NONE', #1082, 39.37007874015748143 ) ;
#2082 = STYLED_ITEM ( 'NONE', ( #760 ), #655 ) ;
#2083 = DIRECTION ( 'NONE',  ( 0.000000000000000000, 4.142673673352226284E-32, 1.000000000000000000 ) ) ;
#2084 = ORIENTED_EDGE ( 'NONE', *, *, #1639, .T. ) ;
#2085 = AXIS2_PLACEMENT_3D ( 'NONE', #1771, #1308, #290 ) ;
#2086 = UNCERTAINTY_MEASURE_WITH_UNIT (LENGTH_MEASURE( 1.000000000000000082E-05 ), #632, 'distance_accuracy_value', 'NONE');
#2088 = DIRECTION ( 'NONE',  ( 0.000000000000000000, -0.9659258262890699775, -0.2588190451025145222 ) ) ;
#2087 = VECTOR ( 'NONE', #772, 39.37007874015748143 ) ;
#2089 = SHAPE_DEFINITION_REPRESENTATION ( #527, #303 ) ;
#2090 = DIMENSIONAL_EXPONENTS ( 1.000000000000000000, 0.000000000000000000, 0.000000000000000000, 0.000000000000000000, 0.000000000000000000, 0.000000000000000000, 0.000000000000000000 ) ;
#2091 = CARTESIAN_POINT ( 'NONE',  ( -0.01200000000000000025, 0.03200000000000000761, 0.01750000000000000167 ) ) ;
#2092 = ORIENTED_EDGE ( 'NONE', *, *, #276, .F. ) ;
#2093 = EDGE_CURVE ( 'NONE', #1167, #1945, #47, .T. ) ;
#2094 = VECTOR ( 'NONE', #1565, 39.37007874015748143 ) ;
#2095 = CARTESIAN_POINT ( 'NONE',  ( -0.01200000000000000025, 3.791200677927629740E-33, 0.08450000000000001954 ) ) ;
#2096 = VECTOR ( 'NONE', #36, 39.37007874015748143 ) ;
#2097 = MANIFOLD_SOLID_BREP ( 'Chamfer1', #597 ) ;
#2098 = ORIENTED_EDGE ( 'NONE', *, *, #1651, .F. ) ;
#2099 = PRODUCT_DEFINITION_SHAPE ( 'NONE', 'NONE',  #758 ) ;
#2100 = EDGE_LOOP ( 'NONE', ( #164, #289, #1018, #770 ) ) ;
#2101 = PLANE ( 'NONE',  #1115 ) ;
#2102 =( CONVERSION_BASED_UNIT ( 'INCH', #239 ) LENGTH_UNIT ( ) NAMED_UNIT ( #1705 ) );
#2103 = CARTESIAN_POINT ( 'NONE',  ( 0.1000000000000000056, 0.2449999999999999400, -8.667030436752101562E-18 ) ) ;
#2104 = VERTEX_POINT ( 'NONE', #130 ) ;
#2105 = DIRECTION ( 'NONE',  ( 1.000000000000000000, 0.000000000000000000, 0.000000000000000000 ) ) ;
#2106 = EDGE_LOOP ( 'NONE', ( #483, #1634, #1979, #1728, #822, #2084, #1311, #1832 ) ) ;
#2107 = LINE ( 'NONE', #820, #2128 ) ;
#2108 = EDGE_CURVE ( 'NONE', #691, #1675, #2107, .T. ) ;
#2109 = LINE ( 'NONE', #1286, #391 ) ;
#2110 = PLANE ( 'NONE',  #567 ) ;
#2111 = VERTEX_POINT ( 'NONE', #1785 ) ;
#2112 = DIRECTION ( 'NONE',  ( 0.000000000000000000, 0.9659258262890699775, -0.2588190451025140781 ) ) ;
#2113 = VERTEX_POINT ( 'NONE', #792 ) ;
#2114 = SURFACE_SIDE_STYLE ('',( #1242 ) ) ;
#2115 = ADVANCED_FACE ( 'NONE', ( #308 ), #980, .T. ) ;
#2116 = VECTOR ( 'NONE', #1547, 39.37007874015748854 ) ;
#2117 = EDGE_CURVE ( 'NONE', #266, #1608, #1109, .T. ) ;
#2118 = VECTOR ( 'NONE', #1122, 39.37007874015748143 ) ;
#2119 = PLANE ( 'NONE',  #979 ) ;
#2120 = ADVANCED_FACE ( 'NONE', ( #778 ), #138, .F. ) ;
#2121 = DIRECTION ( 'NONE',  ( 0.000000000000000000, 0.000000000000000000, -1.000000000000000000 ) ) ;
#2122 = PRESENTATION_LAYER_ASSIGNMENT (  '', '', ( #1390 ) ) ;
#2123 = EDGE_LOOP ( 'NONE', ( #548, #627, #2074, #694 ) ) ;
#2124 = VECTOR ( 'NONE', #2007, 39.37007874015748143 ) ;
#2125 = LINE ( 'NONE', #789, #2054 ) ;
#2126 = ORIENTED_EDGE ( 'NONE', *, *, #523, .F. ) ;
#2127 = SURFACE_STYLE_USAGE ( .BOTH. , #2114 ) ;
#2128 = VECTOR ( 'NONE', #1300, 39.37007874015748143 ) ;
#2129 = PLANE ( 'NONE',  #1742 ) ;
#2130 = DIRECTION ( 'NONE',  ( 0.000000000000000000, -0.000000000000000000, -1.000000000000000000 ) ) ;
#2131 = EDGE_LOOP ( 'NONE', ( #311, #540, #1738, #1984 ) ) ;
#2132 = DIRECTION ( 'NONE',  ( 0.000000000000000000, -1.000000000000000000, 0.000000000000000000 ) ) ;
#2133 = ORIENTED_EDGE ( 'NONE', *, *, #258, .F. ) ;
#2134 = CARTESIAN_POINT ( 'NONE',  ( 0.000000000000000000, 0.000000000000000000, 0.000000000000000000 ) ) ;
#2135 = EDGE_LOOP ( 'NONE', ( #395, #874, #426, #1026 ) ) ;
#2136 = NEXT_ASSEMBLY_USAGE_OCCURRENCE ( 'NAUO1', ' ', ' ', #758, #590, $ ) ;
#2137 = NEXT_ASSEMBLY_USAGE_OCCURRENCE ( 'NAUO2', ' ', ' ', #758, #1746, $ ) ;
#2138 = NEXT_ASSEMBLY_USAGE_OCCURRENCE ( 'NAUO3', ' ', ' ', #758, #1746, $ ) ;
#2139 = NEXT_ASSEMBLY_USAGE_OCCURRENCE ( 'NAUO4', ' ', ' ', #758, #1746, $ ) ;
ENDSEC;
END-ISO-10303-21;
